Date,Close,High,Low,Open,Volume
2019-01-02,37.469207763671875,37.689867977237725,36.59369187126671,36.750288975035055,148158800
2019-01-03,33.736995697021484,34.574547927015324,33.69191438723821,34.16170203892372,365248800
2019-01-04,35.17720413208008,35.24601358953824,34.11899533904399,34.29219923540596,234428400
2019-01-07,35.09889221191406,35.31243460287404,34.61724067488588,35.281588746085156,219111200
2019-01-08,35.76799774169922,36.02187515169098,35.23889338251769,35.485649452234306,164101200
2019-01-09,36.37540817260742,36.66487424188444,35.502267230819925,35.89612775325254,180396400
2019-01-10,36.49166488647461,36.53199984154206,35.79409933557466,36.183217066092084,143122800
2019-01-11,36.13338851928711,36.46793584598435,35.94832055566885,36.273378795691265,108092800
2019-01-14,35.590057373046875,35.891387539186205,35.404989364339656,35.791735812990616,129756800
2019-01-15,36.31846618652344,36.39438975385984,35.601918738921825,35.65411777539392,114843600
2019-01-16,36.762149810791016,36.98518137158213,36.30185124837653,36.32083304295525,122278800
2019-01-17,36.98043441772461,37.40751573779752,36.363538775351834,36.58657033252364,119284800
2019-01-18,37.20819854736328,37.45970089258595,37.008891591544014,37.36953830829641,135004000
2019-01-22,36.37303161621094,37.186855683764556,36.21168817452131,37.11093212681015,121576000
2019-01-23,36.520137786865234,36.80960382903162,35.99340473442524,36.57470818551413,92522400
2019-01-24,36.23066711425781,36.65300204893597,36.00289284093378,36.56521442488471,101766000
2019-01-25,37.43124008178711,37.51903133240946,36.61504465459194,36.890271619149736,134142000
2019-01-28,37.0848274230957,37.09194514242652,36.458442779137826,36.963818953658674,104768400
2019-01-29,36.70045852661133,37.51903258864824,36.5652182166273,37.07296946155649,166348800
2019-01-30,39.208377838134766,39.42191672312946,38.017296299473955,38.73384376445083,244439200
2019-01-31,39.490718841552734,40.09812176355808,39.044655736776996,39.41242029951825,162958400
2019-02-01,39.509708404541016,40.09338329388807,39.36971809982081,39.61410648111566,130672400
2019-02-04,40.63198471069336,40.72926507583296,39.69003417696464,39.720880053815755,125982000
2019-02-05,41.3271598815918,41.54070233089087,40.89296450420444,41.013969357855885,144406400
2019-02-06,41.34138870239258,41.65695413477936,41.01158783432615,41.438665386338755,112958400
2019-02-07,40.55842208862305,41.27022309791329,40.41606043860214,40.904829885716296,126966800
2019-02-08,40.60608673095703,40.665657891479206,40.13189898426392,40.26772297550331,95280000
2019-02-11,40.372554779052734,40.796704677929405,40.329665299757814,40.75857827237781,83973600
2019-02-12,40.7204475402832,40.746658986823185,40.43688833751438,40.532204341266045,89134000
2019-02-13,40.55127716064453,41.09933254456883,40.48932446490647,40.83960316682641,89960800
2019-02-14,40.699005126953125,40.808613992609324,40.3606414751641,40.43927581927432,87342800
2019-02-15,40.60845947265625,40.91346345759115,40.44880923334926,40.80623611906368,98507200
2019-02-19,40.72998809814453,40.851515580587275,40.38686130166285,40.43928420861173,75891200
2019-02-20,40.99209976196289,41.29948893444707,40.74428537587072,40.791941569049854,104457600
2019-02-21,40.76095962524414,41.07311184292857,40.57986465359283,40.93729152317362,68998800
2019-02-22,41.216087341308594,41.223235588397145,40.837215701877646,40.884871894446135,75652800
2019-02-25,41.51632308959961,41.90710967168657,41.44960369528727,41.499645058988676,87493600
2019-02-26,41.5401496887207,41.771286013409664,41.26373871380323,41.39241441823523,68280800
2019-02-27,41.66883087158203,41.6998090360794,41.15890192366394,41.27328116060738,111341600
2019-02-28,41.258975982666016,41.67835919496109,41.20417154412631,41.537772157173244,112861600
2019-03-01,41.692657470703125,41.735546954193026,41.19702505785762,41.52824051212283,103544800
2019-03-04,41.90234375,42.35508298576963,41.45436758783305,41.86421734557429,109744800
2019-03-05,41.82609939575195,41.93809345893184,41.59019631110894,41.92379696336586,78949600
2019-03-06,41.58542251586914,41.81655883042522,41.44721703446925,41.621163745570044,83241600
2019-03-07,41.10408020019531,41.56635275637002,40.98970464726478,41.43052883306923,99185600
2019-03-08,41.20179748535156,41.23992389992285,40.38924599998411,40.58464114771072,95997600
2019-03-11,42.62911605834961,42.68153896438816,41.78320858604554,41.81656828662146,128044000
2019-03-12,43.108055114746094,43.52743457783006,42.74109490310592,42.891215320225385,129870400
2019-03-13,43.2986946105957,43.677566237487994,43.11044774766869,43.42736668986569,124130000
2019-03-14,43.7800178527832,43.86818560569597,43.50122537515146,43.820525788582664,94318000
2019-03-15,44.34954071044922,44.637866755067805,43.78242567987652,44.04692180360796,156171600
2019-03-18,44.802268981933594,44.890433115459594,44.27089173604565,44.273276908909104,104879200
2019-03-19,44.44723129272461,45.03341307639729,44.30187752445981,44.8809110601797,126585600
2019-03-20,44.83562469482422,45.152543603093804,44.01830674487972,44.37573359295211,124140800
2019-03-21,46.486942291259766,46.782416507691266,45.22879987925223,45.27884124565531,204136800
2019-03-22,45.524269104003906,47.106478547794836,45.45993125023579,46.546508338197334,169630800
2019-03-25,44.97384262084961,45.745882499269285,44.46391365530103,45.633888431682614,175381200
2019-03-26,44.50917053222656,45.96032623886354,43.982563700573884,45.66961879021226,199202000
2019-03-27,44.90950012207031,45.21688566494624,44.45199411345279,44.97621952108113,119393600
2019-03-28,44.96907043457031,45.16922862786753,44.68551117609868,45.023874875034785,83121600
2019-03-29,45.26216125488281,45.29313941789581,44.92617907983829,45.23356826498443,94256000
2019-04-01,45.56955337524414,45.67439555693616,44.88805919660428,45.66486577166774,111448000
2019-04-02,46.23198318481445,46.336828999804766,45.524277569564575,45.53380735459335,91062800
2019-04-03,46.54889678955078,46.822922617672326,46.024667775160154,46.048497688881305,93087200
2019-04-04,46.629913330078125,46.791945110655476,46.02228688104425,46.41545501139502,76457200
2019-04-05,46.94206237792969,46.965892290363215,46.68709613144077,46.811005131413616,74106400
2019-04-08,47.680747985839844,47.7117225101516,46.78479559908021,46.8038588026213,103526800
2019-04-09,47.53776931762695,48.33602404124384,47.47343146891006,47.733164400421316,143072800
2019-04-10,47.80466842651367,47.83326505880822,47.22325326097559,47.34239559371911,86781200
2019-04-11,47.4067268371582,47.89521106023314,47.285202983703144,47.85946981978605,83603200
2019-04-12,47.387657165527344,47.690279625122976,46.753822893813584,47.46629151971839,111042800
2019-04-15,47.47343063354492,47.62116952932975,47.18272318704627,47.318547127954844,70146400
2019-04-16,47.47820281982422,47.983364968636586,47.3137858769923,47.52824418170382,102785600
2019-04-17,48.40274429321289,48.46231543377523,47.32569705378426,47.54729995142792,115627200
2019-04-18,48.57669448852539,48.64579541672132,48.25739402484164,48.400362590881734,96783200
2019-04-22,48.73634719848633,48.83404475360525,48.214503361460345,48.33126412020742,77758000
2019-04-23,49.439292907714844,49.503630774436516,48.58623351509709,48.71252407529548,93292000
2019-04-24,49.36304473876953,49.677578559143974,49.33683328407709,49.41070093750083,70162400
2019-04-25,48.91505432128906,49.50599901366292,48.87692791895943,49.28439611749792,74172800
2019-04-26,48.681549072265625,48.84834758072015,48.16208670486749,48.82451766411174,74596400
2019-04-29,48.75540542602539,49.07947258276034,48.57669200067746,48.70536406711703,88818800
2019-04-30,47.816566467285156,48.467082355820594,47.444843102407766,48.38606647084663,186139600
2019-05-01,50.163665771484375,51.305047195466486,49.85627665797254,50.01116380100785,259309200
2019-05-02,49.83721923828125,50.671215281428715,49.594171580722325,50.00163618282265,127985200
2019-05-03,50.456756591796875,50.47820133000278,50.09456303527242,50.251831720650216,83569600
2019-05-06,49.67757034301758,49.763352940920356,48.490914101974354,48.679157328406795,129772400
2019-05-07,48.338409423828125,49.42498651293276,47.85469202351123,49.05802986425357,155054800
2019-05-08,48.34794616699219,48.92936120017659,48.073920318435675,48.109661555748396,105358000
2019-05-09,47.82847595214844,48.05722708778133,46.86104124501396,47.75222314964831,139634400
2019-05-10,47.165897369384766,47.56536833430933,46.11101823277178,47.22330722271242,164834800
2019-05-13,44.42463684082031,45.32403587911326,43.73812763352999,44.90065057528068,229722400
2019-05-14,45.127891540527344,45.37666024246978,44.35048432829495,44.58968654744338,146118800
2019-05-15,45.668495178222656,45.86703349261073,44.49640556068087,44.556206125860285,106178800
2019-05-16,45.467552185058594,46.039245266520595,45.17094015892705,45.42688825122322,132125600
2019-05-17,45.20922088623047,45.66370365738736,44.673406583972145,44.7140705245547,131516400
2019-05-20,43.7955436706543,44.096940873230245,43.123385861635015,43.89840254691123,154449200
2019-05-21,44.6351318359375,44.970013454882476,44.180645467442574,44.30503163302324,113459200
2019-05-22,43.72137451171875,44.422238802588666,43.66635903186872,44.171075781629334,118994400
2019-05-23,42.97507095336914,43.185566421251686,42.53254539430105,43.00855911757338,146118800
2019-05-24,42.81002426147461,43.56829490792796,42.726302019305706,43.104241988346736,94858800
2019-05-28,42.63301467895508,43.197532117519515,42.55647185928589,42.79806481034798,111792800
2019-05-29,42.429683685302734,42.90091226999758,42.099583510254305,42.200047987456955,113924800
2019-05-30,42.64974594116211,42.87220219842699,42.25984525162243,42.56602372502471,84873600
2019-05-31,41.877140045166016,42.575610183606656,41.858003426997364,42.15461188376971,108174400
2019-06-03,41.4537467956543,42.558859919788816,40.72896433762629,42.00391264942133,161584400
2019-06-04,42.97028732299805,43.01573632949458,41.74557310553312,41.96563871336283,123872000
2019-06-05,43.663978576660156,44.250027028807736,43.329096875378795,44.0801918196271,119093600
2019-06-06,44.305030822753906,44.364831371467275,43.57067833258456,43.793138271764924,90105200
2019-06-07,45.48429489135742,45.90768378892111,44.43659178289126,44.613599067232066,122737600
2019-06-10,46.06556701660156,46.732939648630975,45.83593126422042,45.88138027302039,104883600
2019-06-11,46.59899139404297,46.88364266564571,46.30955870522477,46.61095223695524,107731600
2019-06-12,46.450679779052734,46.87645943951271,46.25931727268128,46.39326993216043,73012800
2019-06-13,46.44111251831055,47.072606273434246,46.30955420885947,46.57267447769808,86698400
2019-06-14,46.10383605957031,46.307155751593456,45.52018207317705,45.81918484080178,75046000
2019-06-17,46.37892532348633,46.63487348967202,45.96749715069551,46.14211377579519,58676400
2019-06-18,47.46968460083008,47.90981585388891,46.69467166608227,46.89560067509566,106204000
2019-06-19,47.33094787597656,47.811746732774715,47.19699520042928,47.76390336299069,84496800
2019-06-20,47.711280822753906,47.98636194123762,47.36921971853001,47.928952089147415,86056000
2019-06-21,47.548614501953125,48.04376482331306,47.39791594328948,47.55339956808391,191202400
2019-06-24,47.50078201293945,47.87872199614494,47.40270821699431,47.49121187922274,72881600
2019-06-25,46.780792236328125,47.66344559461407,46.71381223914871,47.46490726173989,84281200
2019-06-26,47.7926025390625,48.07725375444767,47.20655785147097,47.30702234220642,104270000
2019-06-27,47.778255462646484,48.215995988213024,47.73759152091885,47.90981377120324,83598800
2019-06-28,47.34290313720703,47.720843084338505,47.13479837293914,47.52469551117032,124442400
2019-07-01,48.211219787597656,48.91447506783852,47.99593554776266,48.5987263093887,109012000
2019-07-02,48.49345779418945,48.58914085785711,48.16575196972495,48.17771280892537,67740800
2019-07-03,48.89533233642578,48.902508111863035,48.483904178318824,48.625032628500364,45448000
2019-07-05,48.85227584838867,49.055599226493996,48.534136409086,48.64178034451634,69062000
2019-07-08,47.84523010253906,48.17532669133114,47.46011437400138,48.0341982544595,101354400
2019-07-09,48.13706588745117,48.201647872072776,47.555802476298,47.649091215132835,82312000
2019-07-10,48.61306381225586,48.73266491650779,48.21359656204675,48.28296724647705,71588400
2019-07-11,48.25904083251953,48.89053445503686,48.249474351089496,48.632195657197634,80767200
2019-07-12,48.62980651855469,48.79724732350111,48.36668264654188,48.42648319473245,70380800
2019-07-15,49.08669662475586,49.244567339973045,48.797260288640274,48.81878761572397,67789600
2019-07-16,48.91684341430664,49.3019590512431,48.67764124602152,48.9383707334678,67467200
2019-07-17,48.64177703857422,49.05798660085317,48.622640421352486,48.80921787684371,56430000
2019-07-18,49.19432830810547,49.246953087288276,48.72549036173215,48.79725175606653,74162400
2019-07-19,48.45998001098633,49.39526162771868,48.40496451880691,49.22542643455206,83717200
2019-07-22,49.56747817993164,49.56986888785843,48.70395812670782,48.71352460835078,89111600
2019-07-23,49.954986572265625,49.97173247823495,49.58422243227659,49.86409221822159,73420800
2019-07-24,49.91433334350586,50.029149402153855,49.555529966536255,49.67513109219279,59966400
2019-07-25,49.5196533203125,50.05068263415217,49.45028262034111,49.966960382445144,55638400
2019-07-26,49.69186782836914,50.16787788464866,49.548345044101694,49.62967291854977,70475600
2019-07-29,50.15591049194336,50.385546186784495,49.85930212977901,49.864087195279076,86693600
2019-07-30,49.940635681152344,50.27073588947548,49.58900815053056,49.93585061510733,135742800
2019-07-31,50.95962905883789,52.95218358731956,50.54341961599089,51.76813356725592,277125600
2019-08-01,49.85691452026367,52.153257179746014,49.452665854213244,51.16535089156151,216071600
2019-08-02,48.80204772949219,49.37852242130375,48.230354455085056,49.163241840121984,163448400
2019-08-05,46.24736022949219,47.517523540558116,46.065567840975476,47.35965283602837,209572000
2019-08-06,47.12284469604492,47.37879286336873,46.41480440834536,46.95779455449021,143299200
2019-08-07,47.61079406738281,47.73518020667848,46.36216220921125,46.74249274962872,133457600
2019-08-08,48.66090774536133,48.68482942826137,47.6945323451434,47.88828556685008,108038000
2019-08-09,48.259925842285156,48.68491980321308,47.851734087471264,48.3343596886464,98478800
2019-08-12,48.13747024536133,48.51444641488046,47.81812205634959,47.930974561632105,89927600
2019-08-13,50.17600631713867,50.9371579045492,48.13746218750722,48.26712420599327,188874000
2019-08-14,48.68251037597656,49.568520645476625,48.64409173261856,48.78095677565512,146189600
2019-08-15,48.44000244140625,49.25637851041577,47.94297083087483,48.852993722567405,108909600
2019-08-16,49.58293151855469,49.74140568988817,48.944235250189195,49.04988469774485,110481600
2019-08-19,50.507354736328125,51.07881647496091,50.43051745097723,50.5721820740641,97654400
2019-08-20,50.509761810302734,51.2276951856261,50.50015898015101,50.634620585098965,107537200
2019-08-21,51.057212829589844,51.29972366781528,50.80749895306689,51.141253161466004,86141600
2019-08-22,51.01399612426758,51.48941498513007,50.60340461002002,51.189276167751544,89014800
2019-08-23,48.65611267089844,50.91555897861763,48.26233061738834,50.28646541152127,187272000
2019-08-26,49.58053207397461,49.748609076351144,49.23717136701609,49.42926093993379,104174400
2019-08-27,49.02107620239258,50.075163637483826,48.869805058122104,49.909486415436,103493200
2019-08-28,49.35002517700195,49.39564686397116,48.81938179356974,49.0066681246404,63755200
2019-08-29,50.185611724853516,50.26004923163214,49.621352927714746,50.06315640226348,83962000
2019-08-30,50.12078857421875,50.53137647269659,49.751015456218866,50.461745870992495,84573600
2019-09-03,49.390838623046875,49.69818045135938,49.03547532102372,49.56611865080238,80092000
2019-09-04,50.22883224487305,50.29846283883695,49.77982574387522,50.036742667870506,76752400
2019-09-05,51.21089172363281,51.376568957870155,50.785894078911504,50.903549829089826,95654800
2019-09-06,51.206085205078125,51.4846149241543,51.02600190350711,51.39577500112992,77449200
2019-09-09,51.424583435058594,51.96963654756328,50.68024137405337,51.58545739982879,109237600
2019-09-10,52.032073974609375,52.0512833020213,50.83392194570283,51.35015933860669,127111600
2019-09-11,53.686431884765625,53.71524770381324,52.27938090410862,52.36102145030546,177158400
2019-09-12,53.566375732421875,54.36594600540606,53.51115121424335,53.976967258907166,128906800
2019-09-13,52.5242919921875,53.01411692029238,52.10890090309722,52.82443080357143,159053200
2019-09-16,52.80043029785156,52.855658489704425,52.23857119387094,52.279389641889566,84632400
2019-09-17,52.99250793457031,53.02132375192014,52.61313203639829,52.81482810263167,73274800
2019-09-18,53.489532470703125,53.50874179178695,52.689962341630235,53.07894101811847,101360000
2019-09-19,53.05494689941406,53.72725500568296,52.913278574917605,53.3070606073627,88242400
2019-09-20,52.27937698364258,53.43911377467882,52.216949430695024,53.15578449922015,221652400
2019-09-23,52.51709747314453,52.78602071935204,52.26017685029636,52.57232199753262,76662000
2019-09-24,52.26736831665039,53.42230547207564,52.14971625438767,53.07174174905982,124763200
2019-09-25,53.07174301147461,53.18459549366252,52.13771121007937,52.476268656643114,87613600
2019-09-26,52.79802322387695,53.050140581036125,52.54350607497872,52.82443558822323,75334000
2019-09-27,52.541099548339844,53.05493702755311,52.17132649489073,52.95408716657338,101408000
2019-09-30,53.77767562866211,53.92414352515708,53.01412053525755,53.04053289901251,103909600
2019-10-01,53.926544189453125,54.79814854366671,53.832901018952796,54.04180014068749,139223200
2019-10-02,52.57471466064453,53.68402648733403,52.32739692001443,53.5591677213098,138449200
2019-10-03,53.02132797241211,53.05494337549281,51.65509540469614,52.447459000713295,114426000
2019-10-04,54.507606506347656,54.622862444828854,53.75846122523863,54.17865555013315,138478800
2019-10-07,54.51961135864258,55.208728860944525,54.22667560102354,54.32992525189106,122306000
2019-10-08,53.88092803955078,54.75973552309099,53.86412216814556,54.22188901725137,111820000
2019-10-09,54.512420654296875,54.69490376434556,54.17866638461821,54.512420654296875,74770400
2019-10-10,55.24714279174805,55.33118311286881,54.57723466918612,54.728502117878804,113013600
2019-10-11,56.71664047241211,57.05999756214249,55.780205051339095,55.93387599775765,166795600
2019-10-14,56.635005950927734,57.17765940060341,56.346873353684806,56.40209788273689,96427600
2019-10-15,56.502933502197266,57.06238901917909,56.397284055002885,56.75985041805286,87360000
2019-10-16,56.27483367919922,56.48373281401713,55.99390415010381,56.03472259479586,73903200
2019-10-17,56.49332046508789,56.70221587996945,56.07072638906214,56.44769878510148,67585200
2019-10-18,56.76467514038086,57.045604732810226,56.25563703529904,56.327671109620596,97433600
2019-10-21,57.749114990234375,57.864370947488375,56.983163716549996,57.03118520017032,87247200
2019-10-22,57.6170539855957,58.1549004377134,57.535413437281406,57.905186536916496,82293600
2019-10-23,58.39021301269531,58.40462275566765,57.91959732879052,58.13089626006461,75828800
2019-10-24,58.48624801635742,58.77918378053314,58.06125044639696,58.70954952666312,69275200
2019-10-25,59.20658493041992,59.24260012348222,58.31817475144487,58.38540555436381,73477200
2019-10-28,59.79966354370117,59.847685025604804,59.240204303203505,59.40828132176833,96572800
2019-10-29,58.41661834716797,59.9677374114046,58.24374175415912,59.780451077157984,142839600
2019-10-30,58.40941619873047,58.89924482176762,57.91719144782321,58.76958279527963,124522000
2019-10-31,59.73002624511719,59.82847265948915,56.96874904224295,59.365060070154456,139162000
2019-11-01,61.42521667480469,61.45162537567779,59.826076043549875,59.91731576023175,151125200
2019-11-04,61.82859420776367,61.912634539198656,61.31955996379076,61.78777210588694,103272000
2019-11-05,61.73976135253906,61.99427850362642,61.5452719696819,61.72054836324468,79897600
2019-11-06,61.766170501708984,61.82619827037496,61.317163964504836,61.65331800351261,75864400
2019-11-07,62.47903823852539,62.70060689193552,62.16113826391426,62.31286358586997,94940400
2019-11-08,62.6500129699707,62.7222595989475,61.85767397402951,62.300803780835025,69986400
2019-11-11,63.146141052246094,63.2111630337341,62.20207656212333,62.2068905553272,81821200
2019-11-12,63.08832931518555,63.2882239296663,62.83786940371136,62.98958734351304,87388800
2019-11-13,63.69281768798828,63.76747499464725,62.873990636188424,62.888439963309075,102734400
2019-11-14,63.252105712890625,63.79156691909785,63.122054404391484,63.51942564466405,89182800
2019-11-15,64.0035171508789,64.00833114520599,63.34122912522696,63.5025824556953,100206400
2019-11-18,64.32621002197266,64.40568132510607,63.635023558282754,64.01312410296957,86703200
2019-11-19,64.1311264038086,64.54294688011666,63.91437917152046,64.51886222106107,76167200
2019-11-20,63.384559631347656,64.08056012443966,62.71263645285633,63.95051616700854,106234400
2019-11-21,63.10039138793945,63.582055362872204,62.90049672256133,63.504987362976806,121395200
2019-11-22,63.04499053955078,63.38215381547278,62.81860790794425,63.2400638402488,65325200
2019-11-25,64.15040588378906,64.1672658843364,63.22320139858819,63.26896005744073,84020400
2019-11-26,63.64947509765625,64.34066158536174,63.21838386975903,64.28767826489613,105207600
2019-11-27,64.50442504882812,64.53814504778033,63.89512054291369,63.960142519969104,65235600
2019-11-29,64.36231994628906,64.54294385633477,64.03719543828564,64.20578069417058,46617600
2019-12-02,63.6181640625,64.60316578278984,63.44717544860708,64.3671478434843,94487200
2019-12-03,62.48386001586914,62.503123340399675,61.722830078760026,62.20930803145001,114430400
2019-12-04,63.03535842895508,63.41346639147771,62.780077124864164,62.87400512239632,67181600
2019-12-05,63.96013259887695,64.03479724931714,63.27376756537875,63.52904879073454,74424400
2019-12-06,65.19561767578125,65.26546100190234,64.37437981221761,64.41773515061479,106075600
2019-12-09,64.28286743164062,65.21728922547906,63.79879285948436,65.02462660501106,128042400
2019-12-10,64.65853118896484,65.04145290975201,64.02754563216669,64.68742983210288,90420400
2019-12-11,65.21005249023438,65.28953113493121,64.6633667099047,64.73802401273718,78756800
2019-12-12,65.3762435913086,65.64116022447391,64.3792030714425,64.48998371818132,137310400
2019-12-13,66.26490020751953,66.30102352499274,65.248589228168,65.37622984964455,133587600
2019-12-16,67.39921569824219,67.62319496321233,66.70562596191743,66.71043995432287,128186000
2019-12-17,67.53167724609375,67.85920511821561,67.14393404643634,67.32937932220554,114158400
2019-12-18,67.37032318115234,67.89052104298418,67.22100855730946,67.38477250929151,116028400
2019-12-19,67.43775939941406,67.71712534090744,67.1800748008847,67.31252943237541,98369200
2019-12-20,67.298095703125,68.07116437712546,67.08616236392761,67.97001905135092,275978000
2019-12-23,68.3962631225586,68.45647110065944,67.52204210459728,67.56057609253462,98572000
2019-12-24,68.46129608154297,68.61061806486987,68.13617882730028,68.562448734815,48478800
2019-12-26,69.8196029663086,69.8364629694818,68.56487035875298,68.59376902155901,93121200
2019-12-27,69.7930908203125,70.79736320865955,69.38849493923185,70.11099073385043,146266000
2019-12-30,70.20732879638672,70.48910541724575,68.69009042144484,69.7112155576161,144114400
2019-12-31,70.72029876708984,70.72752343141342,69.72566166410049,69.82440364292783,100805600
2020-01-02,72.33386993408203,72.39407791515757,71.09117632272992,71.34404690340438,135480400
2020-01-03,71.63064575195312,72.38926493117573,71.40667380039741,71.56321309934685,146322800
2020-01-06,72.20143127441406,72.23996527669502,70.50356859981315,70.75403593983464,118387200
2020-01-07,71.86183166503906,72.46631471524569,71.64267376172208,72.21103349810856,108872000
2020-01-08,73.01782989501953,73.31886979288494,71.56561372170107,71.56561372170107,132079200
2020-01-09,74.56880187988281,74.76146451044018,73.74275001069596,73.99320996049889,170108400
2020-01-10,74.73737335205078,75.30092656417412,74.23644614635045,74.8024026801614,140644800
2020-01-13,76.33409118652344,76.36058652225458,74.93485817482635,75.05287082554342,121532000
2020-01-14,75.30333709716797,76.48100893453174,75.18051779267843,76.27148630079421,161954400
2020-01-15,74.9806137084961,75.98247543934815,74.54952248725758,75.10344034713454,121923600
2020-01-16,75.91986846923828,76.03065646802948,75.16124922768141,75.52249718552835,108829200
2020-01-17,76.76036071777344,76.7627640392473,75.86205500785368,76.16790890123319,137816400
2020-01-21,76.24017333984375,76.8302072165908,76.10289736234121,76.38948797518701,110843200
2020-01-22,76.51229095458984,77.06379066619063,76.41836299389982,76.72421683459743,101832400
2020-01-23,76.88077545166016,76.96024675038308,76.01859307367198,76.56528622859716,104472000
2020-01-24,76.65921020507812,77.86818383448923,76.46895092458591,77.12642473209515,146537600
2020-01-27,74.40503692626953,75.08417746726008,73.42484908589569,74.67235687385795,161940000
2020-01-28,76.50990295410156,76.68089158109271,75.18532722614749,75.28406920782065,162234000
2020-01-29,78.11144256591797,78.95676515736241,77.39858197163568,78.13793790519387,216229200
2020-01-30,77.99824523925781,78.05122856412287,76.76518678742532,77.19627805111793,126743200
2020-01-31,74.53987884521484,77.71163064497078,74.24606365244907,77.29017484753824,199588400
2020-02-03,74.33517456054688,75.498389394716,72.78421654858387,73.28514366287956,173788400
2020-02-04,76.78927612304688,76.97953543976107,75.53213292898627,75.9367288800473,136616400
2020-02-05,77.41545104980469,78.21260439944355,76.81337103650588,77.91396771511286,118826800
2020-02-06,78.32097625732422,78.32338692930988,77.12886221236752,77.68518356993593,105425600
2020-02-07,77.25636291503906,78.06989154294402,76.76631409771366,77.82124622907054,117684000
2020-02-10,77.62329864501953,77.62329864501953,75.7644959675757,75.84415588740227,109348800
2020-02-11,77.15496826171875,78.19059132825674,76.93770658748598,78.11817322586252,94323200
2020-02-12,78.98723602294922,78.99206144129231,77.60399117788235,77.60399117788235,113730400
2020-02-13,78.42475891113281,78.7506551305069,78.05782821966719,78.26060628866534,94747600
2020-02-14,78.4440689086914,78.69271421468866,77.93712009409066,78.3933688702963,80113600
2020-02-18,77.00772094726562,77.18877358272158,75.94795598487916,76.12900862033511,152531200
2020-02-19,78.12301635742188,78.35235267875386,77.24913667748609,77.24913667748609,93984000
2020-02-20,77.32154083251953,78.37164756799683,76.81700838375629,77.88401513292217,100566000
2020-02-21,75.57137298583984,77.35776502195542,74.95579692410486,76.91599243144344,129554000
2020-02-24,71.98169708251953,73.43011814732492,69.8211400810818,71.75960997813098,222195200
2020-02-25,69.54353332519531,73.0318176639516,69.07280081018256,72.65040328612861,230673600
2020-02-26,70.64673614501953,71.90927916190874,69.16210602316792,69.16934783382864,198054800
2020-02-27,66.0286865234375,69.04140503149553,65.89350114490772,67.85852928583456,320605600
2020-02-28,65.99004364013672,67.20913548442363,61.88860137685158,62.103453983809466,426510000
2020-03-02,72.13378143310547,72.76867383608672,67.04258234775999,68.14338175177791,341397200
2020-03-03,69.8428726196289,73.38667475068135,68.99312746023453,73.30701482551375,319475600
2020-03-04,73.0824966430664,73.24182384454771,70.76261243598904,71.56165746891385,219178400
2020-03-05,70.7119140625,72.31241302487865,70.34739243241086,71.33955724756618,187572800
2020-03-06,69.77287292480469,70.20498737405435,67.889928042293,68.07580613740882,226176800
2020-03-09,64.25437927246094,67.1319051551366,63.48912685930832,63.670179502443226,286744800
2020-03-10,68.882080078125,69.14762542571471,65.0268655374001,66.90257561810807,285290000
2020-03-11,66.48976135253906,67.88748961967876,65.627949126833,66.96291749628936,255598800
2020-03-12,59.92359161376953,65.17894700154001,59.86806983845157,61.784814276675704,418474000
2020-03-13,67.10293579101562,67.57367559511492,61.06301877546382,63.94538103600016,370732000
2020-03-16,58.4703369140625,62.54280864814437,57.93683361708763,58.40756965352153,322423600
2020-03-17,61.041290283203125,62.1879532458274,57.55059398806874,59.74978006097213,324056000
2020-03-18,59.5470085144043,60.350882714180244,57.2416040580175,57.88132562490314,300233600
2020-03-19,59.09073257446289,61.0364436728403,58.5668875620939,59.72079568768533,271857200
2020-03-20,55.3393440246582,60.79264863512061,55.04000233501268,59.67012006159394,401693200
2020-03-23,54.1636962890625,55.1606938155284,51.3247927605554,55.059304798459365,336752800
2020-03-24,59.59769821166992,59.79323446043245,56.56084169108887,57.05813231967632,287531200
2020-03-25,59.26938247680664,62.3424476958278,58.97486994131572,60.53192162528101,303602000
2020-03-26,62.38832473754883,62.44625922344338,59.472169846872056,59.51079529315195,252087200
2020-03-27,59.80530548095703,61.767913466106,59.638736473627105,61.01473571142301,204216800
2020-03-30,61.512027740478516,61.68342585318123,60.206033868463194,60.529517371062305,167976400
2020-03-31,61.38649368286133,63.366001623216455,60.83368129501873,61.702735358357586,197002000
2020-04-01,58.156524658203125,60.04188561745125,57.726826674200176,59.50596949204973,176218400
2020-04-02,59.126953125,59.18006218576405,57.1884834576866,58.01891202578832,165934000
2020-04-03,58.2772102355957,59.31282945954129,57.68818520309446,58.612760898074754,129880000
2020-04-06,63.36117935180664,63.51567376682207,60.201208300554335,60.568138982385115,201820400
2020-04-07,62.627323150634766,65.58934951590757,62.52352138900803,65.37208042052816,202887200
2020-04-08,64.23023223876953,64.54405384793799,63.06184016051964,63.42635444288139,168895200
2020-04-09,64.69371032714844,65.19583364514321,63.899498254908295,64.86511208653789,161834800
2020-04-13,65.9635009765625,66.07213548949194,64.17228391165321,64.77096719479518,131022800
2020-04-14,69.29488372802734,69.58457092501276,67.12225185179103,67.59299170512948,194994800
2020-04-15,68.66236877441406,69.12103377089443,67.74503878145335,68.17232015652947,131154400
2020-04-16,69.20797729492188,69.57249897577765,68.16028687860133,69.37454631683273,157125200
2020-04-17,68.2689208984375,69.27075152318855,66.83498322406335,68.72517714348913,215250000
2020-04-20,66.85186004638672,67.9985265094596,66.83255101061553,67.09809629652644,130015200
2020-04-21,64.78543853759766,66.92910221467082,64.07571185080862,66.69494058852548,180991600
2020-04-22,66.65151977539062,67.08604320648949,65.7100474299754,66.05041994300701,116862400
2020-04-23,66.39319610595703,68.01542772017612,66.35457066668404,66.59597413685326,124814400
2020-04-24,68.30994415283203,68.31960235496462,66.86876505886688,66.91704870248016,126161200
2020-04-27,68.35823822021484,68.68895986495261,67.58091858862758,68.02750920842628,117087600
2020-04-28,67.25019836425781,69.00037411858965,67.15847120269908,68.81932145434843,112004800
2020-04-29,69.45903778076172,69.92736120107678,68.53204914375017,68.73482721743544,137280800
2020-04-30,70.92436218261719,71.1005894315717,69.6087172156617,69.99737340670072,183064000
2020-05-01,69.78250885009766,72.17964374552773,69.0051893150792,69.10174923798432,240616800
2020-05-04,70.76986694335938,70.89781053260225,69.11866751411011,69.80666911806027,133568000
2020-05-05,71.83200073242188,72.6624290827312,71.08364866048586,71.22849218522312,147751200
2020-05-06,72.57315063476562,73.20321036598678,72.14827802802382,72.53210878963873,142333600
2020-05-07,73.32389831542969,73.66911092684012,72.89661676334377,73.19837114485792,115215200
2020-05-08,75.06912994384766,75.1223827731926,73.65551811313698,73.98229650289032,133838400
2020-05-11,76.2503662109375,76.74415709638575,74.36957888241814,74.57775171164975,145946400
2020-05-12,75.37898254394531,77.38321450858611,75.25795402582209,76.93298457993056,162301200
2020-05-13,74.46883392333984,76.47791143801962,73.39410026175051,75.55809041384309,200622400
2020-05-14,74.92631530761719,74.98682954910396,72.98743664654351,73.70876906438306,158929200
2020-05-15,74.48334503173828,74.52933644505968,72.66791783323735,72.70180935336562,166348400
2020-05-18,76.23827362060547,76.61104348348049,75.11513293810333,75.80499689236754,135178400
2020-05-19,75.79771423339844,77.09997437404789,75.76624564907384,76.25519801175672,101729600
2020-05-20,77.27186584472656,77.34205706251838,76.61588599602642,76.65461600601195,111504800
2020-05-21,76.69575500488281,77.67366726497515,76.4585365069764,77.13387754437865,102688800
2020-05-22,77.1895751953125,77.27187370478033,76.33269118133187,76.43435100426484,81803200
2020-05-26,76.66670989990234,78.48455279572174,76.61103413521022,78.30543299444078,125522000
2020-05-27,77.00074005126953,77.1459757123096,75.7856167074525,76.52389490649263,112945200
2020-05-28,77.03463745117188,78.29091382648822,76.4004493161322,76.67639044487011,133560800
2020-05-29,76.95958709716797,77.73658783652532,76.60376308600569,77.27668110998019,153532400
2020-06-01,77.90604400634766,78.02707250180976,76.78289602270274,76.91360886615988,80791200
2020-06-02,78.26669311523438,78.2909002875674,77.19922108217762,77.63976650286615,87642800
2020-06-03,78.69756317138672,78.95898884323296,78.01496072344597,78.58621903033732,104491200
2020-06-04,78.01978302001953,78.81856784791002,77.64701331974175,78.52084258385524,87560400
2020-06-05,80.24188995361328,80.30240419943048,78.2400813612976,78.26912701737099,137250400
2020-06-08,80.71629333496094,80.75018484735844,79.23006778203666,79.93929273959654,95654400
2020-06-09,83.26515197753906,83.65728297979172,80.36531499757703,80.39678357699073,147712400
2020-06-10,85.40740203857422,85.87457033611071,83.77351707727777,84.21163971297698,166651600
2020-06-11,81.30694580078125,84.97653085136815,81.20528599627451,84.55293109627195,201662400
2020-06-12,82.00890350341797,84.18741636682982,80.90028576320306,83.44188410385023,200146000
2020-06-15,83.02310943603516,83.67424321088224,80.5032957450343,80.66547714891838,138808800
2020-06-16,85.22340393066406,85.49451390772815,83.44186840333514,85.07332981023045,165428800
2020-06-17,85.10481262207031,86.02704912393895,84.98378413219785,85.96653487900272,114406400
2020-06-18,85.13871002197266,85.55504835135272,84.53114459703605,85.06125001022909,96820400
2020-06-19,84.65217590332031,86.3078449275457,83.54597361995395,85.84309961565448,264476000
2020-06-22,86.86699676513672,87.0098095125726,84.99831637895207,85.04430780115948,135445200
2020-06-23,88.72116088867188,90.1371959593026,87.68999560053155,88.10875691220691,212155600
2020-06-24,87.15503692626953,89.26819705246864,86.78226710315806,88.35079901624333,192623200
2020-06-25,88.31208038330078,88.3508103921037,86.55232854521968,87.30996818337783,137522400
2020-06-26,85.59862518310547,88.4282723384794,85.45096655963653,88.2079995637923,205256800
2020-06-29,87.57137298583984,87.6657787527797,85.02977472321102,85.50662726415537,130646000
2020-06-30,88.30238342285156,88.58801627360432,87.14051287267962,87.15987418081895,140223200
2020-07-01,88.1353530883789,88.9220381809634,88.08694613026117,88.37983297329643,110737200
2020-07-02,88.1353530883789,89.67483914156468,88.02159341265586,89.0406511103845,114041600
2020-07-06,90.49300384521484,90.9601720457748,89.52961440129422,89.56108299075036,118655600
2020-07-07,90.21220397949219,91.64759989931855,90.10085985246303,90.87059916943323,112424400
2020-07-08,92.31326293945312,92.34473152661032,91.10055518911935,91.18769953716944,117092000
2020-07-09,92.71027374267578,93.2573176564038,91.66458550637155,93.20406480954586,125642800
2020-07-10,92.87242889404297,92.93052759776583,91.69603540831204,92.30601639495103,90257200
2020-07-13,92.44397735595703,96.77921853086478,92.23096604261153,94.17468319640058,191649200
2020-07-14,93.97379302978516,94.16501274371473,90.89482765300735,91.82674120591236,170989200
2020-07-15,94.62008666992188,96.09421302015997,93.42432441242931,95.84489458759741,153198000
2020-07-16,93.4557876586914,94.31024858615012,92.85790656415841,93.49451766571708,110577600
2020-07-17,93.26698303222656,94.06092970486094,92.79496892260524,93.90601706451432,92186800
2020-07-20,95.23246765136719,95.37044189094031,93.01038653957822,93.35411067179673,90318000
2020-07-21,93.9181137084961,96.09662665534265,93.66879530005893,96.02158957813295,103433200
2020-07-22,94.18193817138672,94.86211761268852,93.53322731563136,93.620364272229,89001600
2020-07-23,89.8951187133789,93.99314144318696,89.08664931990235,93.91568143989768,197004400
2020-07-24,89.67241668701172,90.016140810345,86.31266499943915,88.0966309470678,185438800
2020-07-27,91.79769134521484,91.88967418415685,90.50995376100627,90.73264205708286,121214000
2020-07-28,90.28968048095703,91.54595685387366,90.28483461346657,91.36925259131361,103625600
2020-07-29,92.0203857421875,92.20435141750036,90.73506372270917,90.77137079362801,90329200
2020-07-30,93.13384246826172,93.23792519284922,90.78830982976133,91.19496376791191,158130000
2020-07-31,102.8839111328125,103.03398529349649,97.6215868383854,99.61614157613516,374336800
2020-08-03,105.47632598876953,108.09053834247213,104.4645296144692,104.7622549635953,308151200
2020-08-04,106.18070983886719,107.26996618839969,104.94379489849536,105.6651273181697,173071600
2020-08-05,106.56558990478516,106.88510690463526,105.43760344433963,105.90235611566642,121776800
2020-08-06,110.28358459472656,110.77738293578851,106.30901285016994,106.8972095786005,202428800
2020-08-07,107.77619171142578,110.26174899503663,106.98081367668276,109.80586023116359,198045600
2020-08-10,109.34268951416016,110.35873735584337,106.69708588297902,109.21901552378732,212403600
2020-08-11,106.09087371826172,109.10506522291367,105.83140397675015,108.60795666047292,187902400
2020-08-12,109.61672973632812,109.87377217439806,106.98567459916234,107.17966637873178,165598000
2020-08-13,111.55667114257812,112.55817011651827,110.50667052619417,110.99408465160128,210082000
2020-08-14,111.45722961425781,111.54695097773372,109.65065103503774,111.38205726105852,165565200
2020-08-17,111.16625213623047,112.60181637912858,110.54062239475888,112.57756555807367,119561600
2020-08-18,112.09258270263672,112.51694618501556,110.58427334354063,110.91891544512356,105633600
2020-08-19,112.23322296142578,113.64453639963617,112.13865437861999,112.49996719549999,145538000
2020-08-20,114.7236328125,114.83760501028006,112.25747159683876,112.27444791147464,126907200
2020-08-21,120.6356201171875,121.11817961837231,115.6693525872738,115.6814742972318,338054800
2020-08-24,122.0784683227539,124.91807177754512,120.21612051624737,124.83319019483912,345937600
2020-08-25,121.07695770263672,121.42130160395935,119.35768029886763,120.95329109467639,211495600
2020-08-26,122.72347259521484,123.17936132920332,121.3267083719839,122.39125785191554,163022400
2020-08-27,121.25640106201172,123.65708422717836,120.11425182681509,123.32486945527224,155552400
2020-08-28,121.05997467041016,122.64587607239329,120.83687750115561,122.22878715620412,187630000
2020-08-31,125.1653823852539,127.06653708598974,122.2166692582802,123.74922926791106,225702700
2020-09-01,130.15106201171875,130.75245576113278,126.61066398001222,128.7737011544299,151948100
2020-09-02,127.45457458496094,133.83700512606143,123.1866950088429,133.458715867272,200119000
2020-09-03,117.25041961669922,124.97140947448622,116.88183227033254,123.09936731503697,257599600
2020-09-04,117.32801055908203,119.98573625952378,107.56037630423063,116.46473461185484,332607200
2020-09-08,109.43241882324219,115.41715402612338,109.29662311428591,110.52848630276392,231366600
2020-09-09,113.79732513427734,115.56267714207601,111.79918148817357,113.73912907477926,176940500
2020-09-10,110.08230590820312,116.88182317054356,109.12203408038299,116.74602745349068,182274400
2020-09-11,108.63703155517578,111.77004920348398,106.69708456311906,111.12986314395623,180860300
2020-09-14,111.89617156982422,112.4490563072492,109.41304115616997,111.27538896641066,140150100
2020-09-15,112.07076263427734,115.26197700807842,110.19871308977739,114.77699015613865,184642000
2020-09-16,108.76313018798828,112.51693044540818,108.67583612168845,111.77005407703663,154679000
2020-09-17,107.0268783569336,108.83102975873638,105.44582412860575,106.42549948987329,178011000
2020-09-18,103.6319808959961,107.5506753180143,102.9045006607274,107.08509211161683,287104900
2020-09-21,106.77470397949219,106.88140167582651,100.0042844680874,101.40104892896447,195713800
2020-09-22,108.45275115966797,109.47122644967507,105.8823269140235,109.29663089711133,183055400
2020-09-23,103.90357971191406,108.74374613747926,103.56408301527631,108.2684611226227,150718700
2020-09-24,104.97054290771484,106.93958810787352,101.84722676940335,102.01212050333626,167743300
2020-09-25,108.9086685180664,109.06386789451633,104.43708823841433,105.17427047592437,149981400
2020-09-28,111.50817108154297,111.85736219121794,109.39362820642745,111.55667272467461,137672400
2020-09-29,110.6642837524414,111.84765272079834,110.15990073985728,111.1104781178147,99382200
2020-09-30,112.3326416015625,113.73910777869786,110.2084044241761,110.37329816208843,142675200
2020-10-01,113.28321075439453,114.18528644364022,112.35203704296524,114.10768678427674,116120400
2020-10-02,109.62641906738281,111.90586307346008,108.85044458473479,109.50032515653433,144712000
2020-10-05,113.00192260742188,113.14742012517607,110.1405034929378,110.4896945754234,106243800
2020-10-06,109.76221466064453,112.63333559022071,108.87953514429641,112.22594105943094,161498200
2020-10-07,111.62458038330078,112.08046922763401,110.70310088509402,111.17839334850785,96849000
2020-10-08,111.51789093017578,112.90495378456839,111.14929614349687,112.75945623194846,83477200
2020-10-09,113.45781707763672,113.48691510258755,111.46936816913343,111.81855926916633,100506900
2020-10-12,120.66473388671875,121.42131221454332,115.69846570876324,116.45504403658781,240226800
2020-10-13,117.46380615234375,121.62499394990238,116.05734733652297,121.50859444916024,262330500
2020-10-14,117.55110931396484,119.33585728240598,116.02825097556021,117.36681195189107,150712000
2020-10-15,117.08551025390625,117.56079523723751,114.60238025084043,115.15526489684527,112559200
2020-10-16,115.4462661743164,117.90030584427576,115.24257258596,117.63840880188037,115393800
2020-10-19,112.4975357055664,116.80421323996534,112.18714446524658,116.358026294525,120639300
2020-10-20,113.98159790039062,115.40746025257594,112.15804282671203,112.71092747344602,124423700
2020-10-21,113.36082458496094,115.14557257156684,112.9534300225298,113.16682541230045,89946000
2020-10-22,112.27444458007812,114.49568501963495,111.14927164811971,113.92339674553574,101988000
2020-10-23,111.58575439453125,113.05041647874276,110.84857244879218,112.89521716371952,82572600
2020-10-26,111.595458984375,113.05041929759861,109.49061077367527,110.58668561250266,111850700
2020-10-27,113.09893035888672,113.75851276167866,111.10078693291935,112.02225897491293,92276800
2020-10-28,107.86106872558594,111.96406058991157,107.76407283902445,111.59547326085323,143937800
2020-10-29,111.85734558105469,113.41900353400632,108.83102554669962,108.99592666867332,146129200
2020-10-30,105.59133911132812,108.6273541724171,104.4855696692542,107.72527832227131,190272600
2020-11-02,105.5040283203125,107.35668150297613,104.09756951905206,105.83382320217856,122866900
2020-11-03,107.1239013671875,108.14236934595198,105.46524717293197,106.3673230400161,107624400
2020-11-04,111.49846649169922,112.11924902667879,108.97653651830575,110.71279021468385,138235500
2020-11-05,115.45596313476562,116.02825144019144,113.36082388514865,114.40838980980128,126387100
2020-11-06,115.3248062133789,115.82034093796346,112.83738439067113,114.96529408792372,114457900
2020-11-09,113.0219955444336,118.53123307425452,112.75965407719045,117.08348090470506,154515300
2020-11-10,112.68191528320312,114.25597883957684,110.8940807658282,112.27382528066764,138023400
2020-11-11,116.10208892822266,116.23811890460102,113.13857025646223,113.86730544980823,112295000
2020-11-12,115.83003997802734,117.1126137436234,115.20818648034917,116.22841881317535,103162300
2020-11-13,115.87864685058594,116.27701834676313,114.52805783909481,116.05354364266076,81581900
2020-11-16,116.8891372680664,117.55956865833653,114.80009473182567,115.54825966136949,91183000
2020-11-17,116.00495147705078,117.24865863043144,115.58714291023577,116.16041857776305,74271000
2020-11-18,114.68350219726562,116.42275133775613,114.65435397133162,115.24705927558566,76322100
2020-11-19,115.27620697021484,115.68429695756758,113.49809106564801,114.25597458875419,74113000
2020-11-20,114.0130615234375,115.40251710432108,113.96448361868471,115.27620565626937,73604300
2020-11-23,110.62201690673828,114.2851304944073,110.5248536828197,113.85760341347095,127959300
2020-11-24,111.90460968017578,112.56533009298217,109.39775804807978,110.68033950800988,113874200
2020-11-25,112.74019622802734,113.43978322932423,111.90457924459807,112.27380983588145,76499200
2020-11-27,113.28433227539062,114.158816151439,112.92482759135008,113.26490259506915,46691300
2020-11-30,115.67457580566406,117.54013622605181,113.49808123546687,113.65354831037159,169410200
2020-12-01,119.24053955078125,119.9692749139944,116.60737666127397,117.57902381222483,127728200
2020-12-02,119.59032440185547,119.87210294466338,117.4624149241799,118.56037345602128,89004200
2020-12-03,119.45429229736328,120.27047227200518,118.74498667961886,120.0178419599632,78967600
2020-12-04,118.78384399414062,119.37654924842553,118.07453843287111,119.12391895649799,78260400
2020-12-07,120.24131774902344,121.03806800243322,118.78384723085345,118.84214367939516,86712000
2020-12-08,120.85346984863281,121.43646406909802,119.60004413555974,120.84375871454999,82225500
2020-12-09,118.3271713256836,122.37893756571138,117.56928784632052,120.99920059491815,115089200
2020-12-10,119.74579620361328,120.35793867044406,116.74340998030307,117.0834850101648,81312200
2020-12-11,118.93933868408203,119.27941372539408,117.13207427816091,118.95876836655133,86939800
2020-12-14,118.3271713256836,119.85265683014165,118.09397811966689,119.12392157489586,79184500
2020-12-15,124.25420379638672,124.27364088584986,120.6105278951973,120.81457285609459,157243700
2020-12-16,124.18622589111328,124.73034594931227,122.97166689471923,123.79757294273104,98208600
2020-12-17,125.05098724365234,125.90604149372504,124.40969655609783,125.24531371153455,94359800
2020-12-18,123.06880950927734,125.43963050234059,122.54411925279229,125.30360051877908,192541500
2020-12-21,124.59429931640625,124.67203286094654,119.94982751976666,121.47531311924551,121251600
2020-12-22,128.1408233642578,130.59908932336018,125.97403967211778,127.87847449783371,168904800
2020-12-23,127.24693298339844,128.6752408300138,127.07202876522139,128.41290674198933,88223700
2020-12-24,128.22828674316406,129.67604646021374,127.38295839338778,127.59672197110412,54930100
2020-12-28,132.81442260742188,133.44598718799116,129.7245776284665,130.19097883452193,124486200
2020-12-29,131.04600524902344,134.8548591025245,130.53103360723338,134.135849925918,121047300
2020-12-30,129.9286651611328,132.13430846309575,129.61773093964035,131.73592955161843,96452100
2020-12-31,128.92784118652344,130.9197204767935,127.98534242224186,130.27842990655225,99116600
2021-01-04,125.7408447265625,129.8217592553949,123.16597863459702,129.73431458165692,143301900
2021-01-05,127.29549407958984,128.00480720900393,124.7886425294723,125.23560676408721,97664900
2021-01-06,123.01052856445312,127.33436285992687,122.79676500387103,124.09877604874403,155088000
2021-01-07,127.20804595947266,127.89792197499627,124.2348079857969,124.72063157172194,109578200
2021-01-08,128.3059844970703,128.86954151504634,126.53757990692247,128.67520026141898,105158200
2021-01-11,125.32304382324219,126.47930629071162,124.85665734789745,125.52709624591981,100384500
2021-01-12,125.14815521240234,126.01292057820679,123.26315737935117,124.85665810373773,91951100
2021-01-13,127.17889404296875,127.72301407124303,124.84694682860504,125.10928088256377,88636800
2021-01-14,125.25502014160156,127.2857588427231,125.10926419379747,127.09143240514113,90221800
2021-01-15,123.53520202636719,126.52787663913662,123.39917203606663,125.1287025525268,111598500
2021-01-19,124.20567321777344,125.0607275660407,123.34090773415255,124.15708788868356,90757300
2021-01-20,128.2865753173828,128.7335395413519,124.90524730001776,125.01212908230433,104319500
2021-01-21,132.98934936523438,135.7099645282226,129.80234769109845,130.0064001294405,120150900
2021-01-22,135.126953125,135.88483658611096,131.19177987621222,132.41604973812463,114459400
2021-01-25,138.86776733398438,140.97623923925303,132.66865562808596,139.01352325855314,157611700
2021-01-26,139.10101318359375,140.20869037046396,137.3617564370404,139.52854031294,98390600
2021-01-27,138.03219604492188,140.20869106595407,136.42898412808006,139.36334793740457,140843800
2021-01-28,133.20310974121094,137.9641898687069,132.82416793009364,135.56422012291074,142621100
2021-01-29,128.21852111816406,132.8629917399109,126.51813918014763,131.97878957386544,177523800
2021-02-01,130.3367462158203,131.5415940017464,127.21775238608966,129.95780442586786,106239800
2021-02-02,131.16265869140625,132.44522526454477,130.79342801715512,131.88166811874655,83305400
2021-02-03,130.1424102783203,131.92052618668296,129.82176496768204,131.9108002272906,89880900
2021-02-04,133.4945831298828,133.5042942626405,130.7739685158837,132.43549143917588,84183100
2021-02-05,133.0810089111328,133.72325779067754,132.20522578325316,133.65514858435046,75693800
2021-02-08,133.2270050048828,133.27566293088242,131.29053239728702,132.37067302189544,71297200
2021-02-09,132.35121154785156,134.1709170758531,132.1955269668042,132.9448026300194,76774200
2021-02-10,131.74786376953125,133.3048279995829,130.7844904817518,132.80853804149436,73046600
2021-02-11,131.49490356445312,132.72100324758284,130.17148801909838,132.24417927998556,64280000
2021-02-12,131.72840881347656,131.88410821935858,130.0936095966532,130.73585850968206,60145100
2021-02-16,129.60708618164062,132.35121823326722,129.21783758857316,131.8452173347529,80576300
2021-02-17,127.32026672363281,128.66314806479286,125.98712587517291,127.7192408682256,97918500
2021-02-18,126.2206802368164,126.50287241895496,123.98254952435698,125.72439023440656,96856700
2021-02-19,126.3763656616211,127.19378012757379,125.33515742569439,126.73642239782728,87668800
2021-02-22,122.6104736328125,126.23040308983671,122.22123254914695,124.56639727156255,103916400
2021-02-23,122.47423553466797,123.30136816472337,115.20518512538801,120.43072920624994,158273000
2021-02-24,121.97795867919922,122.18230857916163,118.94189453786483,121.57899194807914,111039900
2021-02-25,117.7352294921875,123.0580814668372,117.29733797299157,121.32596667655264,148199500
2021-02-26,117.99798583984375,121.49140765726709,117.93959485190196,119.29220185674814,164560400
2021-03-01,124.35234069824219,124.48857398468387,119.48684497058966,120.42101925940007,116307900
2021-03-02,121.754150390625,125.25730532990295,121.64710890595583,124.95564701355688,102260900
2021-03-03,118.77644348144531,122.32825577553972,118.56236054617285,121.45246532404101,112966300
2021-03-04,116.89839935302734,120.27505462421279,115.42902496763867,118.47482266404644,178155000
2021-03-05,118.15369415283203,118.65970985611862,114.40726400079701,117.72553558561702,153766600
2021-03-08,113.22980499267578,117.74498394850409,113.08383865170997,117.67686731260757,154376600
2021-03-09,117.83256530761719,118.77647261328785,115.59444185391254,115.8279835568737,129525800
2021-03-10,116.75242614746094,118.88350799775948,116.23667741969722,118.41642461584055,111943300
2021-03-11,118.67913818359375,119.89551178020834,117.99797193915168,119.24353731422019,103026500
2021-03-12,117.77416229248047,117.9103955487277,115.95447204511132,117.16111263936789,88105100
2021-03-15,120.65455627441406,120.66428934425417,117.18059275719496,118.14396621912681,92403800
2021-03-16,122.1920394897461,123.79765430298438,121.36490683570095,122.31853968534864,115227900
2021-03-17,121.4038314819336,122.47423888090718,119.04892629520441,120.71293209328559,111932600
2021-03-18,117.28761291503906,119.86632656590932,117.08326303051578,119.57439391707281,121229700
2021-03-19,116.76214599609375,118.16341092060107,116.4604876842397,116.67457065039011,185549500
2021-03-22,120.0706787109375,120.53776947303844,117.02488167357409,117.09299830303091,111912300
2021-03-23,119.24354553222656,120.89781076796868,118.8543044696532,120.01229458916613,95467100
2021-03-24,116.85945129394531,119.59386443754735,116.83999258124882,119.51601473844956,88530500
2021-03-25,117.34600830078125,118.38723138862223,115.79878440882977,116.32425877519718,98844700
2021-03-26,117.94933319091797,118.21207408800578,115.72093550893463,117.11246742653448,94071200
2021-03-29,118.1244888305664,119.28247903408416,117.48224734126221,118.37749665321657,80819200
2021-03-30,116.67456817626953,117.16111766205535,115.66254435493632,116.87891806940085,85671900
2021-03-31,118.8640365600586,120.19717735139929,117.89093762370798,118.37748709188328,118323800
2021-04-01,119.6911849975586,120.8394421912494,119.19490239563412,120.33343394406754,75089100
2021-04-05,122.51316833496094,122.7661761594041,119.75929632134557,120.53777850848313,88651200
2021-04-06,122.81483459472656,123.71008397089403,122.26990148299974,123.09703422020135,80171300
2021-04-07,124.45935821533203,124.4788169278638,121.77360301243874,122.44504366920103,83466700
2021-04-08,126.85321044921875,126.88240223692625,125.06271151102148,125.48113703370569,88844600
2021-04-09,129.42214965820312,129.46106707973098,125.98711183634272,126.30823624511144,106686700
2021-04-12,127.70954132080078,129.27623158953074,127.1159502289636,128.95510707935833,91420000
2021-04-13,130.8136749267578,131.0374983592836,128.3809277339075,128.8772176641677,91266500
2021-04-14,128.47825622558594,131.36836136344672,128.11821435701262,131.3099778007929,87222800
2021-04-15,130.88180541992188,131.36835488244947,130.04493975044198,130.22010527807376,89347100
2021-04-16,130.55096435546875,131.04723949609195,129.69463249088383,130.6871976204425,84922400
2021-04-19,131.212646484375,131.82570351653897,129.75299819698287,129.91842322109008,94264200
2021-04-20,129.5292205810547,131.88411859918818,128.2641887932471,131.38784340823202,94812300
2021-04-21,129.90869140625,130.15196610925796,127.76787698944187,128.7993593544661,68847100
2021-04-22,128.39068603515625,130.54122653689166,127.8749447465964,129.46108603950333,84566500
2021-04-23,130.70669555664062,131.48516306112936,128.6047976585629,128.6047976585629,78657500
2021-04-26,131.0959014892578,131.426751593288,129.9671030596472,131.20294297565732,66905100
2021-04-27,130.77476501464844,131.7673300838562,130.5022985012677,131.3780816016613,66015800
2021-04-28,129.986572265625,131.3878372667235,129.50002274292763,130.69693041123548,107760100
2021-04-29,129.88929748535156,133.3827354474625,128.88700633959272,132.79886989631544,151101000
2021-04-30,127.92361450195312,129.96711370748065,127.54410644604702,128.23499849351802,109839500
2021-05-03,128.97450256347656,130.46335732032915,128.28361076189535,128.48795318556526,75135100
2021-05-04,124.41070556640625,127.95279275381809,123.29164023246338,127.66086008438737,137564700
2021-05-05,124.65400695800781,126.94078104975206,124.52749931714487,125.72440711319194,84000900
2021-05-06,126.24988555908203,126.25961120491856,123.71008883004946,124.44964624226809,78128300
2021-05-07,126.92245483398438,127.94593245749884,126.2108752190309,127.54629547170842,78973300
2021-05-10,123.64727783203125,126.26935540308767,123.60828686336556,126.14264776926625,88071200
2021-05-11,122.73099517822266,123.08189896287028,119.67026787217047,120.38183991469329,126142800
2021-05-12,119.6702880859375,121.4930768252382,119.16342036759427,120.28438654552215,112172300
2021-05-13,121.81474304199219,122.96495055227784,121.12267010296466,121.43459040557941,105861300
2021-05-14,124.23213195800781,124.66102519199373,122.67253033910511,123.06243260302256,81918000
2021-05-17,123.08193969726562,123.72527962836065,122.00971391554195,123.61805630651149,74244600
2021-05-18,121.6977767944336,123.78374532662899,121.62954445690447,123.36460169987382,63342900
2021-05-19,121.54180145263672,121.76599019675551,119.75800391592138,120.0504324237247,92612000
2021-05-20,124.09567260742188,124.49532449020155,121.94147161685788,122.06819413421118,76857100
2021-05-21,122.26313018798828,124.76824225453443,122.04868358173061,124.59278661639331,79295400
2021-05-24,123.89097595214844,124.70977148763245,122.76026751533502,122.82849985689472,63092900
2021-05-25,123.69601440429688,125.08016771850949,123.13065653206684,124.59278434432386,72009500
2021-05-26,123.64727783203125,124.17364475386753,123.22813421483384,123.75450113667013,56575900
2021-05-27,122.11690521240234,124.41732007226534,121.92195782567474,123.24762087836753,94625600
2021-05-28,121.46382904052734,122.6237861257757,121.40534630909178,122.3995899273286,71311100
2021-06-01,121.14216613769531,122.18515038351808,120.8107540580726,121.9219706400981,67637100
2021-06-02,121.90248107910156,122.07793673418138,120.91798692698966,121.14217571934485,59278900
2021-06-03,120.42085266113281,121.6977752920281,120.02120080570538,121.53206925104124,76229200
2021-06-04,122.71150207519531,122.9746892227133,120.7230075339862,120.93745411736649,75169300
2021-06-07,122.7212905883789,123.1306846845905,121.67830614130558,122.98447038258112,71057600
2021-06-08,123.54002380371094,125.2166052923114,123.02340661171246,123.40355916570248,74403800
2021-06-09,123.9201889038086,124.52453767386459,123.32558973367314,123.99817082964145,56877900
2021-06-10,122.92597198486328,124.95345787476269,122.7602659341765,123.81299241371467,71186400
2021-06-11,124.13467407226562,124.22240562529288,122.91623399021204,123.3353776759092,53522400
2021-06-14,127.18563079833984,127.24411353581664,123.86173050218788,124.59279446771667,96906500
2021-06-15,126.36682891845703,127.30259723643738,126.12314095657528,126.6592574474217,62746300
2021-06-16,126.86398315429688,127.585305081469,125.21666455636404,127.07842981173894,91815000
2021-06-17,128.46255493164062,129.20337594415264,126.37658632134162,126.52280804022224,96721700
2021-06-18,127.16612243652344,128.1895998960208,126.95167585727805,127.40981037898122,108953300
2021-06-21,128.95965576171875,129.06687904605207,125.94767651117064,127.0101523182265,79663300
2021-06-22,130.5972442626953,130.6947253937975,128.29682937988724,128.79396232556323,74783600
2021-06-23,130.32432556152344,130.92868185123652,129.8661909803765,130.39256533356104,60214200
2021-06-24,130.04165649414062,131.240597184488,129.5737648661965,131.05539194095186,68711000
2021-06-25,129.74920654296875,130.50951172104854,129.45677804212312,130.09037560621056,70783700
2021-06-28,131.37705993652344,131.83519451956099,129.98317185834844,130.04165459260284,62111300
2021-06-29,132.88795471191406,133.0439186165466,130.95794973108042,131.39658519851488,64556100
2021-06-30,133.5019989013672,133.94063419010044,132.43950824826416,132.73193673192986,63261400
2021-07-01,133.80419921875,133.86268195374564,132.3323143115352,133.15111722207564,52485800
2021-07-02,136.42625427246094,136.46523779604922,134.272046474327,134.41825327969627,78852600
2021-07-06,138.4342498779297,139.53570925876045,136.53348691022637,136.53348691022637,108181800
2021-07-07,140.9198760986328,141.231788943126,139.05809657469072,139.91586805219615,104911600
2021-07-08,139.6234893798828,140.422778328839,137.11836946520646,138.00539740279086,105575500
2021-07-09,141.44625854492188,141.97261806281588,139.04836216143113,139.1458433075578,99890800
2021-07-12,140.8516387939453,142.62569425576672,140.36426288116348,142.51847096001342,76299700
2021-07-13,141.962890625,143.73694652851253,140.00364432229037,140.39353920017592,100827100
2021-07-14,145.38424682617188,145.79365573228569,143.95136027537654,144.36076918149035,127050800
2021-07-15,144.73118591308594,146.21281325196273,143.37628110522587,145.4720070192926,106820300
2021-07-16,142.69395446777344,145.9788641734468,142.196836268165,144.71169838540143,93251400
2021-07-19,138.8534393310547,140.43254791143656,138.09313385194156,140.1206200874223,121434600
2021-07-20,142.45997619628906,143.3860023478585,139.35053030452949,139.83790622702588,96350000
2021-07-21,141.7289276123047,142.4405072449087,140.97837931958148,141.85565012536404,74993500
2021-07-22,143.0935821533203,144.4582288663732,142.12857241610413,142.25529492286392,77338200
2021-07-23,144.80914306640625,144.9651069434816,143.2105505102186,143.82464898024415,71447400
2021-07-26,145.2283172607422,146.04710543551434,143.9708787526298,144.5264945756414,72434100
2021-07-27,143.0643310546875,145.44272791296905,141.87513262554674,145.35498894389306,104818600
2021-07-28,141.3195343017578,143.25929604709813,138.94113715127986,141.15382825419624,118931200
2021-07-29,141.962890625,142.84991857675627,140.92965581242072,141.03687913486968,56699500
2021-07-30,142.1772918701172,142.63542638578699,140.4714762953773,140.73466343435456,70440600
2021-08-02,141.84588623046875,143.23977416644965,141.5826990796388,142.66467417357075,62880000
2021-08-03,143.6394500732422,144.30227426975748,141.51448305654833,142.12858155366985,64786600
2021-08-04,143.2398223876953,144.05861060643986,142.58674024606307,143.55175020828588,56368300
2021-08-05,143.34701538085938,144.107320690727,142.47948676454712,143.26903344221475,46397700
2021-08-06,142.66368103027344,143.61060825982952,142.16581806356817,142.86869219057516,54126800
2021-08-09,142.6148681640625,143.21035833317768,142.05843483321482,142.72225212556916,48908700
2021-08-10,142.13653564453125,144.196344465899,141.84366893661831,142.9565505100319,69023100
2021-08-11,142.3903045654297,143.22984760890972,142.06815276895088,142.57578725696132,48493500
2021-08-12,145.34825134277344,145.50444888855472,142.37080079552103,142.7124810649403,72282600
2021-08-13,145.55325317382812,145.88516176552068,144.74299521470792,145.42634081402107,59375000
2021-08-16,147.52523803710938,147.59358006664493,142.9858555687735,145.00660783223563,103296000
2021-08-17,146.6173553466797,148.07190241442922,145.54351565601462,146.65639729187643,92229700
2021-08-18,142.87841796875,147.13470375005627,142.6734068529053,146.2365903149313,86326000
2021-08-19,143.21035766601562,144.4794367790495,141.06269334170713,141.5800847276963,86960300
2021-08-20,144.66490173339844,144.9675251601663,143.28843882859866,143.9327425154178,60549600
2021-08-23,146.1487579345703,146.61733569322215,144.37204430196212,144.7820517027598,60131800
2021-08-24,146.0609130859375,147.2714219782902,145.602092007955,145.89495874434272,48606400
2021-08-25,144.83087158203125,146.74425443123712,144.28419502392072,146.24637657624294,58991300
2021-08-26,144.03036499023438,145.57278230599707,144.00107981111,144.82110951404735,48597200
2021-08-27,145.06517028808594,145.2115961914639,143.33727014912955,143.97180225819312,55802400
2021-08-30,149.4776153564453,149.83882401907485,145.07490345956626,145.45562564226032,90956700
2021-08-31,148.21829223632812,149.1652192116683,147.69112933468762,149.0285501067643,86453100
2021-09-01,148.88214111328125,151.29338682527435,148.71618680019012,149.19453621732464,80313700
2021-09-02,149.99502563476562,151.0395800272227,148.77476016459727,150.20979354918074,71115500
2021-09-03,150.62957763671875,150.95172951907767,149.44835406806936,150.10241459437898,57808700
2021-09-07,152.9627227783203,153.51915609845358,150.71743128739138,151.28363626481305,82278300
2021-09-08,151.42030334472656,153.3043860941943,150.31717858511598,153.24581573453693,74420200
2021-09-09,150.40501403808594,152.39648028234163,150.28785845020124,151.79123351222952,57305700
2021-09-10,145.42636108398438,151.7814983871202,145.1627795675759,151.31292061025323,140893200
2021-09-13,145.9925537109375,147.81806596111582,145.21158088499752,147.04686479158386,102404300
2021-09-14,144.5965576171875,147.4763957492906,143.4153491043727,146.7735217186003,109296300
2021-09-15,145.4849090576172,145.88515965134906,142.88818092204215,145.02608811276684,83281300
2021-09-16,145.25062561035156,145.42635157507343,143.71798000246844,144.90896023332135,68034100
2021-09-17,142.58554077148438,145.2798957731565,142.2926741544572,145.2798957731565,129868800
2021-09-20,139.539794921875,141.3945924183066,137.90952209387459,140.37933813407227,123478900
2021-09-21,140.01817321777344,141.1603551264203,139.38364095370108,140.50627954269768,75834000
2021-09-22,142.3805694580078,142.94675948187773,140.28170408222925,141.01386330488788,76404300
2021-09-23,143.3372344970703,143.58128753921014,142.17553963315416,143.16150856090553,64838200
2021-09-24,143.42510986328125,143.96202960944674,142.09746053449825,142.1950877231893,53477900
2021-09-27,141.91197204589844,142.48794860245857,140.39885495340664,142.00959923062172,74150700
2021-09-28,138.5343017578125,141.30674132874793,138.31953384357482,139.8424227657557,108972300
2021-09-29,139.43240356445312,141.0138627120859,138.6514307510702,139.08096654322168,74602000
2021-09-30,138.13404846191406,140.9455448156453,137.9192805517919,140.2426707272125,89056700
2021-10-01,139.25668334960938,139.5202648503588,135.80089824481317,138.52452409983053,94639600
2021-10-04,135.83018493652344,138.82716398233575,134.98088496397907,138.38785651091933,98322000
2021-10-05,137.75335693359375,138.85648190904183,136.044984928838,136.17189733013998,80861100
2021-10-06,138.62213134765625,138.76855721821823,135.0784763218966,136.15231569207103,83221100
2021-10-07,139.88145446777344,140.7893396562003,139.32502120039112,139.65692980871162,61732700
2021-10-08,139.500732421875,140.7502829805711,139.16882381318146,140.60385709315267,58773200
2021-10-11,139.4128875732422,141.36531233280488,138.43667519346084,138.88573944232053,64452200
2021-10-12,138.143798828125,139.84241361250955,137.68497785008697,139.82288519545196,73035900
2021-10-13,137.55807495117188,138.0364094315763,135.88874541033104,137.88022678873125,78762700
2021-10-14,140.3402862548828,140.45744186952987,138.1438084019397,138.72954178771872,69907100
2021-10-15,141.39456176757812,141.45313211222725,140.09619784320086,140.3500225311004,67940300
2021-10-18,143.06390380859375,143.34699879821167,139.75454497889402,140.03763996851194,85589200
2021-10-19,145.22134399414062,145.62159463310732,143.06392303976392,143.51297237963328,76378900
2021-10-20,145.70945739746094,146.18780683574556,144.59657585778285,145.16278083703227,58418800
2021-10-21,145.9241943359375,146.08039186170322,144.35249211048287,145.2701339545865,61421000
2021-10-22,145.15301513671875,146.6075619891813,145.1042015405824,146.12922747617256,58883400
2021-10-25,145.1042022705078,145.8168331110648,144.10846150842693,145.14324421012236,50720600
2021-10-26,145.7680206298828,147.25185252804923,145.4653823192533,145.77777738990952,60893400
2021-10-27,145.3092041015625,146.16826078037482,144.95776708428832,145.80706700277705,56094900
2021-10-28,148.94068908691406,149.52640741666096,146.15847860921852,146.25610577875034,100077900
2021-10-29,146.23660278320312,146.37327190681347,142.92724374395107,143.7179733088264,124953200
2021-11-01,145.41659545898438,146.1389830509936,144.28418557941234,145.44588063726485,74588300
2021-11-02,146.4513702392578,147.96450225059075,145.11394928812004,145.12372094423125,69122000
2021-11-03,147.88641357421875,148.35499132920407,146.25614074482093,146.81257403590004,54511500
2021-11-04,147.36903381347656,148.80405236999567,147.05663868837075,147.9742807485948,60394600
2021-11-05,147.89694213867188,148.79636649786093,146.70422366033108,148.49330137784227,65463900
2021-11-08,147.07569885253906,148.18043333239365,146.8019617116547,148.02400784687248,55020900
2021-11-09,147.4374542236328,148.0435844748696,146.70422637098488,146.8410949734435,56787900
2021-11-10,144.6121063232422,146.77269130050686,144.54367946999045,146.66515060177312,65187100
2021-11-11,144.56317138671875,146.0882826457482,144.37741797894228,145.6288070022433,41000000
2021-11-12,146.63580322265625,147.03662312152338,144.18192440007093,145.11067671997742,63804000
2021-11-15,146.64553833007812,148.48350051743287,146.08827812399716,147.00725921767452,59222800
2021-11-16,147.6232147216797,148.1022623119589,146.0003334167105,146.5869216938867,59256200
2021-11-17,150.0574951171875,151.5337214852073,147.61340283516802,147.62317383397615,88807000
2021-11-18,154.33953857421875,155.12165110785514,149.62733629184328,150.27258025090998,137827700
2021-11-19,156.95962524414062,157.41911583313842,153.02952027938457,154.12446895909494,117305600
2021-11-22,157.4191131591797,161.9944471367291,157.39955624235793,158.06434223873075,117467900
2021-11-23,157.80043029785156,158.18170822428823,155.50297681960475,157.5169071447605,96041900
2021-11-24,158.31857299804688,158.5140974575523,156.07000441983408,157.1551823252834,69463600
2021-11-26,153.30323791503906,156.8618355882095,152.86330429925263,156.0015252712986,76959800
2021-11-29,156.6565704345703,157.58532267329434,155.2389847402696,155.8060160344783,88748200
2021-11-30,161.60340881347656,161.8184901598309,156.34371666317804,156.41215841772612,174048100
2021-12-01,161.08523559570312,166.4915664393558,160.85059737024878,163.7346232310991,152052500
2021-12-02,160.09786987304688,160.52803264766237,154.27116024660182,155.19014164372396,136739200
2021-12-03,158.22079467773438,161.271032766341,156.14820866843903,160.3520514474846,118023100
2021-12-06,161.62298583984375,164.12573463510114,160.60623481829575,160.61600581977925,107497000
2021-12-07,167.35189819335938,167.74296195252498,164.5754126322905,165.29886939857903,120405400
2021-12-08,171.16468811035156,172.02501344578044,166.8826332677211,168.280661937793,116998900
2021-12-09,170.6563262939453,172.79735388590385,170.03063915946248,170.9985052389604,108923700
2021-12-10,175.4369659423828,175.61294836881706,170.78341894665584,171.29179439045112,115402700
2021-12-13,171.80990600585938,178.0570049030749,171.60459570289865,177.06958213379667,153237000
2021-12-14,170.43148803710938,173.76523433574428,168.3589020297747,171.33091243496327,139380400
2021-12-15,175.29031372070312,175.48583813344078,168.45662585148168,171.1940123824784,131063300
2021-12-16,168.40774536132812,177.08916675225177,166.9315188519041,175.27076132354634,150185800
2021-12-17,167.3128204345703,169.59071677301714,165.89524955752734,166.12987292514003,195432700
2021-12-20,165.95388793945312,166.76532847471316,163.71510567618958,164.51676029378936,107499100
2021-12-21,169.12147521972656,169.32677069078633,165.3380088741713,167.72344617879446,91185900
2021-12-22,171.7122039794922,171.92728536537462,168.30024464668514,169.1703411922784,92135300
2021-12-23,172.3378448486328,172.89510508509778,171.35043687369296,171.91746810959268,68356600
2021-12-27,176.29727172851562,176.38525547317582,173.11018066452525,173.1297226627458,74919600
2021-12-28,175.28054809570312,177.2749361221624,174.5375492742612,176.1311025117923,79144300
2021-12-29,175.36854553222656,176.59059189162147,174.15627017338588,175.31966069433915,62348900
2021-12-30,174.2149200439453,176.53193000592643,174.10737937130014,175.45652327947462,59773000
2021-12-31,173.59902954101562,175.2218958133562,173.29594950484335,174.1073900997929,64062300
2022-01-03,177.93972778320312,178.79028222604728,173.73590007898758,173.85321176039008,104487900
2022-01-04,175.681396484375,178.8489462858369,175.1143651356069,178.5458811499138,99310400
2022-01-05,171.0082550048828,176.1408490374331,170.7345178498846,175.5933747274367,94537600
2022-01-06,168.15359497070312,171.37980064842037,167.80164498917833,168.83793801323478,96904000
2022-01-07,168.3197784423828,170.24572473108867,167.2052727402814,169.02367835082143,86709100
2022-01-10,168.3393096923828,168.64237476166727,164.4092049558039,165.29885816519484,106765600
2022-01-11,171.16468811035156,171.26244286002324,166.99995985190662,168.46641535499305,76138300
2022-01-12,171.60459899902344,173.21769387127404,170.91048517353082,172.18140117345925,74805200
2022-01-13,168.3393096923828,172.67023424322653,167.94824595979313,171.8490227811223,84505800
2022-01-14,169.19967651367188,169.8937905683483,167.2639441267619,167.508353425533,80440800
2022-01-18,166.0027313232422,168.6814466031625,165.621453568634,167.6744818943882,90956700
2022-01-19,162.5126190185547,167.25416515581253,162.22911080921511,166.19831524532339,94815000
2022-01-20,160.83108520507812,165.88546757565922,160.50846314939517,163.24585020445963,91420500
2022-01-21,158.77801513671875,162.61035005803072,158.67047447923693,160.74305996791702,122848900
2022-01-24,158.00572204589844,158.67052310978175,151.24047430258736,156.44151145113545,162294600
2022-01-25,156.2068634033203,159.1202179477596,153.50859022634555,155.42475069595457,115798400
2022-01-26,156.118896484375,160.71378862428045,154.2907195812304,159.84369205931444,108275300
2022-01-27,155.65936279296875,160.17604091465265,154.7403816352541,158.817126094803,121954600
2022-01-28,166.5209197998047,166.5404767176366,159.1593140383979,162.0042414218655,179935700
2022-01-31,170.8714141845703,171.0864955438015,165.71926239899202,166.35473547583268,115541600
2022-02-01,170.70521545410156,170.93006781127377,168.45664712970438,170.1186272242385,86213900
2022-02-02,171.90769958496094,171.94681342176997,169.45383589849953,170.84207875406224,84914300
2022-02-03,169.0334014892578,172.29871983009215,168.27084595729548,170.57806946664553,89418100
2022-02-04,168.7495880126953,170.4234840013588,167.07569202403184,168.05457472378333,82465400
2022-02-07,168.03501892089844,170.27665387927516,167.3400055860888,169.20967525085985,77251200
2022-02-08,171.13804626464844,171.64706939744136,167.80983647215697,168.1035042386361,74829200
2022-02-09,172.5574188232422,172.9196005956565,171.20655609241282,172.33228001362485,71285000
2022-02-10,168.48526000976562,171.77430598076174,167.92730472233933,170.46260694632986,90865900
2022-02-11,165.07875061035156,169.4249914689082,164.4914151129285,168.69082956541044,98670700
2022-02-14,165.31369018554688,165.99890498473425,163.04267549502603,163.83556797241158,86185500
2022-02-15,169.14112854003906,169.29775335068365,166.65477315145358,167.35956986279012,62527400
2022-02-16,168.90621948242188,169.67953027359678,166.45901263665095,168.22100455291906,61177400
2022-02-17,165.31369018554688,168.27970312361404,164.91234475439344,167.41828169802858,69589300
2022-02-18,163.76708984375,166.93866044821442,162.68052937533312,166.23387859788448,82772700
2022-02-22,160.84999084472656,163.16993775264925,158.72580252665216,161.4960419882263,91162800
2022-02-23,156.6897430419922,162.64133603328534,156.37649344425944,162.04421705709984,90009200
2022-02-24,159.3033905029297,159.411068207212,148.79018396900835,149.35793777917277,141147500
2022-02-25,161.36880493164062,161.6330924831591,157.47284137265066,160.38012393186045,91974200
2022-02-28,161.63308715820312,161.92675492011216,158.99989062280463,159.61659142915732,95056600
2022-03-01,159.75364685058594,163.0818568508139,158.5496253630897,161.22197083806662,83474400
2022-03-02,163.04269409179688,163.82580321014547,159.50892707803538,160.91852050375005,79724800
2022-03-03,162.71966552734375,165.34307890598984,162.0540324670775,164.91236813214016,76678400
2022-03-04,159.72427368164062,162.05401907314567,158.67687705595137,161.01640589639365,83737200
2022-03-07,155.93601989746094,161.5352302369313,155.68150083148916,159.91028134097652,96418800
2022-03-08,154.1152801513672,159.44040392728598,152.50991327214726,155.46614292973925,131148300
2022-03-09,159.5089111328125,159.959203685233,156.04367342146804,158.06995256595388,91454900
2022-03-10,155.1724853515625,157.0029911685478,152.6861150001443,156.81700107101284,105342000
2022-03-11,151.46250915527344,155.91642822664025,151.23737032666907,155.57381332247203,96970100
2022-03-14,147.43927001953125,150.86535859871933,146.93026189923282,148.25174424641173,108732100
2022-03-15,151.8148956298828,152.28477002224423,147.2043670461277,147.71337523300835,92964300
2022-03-16,156.21987915039062,156.6212246232631,151.19822129277074,153.73352378158447,102300200
2022-03-17,157.2281494140625,157.6001296550613,154.3012994227279,155.26060037752023,75615400
2022-03-18,160.5171661376953,161.0066074424884,156.3862803303168,157.1204422875064,123511700
2022-03-21,161.88760375976562,162.83712104497158,159.56764191840216,160.05708320205216,95811400
2022-03-22,165.25498962402344,165.84231029999864,161.42755456550663,162.01487524148183,81532000
2022-03-23,166.61561584472656,168.9942934206818,164.1096638130363,164.4424952526729,98062700
2022-03-24,170.3940887451172,170.46260275503545,166.6156015912022,167.44764277770662,90131400
2022-03-25,171.03038024902344,171.57855215101324,169.1019802060181,170.20812239603873,80546200
2022-03-28,171.8917999267578,172.0190445148475,168.36781639958284,168.53422465828777,90371900
2022-03-29,175.18081665039062,175.2297488255487,172.6161343745908,172.95874922006587,100589400
2022-03-30,174.01600646972656,175.8171473086946,172.9685946624538,174.77953388921446,92633200
2022-03-31,170.92271423339844,174.27049138056105,170.7171422878286,174.0845012718467,103049300
2022-04-01,170.6290283203125,171.18699858724577,168.30908127405286,170.35494237968112,78751300
2022-04-04,174.6718292236328,174.72077634534207,170.75629847192283,170.88355800105404,76468400
2022-04-05,171.36322021484375,174.53480585728352,170.7367358216346,173.75169663163055,73401800
2022-04-06,168.20140075683594,169.963392443072,166.5373033062765,168.72020734548278,89058800
2022-04-07,168.50489807128906,169.69913637772763,166.26326285209578,167.5455970328042,77594700
2022-04-08,166.49815368652344,168.15246782773184,165.62694868711696,168.15246782773184,76575500
2022-04-11,162.24981689453125,165.46055114101816,162.0050962053992,165.14731642594322,72246700
2022-04-12,164.1194610595703,166.28278325109693,163.1209966207163,164.47185939466212,79265200
2022-04-13,166.80157470703125,167.4280589196407,163.24824133176645,163.85514371182387,70618900
2022-04-14,161.79949951171875,167.65322825491936,161.55477886000992,167.01694559853848,75329400
2022-04-18,161.5841522216797,163.0818413516457,160.11582837374732,160.45842830966066,69023900
2022-04-19,163.86492919921875,164.2760730051198,160.4486387361769,161.53519893963082,67723800
2022-04-20,163.6985321044922,165.31369734743882,162.59240492951264,165.19622127922986,67929800
2022-04-21,162.90565490722656,167.90774603308134,162.4064301142371,165.34307817395856,87227800
2022-04-22,158.37338256835938,164.32498956486253,158.08951323432865,162.94477668345723,84882400
2022-04-25,159.44041442871094,159.7242838315626,155.11375480994548,157.71757136622622,96046400
2022-04-26,153.48880004882812,158.91180327087787,153.41048764569481,158.82370741856425,95623200
2022-04-27,153.26365661621094,156.41564486229873,152.0987839265491,152.61759051221244,88063200
2022-04-28,160.184326171875,161.0457475218325,155.57378318397548,155.88703274270952,130216800
2022-04-29,154.3208465576172,162.69029635210208,153.92929946524063,158.42236732431553,131747600
2022-05-02,154.6243133544922,154.88860092145774,150.0333512355366,153.4007100151784,123055300
2022-05-03,156.1121826171875,157.31621889046943,153.01892515604405,154.8102670522691,88966500
2022-05-04,162.51409912109375,162.964376768375,155.8968429541357,156.29818841895514,108256500
2022-05-05,153.45944213867188,160.61507214954577,151.67786848905013,160.38993331507154,130525300
2022-05-06,154.1848907470703,156.302387766656,151.14588956385867,152.93987884779835,116124600
2022-05-09,149.0675811767578,152.7633948486293,148.50880608897836,151.8810971374127,131577900
2022-05-10,151.46934509277344,153.6554710112095,149.92043660074285,152.4594785674708,115366700
2022-05-11,143.6169891357422,152.39085681137783,142.94056542836282,150.4792343504193,142689800
2022-05-12,139.75454711914062,143.32291464808353,136.06854586723028,139.9604210928437,182602000
2022-05-13,144.21499633789062,145.18551933414366,140.29371306035543,141.74458368466105,113990900
2022-05-16,142.67587280273438,144.61691862288893,141.34263600841436,142.68568558350242,86643800
2022-05-17,146.30311584472656,146.82268479374127,143.79348144376362,145.9305890667493,78336300
2022-05-18,138.04879760742188,144.46008977155722,137.14688920750964,143.9601314929513,109742900
2022-05-19,134.64712524414062,138.87230729936778,133.911884330813,137.12733672841802,136095600
2022-05-20,134.88233947753906,137.93113785871375,130.00034593006458,136.3528207232791,137426100
2022-05-23,140.29371643066406,140.4407585737006,134.941158046499,135.07840236616943,117726300
2022-05-24,137.5978240966797,139.1761411372566,134.62745335548652,138.0389654521871,104132700
2022-05-25,137.75469970703125,138.99969650386015,135.61759232548434,135.7058176181396,92482700
2022-05-26,140.95053100585938,141.49950829001511,134.44120114221013,134.68628135538745,90601500
2022-05-27,146.69522094726562,146.73442720207444,142.40141055796454,142.5288570634857,90978500
2022-05-31,145.91094970703125,147.69514080945274,143.9503080341332,146.1364342695409,103718400
2022-06-01,145.78350830078125,148.753879037452,144.77376414576858,146.95007745203338,74286600
2022-06-02,148.2343292236328,148.2931460840145,143.96992734384497,144.9208398093746,72348100
2022-06-03,142.51904296875,145.05807025566116,141.61714962601158,144.00911981753086,88570300
2022-06-06,143.2641143798828,145.64630225545608,142.04851092055418,144.13659949613532,71598400
2022-06-07,145.78350830078125,146.06779474236185,141.26422895235845,141.5093091448792,67808200
2022-06-08,145.04824829101562,146.9206493425614,144.55808797164124,145.65604230031803,53950200
2022-06-09,139.83294677734375,145.03844740252498,139.72511089989996,144.18557316361037,69473000
2022-06-10,134.431396484375,137.98995082700978,134.36276684809005,137.51940103001422,91437900
2022-06-13,129.28472900390625,132.53938671229503,128.85338540144875,130.25523715092532,122207100
2022-06-14,130.14736938476562,131.25513655089347,128.89256009857948,130.51009821175379,84784300
2022-06-15,132.76486206054688,134.63727870714717,129.55922325217023,131.64729675078482,91533000
2022-06-16,127.50050354003906,129.78465248887207,126.50057227144765,129.4807554755027,108123900
2022-06-17,128.9710235595703,130.4611156124141,127.25546187351353,127.5103548974603,134520300
2022-06-21,133.19618225097656,134.36276639582726,130.6963761788774,130.7943992837295,81000500
2022-06-22,132.68646240234375,135.04902480535304,131.27479767249656,132.1374700396713,73409200
2022-06-23,135.54901123046875,135.86270622381755,132.9609639616573,134.12754853756152,72433800
2022-06-24,138.8722686767578,139.1173489130396,137.01946268880786,137.14689423988725,89116800
2022-06-27,138.8722686767578,140.6662578013618,138.19584483125837,139.89179587794544,70207900
2022-06-28,134.73529052734375,140.59760460905184,134.61765682035212,139.33299738336785,67083400
2022-06-29,136.49008178710938,137.90174634957765,133.98046254650382,134.75492447437682,66242400
2022-06-30,134.02947998046875,135.64700354645933,131.13753620204082,134.5490488814723,98964500
2022-07-01,136.1959991455078,136.30383506160413,132.99036001507756,133.36287185008192,71051600
2022-07-05,138.77426147460938,138.82328052447406,134.235369702093,135.05885084768343,73353800
2022-07-06,140.10743713378906,141.28381901974345,138.30365057809186,138.56834136394644,74064300
2022-07-07,143.469970703125,143.66603189279604,140.4603783389641,140.47017616296918,66253700
2022-07-08,144.1463623046875,144.646335480772,142.14651447587394,142.4013924960781,64547800
2022-07-11,142.01910400390625,143.75427642973983,140.95055766241197,142.80336382609462,63141600
2022-07-12,142.98960876464844,145.52863633565593,142.19555121961218,142.89157069008422,77588800
2022-07-13,142.62689208984375,143.56799177024092,139.3232005090592,140.17608985764943,71185600
2022-07-14,145.54824829101562,146.01879814456234,140.4309718883509,141.244640047542,78140700
2022-07-15,147.21478271484375,147.8912065060331,145.2835494113212,146.83245817528143,76259900
2022-07-18,144.17581176757812,148.58725611818477,143.8130828380742,147.77358792071823,81420900
2022-07-19,148.02847290039062,148.25394254490203,144.01896354895925,145.0090823866063,82982400
2022-07-20,150.02830505371094,150.6949310490213,147.41085002655058,148.14609070693865,64823400
2022-07-21,152.29283142089844,152.50850317822432,148.9499341408544,151.4595528168205,65086600
2022-07-22,151.05763244628906,153.2045374479934,150.3910214648786,152.3320525114364,66675400
2022-07-25,149.94009399414062,151.98896129458768,149.28328071900498,150.97923186102722,53623900
2022-07-26,148.61668395996094,150.07735281781265,147.83242409239264,149.26368451408044,55138700
2022-07-27,153.70448303222656,154.2338646113094,149.1656081545016,149.57734107239523,78620700
2022-07-28,154.25352478027344,154.53781130593885,151.37137847040182,153.8907958162713,81378700
2022-07-29,159.31192016601562,160.40988958103017,156.36116008489938,158.0669235799792,101786900
2022-08-01,158.33163452148438,160.37070393464464,157.72384030664722,157.84147403635484,67829400
2022-08-02,156.86114501953125,159.21392420256825,156.48863324172908,156.94938527079637,59907000
2022-08-03,162.86068725585938,163.31162641377182,157.5865569548774,157.67478223031586,82507500
2022-08-04,162.54701232910156,163.89986001020398,161.19416464799912,162.74307352499065,55474100
2022-08-05,162.3212432861328,162.81208464474912,160.0142829089203,160.22044287042655,56697000
2022-08-08,161.8500213623047,164.7361708864107,161.19229575323052,163.32254540690658,60276900
2022-08-09,161.8990936279297,162.78261696114208,160.25968547297944,161.0155852740051,63135500
2022-08-10,166.1399688720703,166.23812814464867,163.8428202002786,164.60853143111325,70170500
2022-08-11,165.4036865234375,167.85789272456063,165.10917878344554,166.94492022851418,57149200
2022-08-12,168.9475860595703,169.01629605421468,166.29703098384923,166.70935086886797,68039400
2022-08-15,170.01760864257812,170.21394216296972,168.21131628811554,168.3782005294128,54091700
2022-08-16,169.8605499267578,170.52810192661653,168.51564947224608,169.61512926108554,56377100
2022-08-17,171.35269165039062,172.92337473871223,169.40896440067246,169.6052979143018,79542000
2022-08-18,170.95999145507812,171.69625328732099,169.94885973714076,170.56732446959606,62290100
2022-08-19,168.37820434570312,170.55754092380556,168.1720444080825,169.86053968443733,70346300
2022-08-22,164.5005645751953,166.74861119438174,164.07843325743647,166.58172694573366,69026800
2022-08-23,164.1667938232422,165.61969500518398,163.597416059393,164.0195474098714,54147100
2022-08-24,164.46127319335938,165.03065085876125,163.20472075222654,164.2551282502834,53841500
2022-08-25,166.91549682617188,167.0234825149317,165.26627719342727,165.68839353539587,51218200
2022-08-26,160.6229248046875,167.91683533755338,160.5640262370915,167.44563181749547,78961000
2022-08-29,158.4239501953125,159.91609703205498,156.89252766433086,158.19815240165843,73314000
2022-08-30,155.99917602539062,159.58231130465205,154.8309714061125,159.16019500251252,77906200
2022-08-31,154.3401336669922,157.63858767600124,154.2615972644816,157.3735291899389,87991100
2022-09-01,155.0666046142578,155.51817026416148,151.836860169279,153.77077627080038,74229900
2022-09-02,152.9559326171875,157.42259054092534,152.1313229947609,156.82376367669738,76957800
2022-09-06,151.6993865966797,154.2124912520568,150.8747769402501,153.60385293125665,73714800
2022-09-07,153.1032257080078,153.80021196934476,150.79626559392008,151.9841081371773,87449600
2022-09-08,151.63070678710938,153.49589780674214,149.88329791132227,151.8074024718103,84923800
2022-09-09,154.48736572265625,154.92913481819144,151.91536244109605,152.62217501880943,68028800
2022-09-12,160.43638610839844,161.25118449428555,156.38204700518378,156.66672837890903,104956000
2022-09-13,151.0220489501953,157.59931943362142,150.56065692569356,156.97104316313002,122656600
2022-09-14,152.46514892578125,154.2223694761001,150.79629120920487,151.9546696901294,87965400
2022-09-15,149.57894897460938,152.39638777057854,148.60709294324934,151.81718374523024,90481100
2022-09-16,147.9395751953125,148.57767791761873,145.6522527794473,148.4402429431555,162278800
2022-09-19,151.6503448486328,151.7288812650201,146.368901915373,146.57504690151106,81474200
2022-09-20,154.02598571777344,155.1843789131033,150.2759661753886,150.5900968013731,107689800
2022-09-21,150.9042510986328,155.83230196535132,150.78645397951445,154.4579373320565,101696800
2022-09-22,149.9422149658203,151.64052177438083,148.14573389948876,149.58880860884872,86652500
2022-09-23,147.6744842529297,148.69544239271363,145.83874285871622,148.42057250414538,96029900
2022-09-26,148.00831604003906,150.95336436223522,146.89900971197227,146.91864756165486,93339400
2022-09-27,148.98016357421875,151.88595100420483,147.20332025510484,149.94222342090066,84442700
2022-09-28,147.09530639648438,147.8806554147203,142.18689375661808,144.93560783080054,146691400
2022-09-29,139.8701171875,144.03245634378814,138.103085707034,143.4238179924611,128138200
2022-09-30,135.66856384277344,140.4788186878684,135.4722302730186,138.69214875072967,124925300
2022-10-03,139.8406982421875,140.44935170481597,135.16789396191245,135.67837316238783,114311700
2022-10-04,143.42384338378906,143.5416405102459,141.61753589548164,142.37343574191996,87830100
2022-10-05,143.71832275390625,144.6803824609242,140.39041942925496,141.43101553965928,79471000
2022-10-06,142.7660675048828,144.83741801539523,142.55992258457076,143.13911161877988,68402200
2022-10-07,137.52391052246094,140.47878470691822,136.8956342636469,139.9290298735793,85925600
2022-10-10,137.84786987304688,139.29094450363405,136.03176603772727,137.84786987304688,74899000
2022-10-11,136.4342498779297,138.76084793369003,135.68817645989057,137.33739611427865,77033700
2022-10-12,135.80596923828125,137.78897231294513,135.62927355780315,136.58150689181417,70433700
2022-10-13,140.37078857421875,140.95978909716513,131.90867508719168,132.51732843397534,113224000
2022-10-14,135.84523010253906,141.87276009592642,135.65870802953629,141.66660017858484,88598000
2022-10-17,139.80140686035156,140.28242169324201,137.70060693296034,138.48595592005591,85250900
2022-10-18,141.11685180664062,144.01281203046764,138.03436952113134,142.8249846575733,99136600
2022-10-19,141.224853515625,142.2948839097448,138.9080820775627,139.09460416043055,61758300
2022-10-20,140.7634735107422,143.21768011702426,140.0370229627389,140.40025572638473,64522000
2022-10-21,144.57240295410156,145.1417806685085,140.03701908535325,140.25299045906925,86548600
2022-10-24,146.7124481201172,147.47815927955588,143.32564645655586,144.49385104011358,75981900
2022-10-25,149.54954528808594,149.6968066869272,146.62413491177585,147.34075911907576,74732300
2022-10-26,146.61427307128906,149.20591401942318,145.32825653907994,148.1947823413551,88194300
2022-10-27,142.1476287841797,146.3197794029668,141.48990330767347,145.35773474859954,109180200
2022-10-28,152.88726806640625,154.6150242142885,145.11234293200243,145.48537216958695,164762400
2022-10-31,150.53118896484375,151.4147121907347,149.1372016307876,150.35449330723716,97943200
2022-11-01,147.89048767089844,152.60256746450293,146.39834080336652,152.23934967138234,80379300
2022-11-02,142.3734130859375,149.38262560122348,142.34396380900958,146.22160672381153,93604600
2022-11-03,136.33607482910156,140.18426855678922,136.20845130657773,139.45781809061094,97918500
2022-11-04,136.07058715820312,140.28898493787645,132.1373429796548,139.71866273149064,140814800
2022-11-07,136.60157775878906,136.8277351131925,133.40581664759068,134.82178704829124,83374600
2022-11-08,137.17189025878906,139.06967336647747,135.19544046730184,138.06670690734794,89908500
2022-11-09,132.61917114257812,136.23776400792798,132.34384521853534,136.18859544917657,74917800
2022-11-10,144.4188690185547,144.4188690185547,137.17187238968415,138.88283878011893,118854000
2022-11-11,147.20169067382812,147.5065147597333,141.96063992686575,143.38645323831483,93979700
2022-11-14,145.80535888671875,147.77198095425382,144.96953850636208,146.48384590068005,73374100
2022-11-15,147.53598022460938,151.02673737922098,146.08068410249945,149.67960607049233,89868300
2022-11-16,146.3068389892578,147.36881668355312,144.83187247009243,146.6411761367448,64218300
2022-11-17,148.2046356201172,148.9519465811487,143.71089713297823,143.98622301357588,80389400
2022-11-18,148.76513671875,150.15160903599656,147.46717380781297,149.76811828911318,74829600
2022-11-21,145.5398712158203,147.8604860232478,145.2547175972566,147.65399909356225,58724100
2022-11-22,147.67367553710938,147.9096756373434,144.47791399161687,145.65789948864827,51804100
2022-11-23,148.54884338378906,149.29615456069408,146.84770405367206,146.95586889544748,58301400
2022-11-25,145.63821411132812,146.3953678932279,144.66473067745702,145.83487333926465,35195900
2022-11-28,141.81314086914062,144.19275214587688,140.98716307142482,142.7177853624681,69246000
2022-11-29,138.81402587890625,142.39327767480953,138.007718580844,141.8819517027843,83763800
2022-11-30,145.55955505371094,146.23804217919428,138.20439151332914,139.04019702693043,111380900
2022-12-01,145.83486938476562,146.64119170281938,144.16324348642758,145.73654727553216,71250400
2022-12-02,145.3432159423828,145.53004745802465,143.2192602974079,143.5240993516398,65447400
2022-12-05,144.18289184570312,148.40128929094377,143.3372438141924,145.30386574755366,68826400
2022-12-06,140.5249786376953,144.84171332835018,139.55149534602168,144.61555599946504,64727200
2022-12-07,138.5878448486328,140.97728320609625,137.6635301739463,139.8169835109002,69721100
2022-12-08,140.26931762695312,141.12480845757423,138.7451974772698,139.9841640195035,62128300
2022-12-09,139.78749084472656,143.14058484738695,138.5485094221092,139.96447961702353,76097000
2022-12-12,142.07861328125,142.0884409898644,138.7058487137347,140.31847817047847,70462700
2022-12-13,143.04225158691406,147.46715106267968,141.83278326469596,147.00499369488003,93886200
2022-12-14,140.8199920654297,144.21241242784126,138.80420126905452,142.92427726159215,82291200
2022-12-15,134.2219696044922,139.43352160827794,133.7598121718234,138.75503452609877,98931900
2022-12-16,132.26516723632812,135.35276341025192,131.49818579850947,134.40879318099954,160156900
2022-12-19,130.160888671875,132.94366095306307,129.12842399506934,132.85516655290323,79592600
2022-12-20,130.09207153320312,131.02621414919912,127.72228799900502,129.19725476241064,77432800
2022-12-21,133.18948364257812,134.52678732015247,130.5345467103143,130.76070405901197,85928000
2022-12-22,130.02320861816406,132.31432503613755,128.1254256005218,132.10783812958184,77852100
2022-12-23,129.65936279296875,130.2100144407527,127.4764116148737,128.73504823956048,63814900
2022-12-27,127.85993194580078,129.2169059676245,126.57179689801647,129.18740783707491,69007800
2022-12-28,123.93653869628906,128.8432592520272,123.76937760067855,127.50595548300566,85438400
2022-12-29,127.44697570800781,128.30245172100172,125.59835320080026,125.8540087323248,75703700
2022-12-30,127.76160430908203,127.78127473228464,125.30333405560762,126.26698223669045,77034200
2023-01-03,122.98270416259766,128.71540148347327,122.09772277878758,128.10575347623433,112117500
2023-01-04,124.25119018554688,126.51280869797894,122.99255318811515,124.77234386397704,89113600
2023-01-05,122.93354797363281,125.63765344479737,122.67789249421179,125.0083349534918,80962700
2023-01-06,127.45677185058594,128.11558844506558,122.80571484542136,123.90702590791659,87754700
2023-01-09,127.97795104980469,131.18355527394988,127.72229553056178,128.29261784653937,70790800
2023-01-10,128.54824829101562,129.06940194282927,125.98180587179891,128.08609090104719,63896200
2023-01-11,131.26220703125,131.28186245070447,128.28277553296553,129.0595847172529,69458900
2023-01-12,131.18353271484375,132.0193381171801,129.24640871746402,131.6456901154858,71379600
2023-01-13,132.51100158691406,132.6683349676498,129.46274610687883,129.8265664212103,57809700
2023-01-17,133.6712646484375,134.99872514746312,131.89147460634084,132.57978912481315,63646600
2023-01-18,132.95352172851562,136.296774002363,132.77651790001315,134.5366534532576,69672800
2023-01-19,133.0124969482422,133.9761376268957,131.53753029546903,131.84235433638028,58280400
2023-01-20,135.56906127929688,135.7165669083965,131.97998269986445,133.0222897939842,80223600
2023-01-23,138.75502014160156,140.92814412125819,135.59858513124948,135.81491475833332,81760300
2023-01-24,140.15135192871094,140.77084282048162,137.95857203194126,137.96839974299797,66435100
2023-01-25,139.49252319335938,140.05300275817604,136.49342112366645,138.53871015801215,65799300
2023-01-26,141.55743408203125,141.84258762170543,139.53180116313032,140.7806101218581,54105100
2023-01-27,143.4945831298828,144.77289057415175,140.69215546789684,140.77082215722044,70555800
2023-01-30,140.61351013183594,143.12095684480488,140.4660194445421,142.540806802597,64015300
2023-01-31,141.8819580078125,141.93112656571586,139.90550801485074,140.31849689379183,65874500
2023-02-01,143.00289916992188,144.1632138517995,138.96150571314269,141.56727363630213,77663600
2023-02-02,148.30299377441406,148.65697138188685,145.6972102432423,146.41502317640206,118339000
2023-02-03,151.92153930664062,154.7534795979514,145.36285717719954,145.55951636317744,154357300
2023-02-06,149.1977996826172,150.5449461888697,148.2636570715711,150.02379246889225,69858300
2023-02-07,152.06906127929688,152.63938353904294,148.12598902287087,148.12598902287087,83322600
2023-02-08,149.38462829589844,152.00023955919008,148.64714493246836,151.3119247541495,64120100
2023-02-09,148.35215759277344,151.75442098443708,147.90967054867934,151.21359681759392,56007100
2023-02-10,148.7165069580078,149.0414968354293,146.95369947058745,147.1900598433605,57450700
2023-02-13,151.51341247558594,151.91717418893083,148.62790397291747,148.65744714640496,62199000
2023-02-14,150.87327575683594,151.4346261088162,148.568818055862,149.80967642706798,61707600
2023-02-15,152.9709014892578,153.1383177826238,150.55811427879883,150.78461690781828,65573800
2023-02-16,151.37551879882812,153.95572244720177,151.02098573800205,151.17854429955682,68167900
2023-02-17,150.233154296875,150.6763169294936,148.55897600306773,150.03619479649413,59144100
2023-02-21,146.22494506835938,149.00212332766463,146.15601601247863,147.91882364629484,58867200
2023-02-22,146.6484375,147.67263591965713,144.9250155718982,146.60903658364012,51011300
2023-02-23,147.1309814453125,148.05670759936388,145.00379786650186,147.8105044744373,48394200
2023-02-24,144.48182678222656,144.95453250364176,143.50685714395402,144.87574571223192,55469600
2023-02-27,145.67347717285156,146.90449291595675,145.2106140512802,145.46667494315656,44998500
2023-02-28,145.17117309570312,146.81580770143296,144.59998020431112,144.81664009508194,50547000
2023-03-01,143.1031036376953,144.99394185647634,142.80765687884437,144.600022862706,55479000
2023-03-02,143.69400024414062,144.48185327566276,141.7145174362223,142.1872382713636,52238100
2023-03-03,148.73622131347656,148.81500811176437,145.09241829817535,145.79162671403117,70732300
2023-03-06,151.49366760253906,153.92615502016272,151.12929188498998,151.45426669807628,87558000
2023-03-07,149.29754638671875,151.69063299374776,148.83468341689917,151.3656431408717,56182000
2023-03-08,150.54823303222656,151.1391263505889,149.524034977712,150.4891467057986,47204800
2023-03-09,148.30291748046875,152.19292402611515,147.94838436334126,151.22781194000862,53833600
2023-03-10,146.24465942382812,148.64760438030467,145.3681768808884,147.92869544727571,68572400
2023-03-13,148.1847381591797,150.81418573238946,145.45680332509693,145.56513330123872,84457100
2023-03-14,150.27249145507812,151.07018694052056,147.820318670502,148.98238986483992,73695900
2023-03-15,150.66644287109375,150.92248866561948,147.64306182318006,148.89377768233683,77167900
2023-03-16,153.48301696777344,154.08375312665916,149.33695019463687,149.84905684492745,76161100
2023-03-17,152.64588928222656,154.35946790067808,151.93682330404258,153.70948824950253,98944600
2023-03-20,155.00949096679688,155.42312546588803,151.80885014610277,152.71489092530072,73641400
2023-03-21,156.86093139648438,156.9791040860205,154.16253977805687,154.93070734117964,73938300
2023-03-22,155.43292236328125,159.67746084227036,155.41322191031108,156.8805976022137,75701800
2023-03-23,156.51625061035156,159.09646969740976,155.28523492873595,156.41777837205046,67622100
2023-03-24,157.81622314453125,157.90485267428312,155.452678855526,156.44733419696482,59196500
2023-03-27,155.87611389160156,158.32830230982592,155.47233717929535,157.5109061704178,52390300
2023-03-28,155.2556610107422,156.08291480553032,153.61102618902072,155.57080817581272,45992200
2023-03-29,158.3282928466797,158.60403911493316,156.92986104995282,156.94954647836764,51305700
2023-03-30,159.89414978027344,160.00247975071784,158.82070781762587,159.07675364456477,49501700
2023-03-31,162.39556884765625,162.49405610459849,159.45098920585787,159.97293860815142,68749800
2023-04-03,163.6462860107422,163.76445869825218,161.7259047034759,161.77514833228696,56976200
2023-04-04,163.114501953125,164.3061166832112,162.60239523685718,164.06977129650792,46278300
2023-04-05,161.2729034423828,162.54332009164784,159.34267919173706,162.23803059475318,51511700
2023-04-06,162.1592254638672,162.45467221127325,159.53962067833683,159.96308282888376,45390100
2023-04-10,159.5691680908203,159.5691680908203,157.6487867222166,158.96843186504725,47716900
2023-04-11,158.35784912109375,159.89415417908276,158.07224508795338,159.88431146406083,47644200
2023-04-12,157.66848754882812,159.59871163720814,157.35334033527027,158.77147274218814,50133100
2023-04-13,163.04556274414062,163.28192316496492,158.9684394039646,159.17525665056672,68445600
2023-04-14,162.7008819580078,163.79402444901268,161.3319931654023,162.09028798128088,49386500
2023-04-17,162.72055053710938,162.8781241294329,161.53877864877254,162.5826774005875,41516200
2023-04-18,163.9417266845703,164.8674527745674,163.13417327770642,163.5773508935462,49923000
2023-04-19,165.08413696289062,165.60608642613127,163.02586725800396,163.2819281451353,47720200
2023-04-20,164.11898803710938,165.32046042282218,163.04554607797024,163.56749547193866,52456400
2023-04-21,162.51376342773438,163.92203809382642,161.99181400338804,162.54330660065614,58337300
2023-04-24,162.8190460205078,163.0849495926161,161.40091367199096,162.49405610505224,41949600
2023-04-25,161.28274536132812,163.78416246885476,161.24334444666383,162.68117729099055,48714100
2023-04-26,161.2729034423828,162.76982277852977,160.327491776325,160.58353763858076,45498800
2023-04-27,165.8522491455078,165.99996498511996,162.68115222078845,162.68115222078845,64902300
2023-04-28,167.1029510498047,167.2703823718156,165.33030085507355,165.93103698503495,55275900
2023-05-01,167.01434326171875,167.86128258741087,166.07877442017465,166.70905380019818,52472900
2023-05-02,165.98028564453125,167.76280882251325,164.9954731830596,167.50674796522142,48425700
2023-05-03,164.90684509277344,168.32414556576836,164.6212560883793,166.925713661642,65136000
2023-05-04,163.2720489501953,164.50306450874902,161.81453073644045,162.3857237588548,81235400
2023-05-05,170.93389892578125,171.65280778469676,168.1665634032941,168.38322333782398,113453200
2023-05-08,170.8649444580078,171.20963479482143,169.49605587870553,169.86043164324718,55962800
2023-05-09,169.16123962402344,170.9043468501181,168.993823309898,170.42179836441701,45326900
2023-05-10,170.92405700683594,171.38692008917508,169.28926463206565,170.3922648627901,53724500
2023-05-11,171.11114501953125,171.9383837832071,169.55513971049686,171.2096322648924,49514700
2023-05-12,170.18417358398438,171.65356424240227,168.63587209674515,171.21964497087455,45533100
2023-05-15,169.6910858154297,170.815324358024,169.09937498339835,170.76601261404946,37266700
2023-05-16,169.6910858154297,170.74628490689332,169.42481443623242,169.61219003463674,42110300
2023-05-17,170.30247497558594,170.53914722242257,168.06385467134209,169.3360281894031,57951600
2023-05-18,172.62985229492188,172.81722786089622,170.19400003291315,170.60819152451643,65496700
2023-05-19,172.7383575439453,173.95134816577144,172.5213979143073,173.95134816577144,55809500
2023-05-22,171.79161071777344,172.2945693897219,171.05197977463047,171.57465110395842,43570900
2023-05-23,169.18809509277344,170.98293990870613,168.91196743614205,170.73639628329747,50747300
2023-05-24,169.4642333984375,170.03621645106807,168.16249079935005,168.7246024757336,45143500
2023-05-25,170.5983428955078,171.4957503105663,169.3163129553576,170.02635984381527,56058300
2023-05-26,173.00460815429688,173.33991896491864,170.71669083708804,170.92379413047703,54835000
2023-05-30,174.84877014160156,176.51540772383512,174.1288668535482,174.51347436884586,55964400
2023-05-31,174.7994384765625,176.87041104464083,174.3162075312564,174.87833424607143,99625300
2023-06-01,177.60018920898438,177.62977324467488,174.4838737017158,175.24323239604442,68901800
2023-06-02,178.4482879638672,179.2668146743205,176.78165050926717,178.52718373632618,61996900
2023-06-05,177.09725952148438,182.39301299737724,175.57854201305094,180.1050954524954,121946500
2023-06-06,176.73236083984375,177.62976831057978,174.97695616659206,177.4818481362361,64848400
2023-06-07,175.361572265625,178.70470351330488,174.8684849721747,175.97299569419778,61944600
2023-06-08,178.07354736328125,178.3398036598064,175.00654388250445,175.44044804834044,50214900
2023-06-09,178.45814514160156,179.7105759291869,178.13270574903748,178.99067275354267,48900000
2023-06-12,181.2490234375,181.34764691680866,178.468018885392,178.7638742754878,54274900
2023-06-13,180.77566528320312,181.60404834381112,179.91769818813273,180.2727216495119,54929100
2023-06-14,181.40679931640625,181.84071851135664,179.50348972235338,180.83481629104696,57462900
2023-06-15,183.43833923339844,183.94129793003785,181.23917400121888,181.4166932611595,65433200
2023-06-16,182.36338806152344,184.40477651433866,181.72238065098958,184.1483615118621,101256200
2023-06-20,182.45216369628906,183.52710548415504,181.86046794433722,181.86046794433722,49799100
2023-06-21,181.41668701171875,182.84663717983523,180.0656175699355,182.34367850052172,49515700
2023-06-22,184.41464233398438,184.46395407144706,181.1306792503188,181.19971869233248,51245300
2023-06-23,184.09909057617188,184.96692915011988,182.45218058994394,182.9847233686237,53117000
2023-06-26,182.70855712890625,185.45012108460458,182.66910172140945,184.24698696904443,48088700
2023-06-27,185.4600067138672,185.78544616190248,183.10304984582174,183.32000947784528,50730800
2023-06-28,186.63356018066406,187.2745677103686,185.00637796044083,185.33180236622022,51216800
2023-06-29,186.9688720703125,187.44224679697888,186.32786448538866,186.46592835204146,46347300
2023-06-30,191.28829956054688,191.79124321876165,188.61575961709715,188.98065447297634,85213200
2023-07-03,189.79916381835938,191.19952989799955,189.10882958307744,191.10090642215079,31458200
2023-07-05,188.68479919433594,190.31198136153697,187.98460856583768,188.92148652956726,46920300
2023-07-06,189.15814208984375,189.36524537083605,186.5842258571581,187.2153769807983,45094300
2023-07-07,188.0437469482422,190.00623962579556,187.6098428072387,188.76366516963594,46815000
2023-07-10,186.00238037109375,187.36330604998784,184.45407912216882,186.6433878022031,59922200
2023-07-11,185.479736328125,186.68287064614393,184.02020200954667,186.54480679233018,46638100
2023-07-12,187.14634704589844,189.04965668897157,185.864317131752,187.0575799007695,60750200
2023-07-13,187.9057159423828,188.54673850979384,187.15622860664624,187.86627557643092,41342300
2023-07-14,188.0536651611328,188.53688115718742,187.00832233558717,187.60001815586816,41616200
2023-07-17,191.30801391601562,191.63345333608896,189.15814548736353,189.24689758888442,50520200
2023-07-18,191.0516357421875,191.64334662878233,189.75974918921614,190.67689955865484,48288200
2023-07-19,192.4026641845703,195.48938034906212,189.9865244553515,190.4303150490968,80507300
2023-07-20,190.4599151611328,193.7537348839622,189.8386203157028,192.39280905028917,59581200
2023-07-21,189.28634643554688,192.2744541324422,188.58615588066942,191.4164870851642,71951700
2023-07-24,190.08517456054688,192.2153155367517,189.59208720760122,190.73605347791477,45377800
2023-07-25,190.943115234375,191.75178560391285,190.2527960456413,190.65713123041024,37283200
2023-07-26,191.81094360351562,192.93518195125802,190.64726489612826,190.99241694846552,47471900
2023-07-27,190.54864501953125,194.47361545879667,189.88790988625553,193.30993672945922,47460200
2023-07-28,193.12257385253906,193.91151654263126,191.4559363697747,191.97860770429688,48291400
2023-07-31,193.7340087890625,193.77346420221568,192.56045853696887,193.34940127389015,38824100
2023-08-01,192.90560913085938,194.0101198390568,192.58016971551623,193.52690392813534,35175100
2023-08-02,189.91751098632812,192.48155598125388,189.19760772385698,192.3434921357412,50389300
2023-08-03,188.52700805664062,189.71041463976601,188.0536484329567,188.92148694956984,61235200
2023-08-04,179.47393798828125,184.7894189873242,179.40489853673822,182.95513345446872,115956800
2023-08-07,176.37733459472656,180.59816071157974,174.89807268327345,179.6119861039443,97576100
2023-08-08,177.31417846679688,177.77768168655697,175.1248698685598,177.20569866966517,67823000
2023-08-09,175.72650146484375,178.42861096222074,174.56280730017824,178.3694428780204,60378500
2023-08-10,175.50950622558594,178.25107058876787,175.14462641506705,176.9986245515979,54686900
2023-08-11,175.56875610351562,176.38838822312198,174.34425781198718,175.10464195853916,52036700
2023-08-14,177.2178955078125,177.44501774834183,175.09474782272636,175.74650562753334,43675600
2023-08-15,175.2329864501953,177.23762299403361,174.8379899652799,176.6451282666605,43622600
2023-08-16,174.364013671875,176.30938743269644,174.29488099061055,174.91701484938284,46964900
2023-08-17,171.82608032226562,175.2922216904398,171.3125728746346,174.92684921501044,66062900
2023-08-18,172.3099822998047,172.91236175457905,169.81159252872837,170.14734105941557,61172200
2023-08-21,173.6431121826172,173.92949746098708,171.56935789788312,172.88274314562352,46311900
2023-08-22,175.0157470703125,175.46012191641384,174.04799506153495,174.8478727981476,42038900
2023-08-23,178.85714721679688,179.2817827873095,176.10201110060572,176.28963972003098,52722800
2023-08-24,174.17637634277344,178.8374075605793,173.8109887437673,178.41277199096436,54945800
2023-08-25,176.37852478027344,176.91177162464882,173.62338845938785,175.16389608553052,51449600
2023-08-28,177.9387664794922,178.33376298082638,176.31925671498092,177.8400098200833,43820700
2023-08-29,181.8196563720703,182.58991008586239,177.2573820568172,177.45488030453177,53003900
2023-08-30,185.30557250976562,185.5030858470339,182.43194029759772,182.62943856671393,60813900
2023-08-31,185.52281188964844,186.75719481874472,185.13768501849643,185.4931879048022,60794500
2023-09-01,187.09295654296875,187.54720101813678,185.92769123419916,187.12258052751662,45766500
2023-09-05,187.3299560546875,187.60645663383806,185.26607135025952,185.92769881238064,45280000
2023-09-06,180.62477111816406,186.49056063180015,179.2027597126584,186.0461707664675,81755800
2023-09-07,175.3416290283203,175.98351721110967,171.3718491931888,172.99135904079122,112488800
2023-09-08,175.95382690429688,177.9881020956196,175.568700134066,176.12171619863201,65551300
2023-09-11,177.11912536621094,178.0473836718388,175.1243584797436,177.82026144859472,58953100
2023-09-12,174.0973663330078,177.87951732730735,172.6358612060169,177.24751388848827,90370200
2023-09-13,172.03347778320312,175.08486860955094,171.8063404869434,174.30473020059844,84267900
2023-09-14,173.54434204101562,173.8998448696545,171.41132506918257,171.82607585790313,60895800
2023-09-15,172.82350158691406,174.29489164916728,171.6483815469245,174.27513730071914,109259500
2023-09-18,175.7465057373047,177.13889330258442,173.96899129951683,174.27511585610648,67257600
2023-09-19,176.832763671875,177.38576479928514,174.91699900323943,175.30212586469654,51826900
2023-09-20,173.2974853515625,177.45487842056565,173.20859833310675,177.0203732393163,58436200
2023-09-21,171.7569580078125,174.0973581099587,171.6878404044714,172.36922214048295,63149100
2023-09-22,172.60623168945312,174.8676297137013,171.87548661966315,172.48773574692532,56725400
2023-09-25,173.88011169433594,174.75899170155245,171.97421669351675,172.02359502231215,46172700
2023-09-26,169.8115997314453,173.01111068359924,169.51534481079926,172.63586851438868,64588900
2023-09-27,168.3007049560547,170.87809720821267,166.93795639924983,170.4633463371719,66921800
2023-09-28,168.55746459960938,169.8807195182162,165.5258128129139,167.2243249736919,56294400
2023-09-29,169.0709686279297,170.90773103963988,168.21182785802986,169.87084635964763,51861100
2023-10-02,171.57920837402344,172.12233981703872,168.79443355791753,169.08081880430257,52164500
2023-10-03,170.24607849121094,171.46072207785286,168.6858318118607,170.1078282132375,49594600
2023-10-04,171.49034118652344,172.03347264460572,168.83394692911625,168.95244285882518,53020300
2023-10-05,172.72474670410156,173.25799352598938,170.52259660006877,171.6187292983148,48527900
2023-10-06,175.27252197265625,175.76627518846593,171.01635659512883,171.62862082907643,57266700
2023-10-09,176.75375366210938,176.81300162773064,173.60360623261292,174.60098214625398,42390800
2023-10-10,176.16123962402344,177.4746247468579,175.72673446240606,175.87486944103904,43698000
2023-10-11,177.55361938476562,177.60299770884345,175.38110873868183,175.9736034231689,47551100
2023-10-12,178.4522705078125,180.06189553412176,176.80312172309905,177.82026707710477,56743100
2023-10-13,176.61550903320312,179.6570151987734,175.91437292525092,179.1533924067404,51427100
2023-10-16,176.4871368408203,176.84263973108403,174.3047411678942,174.54174811745375,52517000
2023-10-17,174.93675231933594,176.19088966345473,172.61612132571108,174.44299912050275,57549400
2023-10-18,173.6431121826172,175.36137864838344,172.9222367694585,173.3863659573123,54764400
2023-10-19,173.26783752441406,175.6180919396984,173.00120664203897,173.84057783744473,59302900
2023-10-20,170.72010803222656,173.2283676109075,170.48310107616433,173.11974130623128,64244000
2023-10-23,170.83860778808594,171.8359838309846,167.80695589693704,168.77472302133776,55980100
2023-10-24,171.27310180664062,171.50022404547477,169.30795876796012,170.88797493724758,43816600
2023-10-25,168.9623260498047,170.8978298690587,168.51793618108192,169.7325797223047,57157000
2023-10-26,164.804931640625,169.2388405091802,163.600172706508,168.2414494672427,70625300
2023-10-27,166.1182861328125,166.8490461099926,164.74565318394508,164.82465548430088,58499100
2023-10-30,168.16244506835938,169.03145545417337,166.7601878982554,166.90832288755587,51131000
2023-10-31,168.63644409179688,168.764809656098,165.8022909489589,167.23418704526227,44846000
2023-11-01,171.79649353027344,172.05323977559237,167.9945877763323,168.86359824995364,56934900
2023-11-02,175.3515167236328,175.55888462715336,173.26787764016203,173.32712561259646,77334800
2023-11-03,174.44300842285156,174.61089777938133,171.1842491912974,172.06312932936157,79829200
2023-11-06,176.99073791503906,177.18823614800198,174.00847994055556,174.17635419198152,63841300
2023-11-07,179.5484161376953,180.1606652677133,176.7340169447808,176.94138484513783,70530000
2023-11-08,180.60504150390625,181.15804266662394,179.3212801943679,180.07179468790036,49340300
2023-11-09,180.13099670410156,181.81962374743682,179.53848699912388,180.67412808897316,53763500
2023-11-10,184.3136749267578,184.48178544542026,181.475802800193,181.9108804268445,66133400
2023-11-13,182.73159790039062,183.94782669363863,182.1482051958573,183.74018560328048,43627500
2023-11-14,185.34202575683594,186.0045247766197,184.214786141562,185.5991101996175,60108400
2023-11-15,185.90565490722656,187.3789832148446,185.67823345303117,185.7474572062222,53790500
2023-11-16,187.58663940429688,188.82264852852316,186.5384909930313,187.44820698590362,54412900
2023-11-17,187.56683349609375,188.24911285385338,186.45937429973029,188.1205630942755,50922700
2023-11-20,189.30714416503906,189.76200213676566,187.75472463510502,187.76460727588125,46505100
2023-11-21,188.50624084472656,189.37639617894334,187.61632022600733,189.26762676216626,38134500
2023-11-22,189.16871643066406,190.77057938008178,188.6940931656517,189.3467095850447,39617700
2023-11-24,187.84373474121094,188.76331834061182,187.13179223741543,188.7336553269539,24048300
2023-11-27,187.66571044921875,188.5358656068872,186.7856726513042,187.79426021241986,40552600
2023-11-28,188.2689208984375,188.94131776896225,187.28011350908017,187.65586514519703,38415400
2023-11-29,187.25045776367188,189.9400151741752,186.85494082777598,188.7633319210795,43014200
2023-11-30,187.82394409179688,188.18981305356235,186.08364867108205,187.71517468500207,48794400
2023-12-01,189.09950256347656,189.4159130354433,187.11199034893104,188.1996843513192,45704800
2023-12-04,187.3097686767578,187.9228394923183,185.35193435249073,187.85361573572166,43389500
2023-12-05,191.25511169433594,192.22413865175915,188.05137051787239,188.08104861869373,66628400
2023-12-06,190.16741943359375,192.58009647341478,189.95976327032974,192.27356863697858,41089700
2023-12-07,192.09561157226562,192.817436726138,191.42321471638212,191.4627754603769,47477700
2023-12-08,193.5194549560547,193.79631975243228,191.50227991044673,192.02634649559002,53406400
2023-12-11,191.0177764892578,191.32431940935732,189.2774811684409,190.94856782781682,60943700
2023-12-12,192.5306854248047,192.54056806660662,189.57414602172835,190.9189246189266,52696900
2023-12-13,195.74427795410156,195.78382360297798,192.6690869899489,192.90639105920806,70404200
2023-12-14,195.89260864257812,197.38570218691584,193.96443748585023,195.80361960949875,66831600
2023-12-15,195.35867309570312,196.1793699091571,194.79504567055722,195.3191123528845,128538400
2023-12-18,193.6974334716797,194.4291561998814,192.21422273548694,193.8951918855721,55751900
2023-12-19,194.7357177734375,194.7456004150459,193.69746706046115,193.96444926391277,40714100
2023-12-20,192.6493377685547,195.46742966263125,192.6493377685547,194.69616113684165,52242800
2023-12-21,192.50100708007812,194.8741537657828,191.33422165280876,193.9051267903215,46482500
2023-12-22,191.43312072753906,193.22285972664613,190.8101672306993,192.99542315884526,37149600
2023-12-26,190.88925170898438,191.719846217368,190.6717128965979,191.44298138124012,28919300
2023-12-27,190.9881134033203,191.3342019743918,188.9511728919884,190.33551208827305,48087700
2023-12-28,191.413330078125,192.4812438348005,191.00791544042355,191.96705978425237,34049900
2023-12-29,190.3750762939453,192.2241411947973,189.5840274029703,191.72973752393827,42672100
2024-01-02,183.5621795654297,186.33084291740326,181.83176685644636,185.0552730997862,82488700
2024-01-03,182.18775939941406,183.79952025374087,181.37693010719954,182.15809638511382,58414500
2024-01-04,179.8739471435547,181.04073256447913,178.85547678867908,180.1112512492328,71983600
2024-01-05,179.15211486816406,180.71443234786256,178.1534248404595,179.95306152436652,62379700
2024-01-08,183.48309326171875,183.52265400582175,179.46853775144191,180.05193047893468,59144500
2024-01-09,183.06776428222656,183.0776469225398,180.68473531069785,181.86141829199212,42841800
2024-01-10,184.1060333251953,184.31367440860302,181.8614365329183,182.2866315170422,46792900
2024-01-11,183.51278686523438,184.95645250557374,181.56483481354647,184.4521510062196,49128400
2024-01-12,183.8390655517578,184.64989484239166,183.11724039185432,183.97749798089004,40477800
2024-01-16,181.57469177246094,182.1976301200088,178.90489995610474,180.12114381484557,65603000
2024-01-17,180.63531494140625,180.8825167727283,178.281963767062,179.24110807963172,47317400
2024-01-18,186.5187225341797,187.02300881659582,183.75005912545993,184.0071435872404,78005800
2024-01-19,189.41590881347656,189.80154302609114,186.7065866846462,187.21087293560348,68903000
2024-01-22,191.7198486328125,193.14373357255337,190.10808789018887,190.14764863184953,60133900
2024-01-23,192.99539184570312,193.55901922053994,191.660511110776,192.83719415255706,42355600
2024-01-24,192.32301330566406,194.18197579456825,192.16480052192722,193.23271418014866,53631300
2024-01-25,191.99671936035156,194.07322080915367,190.94858599423335,193.03497008475262,54822100
2024-01-26,190.2663116455078,192.58011726192578,189.79168833424328,192.09561130867766,44594000
2024-01-29,189.58401489257812,190.04875551955823,187.4580852833725,189.86087972294905,47145600
2024-01-30,185.935302734375,189.65322753238257,185.37169046557113,188.80285272092348,55859400
2024-01-31,182.33604431152344,185.0058358609704,182.28661602120093,184.94649475418208,55467800
2024-02-01,184.7685546875,184.85754373397813,181.7625867762094,181.93068222666935,64885400
2024-02-02,183.76983642578125,185.2332669548565,177.24370243482153,177.84687547061628,102551700
2024-02-05,185.579345703125,187.1317803970082,183.75994390321247,186.0440863383638,69668800
2024-02-06,187.1812286376953,187.19111127921153,184.67954732588265,184.76853636353553,43490800
2024-02-07,187.28997802734375,188.91162125480523,186.49892923853312,188.5062066759397,53439000
2024-02-08,186.2122039794922,187.418535043408,185.2530596605407,187.27021997882892,40962000
2024-02-09,186.9745635986328,188.10324181676,186.1329987846296,186.77653768433356,45155200
2024-02-12,185.29139709472656,186.79630612181433,184.93497167008087,186.5487888854563,41781900
2024-02-13,183.20237731933594,184.36077144619387,181.68757282391297,183.92513863049606,56529500
2024-02-14,182.32119750976562,183.68749754312392,180.6281880058035,183.47959151637605,54630500
2024-02-15,182.03408813476562,182.65783644316613,179.5490203671251,181.72716915991907,65434500
2024-02-16,180.49948120117188,183.0142649801448,179.86583763061847,181.59845842120637,49752500
2024-02-20,179.75694274902344,180.6182980286837,178.2124373755958,179.98465441119404,53665600
2024-02-21,180.50942993164062,181.07376153905057,178.8659113780299,180.13319878852892,41371400
2024-02-22,182.53904724121094,183.12319953047427,180.64802661628633,181.6578862880503,52292200
2024-02-23,180.70741271972656,183.20237592421455,180.42028422645075,183.17267506039363,45119700
2024-02-26,179.3609161376953,180.9450175834942,178.85597124394113,180.43019254491847,40867400
2024-02-27,180.81631469726562,182.09349711935678,177.77679547469845,179.30151026553332,54318900
2024-02-28,179.6183319091797,181.30144633523983,178.34114943443706,180.69750358801915,48953900
2024-02-29,178.9550018310547,180.75693496542868,177.74711623943745,179.46984202762675,136682600
2024-03-01,177.87582397460938,178.7371792855814,175.61846756104012,177.76691576574171,73563100
2024-03-04,173.361083984375,175.14319605787904,172.06408093389737,174.40064432483445,81510100
2024-03-05,168.4305419921875,170.33147275577412,167.93550746706842,169.0641855800497,95132400
2024-03-06,167.4404754638672,169.53943215491887,167.00484265804033,169.36121186741923,68587700
2024-03-07,167.32167053222656,169.0344857697736,166.81674075207243,167.47017484778516,71765100
2024-03-08,169.0345001220703,171.97500667784078,167.2622830078253,167.3216847390924,76267000
2024-03-11,171.034423828125,172.64824117092596,170.34137853305091,171.22253935977105,60139500
2024-03-12,171.50965881347656,172.3017170819102,169.31170429451927,171.43045147590772,59825400
2024-03-13,169.4304962158203,171.47003573897365,169.06416044875456,171.05420861255666,52488700
2024-03-14,171.2819366455078,172.57892461566286,170.34137411890524,171.1928340614332,72913500
2024-03-15,170.9057159423828,170.9057159423828,168.59885322457814,169.47011882986195,121752700
2024-03-18,171.99478149414062,175.94516209588443,171.79677072295308,173.82641511894556,75604200
2024-03-19,174.3313751220703,174.8561105550952,171.31166123855039,172.6086493883763,55215200
2024-03-20,176.89564514160156,176.89564514160156,173.35119593354977,173.97494430389506,53423100
2024-03-21,169.66810607910156,175.7273381457555,169.1433707597941,175.29170540355622,106181300
2024-03-22,170.56910705566406,171.33146450930536,168.37115239719608,170.05426688241553,71160100
2024-03-25,169.15330505371094,170.2324767040703,167.76719930445816,168.87608692531137,54288300
2024-03-26,168.02464294433594,169.71765273934344,167.89592911986227,168.3117563520967,57388400
2024-03-27,171.58883666992188,171.87596510768358,168.42061924778187,168.71764293581896,60273300
2024-03-28,169.7770233154297,170.51957504542207,168.8166552027259,170.04434616825796,65672700
2024-04-01,168.3414306640625,169.54931605122675,167.79688969325008,169.48991432845702,46240500
2024-04-02,167.1632537841797,167.65828830624176,166.55931106297376,167.40087579338118,49329500
2024-04-03,167.96522521972656,168.98499523543435,166.9058590852198,167.11376514661308,47691700
2024-04-04,167.1434783935547,170.2126836435028,167.1434783935547,168.59886612133832,53704400
2024-04-05,167.8959197998047,168.69787335368648,167.2721714324497,167.90581505219322,42104800
2024-04-08,166.77713012695312,167.51968192191484,166.5692240844266,167.3513719945941,37425500
2024-04-09,167.98501586914062,168.39094781013864,166.67813256359855,167.02464767080627,42373800
2024-04-10,166.11376953125,167.41075745661644,165.4504251384005,167.12364410431726,49709300
2024-04-11,173.3016815185547,173.7175238179071,166.49001666248702,166.66822184170525,91070300
2024-04-12,174.79669189453125,176.5887144383463,172.47993396851362,172.52942533467058,101670900
2024-04-15,170.9750213623047,174.8758957155582,170.78690583147454,173.6185038309996,73531800
2024-04-16,167.69790649414062,172.0343988146065,166.59892920522176,170.04436539186383,73711200
2024-04-17,166.33163452148438,168.955311999307,166.33163452148438,167.92564662327226,50901200
2024-04-18,165.38111877441406,166.96523521407434,164.8959946340493,166.36129252101995,43122900
2024-04-19,163.3614044189453,164.7474951408098,162.4505426435407,164.55939469854349,68149400
2024-04-22,164.19305419921875,165.59895049362888,163.1336881290828,163.87623994630854,48116400
2024-04-23,165.24253845214844,165.39105789202225,163.2822057253187,163.70794332424896,49537800
2024-04-24,167.3414764404297,167.6186945681344,164.55938480415762,164.88609429896647,48251800
2024-04-25,168.20281982421875,168.91567070440144,166.48009434590165,167.84639438412742,50558300
2024-04-26,167.61871337890625,169.63844783702467,167.49989480565932,168.1929553099538,44838400
2024-04-29,171.7769775390625,174.28185098854456,171.38095596804143,171.64826373021612,68169400
2024-04-30,168.63848876953125,173.25221487057408,168.31176412042663,171.60869637165644,65934800
2024-05-01,167.61871337890625,170.99485287185942,167.43059781958385,167.8959315377214,50383100
2024-05-02,171.3116455078125,171.69777183075684,169.19289835753364,170.79680537480178,94214900
2024-05-03,181.55886840820312,185.14291355827163,180.84601747897057,184.7963833456082,163224100
2024-05-06,179.90545654296875,182.3707188474722,178.62825898838415,180.53910014061182,78569700
2024-05-07,180.58860778808594,183.06378067502382,179.5193463953144,181.62818342205114,77305800
2024-05-08,180.92523193359375,181.25195654794928,179.6480343404535,181.03414013837894,45057100
2024-05-09,182.73707580566406,182.8261784061232,180.30149897565002,180.74702708520252,48983000
2024-05-10,181.47796630859375,183.50044009541958,180.56586910059414,183.31206939842306,50759500
2024-05-13,184.68020629882812,185.4931713127623,183.03445892506747,183.84742393900163,72044800
2024-05-14,185.82032775878906,186.68286641073877,184.69011878206607,185.89964252722956,52393600
2024-05-15,188.09068298339844,189.01268886802714,185.76085876781028,186.2962297111884,70400000
2024-05-16,188.2096405029297,189.458829238671,188.03119361367854,188.83423487080034,52845200
2024-05-17,188.2393798828125,189.1713095252472,187.55530322495105,187.8824709799172,41282900
2024-05-20,189.39932250976562,190.27176982167657,187.38675756521698,187.7040166341828,44361300
2024-05-21,190.69810485839844,191.07483113273048,189.2803778274553,189.44891605266244,42309400
2024-05-22,189.26051330566406,191.16403734183464,188.63593413629764,190.6187578068766,34648500
2024-05-23,185.27503967285156,189.3596513961204,185.027186725998,189.33981892460397,51005900
2024-05-24,188.3484344482422,188.94328765804346,186.42509288132968,187.19840810516956,36327000
2024-05-28,188.3583526611328,191.34249703943843,187.47599667367734,189.86528785982966,52280100
2024-05-29,188.65577697753906,190.59895109353056,187.8824768517226,187.98162409974876,53068000
2024-05-30,189.6471710205078,190.52952698465035,188.99285067972127,189.12172393667825,49889100
2024-05-31,190.59893798828125,190.9161970579539,188.2790377703441,189.79589676882185,75158300
2024-06-03,192.3636474609375,193.31540952983562,190.86662095571478,191.24334718637152,50080500
2024-06-04,192.68092346191406,193.64259428823095,191.3722523931234,192.96842627855952,47471400
2024-06-05,194.18785095214844,195.20900403542353,193.19643901671662,193.72188613227584,54156800
2024-06-06,192.80979919433594,194.8124556459051,192.5024638984892,194.0094143560484,41181800
2024-06-07,195.1990966796875,195.24867030234284,192.47271383884646,192.97832848334124,53103900
2024-06-10,191.4614715576172,195.60558138834554,190.49980075281104,195.20900753042525,97010200
2024-06-11,205.3709716796875,205.38089548057218,191.96709351098235,191.98691085726122,172373300
2024-06-12,211.24014282226562,218.30889945026047,205.1231180281253,205.58908283581826,198134300
2024-06-13,212.40008544921875,214.88852380834695,209.782758705521,212.8957913864929,97862700
2024-06-14,210.66513061523438,213.32210737882852,209.4853479747781,212.01345147179217,70122700
2024-06-17,214.80921936035156,217.06963733267014,210.8931452933454,211.5375569916551,93728300
2024-06-18,212.4496612548828,216.75240063817128,211.1707464886947,215.72132373307375,79943300
2024-06-20,207.87924194335938,212.4000929584359,207.05638337080816,212.0927425591543,86172500
2024-06-21,205.70806884765625,210.07027533194446,205.33132746963062,208.58315742215362,241805100
2024-06-24,206.35247802734375,210.87331399723786,204.8157865138524,205.93608683303725,80727000
2024-06-25,207.27452087402344,209.56468024841507,206.8184646829133,207.35382052419757,55549700
2024-06-26,211.41859436035156,213.01476817493463,208.8310086144187,209.68362348048936,66213200
2024-06-27,212.26129150390625,213.88720639689362,210.52632069800987,212.84622088780682,49772700
2024-06-28,208.81117248535156,214.21437951883613,208.4939285392998,213.91695291908772,82542700
2024-07-01,214.88851928710938,215.6419868499251,210.09999821846176,210.2685364182596,60402900
2024-07-02,218.37831115722656,218.4873670751859,213.25271326862932,214.2936836981781,58046200
2024-07-03,219.64732360839844,219.64732360839844,217.1489612238199,218.11063203893852,37369800
2024-07-05,224.39617919921875,224.50523511983306,219.74645469045154,219.74645469045154,60412400
2024-07-08,225.8634796142578,225.89322076278884,221.3327197032473,225.13973799267995,59085900
2024-07-09,226.71609497070312,227.42991284004066,224.4259356098064,225.97253595078877,48076100
2024-07-10,230.97915649414062,231.0783037422216,227.28119408246098,227.3307677065015,62627700
2024-07-11,225.61561584472656,230.39421338925845,223.83107137940016,229.40280147827102,64710600
2024-07-12,228.5601043701172,230.64207551688347,226.71607753741577,226.9540218514806,53046500
2024-07-15,232.38694763183594,235.1926451763578,231.08820043911544,234.44908623752588,62631300
2024-07-16,232.8033905029297,234.24093498483407,230.33476899241614,232.9818374149499,43234300
2024-07-17,226.9143829345703,229.47222770464353,224.6936146131452,227.4794799069808,57345900
2024-07-18,222.25473022460938,228.46097889584826,220.36114484151935,228.3023493485251,66034600
2024-07-19,222.38360595703125,224.8522270905052,221.36245288688534,222.88923571935766,49151500
2024-07-22,222.03660583496094,225.8237912569016,221.17406723372827,225.06039989232605,48201800
2024-07-23,223.0775909423828,224.9910238167192,220.76759935066607,222.44308791792702,39960300
2024-07-24,216.66314697265625,222.86939506256107,215.2652677100796,222.0762625279836,61777600
2024-07-25,215.62217712402344,218.95332167523742,212.77681471652627,217.0497975364767,51391200
2024-07-26,216.08816528320312,217.60502442671483,214.15489978899527,216.82180047841348,41601300
2024-07-29,216.36575317382812,217.41664743865044,213.8971319294418,215.09674706599597,36311800
2024-07-30,216.9209442138672,218.43780333279796,214.26395224147618,217.3075942808937,41643800
2024-07-31,220.1727752685547,221.89783756706774,218.73523091700034,219.53827220377053,50036300
2024-08-01,216.4846954345703,222.55213120715743,215.15620716620225,222.44307529690366,62501000
2024-08-02,217.97181701660156,223.6625266661827,215.8402875210575,217.26790792406092,105568600
2024-08-05,207.47279357910156,211.6664621054212,194.3167520967801,197.3802115476467,119548600
2024-08-06,205.45030212402344,208.18660889381388,199.3432157724579,203.53688424769564,69660500
2024-08-07,208.01808166503906,211.8052677945223,204.61753049861642,205.12314519344287,63516400
2024-08-08,211.4781036376953,212.36045976406422,207.03658185433542,211.27982425167653,47161100
2024-08-09,214.3829345703125,214.91829038971974,210.1496011292121,210.27848952903548,42201600
2024-08-12,215.91146850585938,217.8767320905019,213.9958359256548,214.4623401059105,38028100
2024-08-13,219.62364196777344,220.23902400333975,217.38044783379533,217.38044783379533,44155300
2024-08-14,220.07028198242188,221.37053243582614,218.06530765715263,218.9288446755302,41960600
2024-08-15,223.0479736328125,223.67329096872731,221.10255033510867,222.9288713384501,46414000
2024-08-16,224.3680877685547,225.1422830006272,221.98593577772976,222.25393109506462,44340200
2024-08-19,224.2092742919922,224.30853630427512,221.38047353975193,224.04054098731652,40687800
2024-08-20,224.82464599609375,225.47973889834265,223.7725353535306,224.0901616619868,30299000
2024-08-21,224.71548461914062,226.28373058529078,223.37553826276908,224.8346020684513,34765500
2024-08-22,222.85939025878906,226.64103964823346,222.23407290784718,226.09512887719345,43695300
2024-08-23,225.1521759033203,226.52191275369313,222.66085720360698,223.98096305377334,38677300
2024-08-26,225.4896697998047,225.58893181224732,222.22415556593285,225.07279660900764,30602200
2024-08-27,226.33334350585938,227.14724957253156,223.21670725505913,224.31844891527626,35934600
2024-08-28,224.80479431152344,228.14971479709,224.0008084384826,226.22414704916858,38052200
2024-08-29,228.08023071289062,231.18694665641485,227.17701311839377,228.38793686624163,51906300
2024-08-30,227.29612731933594,228.68570457235603,225.78743262658827,228.4772755570311,52990800
2024-09-03,221.11248779296875,227.2961293418145,219.52438650802387,226.84948058831634,50190600
2024-09-04,219.20677185058594,220.12984491677884,215.86183603349318,220.01074262314262,43840200
2024-09-05,220.7253875732422,223.80231295165626,219.87178579311316,219.9809679444758,36615400
2024-09-06,219.177001953125,223.56411324365834,218.13481142105056,222.2837029728863,48423000
2024-09-09,219.26634216308594,219.6236642204836,215.09759492361837,219.17701543505086,67180000
2024-09-10,218.47225952148438,219.83206111139577,215.1174037589381,217.29111136152258,51591000
2024-09-11,221.00331115722656,221.4301044903715,216.26879790334314,219.81224273641337,44587100
2024-09-12,221.11248779296875,221.8866830044339,218.1844402475294,220.84449248276735,37455600
2024-09-13,220.84449768066406,222.37303270856336,220.25889118684435,221.9164638014437,36766600
2024-09-16,214.71046447753906,215.6037619118882,212.32831274384958,214.9288136198369,59357400
2024-09-17,215.17697143554688,215.28615358843467,212.904016801209,214.14471619981742,45519300
2024-09-18,219.04794311523438,221.05291740528648,215.92137182236397,215.931307109631,59894900
2024-09-19,227.1670684814453,228.11001204196916,222.9586262544957,223.31594824973243,66781300
2024-09-20,226.5020751953125,231.3556905514529,225.92638886705737,228.2589097535001,318679900
2024-09-23,224.78494262695312,227.742765583781,224.12984974700805,225.64846451262724,54146000
2024-09-24,225.67825317382812,227.64353192764617,224.05045616714196,226.94872814757065,43556100
2024-09-25,224.68568420410156,225.59883710649478,222.35317851779175,223.2563961324406,42308700
2024-09-26,225.82711791992188,226.79982188690562,223.73281698946673,225.6087536412769,36636700
2024-09-27,226.09512329101562,227.81226214161182,225.6087788258606,226.7601514881057,34026000
2024-09-30,231.26637268066406,231.26637268066406,227.94129216556473,228.32838978012126,54541900
2024-10-01,224.52688598632812,227.9412778656533,222.07526286618742,227.81225543239978,63285000
2024-10-02,225.0926513671875,225.67825786117984,221.36063294746157,224.2092739820147,32880600
2024-10-03,223.99087524414062,225.12239234050705,221.65836976978886,223.46481998018766,34044200
2024-10-04,225.1125030517578,226.30357145139808,222.46237094034984,226.20430944090455,37245100
2024-10-07,220.04052734375,224.01076551273388,219.68320530273118,222.8296172342201,39505400
2024-10-08,224.09014892578125,224.29857792676054,221.58889489724396,222.63108533790577,31855700
2024-10-09,227.83209228515625,228.0405364361267,223.15714569962594,223.55416342639623,33591100
2024-10-10,227.3358154296875,227.7923994519787,225.47973405841245,226.0851959438118,28183500
2024-10-11,225.85691833496094,227.70307961960657,225.6484741750507,227.5938974682738,31759200
2024-10-14,229.5790252685547,230.00581860221664,226.89911753216435,226.99836439928595,39882100
2024-10-15,232.11004638671875,235.7229623804217,230.6410474142004,231.87182665313995,64751400
2024-10-16,230.05543518066406,230.3929017691756,228.12986736523644,229.87678174389526,34082200
2024-10-17,230.4226837158203,232.11004699556463,228.8048220166126,231.69315867439417,32993800
2024-10-18,233.25146484375,234.42267769537074,232.2688255608399,234.42267769537074,46431500
2024-10-21,234.720458984375,235.08771628667242,232.7055644739604,232.7055644739604,36254500
2024-10-22,234.10508728027344,234.4624093106695,230.86934872103873,232.14974382855843,38846600
2024-10-23,229.04302978515625,233.39044533687328,226.0653512199268,232.33833466706656,52287000
2024-10-24,228.85443115234375,229.10257100562325,226.71049918514768,228.26880958821053,31109500
2024-10-25,229.68820190429688,231.484732210271,227.86189602437614,228.03062932515897,38802300
2024-10-28,231.6633758544922,232.98348177622344,230.81970938626554,231.5839844241638,36087100
2024-10-29,231.9313507080078,232.58644353988512,230.59140461944537,231.3655997315715,35417200
2024-10-30,228.387939453125,231.7328600109945,227.8420287171323,230.87925826342104,47070900
2024-10-31,224.2291259765625,228.11995749798112,223.69313535160188,227.63359787833264,64370100
2024-11-01,221.25144958496094,223.67329727363756,218.63109301833273,219.32588166379162,65276700
2024-11-04,220.35813903808594,221.13233427123137,218.07526420177624,219.34573920720757,44944500
2024-11-05,221.78741455078125,222.28369429475046,219.49460455688452,220.14969745378525,28111300
2024-11-06,221.06285095214844,224.387931303672,219.54423614319148,220.95366880237512,54561100
2024-11-07,225.7874298095703,226.18446269494834,222.89909318788202,222.95864433437472,42137700
2024-11-08,225.51914978027344,227.20835428792034,224.9726384261151,225.72780810336752,38328800
2024-11-11,222.8064727783203,224.26714170400084,220.0938084143074,223.57158868270503,42005600
2024-11-12,222.8064727783203,224.15783943194586,221.9420008205612,223.12444853772337,40398300
2024-11-13,223.69082641601562,225.2111120360391,221.34580821096,222.58787261698694,48566200
2024-11-14,226.77113342285156,227.41700079571672,223.5715745650122,223.5914518391994,44923900
2024-11-15,223.57159423828125,225.47940335635096,222.8462328667566,224.96270031544069,47923700
2024-11-18,226.5724334716797,228.28151537171908,223.74052045447314,223.82001439888424,44633700
2024-11-19,226.8307647705078,228.6988344551977,225.22105418122663,225.53901477922054,36211800
2024-11-20,227.5461883544922,228.47027695087482,224.45593165289552,226.61215353970658,35169600
2024-11-21,227.06924438476562,228.69883223369175,224.2770861035494,227.42695953023323,42108300
2024-11-22,228.41067504882812,229.25528492407807,226.61216818417898,226.61216818417898,38168300
2024-11-25,231.39163208007812,231.76922452168117,228.2815130321861,229.99059491471002,90152800
2024-11-26,233.56771850585938,234.07449047305911,231.84870566104107,231.84870566104107,45986200
2024-11-27,233.43853759765625,234.1937224347506,232.32565277909848,232.9814664022851,33498400
2024-11-29,235.82330322265625,236.3002516789311,232.48463370489634,233.3192972938568,28481400
2024-12-02,238.06895446777344,239.26133321145704,235.654388648958,235.76369091824088,48137100
2024-12-03,241.10952758789062,241.21882985808793,237.3833345065081,238.28756099978403,38861000
2024-12-04,241.46725463867188,242.56027739454964,239.7184333911867,241.32814402991647,44383900
2024-12-05,241.4970703125,242.98754766386446,240.59285890906452,242.44105143123323,40033900
2024-12-06,241.29832458496094,243.0769692456264,240.5431549096241,241.36788746709487,36870600
2024-12-09,245.18350219726562,245.67039687977774,240.21524480725012,240.29473874492055,44649200
2024-12-10,246.19703674316406,246.63424582967986,243.7824557106041,245.32261857013248,36914800
2024-12-11,244.9251708984375,249.20780656351602,244.69662013013263,246.3858398593606,45205800
2024-12-12,246.38583374023438,247.1608807008323,244.12029436088807,245.32261935264157,32777500
2024-12-13,246.5547637939453,247.7073880681415,244.676762972136,246.24673423955153,33155300
2024-12-16,249.44625854492188,249.78411156803347,246.07778066556844,246.41563368868003,51694800
2024-12-17,251.8707733154297,252.21855739876366,248.19426586582333,248.49236434269267,51356400
2024-12-18,246.47525024414062,252.66569465886903,246.16722071424974,250.559158393614,56774100
2024-12-19,248.20420837402344,250.4001849209636,245.52135228225407,245.92875304737495,60882300
2024-12-20,252.87437438964844,253.38113119374523,244.13023820234332,246.46531011815415,147495300
2024-12-23,253.64942932128906,254.02700659111463,251.84097626600598,253.15260355822258,40858800
2024-12-24,256.5608215332031,256.5707374276886,253.66927695641888,253.868019379837,23234700
2024-12-26,257.3755798339844,258.44874034869076,255.99442012888886,256.55086249805703,27237100
2024-12-27,253.96737670898438,257.05764856283577,251.45343969164696,256.19314630806485,42355300
2024-12-30,250.598876953125,251.89062678955742,249.15808547329988,250.62868528180354,35557500
