Date,Close,High,Low,Open,Volume
2019-01-02,20.959409713745117,21.057794743871426,20.37901845973024,20.57413589117099,30346000
2019-01-03,19.09505271911621,20.383157396603096,19.04296651190624,20.219457212399046,68580000
2019-01-04,19.28272247314453,19.54894235730017,19.153746468351255,19.3703606820282,54248000
2019-01-07,19.675445556640625,19.86229517974418,19.078518340349433,19.31745417441865,53433000
2019-01-08,19.517532348632812,19.999538735037635,19.29430438276651,19.851546405811305,36795000
2019-01-09,20.36166000366211,20.394729932054197,19.664693640537216,19.71181880100019,52971000
2019-01-10,20.629535675048828,20.716346024181956,20.20292391534523,20.30296160704927,29594000
2019-01-11,20.716344833374023,20.910636002877876,20.612998735031347,20.62209450369652,20158000
2019-01-14,20.741147994995117,20.799849447993324,20.330244131752792,20.51296058456666,25498000
2019-01-15,21.205787658691406,21.679526021909886,20.83539536900367,20.89740206696056,39247000
2019-01-16,20.809768676757812,21.27689344355737,20.781658212367912,21.264490840481717,24484000
2019-01-17,21.109888076782227,21.2768950930774,20.563392915675458,20.674180575768535,35154000
2019-01-18,21.563779830932617,21.656377513014302,21.24795424217315,21.424055416408645,34634000
2019-01-22,21.354610443115234,21.45134128935514,21.074335256443955,21.330633127501244,37156000
2019-01-23,21.290945053100586,21.571218603942864,20.970984756105103,21.457952028032096,31771000
2019-01-24,21.78948974609375,22.05405549036368,21.49598722210281,21.58610439652878,35999000
2019-01-25,22.15243911743164,22.18302852217216,21.57121992719363,21.923423854432563,30333000
2019-01-28,22.125988006591797,22.227681486959305,21.38437685245283,21.62496689886007,31320000
2019-01-29,22.01850128173828,22.12432787676976,21.812635446631667,22.10365897720223,27870000
2019-01-30,22.390554428100586,22.632797093733764,22.105318167816957,22.322758777381246,28727000
2019-01-31,22.178075790405273,22.405436916542612,22.020989261991488,22.369058568663505,21063000
2019-02-01,22.05901336669922,22.28968125678939,21.90027425830039,22.252478182717038,22878000
2019-02-04,22.49803352355957,22.499687729856035,21.905241049079233,22.116066408844233,20761000
2019-02-05,22.322751998901367,22.70554531478693,22.315310438178535,22.484797936574235,22619000
2019-02-06,22.836185455322266,23.14953064833211,22.550122842943328,22.593114866279564,27064000
2019-02-07,22.247516632080078,22.70058610337139,22.01684717034161,22.55920748661892,28646000
2019-02-08,22.65842056274414,22.677436833637902,22.07968190692256,22.102005012550897,23903000
2019-02-11,22.795663833618164,22.818813253065823,22.593931150942375,22.686530405668936,18012000
2019-02-12,23.09909439086914,23.181771591871897,22.90645741138649,23.037913987517864,19809000
2019-02-13,23.258663177490234,23.32811146383503,22.981696346871384,23.14952970553797,19190000
2019-02-14,23.27353858947754,23.384326238666844,23.06271326483067,23.19912928032308,16015000
2019-02-15,23.309091567993164,23.48767328649096,23.049485289880593,23.48767328649096,17352000
2019-02-19,23.28676986694336,23.38350229403519,23.16192697319999,23.244604166966045,15152000
2019-02-20,23.43227767944336,23.697671302229338,23.338027359790175,23.418224024498418,16150000
2019-02-21,23.227245330810547,23.426495992043794,23.06106460552439,23.417401799081755,13254000
2019-02-22,22.860153198242188,23.149522545447496,22.708027751756617,23.145389395987685,27225000
2019-02-25,23.03377914428711,23.218148232426156,23.02385706088902,23.214013505364843,19245000
2019-02-26,22.73613929748535,22.98499716870918,22.6906667665806,22.978381921547804,27211000
2019-02-27,22.445947647094727,22.744411252402365,22.28803480936251,22.588978935683464,29146000
2019-02-28,22.765907287597656,22.79484407222778,22.209493131040986,22.320279227357307,31460000
2019-03-01,22.550119400024414,22.997401637389704,22.416183884764283,22.961851183436934,19035000
2019-03-04,22.727046966552734,22.866771405813918,22.393859253414455,22.736141158090675,17382000
2019-03-05,22.902318954467773,23.185900947040874,22.69727941733388,22.777476078723172,21699000
2019-03-06,22.434371948242188,22.89570941304474,22.362443149761095,22.873386301841833,19973000
2019-03-07,21.951539993286133,22.35004286487507,21.83331233915848,22.337640259941107,25411000
2019-03-08,21.8424015045166,21.889526661610677,21.429843493575888,21.624960945642687,22167000
2019-03-11,22.245037078857422,22.368225744641556,21.83082644553918,21.900274708332272,27161000
2019-03-12,22.292165756225586,22.325237263885544,21.849018276748843,22.3029141539087,23324000
2019-03-13,22.42279624938965,22.57740223782731,22.241734000695985,22.364922687287056,32089000
2019-03-14,22.17393684387207,22.50960505812176,22.148306899982867,22.495549825864057,43094000
2019-03-15,24.000267028808594,24.765855304845246,23.438891975564424,23.683615109401824,144066000
2019-03-18,24.29377555847168,24.553380285734203,23.993657758862742,23.995311965117516,56746000
2019-03-19,24.746009826660156,24.884080026240223,24.316089792493287,24.32022451842068,51556000
2019-03-20,24.27638816833496,24.94120815683804,24.21465966812091,24.857792425673484,41263000
2019-03-21,24.757694244384766,24.97207182524188,24.27388492412755,24.347289938510627,27379000
2019-03-22,24.411514282226562,24.727658380248435,24.307245040848834,24.684282337650764,23307000
2019-03-25,24.37064552307129,24.53914436895864,24.10705284378601,24.373981897590447,23878000
2019-03-26,24.77687644958496,24.98041119145467,24.543314339112012,24.55499244463566,28009000
2019-03-27,24.688459396362305,24.914515084726784,24.39567144256609,24.821923927225768,21862000
2019-03-28,24.947044372558594,25.29989180926298,24.663431873473712,24.783550894532574,33030000
2019-03-29,25.083850860595703,25.247345966115176,24.881151359487383,25.12639322225514,24493000
2019-04-01,25.507596969604492,25.587674727045385,25.003767849404063,25.28404397800364,27040000
2019-04-02,25.279043197631836,25.637729756947824,25.242339891104002,25.53846424922846,22857000
2019-04-03,25.374967575073242,25.64189663029457,25.176438175414344,25.543466421855005,22266000
2019-04-04,25.19145393371582,25.5251152485882,25.163926059839742,25.420845988251667,15228000
2019-04-05,25.381637573242188,25.39498466096574,25.174768055173324,25.358281362992837,18875000
2019-04-08,25.3983211517334,25.466722391219054,25.19145163271489,25.36995958457971,13899000
2019-04-09,25.312400817871094,25.367454965359826,25.04880818471224,25.239829513955144,11621000
2019-04-10,25.651073455810547,25.672762278016055,25.274869761137662,25.32492015498602,14992000
2019-04-11,25.80956268310547,25.87462596640465,25.544301010371747,25.704459721919378,16669000
2019-04-12,26.445186614990234,26.479387238464323,25.90632314437061,25.971388016764212,30087000
2019-04-15,26.392637252807617,26.486063702942513,26.12320549588771,26.445188736058167,16216000
2019-04-16,26.567808151245117,26.693764642731523,26.367611360066434,26.692930946853963,21116000
2019-04-17,26.737144470214844,26.771345096262404,26.51275616104144,26.712951377561364,18138000
2019-04-18,26.577817916870117,26.897298458186906,26.539447222280735,26.779683695702957,26548000
2019-04-22,26.27585220336914,26.51692235129234,26.209119943953866,26.4693762329802,13504000
2019-04-23,26.329238891601562,26.533607342786883,26.208287758270107,26.422665332984295,19777000
2019-04-24,26.219968795776367,26.44352182313937,26.12487495201932,26.240822332059786,23335000
2019-04-25,26.010591506958008,26.10485164222242,25.572660939118265,26.10485164222242,26732000
2019-04-26,25.892976760864258,25.938020202345005,25.450874531533646,25.787873806386564,16404000
2019-04-29,26.08566665649414,26.248326452527213,25.895480576850908,25.962212841659927,13404000
2019-04-30,26.55946159362793,26.561128985080092,26.069813319636452,26.135711875511554,18953000
2019-05-01,26.601173400878906,26.95985991387159,26.583656241371223,26.734637927896276,18158000
2019-05-02,26.344253540039062,26.875610529797886,26.211622716556032,26.691260335630815,20428000
2019-05-03,26.3350772857666,26.413489244382596,25.916332861367987,26.27168298962476,19214000
2019-05-06,25.989742279052734,26.01977283602567,25.47089857877338,25.591017624619347,14371000
2019-05-07,25.63272476196289,25.82708252717253,25.335765112628145,25.746169467082797,21734000
2019-05-08,25.30739974975586,25.663583559427227,25.284043538696924,25.46672315706043,15099000
2019-05-09,25.363285064697266,25.51259774318762,24.761859507977334,25.024618447158772,22282000
2019-05-10,25.35494613647461,25.47506515835613,24.746014068807728,25.294052929707924,21025000
2019-05-13,24.4724063873291,24.664262992067,24.040314963118174,24.509109680509116,37864000
2019-05-14,25.19145393371582,25.408332595115883,24.647585115411385,24.665102274778835,34277000
2019-05-15,25.38914680480957,25.672759306364096,24.908673898435374,25.047143774880155,18166000
2019-05-16,24.798564910888672,25.283207874143976,24.582518370798518,25.003767041428453,34233000
2019-05-17,24.181289672851562,24.48825835887731,24.05783428722422,24.4223598007576,39094000
2019-05-20,22.73820686340332,23.35214432117983,22.408715617819848,23.18948293806531,65162000
2019-05-21,22.96676254272461,23.337960812852913,22.91003940967039,23.113572550001766,25060000
2019-05-22,22.45709800720215,22.944243708897506,22.436242881337233,22.562200968343145,31809000
2019-05-23,21.695514678955078,22.14595706651434,21.535355971358285,22.070049374196902,46607000
2019-05-24,21.349340438842773,22.16681109483152,21.332656974592542,21.91322912052341,27963000
2019-05-28,21.227550506591797,21.498651187289223,20.86135759562849,21.401888383442515,61965000
2019-05-29,21.19751739501953,21.385200731470437,20.985642566836095,21.082403760699773,28132000
2019-05-30,21.406063079833984,21.466121004092695,21.197524554655487,21.242567997849523,17310000
2019-05-31,20.990650177001953,21.332653178153986,20.937265010129096,21.107432814947785,22192000
2019-06-03,21.119115829467773,21.54870471568431,20.953953342840517,21.06656275511213,28911000
2019-06-04,22.163471221923828,22.188496414349224,21.334322590036532,21.434420177693173,36805000
2019-06-05,22.16514015197754,22.648114113770315,21.888200417473556,22.439575617120198,23651000
2019-06-06,22.754884719848633,22.939233300228526,22.128435570482292,22.27357817753287,32687000
2019-06-07,22.92839241027832,23.178639584751245,22.79576158282016,22.92088596556793,25963000
2019-06-10,23.373828887939453,23.754202585695253,23.08270995990195,23.083543655677854,23280000
2019-06-11,23.6466007232666,24.33644590299245,23.307100338854283,24.231342941705208,37105000
2019-06-12,23.33379364013672,23.619908856739702,23.14026958493209,23.495619748600348,27057000
2019-06-13,23.490610122680664,23.597382050669633,23.14026538031975,23.483103678593405,37735000
2019-06-14,22.182661056518555,22.36283801712786,21.476966104605594,21.53035287246711,100797000
2019-06-17,22.18599510192871,22.41371975305496,21.799782328751405,22.09173496990997,35785000
2019-06-18,23.193655014038086,23.608229385519415,22.226870080831286,22.36784264564127,54920000
2019-06-19,23.146942138671875,23.27873768208862,22.831631678492553,23.254547773688895,28920000
2019-06-20,23.277070999145508,23.81092912011613,23.119414968743833,23.56568729005947,57291000
2019-06-21,23.074113845825195,23.664462348909172,23.0715871723508,23.294756851841434,45399000
2019-06-24,23.512876510620117,23.533929982744354,23.159172717591282,23.202964646371555,20506000
2019-06-25,23.28632926940918,23.82278062399946,23.245064027713997,23.509500498891622,24436000
2019-06-26,23.70151138305664,23.919629279910353,23.420233086602185,23.460656641861522,24774000
2019-06-27,24.06110954284668,24.29185919285862,23.768041183625087,23.826991531022937,21813000
2019-06-28,24.24217414855957,24.363444820981012,23.986160961686455,24.24217414855957,49265000
2019-07-01,25.29401969909668,25.74878227157113,24.95547444264701,25.406025358185687,44832000
2019-07-02,24.871261596679688,25.320969235461906,24.750832618792643,25.170225000290174,19011000
2019-07-03,23.99205207824707,24.319648929281016,23.834569531376935,23.891836496157477,49411000
2019-07-05,23.804258346557617,24.038376394371394,23.746149679110783,23.88763053461491,24565000
2019-07-08,23.155799865722656,23.680459613968793,23.107796288057536,23.580244013817317,34291000
2019-07-09,23.203805923461914,23.241702815123375,22.941054355446028,23.028638211451323,26131000
2019-07-10,23.117063522338867,23.479187383934335,23.074954975913716,23.400025244187216,30134000
2019-07-11,23.248437881469727,23.365496902739295,22.986528039353143,23.17938083329994,20712000
2019-07-12,24.034162521362305,24.079639424312003,23.275384764718936,23.275384764718936,21971000
2019-07-15,24.2825984954834,24.800521527547822,24.192487980326074,24.515033155376184,30334000
2019-07-16,23.928054809570312,24.236281656668837,23.781520603058162,24.168909589234783,14617000
2019-07-17,24.008054733276367,24.194170782198057,23.848888791966857,24.04847828841811,15453000
2019-07-18,24.403867721557617,24.447659639929366,23.900259857144224,24.100692654941426,19357000
2019-07-19,24.422391891479492,24.688511735101955,24.38281002827415,24.57650608128699,22047000
2019-07-22,24.94031524658203,25.263702061953104,24.611035002979293,24.67503708744119,33905000
2019-07-23,25.330238342285156,25.463299108938006,25.19802087100994,25.22244431142324,19692000
2019-07-24,25.58203887939453,25.675517754906224,25.306653992901452,25.365605951973464,19006000
2019-07-25,25.297391891479492,25.443926092013918,25.214019704333953,25.443926092013918,15741000
2019-07-26,25.342029571533203,25.518882273649947,25.309186026059674,25.39845486939568,14996000
2019-07-29,25.41107940673828,25.479293151985296,25.00853044645488,25.368129178698624,12068000
2019-07-30,25.227487564086914,25.34286318314293,25.020318069352967,25.18790730807033,11164000
2019-07-31,24.421554565429688,25.33444658598277,24.141959619086112,25.267074522635447,20819000
2019-08-01,24.029949188232422,25.080953489646546,23.775619418345617,24.349124335391025,21911000
2019-08-02,23.456451416015625,23.903634076288203,23.235806800787437,23.754573189530678,20080000
2019-08-05,22.541025161743164,22.926730659878068,22.23953512546012,22.902307228237994,27765000
2019-08-06,22.43828582763672,22.921681937268225,22.27996156268886,22.749040928478877,22199000
2019-08-07,22.742300033569336,22.967154646008808,22.148583303821752,22.23532544605811,22244000
2019-08-08,22.82062339782715,22.953684145596032,22.1064792101952,22.77009475224703,29163000
2019-08-09,23.220645904541016,23.626563269133396,22.702722866053463,22.702722866053463,30735000
2019-08-12,23.213062286376953,23.42949518717247,22.951995781995286,23.022736196647248,20040000
2019-08-13,23.8918399810791,24.043425909543004,22.909047678348436,23.18443255647452,22340000
2019-08-14,22.869468688964844,23.592876274964855,22.770094775664955,23.47834392860301,27108000
2019-08-15,22.623559951782227,22.972210327648906,22.304384752240228,22.9065232507758,20010000
2019-08-16,23.05642318725586,23.222327451069365,22.904835665499473,22.919152407556595,17458000
2019-08-19,23.47750473022461,23.586142052682856,23.21054312338715,23.5381400751816,17489000
2019-08-20,23.611404418945312,23.997951686053664,23.328441115194295,23.425288354214622,17920000
2019-08-21,24.21185302734375,24.275856714379852,23.92131136927511,23.970998315294477,19381000
2019-08-22,24.22196388244629,24.3727097402986,23.96342400630107,24.286810880009963,12294000
2019-08-23,22.91746711730957,24.041740151128224,22.826514926726418,23.916259442296735,25742000
2019-08-26,23.34613037109375,23.407607408857412,23.159172584158092,23.32339191456872,14249000
2019-08-27,23.20717430114746,23.59877497980935,23.151592300426618,23.508666056408547,14298000
2019-08-28,23.248437881469727,23.277913059035683,22.777675123131985,23.102745371628455,17202000
2019-08-29,23.86404800415039,24.042584039969082,23.668668552092285,23.70572374656368,16429000
2019-08-30,23.80257225036621,24.07711384586416,23.57182257566104,24.031636940846912,16720000
2019-09-03,23.07916259765625,23.65182427240111,22.81641109650927,23.5802421654117,22210000
2019-09-04,23.83457374572754,23.946579416102733,23.428656393891835,23.47834334931584,19865000
2019-09-05,24.5082950592041,24.73230801263618,24.28428371204871,24.28428371204871,20938000
2019-09-06,24.5832462310791,24.70030524678476,24.363444943273148,24.578192884800355,13748000
2019-09-09,24.642194747924805,25.02874197764762,24.456080307471137,24.84346922608551,21686000
2019-09-10,24.79631233215332,24.797154021159756,24.323022893706387,24.536087470535822,20850000
2019-09-11,25.09696388244629,25.161809282113254,24.805578822223694,24.95463971505735,19260000
2019-09-12,25.313386917114258,25.46076276762689,24.967261681190404,25.38496901414145,33109000
2019-09-13,24.449344635009766,25.0952750721496,23.907841457727674,25.066641583959356,62557000
2019-09-16,24.309545516967773,24.445132929063305,24.06026906134358,24.15290624406116,22176000
2019-09-17,24.323862075805664,24.36344394290289,23.896049588225853,24.25564832894997,21912000
2019-09-18,24.23206901550293,24.48639882398453,23.906998784717164,24.295231024718284,16510000
2019-09-19,24.47629165649414,24.58661394510462,24.189118315555344,24.296072242160985,19421000
2019-09-20,24.15928077697754,24.511139333991558,23.951903800528566,24.449096614162034,35524000
2019-09-23,24.26126480102539,24.405747983800758,23.973998924190234,24.104883060411705,14850000
2019-09-24,23.993547439575195,24.553630717295405,23.775972419332216,24.419347223636823,20292000
2019-09-25,23.43770980834961,23.56009635718151,22.947317421354807,23.096049385848264,55588000
2019-09-26,23.534603118896484,23.6833351109733,23.175094793982655,23.39436870831794,27477000
2019-09-27,23.299175262451172,23.90600490277022,23.198886963174097,23.510800984075708,28660000
2019-09-30,23.463211059570312,23.518455063996388,23.159796183769,23.439413941551155,19826000
2019-10-01,23.35952377319336,23.767475764061007,23.23458728046052,23.650189039842996,19429000
2019-10-02,22.95327377319336,23.270286124228274,22.80454176286679,23.24139077726292,19543000
2019-10-03,23.323829650878906,23.32977893087923,22.71105056873121,22.94732290077673,17096000
2019-10-04,23.918760299682617,23.941707986686204,23.38927273584624,23.668890528932938,25884000
2019-10-07,23.46405792236328,23.88390841945851,23.43176160558235,23.798068593001613,18658000
2019-10-08,22.975370407104492,23.36377409571552,22.85468431820845,23.292382735791524,22757000
2019-10-09,23.21504020690918,23.36462162856242,23.119000679785106,23.260084520187878,16329000
2019-10-10,23.32552719116211,23.69353471730874,23.257535192020335,23.33487582762232,17340000
2019-10-11,23.874563217163086,24.14398291403598,23.71988194474665,23.753877134055443,23697000
2019-10-14,23.938304901123047,24.022444245621646,23.787022995168922,23.832916740970784,13312000
2019-10-15,24.674314498901367,24.69981210113266,23.98419496065284,24.021591119714046,21230000
2019-10-16,24.5179386138916,24.655623105058403,24.35305764649821,24.56213349565625,20046000
2019-10-17,24.598682403564453,24.79245873222882,24.504343351865387,24.659024641182953,13125000
2019-10-18,24.369205474853516,24.64202290039494,24.13718195120964,24.604628355234095,16981000
2019-10-21,24.610580444335938,24.80860718110534,24.39725416891912,24.514540905538933,13031000
2019-10-22,24.43124771118164,24.720214101842533,24.41255043897011,24.612276017032006,13046000
2019-10-23,23.82442283630371,24.098091367360666,23.691838172745165,24.04879663293242,20957000
2019-10-24,23.993547439575195,24.094685182001395,23.68673323483851,24.042840538977277,16896000
2019-10-25,24.631820678710938,24.76355424060548,24.070886385267748,24.07428574143152,20869000
2019-10-28,24.77885627746582,24.8578957741624,24.504338381570125,24.74570890414346,12999000
2019-10-29,24.49074363708496,24.961589448761764,24.483093867807334,24.840903355744143,13272000
2019-10-30,24.667516708374023,24.72955941717048,24.351353885754506,24.64796838382731,17281000
2019-10-31,24.88934326171875,24.993881987393735,24.46014409748141,24.630123274353107,27881000
2019-11-01,25.207202911376953,25.207202911376953,24.824746982655217,24.901238168399562,21234000
2019-11-04,25.921972274780273,25.961067306352888,25.42053071420652,25.456226389258518,34075000
2019-11-05,26.69028091430664,26.92315384790564,25.87692694596053,25.921971254936306,38711000
2019-11-06,26.615493774414062,26.71068225022005,26.23728817302879,26.522004166500526,18076000
2019-11-07,26.49480628967285,27.154330113869612,26.402167741661376,26.82116884510894,23981000
2019-11-08,26.63673973083496,26.65288870140458,25.933022644509023,26.335874780043866,17830000
2019-11-11,26.580644607543945,26.62228956113044,26.418313583519105,26.448911033847835,9154000
2019-11-12,26.816913604736328,26.890854867262526,26.623986775169538,26.686878914740028,16875000
2019-11-13,26.65884017944336,26.832218732017832,26.516906894580607,26.557700799208174,12625000
2019-11-14,26.259387969970703,26.50331008969824,26.016316905349182,26.410671525615662,17268000
2019-11-15,26.5942440032959,26.60699199548351,26.353721293117246,26.539849435918562,18120000
2019-11-18,26.437862396240234,26.63673853228182,26.179491847208563,26.50160397857268,15850000
2019-11-19,27.00135040283203,27.678722132685344,26.9121112026051,26.9121112026051,31743000
2019-11-20,26.48885726928711,26.927406704152812,26.26193359402503,26.848365582017557,19927000
2019-11-21,26.793121337890625,26.831366937222825,26.329925355337142,26.44381271943173,19317000
2019-11-22,26.765073776245117,27.15262797009573,26.662235543457545,26.91125583015651,13216000
2019-11-25,27.164525985717773,27.212121838309635,26.87981003034076,26.908705370160586,19636000
2019-11-26,26.87981414794922,27.212126006823585,26.86111525336971,27.111836062224494,30793000
2019-11-27,27.064237594604492,27.191722374547677,26.896806729855797,27.021743208309076,20182000
2019-11-29,26.874711990356445,27.0089954924843,26.771873752715184,26.929104938319288,9229000
2019-12-02,26.408119201660156,27.02089665391329,26.394520152831017,27.00304881416972,23158000
2019-12-03,26.05116081237793,26.261935532573386,25.763043832157358,25.99166801317184,18736000
2019-12-04,26.323129653930664,26.46336245348962,26.103004668843795,26.325679576985518,14439000
2019-12-05,26.448062896728516,26.556000987054347,26.267034581628167,26.397069301964233,15494000
2019-12-06,26.861114501953125,26.885762675696334,26.52200393874918,26.74127947427847,16937000
2019-12-09,26.719179153442383,26.954602020858545,26.681782989283796,26.85686363056795,24694000
2019-12-10,26.776975631713867,26.849216423187357,26.62314379104273,26.780374988587575,14563000
2019-12-11,27.17302894592285,27.311561248413398,26.787173574103743,26.787173574103743,20829000
2019-12-12,27.859745025634766,28.060321650751245,27.148379823046795,27.173875807592687,38935000
2019-12-13,26.807571411132812,27.17727781258961,26.399619408073093,27.031945174921375,70952000
2019-12-16,27.462841033935547,27.842745453022008,26.986897096728036,27.024293259164267,37921000
2019-12-17,27.51978874206543,27.617525518233812,27.345557522292033,27.514688896350812,20248000
2019-12-18,27.829147338867188,28.148709526693825,27.49853602724418,27.570776806713297,35155000
2019-12-19,27.5452823638916,27.983830152330466,27.51213499064926,27.97958298302809,31787000
2019-12-20,27.386457443237305,27.684362033363968,27.20702924120399,27.684362033363968,50540000
2019-12-23,27.43196678161621,27.67235178677869,27.267133361263145,27.518677777129717,20254000
2019-12-24,27.515235900878906,27.530690412037195,27.387317808362038,27.472311069823245,7024000
2019-12-26,27.298892974853516,27.62169216519422,27.199304875721257,27.58134144766294,15848000
2019-12-27,27.174406051635742,27.41650542106689,27.061940841243587,27.412213593274487,14487000
2019-12-30,26.910839080810547,27.24308150713231,26.849884003063355,27.17354277545494,13104000
2019-12-31,27.1306209564209,27.159810624699585,26.854182058249247,26.881654012962112,12487000
2020-01-02,27.6774959564209,27.686940926560062,27.242233153438615,27.413934130186604,20329000
2020-01-03,26.97351837158203,27.47231199922538,26.9640750394285,27.258542599887917,22870000
2020-01-06,26.933164596557617,26.950335182602803,26.5820338080765,26.686771762988585,20789000
2020-01-07,26.8404483795166,27.17870208066347,26.806966879650453,27.064519145897183,18565000
2020-01-08,26.50562858581543,26.913421015217196,26.477296953915314,26.86963651022487,31979000
2020-01-09,26.292715072631836,26.870492333376095,26.017134219018036,26.812972673699736,42397000
2020-01-10,25.688323974609375,26.23176003169173,25.652265092584837,26.223174739540845,40705000
2020-01-13,25.856597900390625,26.08152671884593,25.726962083617046,25.75701143276837,22054000
2020-01-14,26.457548141479492,26.54082367309508,25.89179000426118,25.926989210404184,28911000
2020-01-15,26.024860382080078,26.431794748379104,25.815384476420537,26.382860380348138,22733000
2020-01-16,26.360538482666016,26.43007722655058,26.11672140383012,26.184544071618163,21508000
2020-01-17,26.50992202758789,26.52279914970243,26.10470532527968,26.498760981767358,26896000
2020-01-21,26.448110580444336,26.571736855545495,26.298730059471882,26.42493208665567,21967000
2020-01-22,26.868778228759766,27.293739603594087,26.656724922908836,26.68248080281408,29264000
2020-01-23,27.442262649536133,27.455139771023706,26.684199083388393,27.058508381928927,30266000
2020-01-24,27.815719604492188,28.46646955321873,27.538419333192913,28.373749025057155,55782000
2020-01-27,26.53052520751953,27.46200908537621,26.497043709047105,27.16410611408009,38843000
2020-01-28,27.32722282409668,27.40620654496598,26.851609335030812,26.916856258255816,23166000
2020-01-29,27.258541107177734,27.93848063472643,27.226777322353225,27.542708919243164,23668000
2020-01-30,27.06022834777832,27.087700306727644,26.49275235483065,26.984678413820884,21128000
2020-01-31,26.19828224182129,27.00699788201772,26.06607068898122,26.97094063237332,22123000
2020-02-03,26.20429039001465,26.32190546415139,26.067787016489557,26.23862992416924,21288000
2020-02-04,26.75115966796875,27.006137785277186,26.58375055381623,26.767472215360932,22559000
2020-02-05,27.247385025024414,27.456002934507037,27.11689116745162,27.25768639602766,24825000
2020-02-06,27.445697784423828,27.462010334086305,26.976951872063843,27.37272524244846,22683000
2020-02-07,27.06279945373535,27.345247888238276,27.03189207243068,27.328078940265854,15883000
2020-02-10,26.9743709564209,27.008710487989376,26.639552745612175,26.81726321924396,19218000
2020-02-11,27.486045837402344,27.540131713252233,27.12976515978978,27.1847107112322,15527000
2020-02-12,27.87580680847168,27.909286664357076,27.612241776504472,27.647440983298587,15310000
2020-02-13,27.81313705444336,27.941056776046704,27.553868733906445,27.599367676359986,13857000
2020-02-14,27.280864715576172,27.9616623191096,27.223343409493523,27.88783173812991,19137000
2020-02-18,26.67818832397461,27.043912312337568,26.44639032291489,27.04305427427151,26693000
2020-02-19,27.102291107177734,27.200161481495424,26.75974561580442,26.871351148812682,20525000
2020-02-20,26.548555374145508,27.10229455690257,26.280700095858997,26.95377208168498,25521000
2020-02-21,26.141620635986328,26.56658201425661,25.951889418681354,26.485024183446477,24522000
2020-02-24,25.034141540527344,25.652267905888024,24.90193162935366,25.25735424849912,36849000
2020-02-25,24.268352508544922,25.388707957213228,24.130133045960967,25.249628819023815,31892000
2020-02-26,24.543075561523438,24.74225011988368,24.381675968319712,24.411723677826927,23074000
2020-02-27,23.51887321472168,24.494139941833275,23.48367400323932,24.06402706122066,34837000
2020-02-28,23.404691696166992,23.534327504802324,22.55648496706097,22.60713705462813,44586000
2020-03-02,24.464950561523438,24.50186748710321,23.278490188951537,23.76011483535101,31976000
2020-03-03,23.544626235961914,24.766285742601866,23.314545953601368,24.437477048080076,29930000
2020-03-04,24.50615692138672,24.529337047687957,23.589267975278105,23.82707550441598,23477000
2020-03-05,23.52659797668457,24.303549802876642,23.390096238610344,23.803038517506167,24374000
2020-03-06,23.132543563842773,23.2596036149109,22.53587958538792,22.920491891012418,30169000
2020-03-09,21.26700210571289,22.344432714818762,20.96909912986642,21.555461749792364,43934000
2020-03-10,22.570219039916992,22.63718203150858,20.89612460040123,22.028499016043607,55071000
2020-03-11,21.11676597595215,22.019918338561506,20.8180049278119,21.795847552456323,36030000
2020-03-12,18.78247833251953,20.841183888453372,18.57128466489105,19.487314171201472,64281000
2020-03-13,20.10801887512207,20.12948129431271,17.26978382546338,19.36025653167955,84714000
2020-03-16,16.103923797607422,18.784190748929092,15.472920307343177,17.872454886417508,76935000
2020-03-17,17.12812614440918,17.17105097175255,15.580233683730171,16.46793136152048,70662000
2020-03-18,14.411803245544434,16.095339550355153,13.36442115698101,15.939091462368989,98993000
2020-03-19,16.6937198638916,17.811499466261566,14.165409209418938,14.39205570437037,74438000
2020-03-20,16.782773971557617,18.219900401962597,16.406467060806992,17.636668654499566,74044000
2020-03-23,16.891918182373047,17.110193859167808,15.519400287045405,16.84040510932699,46921000
2020-03-24,18.576133728027344,19.095630942149434,17.574685410048836,17.95448464883799,62970000
2020-03-25,18.994346618652344,21.303703430389724,18.26705364725112,18.526364230781482,64442000
2020-03-26,21.231231689453125,21.373547481428655,19.734735149273845,19.734735149273845,60213000
2020-03-27,20.141603469848633,21.136939870176615,20.08135917915137,20.343289284928947,39448000
2020-03-30,20.964065551757812,21.0732033731289,19.945155011307165,20.273441098381838,52343000
2020-03-31,20.70126724243164,22.06418147568932,20.61046613374047,20.779846630138223,50191000
2020-04-01,19.525192260742188,20.466395997203367,19.18031636837709,19.905864010574852,41858000
2020-04-02,20.697765350341797,20.77547207828599,19.334853423356478,19.417797553456264,45049000
2020-04-03,20.453296661376953,21.17709727457828,20.12937542862847,20.66109411973332,28960000
2020-04-06,22.040597915649414,22.125288960343532,21.265284174790796,21.354339999022102,38868000
2020-04-07,22.11306381225586,23.18086765610327,22.048454755341446,22.86131286263343,45892000
2020-04-08,22.796707153320312,22.89274729736415,22.14537242532389,22.41865327215994,27565000
2020-04-09,22.203001022338867,23.35549627290731,21.941943512195802,23.206196130290756,34828000
2020-04-13,22.693679809570312,22.83337607094881,22.072030946842766,22.133147853032007,25729000
2020-04-14,23.36684799194336,23.432329695272095,22.903230338231356,23.23500863157284,23094000
2020-04-15,22.47715187072754,22.903226679750492,22.36539451647052,22.787977168377783,25926000
2020-04-16,22.551366806030273,22.8543335059116,22.186408904118018,22.8543335059116,26896000
2020-04-17,23.214052200317383,23.349383707751887,22.60811876071744,22.981807912778883,34089000
2020-04-20,22.550491333007812,23.159916857922923,22.518187631897828,22.70066574061151,23801000
2020-04-21,21.622385025024414,22.245780884713614,21.548172104510044,22.22569889906415,29138000
2020-04-22,22.69804573059082,22.894494128442837,21.892171820602677,22.244032025624136,35438000
2020-04-23,22.607242584228516,23.15467855438531,22.57144506221345,22.72249208686038,21659000
2020-04-24,23.12063217163086,23.143332027967954,22.60288193798901,22.684080844535885,23373000
2020-04-27,23.438438415527344,23.680288205847607,23.080466487058573,23.080466487058573,16588000
2020-04-28,23.1136417388916,24.13342646837298,23.060383433142054,23.943962389593967,18988000
2020-04-29,24.099374771118164,24.18406582087376,23.506539088139863,23.668062585641525,28871000
2020-04-30,23.715213775634766,23.92737773749337,23.468997532869388,23.881976361595417,23379000
2020-05-01,22.67447280883789,23.386051859175986,22.54350775833241,23.22452835239626,26836000
2020-05-04,22.897985458374023,22.9128283737033,22.2920521250352,22.631688935937827,17046000
2020-05-05,23.125869750976562,23.4812221742255,23.02459052176771,23.272552023826997,26462000
2020-05-06,23.06562042236328,23.615675911261082,23.016726897183176,23.42795874690986,22727000
2020-05-07,23.377321243286133,23.614806250780628,23.22452895793114,23.573769656821852,18238000
2020-05-08,24.012937545776367,24.0583389143481,23.576386309196828,23.765848719878186,16757000
2020-05-11,24.045244216918945,24.16223896881649,23.726560331423098,23.86800351262869,20851000
2020-05-12,23.438438415527344,24.247804555958265,23.418358095123004,24.148272246294415,18764000
2020-05-13,22.975696563720703,23.602584622381254,22.644790914475685,23.579883100977625,21927000
2020-05-14,23.276912689208984,23.30747114371049,22.24228668533158,22.78448359497539,19912000
2020-05-15,22.736465454101562,23.05514770785826,22.41865582334786,22.650027482783706,21650000
2020-05-18,23.881969451904297,24.161361941114134,23.39914262036157,23.45327520657533,26531000
2020-05-19,23.744020462036133,24.100247081640195,23.714334632850672,23.881971472810577,18702000
2020-05-20,24.331623077392578,24.561249485567618,24.10461620347766,24.182322947054068,18605000
2020-05-21,23.992860794067383,24.403220111724565,23.97976478701404,24.35257966430785,14847000
2020-05-22,24.15438461303711,24.20677030358432,23.618299328327048,23.900311432650966,17452000
2020-05-26,24.62324333190918,25.065906397168213,24.568238098755526,24.88342824312507,23573000
2020-05-27,25.10955810546875,25.127893179953183,24.446872559150588,24.710549581720322,22812000
2020-05-28,24.721027374267578,25.25885958516913,24.659037833025575,24.88342518435885,18543000
2020-05-29,25.430858612060547,25.494595058072953,24.61363390802759,24.70007187291861,27300000
2020-06-01,25.319101333618164,25.41601576998322,25.090347559529746,25.35664410379848,18444000
2020-06-02,26.023691177368164,26.046392693502998,25.327829423586387,25.4099009332455,31847000
2020-06-03,27.025142669677734,27.140392180537827,26.2376054556744,26.284752074493003,31926000
2020-06-04,26.969268798828125,27.32811338973022,26.376431329320607,26.695115274998532,34997000
2020-06-05,27.684335708618164,28.647368377102637,27.510588821414526,27.913087816455118,50958000
2020-06-08,27.722755432128906,27.83800495271991,27.359544418069717,27.721008520775847,23916000
2020-06-09,27.530670166015625,27.841495470219428,27.203256698834792,27.240801135569775,22335000
2020-06-10,27.506223678588867,27.870307297906592,27.47653784421286,27.64679424773019,25914000
2020-06-11,25.64739227294922,26.939583892473316,25.6168338111255,26.858384980208317,45115000
2020-06-12,26.21489906311035,26.537947681828182,25.55832702163248,26.439286351863093,39439000
2020-06-15,26.55017852783203,26.782422817577626,25.53039361841557,25.75652788163688,29824000
2020-06-16,27.129047393798828,27.463445219915545,26.542321609727484,27.066183560081633,30387000
2020-06-17,27.366527557373047,27.652031812213128,27.222466495477764,27.36478064609502,20279000
2020-06-18,27.826650619506836,27.862448142504086,27.198890028624277,27.251275713445846,33625000
2020-06-19,26.70726776123047,28.059522450480564,26.70726776123047,28.022474515087485,58465000
2020-06-22,27.657289505004883,27.713743027179007,26.774310251287083,26.948082248194527,27195000
2020-06-23,27.459697723388672,28.001305935908196,27.458816110333714,27.791367621027508,22419000
2020-06-24,27.07774543762207,27.430584075535883,26.86074921262656,27.274452788981446,19096000
2020-06-25,27.24358367919922,27.2991555838907,26.727555725338497,26.9974790491462,15029000
2020-06-26,27.11655616760254,27.854871615716732,26.740783823307808,27.6599291756623,31425000
2020-06-29,27.325618743896484,27.381190647829783,26.855459910516362,27.17477879611458,14516000
2020-06-30,27.83988380432129,27.968669976511553,27.05834391058653,27.34061656319904,25125000
2020-07-01,27.585838317871094,27.94926141800083,27.516152191632592,27.795776627150413,15661000
2020-07-02,27.82753562927246,28.172434791002726,27.756084588274778,28.028652778366837,16638000
2020-07-06,28.120386123657227,28.31444696918969,27.992481581560448,28.227120177563695,17561000
2020-07-07,27.620243072509766,28.064820051906175,27.569962521689636,27.992487395360783,16150000
2020-07-08,28.189191818237305,28.21300714629548,27.708448590165297,27.88663199767708,18023000
2020-07-09,28.359439849853516,28.6090709460659,27.808127154479926,28.2280054738519,25225000
2020-07-10,28.177722930908203,28.49086714156696,27.824884265203448,28.39560246841752,13280000
2020-07-13,27.460580825805664,28.538504199999583,27.396187741425752,28.37531493272643,21549000
2020-07-14,27.793128967285156,27.89368837018149,26.92073421165584,27.255932221310278,18363000
2020-07-15,27.678462982177734,28.03042012681186,27.360025645721525,27.869877356338307,15253000
2020-07-16,27.463224411010742,27.687276921577453,27.283276102713295,27.39883133351583,12929000
2020-07-17,27.584074020385742,27.80459842079782,27.345025651097497,27.71109696336602,13354000
2020-07-20,27.973960876464844,28.01982999248094,27.367959577217732,27.508213446906833,14323000
2020-07-21,27.727861404418945,28.15920749798465,27.58055123787421,28.15920749798465,14312000
2020-07-22,27.680221557617188,27.846057344272374,27.377663404135774,27.78695562144807,14404000
2020-07-23,27.3159122467041,27.882219012507583,27.202121925777682,27.6422890595847,19417000
2020-07-24,26.973663330078125,27.425296540810894,26.83164455103976,27.044231071832236,15631000
2020-07-27,27.581430435180664,27.60612906297839,27.123622525310097,27.195071886800967,20646000
2020-07-28,27.111268997192383,27.53114728695499,27.006298162901054,27.449111850606624,13974000
2020-07-29,27.24358367919922,27.45352198581148,27.11920726217476,27.21535692034336,16562000
2020-07-30,27.53026580810547,27.603480071804434,26.992187406026144,26.992187406026144,21259000
2020-07-31,27.940439224243164,28.085986127582697,27.468517169574014,27.759609293785523,24719000
2020-08-03,28.335620880126953,28.534973098099936,27.987191940243612,28.05070172624763,20796000
2020-08-04,28.967205047607422,28.984847404217035,28.261527607900234,28.271228716827473,25258000
2020-08-05,29.06864356994629,29.248593583314467,28.738741941975356,28.954854915694852,22299000
2020-08-06,29.035120010375977,29.186841552561763,28.704333466362325,28.912508518567204,14193000
2020-08-07,28.750207901000977,29.085405956171034,28.35767470893344,28.967205864980365,14192000
2020-08-10,28.876346588134766,29.044825530894187,28.58525276999916,28.59936867335005,11989000
2020-08-11,28.582605361938477,29.402074698261863,28.47057994784555,28.894867959631895,19316000
2020-08-12,29.43030548095703,29.627897864018706,28.699929385429854,28.743151983144934,18471000
2020-08-13,29.058063507080078,29.410018953627656,28.919572849653253,29.304168172213178,15095000
2020-08-14,28.916927337646484,29.09599238523395,28.75638289556351,28.93456633002558,10140000
2020-08-17,29.1374454498291,29.267113214842876,29.021008608703585,29.06599442291065,10594000
2020-08-18,28.989253997802734,29.389728406143263,28.945149790985727,29.273291550380016,8857000
2020-08-19,29.039535522460938,29.381786447227476,28.9539719500355,29.062467555891775,11273000
2020-08-20,29.006017684936523,29.10834201248997,28.761676249145612,28.905459948588497,8910000
2020-08-21,29.110984802246094,29.149799331997993,28.668172764341353,28.959266595271345,11508000
2020-08-24,29.462064743041992,29.65524233715974,29.20978205319573,29.2865261419108,11996000
2020-08-25,29.650829315185547,29.7346296695851,29.373851377035432,29.550271581854503,11140000
2020-08-26,29.962215423583984,30.12452311625827,29.4188455425216,29.527341177120896,14844000
2020-08-27,29.91546058654785,30.105993326397982,29.650828603205856,30.034542287103392,12552000
2020-08-28,30.416486740112305,30.416486740112305,29.78843505306452,29.903108678231423,14589000
2020-08-31,30.622018814086914,30.924576976727916,30.30181829536821,30.30181829536821,22229000
2020-09-01,31.71493911743164,31.938111744541143,30.645838492611055,30.873419185421945,29205000
2020-09-02,33.07954025268555,33.42796919414898,32.07041975144172,32.272420174293096,37053000
2020-09-03,31.057769775390625,32.54057542033902,30.887524262254722,32.28565132203363,41795000
2020-09-04,32.0157356262207,32.860785416536395,31.182153537153727,31.841081997812974,58514000
2020-09-08,30.921049118041992,31.998090848309214,30.87341509529234,31.10805202707626,26685000
2020-09-09,31.758153915405273,31.918698320765525,30.970442862851293,31.41678464250401,26273000
2020-09-10,31.49794578552246,32.446201514682066,31.26066060870463,31.943406079673863,22851000
2020-09-11,31.729045867919922,32.132161677536196,31.28623055896014,31.799611913074415,17362000
2020-09-14,31.94957733154297,32.27507090036144,31.698179640833715,32.144521500588354,16447000
2020-09-15,32.36504364013672,32.73640461773436,32.2274346154828,32.31123496149041,16618000
2020-09-16,32.37651443481445,32.814036855450354,32.31564947492657,32.47707554307681,18498000
2020-09-17,32.277713775634766,32.64819650857386,31.31446405388948,31.31446405388948,22862000
2020-09-18,31.731708526611328,32.44709067619152,31.31888801354708,32.383580863392886,35295000
2020-09-21,31.314228057861328,31.32935891287506,30.57452076030729,31.155781927553736,24198000
2020-09-22,32.186561584472656,32.20525443657283,31.417478904958607,31.721909234148264,19500000
2020-09-23,31.296430587768555,32.152743419467015,31.15934963426804,32.06106183055164,15542000
2020-09-24,31.379196166992188,31.828717557971068,31.073879654525587,31.17268519175245,13611000
2020-09-25,31.76018714904785,31.842079165476022,31.001787008351126,31.337372118090308,18183000
2020-09-28,32.69483184814453,32.7954167139437,31.958686590862797,32.194573075817786,22192000
2020-09-29,32.424224853515625,33.006378966993424,32.40019070330129,32.711741609816585,13722000
2020-09-30,32.4295654296875,33.02417803472449,32.197240975486615,32.30761538002044,22403000
2020-10-01,32.81053924560547,32.998357357484856,32.47406461940788,32.84436294050767,16016000
2020-10-02,31.76285743713379,32.48298225010106,31.702330619776053,32.04503295031347,17100000
2020-10-05,32.58802032470703,32.65478149231948,32.03613457063128,32.11980589615584,18923000
2020-10-06,32.39930725097656,33.11320110626659,32.22484061149406,32.588908141377196,16672000
2020-10-07,32.64497756958008,32.92270135283928,32.58444737407238,32.78828941191162,12747000
2020-10-08,33.231590270996094,33.31704429187887,32.78474105649675,32.92538059543512,17045000
2020-10-09,33.531558990478516,33.82530670491558,33.29122427308329,33.463018536232525,17253000
2020-10-12,34.0416145324707,34.279280324807324,33.80661769248259,33.984646321846185,18839000
2020-10-13,33.95793151855469,34.51961002605381,33.70157293560981,34.21785549498662,16731000
2020-10-14,33.852012634277344,34.158222275053205,33.63392935255864,34.140419073090555,17298000
2020-10-15,33.8190803527832,33.86892796264879,33.382020720042796,33.38469306806488,14361000
2020-10-16,33.705142974853516,34.11727539538072,33.66063327106458,34.11727539538072,10295000
2020-10-19,33.44878005981445,34.14664995552858,33.39359115252497,33.935687275895226,14803000
2020-10-20,33.5573844909668,33.926789960354235,33.430093102766456,33.559163792789214,13297000
2020-10-21,33.11764907836914,33.545805376463306,32.96276156553105,33.44877911716056,11896000
2020-10-22,33.23514175415039,33.31881305123056,32.6779114930105,33.03129971709751,13547000
2020-10-23,33.177276611328125,33.28587508982798,33.002810041841464,33.22534490166782,8868000
2020-10-26,32.31563186645508,32.93160632776681,31.832286669733097,32.89956192391793,15509000
2020-10-27,32.00941467285156,32.50611469974334,31.975590975565805,32.50611469974334,9620000
2020-10-28,30.906536102294922,31.58749231891363,30.75699330893755,31.51094162106057,22331000
2020-10-29,31.600847244262695,31.995179815732122,30.742751996365296,30.91099105247504,15697000
2020-10-30,31.121957778930664,31.421043436645768,30.658195041944335,31.100592577314593,18530000
2020-11-02,31.266159057617188,31.6346782220269,31.008017712372133,31.603523466263788,11757000
2020-11-03,31.489582061767578,31.97737892429152,30.85758367920741,31.68452423487328,15457000
2020-11-04,32.45716094970703,32.84436949775639,31.790445908531762,32.08775220529942,21277000
2020-11-05,33.90275192260742,34.061194641151324,33.11408674592868,33.145241499205305,21783000
2020-11-06,33.8804931640625,34.15198600941948,33.57339392032129,33.829755913952134,13545000
2020-11-09,33.42831039428711,35.061716092035745,33.381131735887664,34.63533905164109,24088000
2020-11-10,32.32363510131836,33.22000554184335,32.077066081933175,32.96364697109221,26784000
2020-11-11,33.46213150024414,33.57073001295063,32.806098961475655,33.011720340280654,15133000
2020-11-12,32.952964782714844,33.700682100473514,32.78205680301707,33.578732065051405,12160000
2020-11-13,33.2467155456543,33.5876419210968,33.07581092819253,33.380237855320935,10997000
2020-11-16,33.89741897583008,33.947266593356346,33.291233915830794,33.36333299368742,12100000
2020-11-17,33.878719329833984,34.04250335585042,33.56093743617445,33.70603200497824,11950000
2020-11-18,33.8804931640625,34.265032758895735,33.791480563714956,33.815511317230616,13517000
2020-11-19,34.21073532104492,34.256134669851804,33.32237838495607,33.62235364840391,14555000
2020-11-20,34.121726989746094,34.61308247166271,34.0656484303254,34.20896030440051,16140000
2020-11-23,34.448402404785156,34.63978255019669,34.092345214750154,34.30330786044714,12212000
2020-11-24,34.913944244384766,34.965571144589106,34.375410207834676,34.592603802794564,13455000
2020-11-25,34.789329528808594,35.205023920272126,34.62643516144279,34.968247795940904,11787000
2020-11-27,35.156063079833984,35.53170278446433,34.982486126873134,34.99583767777579,6846000
2020-11-30,35.74623107910156,35.79785798668304,34.95934519017095,35.07328500100339,15454000
2020-12-01,36.012386322021484,36.200204514766014,35.61627438507435,35.91358075049125,18181000
2020-12-02,35.93761444091797,36.087157272520436,35.70439689413956,36.02751671179687,10031000
2020-12-03,35.58778381347656,36.19664106281293,35.43646169855954,36.006150547492716,16120000
2020-12-04,36.645267486572266,36.70935968569867,35.81832701305425,35.819220059325524,20083000
2020-12-07,37.465091705322266,37.638668680951646,36.793035258677435,37.06630744938719,19707000
2020-12-08,37.689395904541016,37.98225052086776,37.222074708274924,37.321769896811695,18121000
2020-12-09,37.04939270019531,37.92884972042811,36.822406146509564,37.3386853599678,20908000
2020-12-10,36.499298095703125,36.96306090460338,36.31859708719923,36.62391713907528,26244000
2020-12-11,36.1236572265625,36.22869375946403,35.4524903179627,35.9616524748497,26664000
2020-12-14,36.655941009521484,36.87847586101415,36.13965852416456,36.18683716226635,26116000
2020-12-15,37.21318054199219,37.33156860742589,36.76187973566499,36.96572181098554,21207000
2020-12-16,37.822044372558594,38.02232448401546,37.11527106478728,37.20784569227785,23160000
2020-12-17,37.9288444519043,38.27688796242764,37.79087391667839,37.964450846676364,17152000
2020-12-18,39.01150131225586,39.10935085986584,37.88395932859191,38.1353209915105,45243000
2020-12-21,38.50159454345703,38.781684730352545,38.03657202736406,38.436059008035166,19096000
2020-12-22,38.88044357299805,38.920839525736234,38.42260222801841,38.501603095576684,17929000
2020-12-23,38.194576263427734,39.140774941581185,38.16046093462899,39.05100388866708,10533000
2020-12-24,38.73320388793945,38.78168175637701,38.3839892682692,38.466579036078514,4123000
2020-12-28,38.77091979980469,39.25479454969666,38.70538767423898,38.991758542559495,10625000
2020-12-29,38.51596450805664,39.125520102448974,38.313977901231496,39.125520102448974,9593000
2020-12-30,39.03574752807617,39.3203239139435,38.611120890383546,38.752064948833606,10553000
2020-12-31,39.306854248046875,39.36520508863787,38.87594703983484,39.16860532295393,10211000
2021-01-04,38.17303466796875,39.70096122762374,37.8157414410783,39.43972311005681,24171000
2021-01-05,38.431575775146484,38.54738022904932,37.9198732346015,38.15776960920885,15069000
2021-01-06,38.194576263427734,39.01329963549762,37.752895423052486,38.00066818647819,17226000
2021-01-07,39.804195404052734,39.91192135315861,38.6560067125654,38.78707436841718,21267000
2021-01-08,40.00618362426758,40.396694914512175,39.378676606107575,40.128275549585695,15271000
2021-01-11,40.016963958740234,40.28807506254393,39.53757876205524,39.55463643012459,11660000
2021-01-12,40.34282302856445,40.82490317679744,40.00258756350575,40.197392846035186,13846000
2021-01-13,40.5062141418457,40.71089584470207,40.227921818050426,40.424521591834186,13118000
2021-01-14,40.58340835571289,41.16064284374354,40.51697560358421,40.7126815120666,19692000
2021-01-15,40.02503967285156,40.397596103250514,39.55912325159374,40.23421098242751,18165000
2021-01-19,41.22977828979492,41.249531071717904,40.24318025566134,40.24318025566134,18819000
2021-01-20,41.46409606933594,41.81510528330783,40.846461902953166,41.252233047310284,14710000
2021-01-21,41.90756607055664,42.145462467864164,41.33122859025973,41.48473731234337,15749000
2021-01-22,41.745967864990234,41.97309402241067,41.50896874175337,41.629266189966884,16248000
2021-01-25,41.72532272338867,42.19303694434862,40.943406405640275,42.15353823062265,14692000
2021-01-26,41.642730712890625,41.926409815835534,41.46408243056114,41.533206888145834,10742000
2021-01-27,39.92180252075195,41.022410699330514,39.63542823694094,40.89493537716724,21857000
2021-01-28,40.553794860839844,41.15886081032931,40.13096613863104,40.89403380177782,16946000
2021-01-29,40.442474365234375,41.12474667228336,40.184828644103874,40.38861310515674,22069000
2021-02-01,41.90038299560547,42.131995340103,40.719876796222835,40.922760621240386,17027000
2021-02-02,42.81067657470703,42.81875507981731,42.01349695046314,42.171498675252494,16141000
2021-02-03,41.761234283447266,42.95790084423762,41.70736959690868,42.815162335774595,17857000
2021-02-04,42.24959182739258,42.297172468028755,41.06908579173246,41.29531129341849,15243000
2021-02-05,41.83485412597656,42.81427103871799,41.776499851335345,42.581758020464456,12488000
2021-02-08,42.4354248046875,42.500059689077936,41.79624353591448,42.08082332254399,17610000
2021-02-09,42.60868835449219,42.658960694682186,42.069154504042984,42.37258643200858,12758000
2021-02-10,42.19752502441406,42.865431332524615,41.78816165753673,42.84029516567492,14587000
2021-02-11,42.946231842041016,43.032413974399006,42.120323735580946,42.524300340667594,17123000
2021-02-12,43.65813064575195,43.72097107640906,42.63203031451389,42.94533866112902,13551000
2021-02-16,43.9103889465332,44.417605389424686,43.72097042616204,44.06749344538603,15163000
2021-02-17,43.31340408325195,43.640174311917455,42.647292115656526,43.47050515472576,14084000
2021-02-18,43.3834228515625,43.57643370476035,42.65357327355491,43.111411140104124,16715000
2021-02-19,43.98490524291992,44.449927900400674,43.698530927176094,43.74162200168825,17992000
2021-02-22,42.76399612426758,43.68416147585317,42.67063271499886,43.44985743379043,16967000
2021-02-23,42.363609313964844,42.60779317757045,40.94161432366783,42.29538207405383,21303000
2021-02-24,43.169769287109375,43.21734651292828,41.53411337145361,41.984773429474934,15125000
2021-02-25,41.04036331176758,43.03510679501041,40.86530734906919,42.619459325223026,23148000
2021-02-26,42.181365966796875,42.710126143439545,41.36174539985759,41.97129746582465,22640000
2021-03-01,43.95077896118164,43.988483210984285,42.53955786207437,43.06382843526112,24677000
2021-03-02,43.13655090332031,44.065695454361844,43.054858344874,44.02170715365998,18546000
2021-03-03,41.57002639770508,43.21555540907365,41.47217339574706,42.91122620332707,23991000
2021-03-04,39.82215118408203,41.9237233044235,39.628243101566426,41.44523542823665,34575000
2021-03-05,40.41015625,40.93622130531709,38.87145637284007,40.779120258468645,42414000
2021-03-08,37.81664276123047,40.21446607414791,37.63799441619555,40.11302071740956,45243000
2021-03-09,39.82304763793945,40.11929485491448,38.65600681660397,39.112947438844884,37884000
2021-03-10,39.283512115478516,40.759371599149446,39.05997829733287,40.15969249317893,19914000
2021-03-11,40.72886657714844,41.06641053084128,39.68750618668321,40.3096300416795,26170000
2021-03-12,40.502620697021484,40.71089130106896,39.90563331978846,39.98104181907526,18906000
2021-03-15,42.26216125488281,42.30345785511884,40.68396265448692,40.86261094576422,31241000
2021-03-16,42.927371978759766,43.44984806554763,41.96052341872928,42.30704292343409,31190000
2021-03-17,43.41305160522461,43.74341418369961,42.19394043960171,42.21997384226544,23754000
2021-03-18,41.66787338256836,43.391502360707904,41.6319635893872,42.60240468914804,28728000
2021-03-19,42.92636489868164,43.12721762428905,41.084311819864965,41.3512123599261,108602000
2021-03-22,43.000553131103516,43.54339664085125,42.67394140023448,42.786129841213715,31805000
2021-03-23,41.985435485839844,43.00869866576648,41.85786797430824,42.8648443979198,24712000
2021-03-24,41.37112045288086,42.5219511947377,41.33492996036148,42.47309437496807,20882000
2021-03-25,41.771915435791016,41.98181751720741,40.65094209836263,41.16211982832191,17537000
2021-03-26,43.612159729003906,43.69901552394185,41.31411884922736,41.31411884922736,28925000
2021-03-29,42.7598991394043,43.53254856131064,42.366335294474645,43.46378800530901,28410000
2021-03-30,41.27069091796875,41.980008640961145,40.85993610710165,41.96915080377403,27935000
2021-03-31,41.94924545288086,42.25776194575514,40.930507019843155,41.52763627239256,28684000
2021-04-01,43.06117248535156,43.118170950944474,42.450469216218366,42.7101323441232,23528000
2021-04-05,44.19481658935547,44.299767634880354,43.1398875691596,43.454737254419,22966000
2021-04-06,43.777732849121094,44.17129323727865,43.22312373435525,43.70987653868573,18063000
2021-04-07,43.65016174316406,43.781349689240514,43.24664776290901,43.42850101766985,12074000
2021-04-08,43.92338943481445,44.149574803578865,43.438448639225484,44.149574803578865,18121000
2021-04-09,43.88810729980469,43.908011034298006,43.1145536803854,43.42759486748667,16614000
2021-04-12,43.7596435546875,43.917972666360896,43.3009395275447,43.60221868774998,23247000
2021-04-13,43.876346588134766,44.171292539095376,43.45383312246645,43.87996701784443,15281000
2021-04-14,43.18330764770508,44.2590444527251,42.99240853301298,43.6510608678943,18220000
2021-04-15,43.42759704589844,43.63659144553458,43.13627151913291,43.57597599444368,18370000
2021-04-16,43.318119049072266,43.58863655997225,43.136265817207004,43.471019200485124,16263000
2021-04-19,41.79906463623047,43.13808185497373,41.62264029178454,43.11365344404239,26319000
2021-04-20,41.37021255493164,41.801771887945605,41.12411998858411,41.61901440357165,19128000
2021-04-21,41.5991096496582,41.648870708428866,40.94859890758498,41.185642120130865,25947000
2021-04-22,41.175689697265625,41.72124592185173,40.62289261434166,41.17478200148733,27057000
2021-04-23,42.17271041870117,42.3283267419746,41.39191952038567,41.48148803646702,22890000
2021-04-26,42.69023132324219,42.86936838325356,41.941102668459735,42.25323960795242,18271000
2021-04-27,42.192626953125,42.908277957146005,42.07591726374068,42.85761264368014,13267000
2021-04-28,41.54573440551758,42.15824626218332,41.26074203171116,42.10396052137071,15940000
2021-04-29,42.18718719482422,42.4947994015186,41.53034338033673,42.4947994015186,14650000
2021-04-30,41.27431106567383,41.684161663467584,41.060791991611005,41.5918769429205,19367000
2021-05-03,40.72603225708008,41.60363258269715,40.55774959907802,41.59548747978518,15098000
2021-05-04,40.219383239746094,40.50528330751323,39.56525542589369,40.46185540543068,23497000
2021-05-05,40.1551399230957,40.84364961382083,40.02304775201554,40.750460663089626,16388000
2021-05-06,40.58489990234375,40.631040536308554,39.79415525351345,40.15243284131002,13495000
2021-05-07,40.946800231933594,41.47155208607255,40.640996398595995,41.128653510895184,11712000
2021-05-10,39.455780029296875,40.58037381728388,39.425922701856294,40.566803246078656,25239000
2021-05-11,39.8149528503418,39.9678529799581,38.27508336519944,38.45150765362268,17887000
2021-05-12,38.214473724365234,38.98169419378479,37.92133971798785,38.83965186484152,29940000
2021-05-13,38.958168029785156,39.33996627058849,38.50941428320022,38.893928708696855,21841000
2021-05-14,39.955196380615234,40.271858003268555,39.08936148032356,39.48201761278281,16964000
2021-05-17,39.80320739746094,40.00225168346824,39.16084159429389,40.00225168346824,15725000
2021-05-18,39.24225997924805,40.21033314912469,39.20064057079174,40.16328482205973,17824000
2021-05-19,39.9642448425293,40.0348138832455,38.51484779191198,38.54198893419164,21369000
2021-05-20,41.165733337402344,41.55477241208076,40.29084926723454,40.328848240036734,21886000
2021-05-21,40.825565338134766,41.436265300911536,40.65366220473332,41.436265300911536,13216000
2021-05-24,41.544822692871094,41.83886436294779,41.28878345045282,41.339448752244266,14420000
2021-05-25,41.57648468017578,41.88590883199968,41.30144597489773,41.79000370416509,9600000
2021-05-26,41.66244888305664,41.808111656585645,41.21369847901537,41.68778153932256,9873000
2021-05-27,42.312950134277344,42.38171067871388,41.58644146966966,41.61810728281051,19098000
2021-05-28,42.7336540222168,42.94083989500474,42.31294911416542,42.522847720307986,19946000
2021-06-01,42.369956970214844,43.246649770871244,42.26953059279326,43.01503544128208,16277000
2021-06-02,42.86031723022461,43.21949900207642,42.47489511273003,42.68841414778671,13286000
2021-06-03,42.05238342285156,42.50113718325204,41.9130538428712,42.41428139405744,20389000
2021-06-04,42.975223541259766,43.28283580571296,42.47942486911013,42.56808915429007,23865000
2021-06-07,41.96009826660156,42.92817481152526,41.841580116357605,42.79427069990135,24142000
2021-06-08,41.93749237060547,42.73909149685394,41.93568388119427,42.346435313053576,16615000
2021-06-09,41.97367477416992,42.26862070316505,41.77372629068189,42.26862070316505,12126000
2021-06-10,42.402523040771484,42.48123373386973,41.6371110767633,42.115718752581344,15413000
2021-06-11,42.58618927001953,42.715568734351194,42.26500639781932,42.381719534248056,14508000
2021-06-14,43.050315856933594,43.056649019954996,42.16638231621034,42.56718352693283,14675000
2021-06-15,42.589805603027344,43.11727010089926,42.39166559895205,43.11636240500879,11131000
2021-06-16,42.13833999633789,42.62418509527508,41.752013572609755,42.54728288889366,20437000
2021-06-17,42.62871170043945,42.99693944368,41.97458389164047,42.05962775454669,20881000
2021-06-18,41.934776306152344,42.50114756321558,41.664258731824795,42.275866383508045,28537000
2021-06-21,42.36423873901367,42.434448856410135,41.80164647703995,42.05057325690016,18591000
2021-06-22,42.34965133666992,42.726236360158985,42.06425076989641,42.54387092505925,13722000
2021-06-23,42.55116271972656,42.662403229164276,42.2210830041579,42.2958532111831,17674000
2021-06-24,42.86117935180664,43.18852507197447,42.728053193608964,42.84567643102471,12502000
2021-06-25,42.14448928833008,43.079106422007435,41.943886976680005,42.9788052661824,19100000
2021-06-28,43.11102294921875,43.42925200490051,42.44630339574291,42.490982561765406,13987000
2021-06-29,43.507667541503906,43.52225566314259,42.923189613169605,43.07181523298343,14184000
2021-06-30,43.47939682006836,43.63896874008399,43.08640105297781,43.59702354469929,15381000
2021-07-01,42.82289123535156,43.57058643209095,42.75815252824732,43.57058643209095,11153000
2021-07-02,42.68885040283203,43.638059186562295,41.55271609531337,43.47301584495017,37054000
2021-07-06,43.15478515625,43.47118804665645,42.70069949451689,42.892181609605004,13870000
2021-07-07,42.81377029418945,43.34445237516512,42.52472442449858,43.31162736075733,12581000
2021-07-08,42.90130615234375,42.95419418307589,42.08613481276517,42.34691924000039,16011000
2021-07-09,43.78394317626953,43.84777054436481,42.67607746100049,42.81649767081011,16782000
2021-07-12,44.29183578491211,45.04591365933993,43.15296751200012,43.88789717269999,33142000
2021-07-13,44.133174896240234,44.454134409928066,43.94989815809378,44.253535583455914,11806000
2021-07-14,43.912513732910156,44.861722447805064,43.835920883350674,44.60640947094242,14020000
2021-07-15,43.52499008178711,44.17329534510094,43.140199704103985,44.066611452003364,12624000
2021-07-16,42.67972946166992,43.793066766147625,42.605874054594224,43.681822776645674,13980000
2021-07-19,42.46089172363281,42.48824531915831,41.7241359849447,42.26120073696965,14938000
2021-07-20,42.727142333984375,43.06086731662345,42.24205082431386,42.66331496143969,20727000
2021-07-21,43.67817306518555,43.70188136847208,42.71893288808072,42.82197148377569,13660000
2021-07-22,43.43288803100586,43.675432023388325,43.26693687832312,43.45750765495657,12583000
2021-07-23,44.05475616455078,44.093967390004885,43.47848367478691,43.77026694973082,13489000
2021-07-26,43.971778869628906,44.09761096728748,43.73835156307846,43.96448480978841,11160000
2021-07-27,43.34444808959961,43.93257475722234,42.6551089418666,43.83683369202764,14715000
2021-07-28,43.55325698852539,43.68364919233739,43.24961953982144,43.466632626913785,8359000
2021-07-29,44.14228820800781,44.29912266191738,43.53410208132306,43.62802048913899,9162000
2021-07-30,44.25992202758789,44.345631588668375,43.72832865800344,43.94625306938344,11548000
2021-08-02,44.19426727294922,45.09879686180583,44.08758685560069,44.59273445815285,15619000
2021-08-03,44.38666915893555,44.475116174098844,43.7638912829755,44.26813109735973,11135000
2021-08-04,44.478759765625,44.67753945059309,44.13318058068503,44.54532459433702,12123000
2021-08-05,44.46691131591797,44.71857558433722,44.21342440159188,44.71857558433722,8372000
2021-08-06,44.262657165527344,44.50793865890881,44.135002404163416,44.22983215236682,9964000
2021-08-09,44.19426727294922,44.39030949669165,43.8587161421636,44.35930713086748,5952000
2021-08-10,43.97361373901367,44.355666721417364,43.56967509440487,44.3055161369175,9319000
2021-08-11,44.09123229980469,44.311894152418866,43.74838710733997,44.206121579141474,9816000
2021-08-12,44.15597915649414,44.223455315790154,43.46937732196257,43.975439820853104,8702000
2021-08-13,44.329219818115234,44.5854406510919,43.95992887276621,44.00552283815757,8582000
2021-08-16,44.5097541809082,44.579964288421465,44.16873167108332,44.20794289436779,9188000
2021-08-17,43.64808654785156,44.33469174330475,43.26785624649758,44.27724362451701,16499000
2021-08-18,42.76179885864258,43.50128868918423,42.70526553432876,43.46208093482102,15616000
2021-08-19,43.177581787109375,43.38730078931629,42.186427931805035,42.522890353686144,14044000
2021-08-20,43.32711410522461,43.423769952737864,42.89582199508503,43.11283851236585,10007000
2021-08-23,43.99092483520508,44.331947333237096,43.37544465365767,43.43288928509112,15707000
2021-08-24,43.89793014526367,44.04473312207771,43.78212605790271,43.98637715614928,9429000
2021-08-25,44.078468322753906,44.33924925622447,43.910694490240616,43.910694490240616,10017000
2021-08-26,44.290916442871094,44.50701816986405,43.82223921362688,44.04107490851541,10836000
2021-08-27,45.220985412597656,45.26657590114587,44.37298910794195,44.4979064204644,16459000
2021-08-30,45.48997116088867,46.30696508831336,45.431615197143614,45.59118364423217,19614000
2021-08-31,45.33678436279297,45.70880927502083,44.92555170141235,45.70880927502083,17378000
2021-09-01,44.967498779296875,45.52188566226023,44.94287915011676,45.25107321961028,12586000
2021-09-02,44.852603912353516,45.224628822695394,44.69394679267305,45.20730325513508,16991000
2021-09-03,45.379642486572266,46.13827698053499,45.138921089850605,45.21824791373342,25191000
2021-09-07,45.280242919921875,45.37233519993212,44.77053183741618,45.37233519993212,12398000
2021-09-08,45.078739166259766,45.58115282101444,44.50702671653914,45.55653667023524,13987000
2021-09-09,44.997589111328125,45.47264919909638,44.93923314295506,44.93923314295506,13174000
2021-09-10,45.4224853515625,46.137355320803586,45.27294844366674,45.32218769067594,16110000
2021-09-13,45.49635314941406,45.81640483944415,44.9766139426968,45.77354832055159,14927000
2021-09-14,45.76170349121094,46.08540053830338,45.44165173597387,45.77355764640475,14134000
2021-09-15,46.47930145263672,46.56683714201803,45.53830148761627,45.784494309626915,23346000
2021-09-16,46.261375427246094,46.42550396956559,45.61033267315628,46.06533319493844,17569000
2021-09-17,46.138275146484375,46.2859929147357,45.68236332298817,45.95317575311775,34470000
2021-09-20,45.118858337402344,45.86473083812471,44.53711785721584,45.50000344970568,30105000
2021-09-21,45.09773254394531,45.35124113822321,44.73125018798423,45.32735908135404,16935000
2021-09-22,45.97949981689453,46.20086084672886,45.21071198271327,45.39716792716511,20610000
2021-09-23,46.32025909423828,46.59489219934022,45.97949134095886,46.155845731002245,18370000
2021-09-24,46.3772087097168,46.43048082807596,46.00153936519471,46.133805163401746,10605000
2021-09-27,46.37078094482422,46.45987614850381,45.68465537557201,45.90509838090084,9831000
2021-09-28,45.100494384765625,46.05849571812318,45.05640577701173,45.649760722579785,20124000
2021-09-29,44.959041595458984,45.399002629948555,44.790952696333676,45.34021899205588,15783000
2021-09-30,44.54112243652344,45.421969570713905,44.49979133819685,45.421969570713905,15735000
2021-10-01,44.76340103149414,44.883725822401814,43.858671847432774,44.80932564156452,16052000
2021-10-04,43.71630096435547,44.69083323434675,43.4251332838983,44.54111838695499,20093000
2021-10-05,44.58612823486328,44.98751570052348,43.659356506994015,43.715386142576065,16557000
2021-10-06,44.89474868774414,44.94710632102098,44.06074761578054,44.37579389805898,12042000
2021-10-07,45.36685562133789,45.91612542774909,45.24837034245448,45.24837034245448,13261000
2021-10-08,45.268585205078125,45.74161541351968,45.124378334994056,45.63323163646328,10279000
2021-10-11,45.221736907958984,45.8876525248728,45.084877573261195,45.12070066179039,11186000
2021-10-12,44.573265075683594,45.622197499633906,44.27383188302984,45.54320731843372,20991000
2021-10-13,44.54846954345703,44.58245312424523,44.04696733516603,44.19576419312379,16424000
2021-10-14,45.704856872558594,45.84722768470374,45.08211202096033,45.17763672874742,19233000
2021-10-15,46.22381591796875,46.46354394171542,46.02450098160854,46.32944214758139,25103000
2021-10-18,46.23392868041992,46.29087631948805,45.80223313088035,45.96113501849363,16042000
2021-10-19,46.879638671875,46.92372727723268,46.087883282534705,46.32210334153054,16383000
2021-10-20,46.78779220581055,47.15886813867539,46.70053648889051,46.93567107713569,13458000
2021-10-21,47.22499465942383,47.28377829634279,46.71522346461306,46.790541641832476,11787000
2021-10-22,47.34072494506836,47.88907321868144,47.121199933012896,47.27918380080165,15367000
2021-10-25,47.95245361328125,48.17565064678146,47.31960360151208,47.531777607628236,12416000
2021-10-26,49.03628158569336,49.13915381090476,48.12971659719555,48.242690342341696,24043000
2021-10-27,48.047969818115234,49.238351449730665,47.93315656406425,48.847987086721794,23500000
2021-10-28,48.641326904296875,48.676228481355366,48.07736212780823,48.14257877812343,11872000
2021-10-29,48.83421325683594,48.87830185761691,48.08379254583992,48.08379254583992,15564000
2021-11-01,48.50172805786133,48.91781062123089,48.215153824588064,48.7120660959548,16896000
2021-11-02,49.330204010009766,49.67464377114851,48.375874899680205,48.44659955563099,16262000
2021-11-03,49.81700897216797,49.94743875696529,49.02709325950586,49.51206431050295,14038000
2021-11-04,50.391082763671875,50.43241736143436,49.68383262440296,49.94836423937898,15956000
2021-11-05,51.337154388427734,51.40604306415954,50.50039576386436,50.51784830919879,18674000
2021-11-08,51.33989715576172,51.79363867740339,51.261824980801144,51.61728427878048,17231000
2021-11-09,51.23427200317383,51.61085938508981,50.989950432066905,51.361944302155536,15838000
2021-11-10,50.40486145019531,51.51901056969408,50.33873029619108,50.912796645245514,18450000
2021-11-11,51.013824462890625,51.17180830896033,50.40852863996086,50.764909419118574,14157000
2021-11-12,51.73210144042969,51.97275100174367,50.939431595986306,51.290300912843996,13592000
2021-11-15,51.96632385253906,52.142678272495715,51.420733059510546,52.142678272495715,13972000
2021-11-16,52.24187469482422,52.31168136032287,51.6880148827794,51.81201517851787,13194000
2021-11-17,52.32177734375,52.47976119139973,51.81292422599455,52.1840000398115,12532000
2021-11-18,52.79664611816406,52.97300051572542,52.321780052982945,52.45588185418031,12712000
2021-11-19,52.237281799316406,53.01709260163671,51.981015703562875,52.93166940177794,19612000
2021-11-22,50.81911087036133,52.54222801903835,50.74563219541002,52.5091624401191,25898000
2021-11-23,50.988121032714844,51.05608819821263,50.3828250361565,50.740123919261514,17109000
2021-11-24,51.3196907043457,51.3518382766717,50.27810235333824,50.81451306615608,12084000
2021-11-26,50.204627990722656,51.18834729199659,49.904276788167756,50.680412101908125,14219000
2021-11-29,51.83496856689453,52.12981172722306,50.855842885804975,51.08730540076418,18703000
2021-11-30,50.855838775634766,51.89466950832314,50.70153044479983,51.736685667973084,22574000
2021-12-01,50.955055236816406,52.21524384425106,50.82370741115029,51.755990711012615,21980000
2021-12-02,50.742862701416016,51.35458803031687,49.96672751841285,50.15685542824713,22619000
2021-12-03,51.263668060302734,52.263003950743794,50.554581865676234,51.890088557141354,20305000
2021-12-06,51.89375686645508,52.20513106837538,51.06434599873403,51.86344529724702,22482000
2021-12-07,54.22860336303711,54.47384293277918,52.53855192476936,52.53855192476936,29562000
2021-12-08,54.05960464477539,54.27821169001323,53.496561248653364,54.27821169001323,17998000
2021-12-09,53.587486267089844,54.21390674817396,53.49839105620168,53.49839105620168,29080000
2021-12-10,58.02020263671875,59.22068958721452,56.81787968280797,57.31295239754987,57087000
2021-12-13,57.099853515625,58.271868257096365,57.06035842400697,58.233291167075556,26898000
2021-12-14,56.479862213134766,56.820626506185505,55.628405225569374,56.74898383999859,35956000
2021-12-15,58.77153396606445,58.86338317859151,56.06010414746169,56.540481765782914,29092000
2021-12-16,57.00984191894531,58.84501826312914,56.166653924208845,58.54190954396812,42748000
2021-12-17,58.32146453857422,58.78347511842323,56.497311283507585,56.720508304165726,50661000
2021-12-20,59.24639892578125,59.34376315361239,57.4148981934236,57.5260394524852,32770000
2021-12-21,59.73725128173828,60.035824804356366,58.541102390707344,59.9091835357988,36534000
2021-12-22,60.565486907958984,60.746671986827195,59.09202434323523,59.467325209862125,28383000
2021-12-23,61.452911376953125,62.00106493122295,60.65146821314196,60.65146821314196,23596000
2021-12-27,62.32920837402344,62.51592963431396,61.421463489004,61.45289635866387,19442000
2021-12-28,61.841148376464844,62.650906385012426,61.659046446133566,62.631490924178145,17247000
2021-12-29,62.174842834472656,62.58064213795714,61.85223450394442,61.915093196887725,14797000
2021-12-30,61.478790283203125,62.46048052299095,61.36416642749204,62.220139270374325,11473000
2021-12-31,61.50929260253906,62.05467450515574,61.311477765388915,61.653494533987924,12046000
2022-01-03,61.31610107421875,62.09073073939471,61.12198172086228,61.59341846614185,22591000
2022-01-04,62.018638610839844,62.13603410704056,60.75315663034819,61.27543470716185,21103000
2022-01-05,59.437747955322266,62.045428021183305,59.34622801445705,62.045428021183305,34961000
2022-01-06,58.88588333129883,59.96001365015899,58.64554565425318,59.17521453336571,28581000
2022-01-07,57.23310089111328,59.152117735486186,57.16931832023358,58.77681682873595,27832000
2022-01-10,57.41890335083008,57.50024658302486,55.79291321367895,56.281914112092856,29793000
2022-01-11,57.50117111206055,58.05117588091974,56.80973251550991,56.8993976622485,19037000
2022-01-12,57.496551513671875,58.3275691850772,57.287639608558266,58.00588469767921,18806000
2022-01-13,55.203155517578125,58.04007981564143,54.92214267492151,58.002183351504115,30048000
2022-01-14,55.12735366821289,55.49802811490678,54.72339860214575,55.07281336943708,25661000
2022-01-18,53.409847259521484,54.63465366305329,53.243458278787706,54.38322244419048,35825000
2022-01-19,52.13235855102539,54.05137531997482,52.07319887888965,53.76019632929657,22692000
2022-01-20,50.63023376464844,52.702698067314955,50.54241637495287,52.504879735138125,25225000
2022-01-21,49.29081344604492,51.34016706387471,49.11610251771722,50.530409098361524,38010000
2022-01-24,50.06267166137695,50.24107808673321,47.45776294982966,49.07450726657848,54256000
2022-01-25,49.374935150146484,50.415788640465784,48.4579477881259,48.80736261584019,38158000
2022-01-26,51.49916076660156,53.07522990993436,50.84746990170997,51.02587632347006,49715000
2022-01-27,50.130149841308594,52.71379887689154,50.011830490994136,52.66388146844392,34183000
2022-01-28,51.77462387084961,51.8115999897209,49.21316194788327,50.22720891107753,30254000
2022-01-31,54.15768814086914,54.20298265668976,51.39563244498824,51.70992243335542,40288000
2022-02-01,54.789955139160156,54.89903221515526,53.22775123269849,54.15675588974081,25719000
2022-02-02,55.779972076416016,55.90661334783129,54.87407829494209,55.370473713432666,24443000
2022-02-03,53.692710876464844,55.372313687817254,53.62523281694545,55.06264666070218,30602000
2022-02-04,54.553321838378906,55.142154075370506,53.25733800301203,53.27952508716969,20548000
2022-02-07,54.31945037841797,55.608963465117405,53.99868976790656,54.5533174600144,18671000
2022-02-08,55.48323440551758,55.6339104752384,54.26027929678142,54.38876828878908,14570000
2022-02-09,56.51115798950195,56.54628636104298,55.607111963545954,56.142331245742305,22004000
2022-02-10,54.66423416137695,56.81619380244719,54.40632877805014,55.028437932436525,24920000
2022-02-11,53.00589370727539,55.440717548059254,52.60471380499472,54.6642367916023,27281000
2022-02-14,53.482887268066406,53.87389757915541,52.696236696765325,53.15195698223157,19291000
2022-02-15,55.718963623046875,56.02123616931005,54.376761524357036,54.44886248857168,34284000
2022-02-16,55.20500183105469,55.53777981752873,54.28154397646016,54.91381932977168,22931000
2022-02-17,53.52170944213867,54.68458124991247,53.51153977507997,54.510797719519154,21424000
2022-02-18,53.613216400146484,54.32961012427401,52.992954934214,53.7010337927842,19708000
2022-02-22,53.379356384277344,54.557944732330434,52.67220478594035,53.61322701086807,20204000
2022-02-23,52.245140075683594,54.08281028234583,52.203541057703866,53.63540838328398,22416000
2022-02-24,53.61414337158203,54.14011683137205,50.75040900505224,50.987051220881206,35316000
2022-02-25,54.35457229614258,54.4812135602186,53.05951603484193,53.598430786435685,22380000
2022-02-28,54.301876068115234,54.75112561388157,53.279510877195314,53.70657334472142,25005000
2022-03-01,52.70085525512695,54.31852337794291,52.25530114748211,54.05692245843227,24898000
2022-03-02,54.1484375,54.5875209807783,53.02069407606381,53.10758407718699,21771000
2022-03-03,53.4847297668457,54.880544687752305,53.09001694569305,54.87869693976878,26454000
2022-03-04,55.09223175048828,56.00921906128759,53.98482412424417,54.79642984716423,44757000
2022-03-07,52.75447082519531,55.35013376600449,52.68976437910939,55.19299054729206,26494000
2022-03-08,53.239768981933594,55.097774781472246,52.0990808098402,52.89035067121564,26993000
2022-03-09,55.18744659423828,55.61451268644536,54.261216967632535,54.42668211374416,22560000
2022-03-10,54.32869338989258,54.5403769182503,53.278597667227814,54.12810340287538,19323000
2022-03-11,53.41539764404297,54.94802341303231,53.34791958379614,54.72339862646337,19813000
2022-03-14,52.48639678955078,53.612295951186,52.20446006213706,53.33313084580178,25234000
2022-03-15,54.79365539550781,55.163405992450826,53.15565147072099,53.361788213104376,28260000
2022-03-16,56.12107467651367,56.17561145872482,53.9894467487656,55.153246024659055,29454000
2022-03-17,55.70970916748047,56.10996872019943,55.24382283154914,55.89920910460543,18174000
2022-03-18,56.4251823425293,56.68400808396091,55.09222272168398,55.82987961100034,41538000
2022-03-21,55.95801544189453,56.35911791067126,54.801238960812675,56.35911791067126,25789000
2022-03-22,56.89329147338867,57.09430774279749,55.77560153856847,55.99802479991582,19262000
2022-03-23,55.78025817871094,56.896087920456026,55.75978485731702,56.58246304930934,13839000
2022-03-24,58.2976188659668,58.37113750584974,56.02408270697555,56.45496321109799,26016000
2022-03-25,58.524688720703125,58.66800550511937,57.705731102505695,58.35810470306755,14538000
2022-03-28,58.89788055419922,58.93697050721905,57.30649949159017,58.24644050523552,14427000
2022-03-29,59.69729995727539,60.05465832033279,58.629861275309004,59.560493993964705,23001000
2022-03-30,58.731292724609375,59.95972744942738,58.38137538482262,59.455324760147285,18626000
2022-03-31,58.60007858276367,59.467431072616556,58.44838712798969,58.67453090295651,21731000
2022-04-01,58.34880828857422,59.05515742716761,57.57731159766146,58.78713334646315,16267000
2022-04-04,59.08121109008789,59.25523964163183,58.119866735314595,58.296685651019075,16484000
2022-04-05,57.15201187133789,58.84018230338208,57.0477814676098,58.58798093719519,19778000
2022-04-06,56.02408981323242,56.91656624069671,55.2581773609926,56.03153433529479,23742000
2022-04-07,56.12179946899414,56.54895949342814,55.20884982167921,55.82213707693209,16583000
2022-04-08,54.628135681152344,55.7067392604383,54.532279924567796,55.59413066820609,20464000
2022-04-11,54.03346252441406,54.8403215636017,53.923647844398786,54.21679584822193,23512000
2022-04-12,54.44852828979492,55.7067448295261,54.178643950119444,54.82450328226646,17350000
2022-04-13,55.143707275390625,55.53178091107836,54.539724768238514,54.76772876820233,20266000
2022-04-14,53.404354095458984,55.56435527292506,53.3122223701405,55.37171362901777,27385000
2022-04-18,54.58161544799805,55.02087424567911,53.31130010679431,53.31130010679431,21375000
2022-04-19,55.6164665222168,55.71697288358027,53.9171311922864,53.9171311922864,16581000
2022-04-20,55.625770568847656,57.0877935724085,55.38473777888009,56.228819379496464,13920000
2022-04-21,55.16139221191406,57.314879113434884,54.96875410696679,56.3535346313901,20352000
2022-04-22,54.623477935791016,55.72069452147083,54.55926406181579,54.91755958618687,21064000
2022-04-25,54.71003341674805,54.791930258662354,53.15029423492053,54.11535917906689,26959000
2022-04-26,52.121944427490234,54.48482216284495,52.088442304259296,54.330336797313784,35809000
2022-04-27,52.072608947753906,53.053496386247716,51.6501031326346,51.723621764425296,19313000
2022-04-28,53.878047943115234,54.4438706385221,51.92651114917685,52.668226199895315,22334000
2022-04-29,51.593345642089844,53.816627112207854,51.50121391333654,53.28989079168095,26108000
2022-05-02,53.63700485229492,53.7570579551255,51.77853368735106,51.84926195915794,26725000
2022-05-03,54.085575103759766,54.6048668425302,53.21077819175195,53.605369763604706,17064000
2022-05-04,56.17857360839844,56.2167298892199,53.4164536460378,54.1432796745065,23896000
2022-05-05,53.97576141357422,55.639730849393175,53.44530110835772,55.30098205521455,32806000
2022-05-06,53.98599624633789,54.90546385121923,52.993013550039656,53.50579089789299,20745000
2022-05-09,52.387176513671875,53.79057010536734,52.14055941272174,53.31408519065373,30074000
2022-05-10,54.106056213378906,55.014355376372535,53.213579766434975,54.02229912570548,29271000
2022-05-11,52.777103424072266,54.413158527011696,52.660774350375576,53.47228750211893,26660000
2022-05-12,53.19217300415039,53.38202073433269,51.95349972537956,52.43184486179753,25518000
2022-05-13,54.743534088134766,55.05529516169678,53.37177897431482,53.70215667624186,19449000
2022-05-16,54.22517013549805,54.827292403815534,53.757993575303324,54.384309650862114,14189000
2022-05-17,56.59642791748047,56.675534397202306,55.24328926957235,55.41452393020616,24676000
2022-05-18,53.09911346435547,55.90497071083236,52.6905664432591,55.83796645751363,35024000
2022-05-19,50.83208084106445,52.185222832802765,50.15737363802049,51.92929745229281,34884000
2022-05-20,50.551029205322266,51.64917588735116,47.68933343266289,51.54773586119045,40281000
2022-05-23,48.984779357910156,49.841889773339176,47.85871120586029,48.7651500059509,58586000
2022-05-24,48.78376770019531,49.218375869891084,48.03833207875302,49.01270540458946,25060000
2022-05-25,49.4752197265625,50.01684858672493,48.75584182728654,48.75584182728654,17842000
2022-05-26,51.24622344970703,51.61009976634062,49.11134961905224,49.4668512919763,39743000
2022-05-27,54.28193664550781,54.484816707678945,52.1163549305755,52.30992667884217,37301000
2022-05-31,53.98879623413086,54.630931530455456,53.60444304779149,54.39548298682773,30009000
2022-06-01,53.38294982910156,54.994807687017975,52.89995054459181,54.68211292851281,18345000
2022-06-02,53.673301696777344,53.7691574462105,52.87202701133755,53.76729720352678,29488000
2022-06-03,52.424400329589844,53.00883611362342,52.20663120524626,52.94090174624969,20562000
2022-06-06,52.22990036010742,53.29919572003092,51.886497374543666,53.18752078937913,14557000
2022-06-07,53.32431411743164,53.468561026205954,51.88555486478568,52.16567759031596,15895000
2022-06-08,52.614253997802734,53.62957398773278,52.31459155020678,53.21544268620621,24004000
2022-06-09,51.763648986816406,53.38480799611343,51.73665771564023,52.22338101707335,18787000
2022-06-10,50.37234878540039,51.281577926396324,50.22810187109648,51.19316669500666,24018000
2022-06-13,48.171417236328125,49.60272884503573,48.022516126383806,49.023877244536195,31619000
2022-06-14,48.408721923828125,48.85542876566286,47.889430101558254,48.85542876566286,24380000
2022-06-15,49.01735305786133,49.679961622308575,47.975972067671584,49.244426938939625,19141000
2022-06-16,46.26919937133789,47.874543054066876,45.81319129514458,47.643745101170964,37244000
2022-06-17,46.40599822998047,46.565134196424374,45.40277351599045,46.066315753800296,43504000
2022-06-21,47.271156311035156,47.94113744373401,47.18858409221335,47.300247017744226,21901000
2022-06-22,46.55144500732422,47.27115632209238,46.37315659584343,46.57115022948133,24721000
2022-06-23,46.59648895263672,47.08161329709063,46.07382982661779,47.08161329709063,16707000
2022-06-24,47.770355224609375,48.02464742817805,47.053457462101434,47.38657054829538,21201000
2022-06-27,47.453189849853516,48.234833805910846,47.18200951744395,48.21231508904304,13207000
2022-06-28,46.7719612121582,48.245167411999134,46.74005700515572,48.10066243761452,15667000
2022-06-29,46.01752853393555,46.53549492728178,45.66658583657301,46.49327098184933,14444000
2022-06-30,45.58588790893555,46.32999722677444,45.10732839797176,45.794201290987466,18890000
2022-07-01,44.8380241394043,45.44137982382845,44.04887379201526,44.985346188217434,21315000
2022-07-05,44.69351577758789,44.75263144324829,43.53090052723962,44.29002585542187,20711000
2022-07-06,45.28561019897461,45.702236902177006,44.61844262666397,45.09043366090658,22975000
2022-07-07,46.7803955078125,47.04782451164611,45.80169935179571,45.80169935179571,21319000
2022-07-08,46.794471740722656,46.88267810572933,45.97904788845347,46.25961371491191,12713000
2022-07-11,45.30906677246094,46.13105903068531,45.132657622137074,45.93119333019055,21449000
2022-07-12,45.16925811767578,46.22302036065213,45.0472718768486,45.77449300008964,21159000
2022-07-13,45.20303726196289,45.56993023158798,44.31723654550692,44.56965309547914,17665000
2022-07-14,45.476104736328125,45.66752641023626,44.42421441373446,45.27060483358365,19957000
2022-07-15,46.397552490234375,46.42382611860499,45.615908466695174,46.0569331539277,18714000
2022-07-18,46.078514099121094,47.14354104103034,45.80920940797809,46.932410601770854,18042000
2022-07-19,47.76190948486328,47.98241823430933,46.53173461625506,46.61712390278389,27257000
2022-07-20,48.02183532714844,48.56983381189424,47.33684169560826,47.8125841176139,27412000
2022-07-21,48.5764045715332,48.58859997516323,47.482290373249654,48.09503155123231,13912000
2022-07-22,48.09221267700195,48.77439281834867,47.54421776571029,48.68243511140721,17867000
2022-07-25,48.14757537841797,48.167280600664036,47.530141501860925,47.89891372919183,15061000
2022-07-26,47.958030700683594,48.494764458230456,47.754406485754146,48.29020599023177,17958000
2022-07-27,49.52506637573242,49.750271461231485,48.50602186519348,48.62519102527351,25699000
2022-07-28,50.07118225097656,50.344241832974326,48.84851362241352,49.600132637000144,14867000
2022-07-29,50.24665451049805,50.46716684343423,49.75777533227221,49.91823417177176,18482000
2022-08-01,50.330162048339844,50.651076109024785,49.773719625201785,49.866618720792076,11485000
2022-08-02,49.84598159790039,50.595721434521025,49.47252021814388,50.034589742598136,13072000
2022-08-03,51.30323791503906,51.42146924658315,50.119041775486984,50.22882903463893,19228000
2022-08-04,51.87187194824219,51.90471398230983,51.14089954748432,51.45993798393282,16293000
2022-08-05,51.7442626953125,51.79680995385634,50.97856895722578,51.13058373759634,14357000
2022-08-08,51.189701080322266,51.88970718864635,50.552561970093365,51.5481499969227,13722000
2022-08-09,49.995182037353516,50.60980243284798,49.521318858084726,50.585404467642014,20072000
2022-08-10,51.647605895996094,51.70484588972822,50.599470772196995,51.2394232804464,19519000
2022-08-11,51.18031311035156,52.33823560413503,51.06958802023884,51.97978670494006,14268000
2022-08-12,52.38139724731445,52.39828539066151,51.20095253838987,51.40363531514708,18399000
2022-08-15,52.44989776611328,52.527780819025494,51.65605475772315,52.006059579570554,14329000
2022-08-16,51.76396560668945,52.354184406418696,51.234738135186554,52.314773964269975,14782000
2022-08-17,50.53847885131836,51.11274728768098,49.8300252095483,51.08084308793717,19022000
2022-08-18,52.402034759521484,52.600024773520566,50.823730903168894,50.99075813113435,23459000
2022-08-19,51.461822509765625,52.13274153225162,51.40927524620961,51.68984112255729,16923000
2022-08-22,49.615150451660156,50.96073970691043,49.45563300998208,50.91194735776058,18555000
2022-08-23,49.711788177490234,50.447453192813036,49.63015023292755,50.09369353905825,9003000
2022-08-24,49.8112678527832,49.854433209249194,49.11689229598644,49.69116084798513,11883000
2022-08-25,51.621337890625,51.654179926750004,49.94451122416258,50.05617414698758,17345000
2022-08-26,48.87479019165039,51.70203303720496,48.79409364208316,51.500288083773505,25682000
2022-08-29,48.247982025146484,49.05120705552969,48.043423542063934,48.794101307819915,16580000
2022-08-30,47.516998291015625,48.597975450886075,47.04782435049263,48.4975701085424,18282000
2022-08-31,46.833885192871094,47.870759277282495,46.59272979156518,47.870759277282495,32445000
2022-09-01,46.16765594482422,46.28776293153846,45.1195207801723,46.1169843556269,31930000
2022-09-02,46.93804168701172,48.77626502181825,46.75788119578582,48.60642426785575,40426000
2022-09-06,46.74849319458008,47.29273670758678,46.01376588382633,46.77945956372994,24738000
2022-09-07,47.39877700805664,47.802266968688684,46.83107684937989,47.19046361981883,20440000
2022-09-08,48.03684616088867,48.112849966162145,46.79541010693813,47.16136522566555,22535000
2022-09-09,49.0192985534668,49.354287311657,48.366205601625396,48.366205601625396,23019000
2022-09-12,49.64423751831055,49.850675223302474,49.221983782846756,49.42748007577715,18157000
2022-09-13,47.25989532470703,48.63175811579404,47.07503851924614,48.21606923601996,35136000
2022-09-14,47.92612075805664,48.13724760837537,47.177318802459595,47.58643926899479,20605000
2022-09-15,46.93052673339844,48.0021183155836,46.662159921677855,47.7553359659317,36574000
2022-09-16,47.151981353759766,47.26364426557478,45.9659096810588,46.70345046211107,59012000
2022-09-19,47.090049743652344,47.2354961037826,46.393798629805566,46.393798629805566,17948000
2022-09-20,46.26618576049805,46.807612235668216,45.95277787550761,46.54205886680959,17132000
2022-09-21,45.62086868286133,47.299454581305746,45.585856257741696,46.458268434457224,20669000
2022-09-22,45.192230224609375,45.72210894893081,44.756022363876944,45.648304927975765,23540000
2022-09-23,44.347259521484375,45.228186545480504,43.71518781242576,44.94053602102587,29649000
2022-09-26,43.739784240722656,44.78440683383328,43.64989256201818,44.37563864646394,19361000
2022-09-27,43.97540283203125,44.46175797164906,43.19572293795009,44.429589850318855,17850000
2022-09-28,44.08989715576172,44.353890878996424,43.18058103075133,43.6527435035607,27605000
2022-09-29,42.59203338623047,43.65558099255121,42.09526840110405,43.611107990489515,39997000
2022-09-30,42.012943267822266,43.319668232868764,41.97793084544635,42.49077981410766,27202000
2022-10-03,43.22126007080078,43.6158320087484,42.29301942595784,42.50781160547234,21479000
2022-10-04,45.40513610839844,45.43352144277363,44.08043182478147,44.33023287396375,27277000
2022-10-05,45.872554779052734,46.18385850984081,44.61030288437373,44.713441533611814,18493000
2022-10-06,45.37106704711914,46.33620799437553,45.29726302168578,45.77699460129512,17250000
2022-10-07,43.57136535644531,44.78819876629975,43.433217873241084,44.69736137277644,28425000
2022-10-10,41.41587829589844,43.53540029586899,40.86139344899826,43.52593972325186,33454000
2022-10-11,40.75920486450195,41.510499233971906,40.26906345275087,41.179325043280606,28046000
2022-10-12,40.74122619628906,41.22852691420415,40.49899438183495,40.90018980934483,15046000
2022-10-13,41.44143295288086,41.990236487871464,39.274596925637184,39.496958316622376,27980000
2022-10-14,40.41288375854492,42.0082046851817,40.34759462472286,41.94386124757046,22816000
2022-10-17,41.19541931152344,41.75085000276794,41.00807032564262,41.590940655270785,24120000
2022-10-18,41.144325256347656,42.44253197814025,40.70243952702117,42.41036024834098,20341000
2022-10-19,41.188785552978516,41.472653269739595,40.770560377021596,40.9929217373714,12702000
2022-10-20,40.71567916870117,41.84073298404503,40.51129685875791,41.17270317936426,23402000
2022-10-21,42.55418014526367,42.642180445189105,40.60875989710075,40.88505485026286,26980000
2022-10-24,43.196659088134766,43.411451275405355,42.684755816272386,42.83804164511303,25287000
2022-10-25,43.532562255859375,43.929025572310195,43.225987010655075,43.33574914206636,18246000
2022-10-26,43.63759994506836,44.63869544174907,43.085010015529136,43.335756737926324,29291000
2022-10-27,43.09068298339844,44.54501597632876,43.044318595638764,44.09840185205626,18512000
2022-10-28,44.74656295776367,44.882815427840974,43.11433792023881,43.23829272777629,23094000
2022-10-31,44.48351287841797,44.73804235615812,43.99999494319533,44.1741005271592,19259000
2022-11-01,44.27345657348633,45.118425497695554,43.825896718093205,45.02096823286327,16324000
2022-11-02,43.15029525756836,45.46095273347805,43.12096062250854,44.498652535748555,21070000
2022-11-03,42.023353576660156,42.850347072671816,41.76220058544207,42.66867589741512,23887000
2022-11-04,44.02743148803711,44.36712414602273,42.89008011779699,43.22882707950813,28891000
2022-11-07,44.96607971191406,45.20452512328151,43.67449679081249,44.16652597345165,17687000
2022-11-08,45.6180305480957,46.25105162031062,44.80333829363902,45.53665733610988,20743000
2022-11-09,44.42200469970703,45.323751390385716,44.38037240525058,45.27643769906136,23695000
2022-11-10,47.93247604370117,47.98924670629633,46.09870928559269,46.459214543562794,33970000
2022-11-11,49.02251052856445,49.1086194320066,47.50005126154737,47.7649906274366,26728000
2022-11-14,48.561702728271484,49.67823804658756,48.5408865798839,48.76703434213929,21608000
2022-11-15,49.621463775634766,50.3926285633418,48.81623226447091,50.145664670682805,23315000
2022-11-16,48.42071533203125,49.06508824554693,48.28351356855576,48.892877671360104,25405000
2022-11-17,48.4566764831543,48.51628784393101,47.60792115726152,47.78391815030493,20375000
2022-11-18,48.745269775390625,48.988447295514334,48.351643512984985,48.90707409319184,14536000
2022-11-21,48.96100616455078,49.283665484380705,48.36205191239319,48.53520819088747,18622000
2022-11-22,50.1541862487793,50.17594809327869,49.1095635698881,49.48426506526664,18920000
2022-11-23,50.49387741088867,51.23571125204984,50.03591130394581,50.182573652971264,13964000
2022-11-25,50.14094161987305,50.58282367157892,50.10025501800875,50.21474564296737,7455000
2022-11-28,49.412353515625,50.03212393018647,48.84746236644461,49.69905472385663,23505000
2022-11-29,49.33477020263672,49.7567818518812,48.714054002339275,49.48711035844399,12694000
2022-11-30,52.139347076416016,52.19895843164371,48.99790987029684,49.592132029892035,47349000
2022-12-01,52.11285400390625,52.27087192412315,51.281128496437226,52.13934794000182,23006000
2022-12-02,51.17137145996094,51.35115123020911,50.72475731872884,50.8165404013853,19320000
2022-12-05,50.21002197265625,51.04647973977549,49.722721145887135,50.88467539204077,18548000
2022-12-06,49.75394821166992,50.4872637084026,49.36883674690602,50.2109687107756,19655000
2022-12-07,49.061302185058594,49.67634407937631,48.82948025668931,49.165386531130316,16524000
2022-12-08,50.25164794921875,50.37843984247103,49.23919336733592,49.27988357750568,27514000
2022-12-09,51.54228210449219,52.29168506193095,51.190288165606766,52.130830061905414,37028000
2022-12-12,52.66923141479492,52.69194256751378,51.307627062542984,51.54512681247863,23416000
2022-12-13,54.0327262878418,55.05463783722002,53.46404874446547,54.485018207008345,40414000
2022-12-14,54.354434967041016,55.41514162786736,53.71952264077778,53.79711304984977,35218000
2022-12-15,52.798858642578125,53.602195202417924,52.770473314097806,53.34577072116532,36876000
2022-12-16,52.601104736328125,52.96918278273747,52.12421384755645,52.74682139678613,49549000
2022-12-19,52.440818786621094,53.09438267545067,52.06775874785504,52.85967284686789,25092000
2022-12-20,51.905555725097656,52.38070413091435,51.609779955275876,52.01527647027759,29831000
2022-12-21,53.54758071899414,53.61246103375487,52.1851086675995,52.253803330496055,25619000
2022-12-22,52.77093505859375,52.94744694254875,52.20896652638722,52.79574288177946,27553000
2022-12-23,52.707969665527344,52.82150841327638,52.23282119810818,52.476120594510796,13761000
2022-12-27,52.813873291015625,53.24990282340914,52.184160022676195,52.62400390356677,16677000
2022-12-28,51.98855209350586,53.21744896736773,51.75574950750404,52.63257992190431,15410000
2022-12-29,53.22127914428711,53.67829853066599,52.52382476571928,52.652631825567404,18176000
2022-12-30,53.34722137451172,53.396837023727485,52.28625011504921,52.64976700154592,14376000
2023-01-03,52.808143615722656,54.152486606967415,52.55148675505354,53.90728007010199,20173000
2023-01-04,53.453128814697266,54.20878841514807,53.05145023602695,53.71551087316252,17074000
2023-01-05,52.955081939697266,53.414965720257975,52.5829791317972,53.02091584936995,16277000
2023-01-06,56.142765045166016,56.38797159938553,53.64967341935682,53.727911238143875,35261000
2023-01-09,55.04171371459961,57.40600159976709,53.483650862674814,56.51199924914785,37739000
2023-01-10,54.854713439941406,54.87379610006892,52.47516068068315,54.5751595663815,44635000
2023-01-11,55.160980224609375,55.180062884015555,54.0856980265695,54.670567160770545,22502000
2023-01-12,55.5235481262207,55.826002661700585,54.74308439744703,54.91768546815751,19514000
2023-01-13,55.24303436279297,55.52258821737891,55.020724845059014,55.06652249832762,19647000
2023-01-17,55.26593017578125,55.84984569278627,54.81749680202069,54.85184777096388,15835000
2023-01-18,54.79365539550781,56.05976069481819,54.73927181169715,55.64472099379549,15703000
2023-01-19,53.73745346069336,54.39006740194698,53.459806732486484,54.30037925401984,22692000
2023-01-20,54.458763122558594,54.51410393562142,53.345315426813464,53.71932905990447,22950000
2023-01-23,55.49396514892578,55.79546607785813,54.36334576454249,54.57515855649964,23429000
2023-01-24,55.8183708190918,55.97675364148166,54.92150752331099,55.18961474469403,13825000
2023-01-25,55.88038635253906,56.003464602739996,54.960622472318846,55.116140882326995,13766000
2023-01-26,57.11117935180664,57.30009147121486,55.93571241460874,56.331669363406924,24525000
2023-01-27,56.38701629638672,57.17511234329118,56.31068929378832,56.60932583425855,19344000
2023-01-30,55.47679138183594,56.25534421958801,55.31554782584675,55.62467744041011,16984000
2023-01-31,55.81645202636719,56.028264803580186,55.409048369460585,55.53594459046428,23719000
2023-02-01,57.509056091308594,58.038588117406405,55.59606204783493,55.6790678034689,26553000
2023-02-02,57.79719161987305,58.50037108136196,57.222815563987815,57.9746570824131,24188000
2023-02-03,57.01959228515625,58.01377594181049,56.888878065906006,57.05584679141987,19093000
2023-02-06,57.37071228027344,57.55389928752634,56.50819632380967,56.61123833295586,18709000
2023-02-07,58.6253662109375,58.8696191890368,57.21996072944758,57.30964887688418,24025000
2023-02-08,57.409820556640625,58.217952777484285,57.305821339944295,57.884011707591895,15290000
2023-02-09,57.19037628173828,58.67115495949596,56.81540912770094,58.44884543862585,18837000
2023-02-10,56.60264587402344,57.09973770611764,56.25725809644441,56.89460365903312,21035000
2023-02-13,57.35353088378906,57.387878216632714,56.62363641219146,56.76961530651098,19847000
2023-02-14,57.467071533203125,57.7790655796949,56.60932721203822,56.690425791661994,17571000
2023-02-15,57.98039245605469,58.03668321934035,56.93182139499763,57.13791270369329,12683000
2023-02-16,57.298194885253906,58.09964843975133,57.203738808095686,57.31823113312521,17449000
2023-02-17,56.825904846191406,57.32776824874543,56.52631472772983,57.24666967355608,14215000
2023-02-21,55.485382080078125,56.58737935130929,55.323184923120024,56.292560795795424,22737000
2023-02-22,54.9730224609375,55.63326501558306,54.58469779771363,55.55312002871242,23475000
2023-02-23,55.701011657714844,55.905192119747085,54.735450154434346,55.887063046476925,18939000
2023-02-24,55.123775482177734,55.36134605305505,54.72877205172144,55.10278200780364,15353000
2023-02-27,55.858428955078125,56.27346856674946,55.74489023658359,55.89850508360332,18321000
2023-02-28,56.701881408691406,57.111195972723905,55.546450379400426,55.86894119343296,27822000
2023-03-01,56.633174896240234,57.0758831461847,56.32118086579266,56.67420461713984,15484000
2023-03-02,57.117862701416016,57.336354231044176,55.923313010729345,56.234353433685705,27525000
2023-03-03,60.37234115600586,60.65571302648937,58.7493978027853,58.93544919540737,46088000
2023-03-06,60.38760757446289,61.44953237960068,60.274068833498305,60.586062884282896,24983000
2023-03-07,59.64625930786133,60.660479221177376,59.48978731774663,60.57365548308834,19334000
2023-03-08,60.32463455200195,60.36947498178742,59.505051949733094,59.897190971284765,20912000
2023-03-09,59.395328521728516,61.295922197722305,59.3342661919683,60.11663707356792,21775000
2023-03-10,58.66162109375,60.12427084013967,58.469844536920064,59.93631227135541,26098000
2023-03-13,58.818084716796875,59.57374051205158,57.90309254702426,57.92312879220954,22364000
2023-03-14,60.34371566772461,60.43054304841485,59.01177651423139,59.47833901856158,25893000
2023-03-15,59.731178283691406,60.115684984888155,58.79233174651275,59.88669669302309,22963000
2023-03-16,60.72917175292969,60.783555327492856,58.94593499813936,59.33139887387633,31716000
2023-03-17,60.2015495300293,61.02208567659366,59.83040036212172,60.72917431943531,79303000
2023-03-20,61.417091369628906,61.51536179059259,60.26166051674484,60.37042767452554,25857000
2023-03-21,61.19028854370117,62.13588857803849,60.95773125300291,61.799547661227614,25000000
2023-03-22,60.630043029785156,62.319442352825334,60.60602077137973,61.20470765242386,25799000
2023-03-23,61.42862319946289,62.28869931595601,60.68866938416979,61.39691000281734,27162000
2023-03-24,61.13456344604492,61.43534942138322,60.40229690794389,61.31330622031361,17228000
2023-03-27,60.237972259521484,61.41613352879963,60.15628996982876,61.40652535712363,14707000
2023-03-28,60.032325744628906,60.20914396352782,59.47111467427038,60.08325528634559,12439000
2023-03-29,60.10919952392578,60.926993832140944,60.026556787370644,60.80879243054922,26395000
2023-03-30,60.902008056640625,61.12303265584063,60.474372948169034,60.80398711294884,21523000
2023-03-31,61.65060806274414,61.715955356899585,60.148599076903,60.593533281633654,22097000
2023-04-03,61.73998260498047,61.87740034991181,61.160511997432806,61.40652297338642,15682000
2023-04-04,60.96543502807617,61.91007847685889,60.733838138955434,61.80533071248679,13429000
2023-04-05,60.446502685546875,60.70500317455866,60.12841760653569,60.65118861929896,16908000
2023-04-06,59.83435821533203,60.387881971399956,59.481678590178696,59.98042734069567,14493000
2023-04-10,60.29082489013672,60.3369521779028,59.23951644048278,59.39327284442244,15400000
2023-04-11,59.731536865234375,60.62620753628965,59.659462750835964,60.61659569925426,16518000
2023-04-12,59.2635383605957,60.30331773169947,59.221256541154474,60.28602229003797,14112000
2023-04-13,59.98811340332031,60.205296185983805,59.302934624944896,59.49128922965472,17265000
2023-04-14,59.53645706176758,60.35233048702112,59.1203546864472,59.62679073633364,17465000
2023-04-17,60.28794860839844,60.382124092970045,59.37021236038235,59.44709240173835,13201000
2023-04-18,60.76458740234375,61.07017930966372,60.265842288566525,60.697319204611915,16806000
2023-04-19,60.97407531738281,61.19413944129342,60.113999278539815,60.23316111845317,19060000
2023-04-20,60.831844329833984,61.76495853599004,60.26679157357317,60.335980659609675,20239000
2023-04-21,60.820316314697266,60.90680450666415,59.77188939084962,60.59929174985772,14807000
2023-04-24,60.97792053222656,61.39210197793957,60.713653678158686,60.891432331696336,12338000
2023-04-25,59.774776458740234,61.11726263049861,59.74786918159237,60.925066222653165,23670000
2023-04-26,59.21452331542969,59.88144251216407,58.95698329274281,59.57777520696703,17179000
2023-04-27,59.42786407470703,59.589307739950684,57.96910105279364,59.21452675539461,18250000
2023-04-28,60.205299377441406,60.232206655848934,59.05789091128948,59.49129238326311,16183000
2023-05-01,61.30561447143555,61.40555631171652,60.17646559928259,60.20529744368012,17030000
2023-05-02,58.844547271728516,60.20529291807322,58.14110897477197,60.134179261693724,28357000
2023-05-03,58.92719268798828,59.768048752218526,58.850316325496244,59.28275365442716,19816000
2023-05-04,58.63505554199219,59.00022835172131,57.78267039024771,58.61968100237462,17684000
2023-05-05,60.553165435791016,60.6828958928904,58.94352752180012,59.19145936516959,24876000
2023-05-08,60.4513053894043,60.611792271713774,59.63639611866643,60.520498150855936,13934000
2023-05-09,59.43747329711914,59.9717770224053,59.18281095634918,59.84300334340362,16990000
2023-05-10,60.183197021484375,60.349446617832015,59.41441498585021,59.778627376887385,19174000
2023-05-11,60.317726135253906,60.39556661291768,59.38750053435101,60.21298204707988,14430000
2023-05-12,60.65215301513672,60.801103493296665,59.985233774373704,60.38596158913981,11942000
2023-05-15,61.4833984375,61.50453934672929,60.39461045253702,60.72134325966329,14614000
2023-05-16,61.64099884033203,62.16665856744834,61.380577434873345,61.54682336304833,14967000
2023-05-17,63.18144989013672,63.51106038600626,61.94274729658843,62.20893873003673,24133000
2023-05-18,65.14472198486328,65.28502106746798,63.04017709233026,63.04017709233026,26389000
2023-05-19,65.562744140625,65.82221239167886,65.19373321822343,65.3465254858686,22968000
2023-05-22,65.18989562988281,65.79627721904453,64.7814841722764,65.48107346021831,17796000
2023-05-23,65.97115325927734,67.1714155291742,65.54063691327106,66.36899963188779,36088000
2023-05-24,65.30136108398438,65.76070566034026,64.96790149734997,65.48490242543386,23021000
2023-05-25,70.03612518310547,70.38111765164192,66.38152916097208,67.21181323475548,49263000
2023-05-26,78.10159301757812,78.31781167184108,71.78700533890753,71.8263984700104,82500000
2023-05-30,77.1992416381836,88.58107198118859,76.76391558954701,80.25323246918306,116912000
2023-05-31,77.64320373535156,78.96070715210557,75.92978211042764,76.38816625688773,89998000
2023-06-01,75.91249084472656,77.43468026832609,75.4521784403528,76.93784874942975,80792000
2023-06-02,78.03143310546875,79.16250641362197,75.64821108590804,75.9787893139165,62815000
2023-06-05,77.09930419921875,77.76237434356989,76.34781394915133,77.76237434356989,26222000
2023-06-06,75.91729736328125,77.07046856777153,74.60844518682813,77.07046856777153,37823000
2023-06-07,76.1700210571289,77.40199296999901,75.67799918595522,75.89998786430532,28957000
2023-06-08,77.2818832397461,77.35972372395521,75.80005468318974,76.3891334610696,21909000
2023-06-09,77.3222427368164,78.58401078855017,77.25113273940931,77.43564188414041,19241000
2023-06-12,82.19825744628906,82.45195570385461,77.94688523212464,77.94688523212464,51065000
2023-06-13,81.79078674316406,82.95741143860133,80.81827568097695,82.75272551878422,38990000
2023-06-14,85.15998840332031,85.38677938618108,81.41601995073754,82.2501456456287,43524000
2023-06-15,84.89572143554688,85.33200060764007,83.70314242818878,84.98989691307078,33814000
2023-06-16,83.4234848022461,85.52226693482066,83.16786568740649,85.45788009797795,68299000
2023-06-20,83.41581726074219,84.28454117097475,82.74120701715646,82.89976934789264,27535000
2023-06-21,81.89227294921875,83.66409656545342,81.59664715736756,83.08443916172965,23229000
2023-06-22,81.38699340820312,82.01302747273857,80.69913355061037,81.64398173685554,23464000
2023-06-23,79.42774963378906,80.76772866514906,79.10894287106244,80.57354643122233,37413000
2023-06-26,79.37750244140625,80.86238999592256,79.24128376002503,79.70307548265346,21372000
2023-06-27,81.96375274658203,82.1183319682436,79.31664622694315,80.0586073269869,24923000
2023-06-28,81.91930389404297,82.94239973969773,80.868191857982,81.02953002998976,19445000
2023-06-29,83.33272552490234,83.35880321501249,81.7715062554563,82.54824993527181,23386000
2023-06-30,83.80223846435547,84.49203682704977,83.50275043117749,83.907544270863,23145000
2023-07-03,84.67269134521484,84.70070753890238,83.55974602402357,83.91720494148318,9038000
2023-07-05,83.26412963867188,84.71714645838294,83.25350839698629,83.79934882240316,14440000
2023-07-06,81.92513275146484,82.49512716850592,81.57057045594237,81.63530033452375,23939000
2023-07-07,81.80435180664062,82.89024649873687,81.60243767668791,82.15987221783065,19409000
2023-07-10,84.79732513427734,84.93644053851098,81.95216672365899,81.95216672365899,30622000
2023-07-11,85.21467590332031,85.30645639268693,83.53172894089673,85.12386098126073,25498000
2023-07-12,85.97789764404297,86.7159964869569,85.20984410118594,85.88611715100865,28197000
2023-07-13,86.01751708984375,86.84642357512936,84.84950479116361,86.84642357512936,25912000
2023-07-14,85.84554290771484,87.2724672041594,85.61174293207925,85.61174293207925,18510000
2023-07-17,87.94873809814453,88.2250377724986,85.96146783722995,86.08029895684624,26819000
2023-07-18,87.28020477294922,87.90526595262692,86.78072632477097,87.52655714029905,24513000
2023-07-19,87.08118438720703,87.52558862333422,85.56054841383212,86.68508063304857,24118000
2023-07-20,85.82235717773438,87.62509361506548,85.59628910483642,86.2281166056315,28268000
2023-07-21,86.63484954833984,88.02602579192492,86.35274908172264,87.3826041073723,74287000
2023-07-24,87.10243225097656,87.47438207028254,86.39138401526665,87.02611557481592,19992000
2023-07-25,88.68684387207031,89.18824607868814,87.00872455611314,87.00872455611314,20042000
2023-07-26,86.28124237060547,87.9748105316301,85.75568630958097,87.81830755358243,19877000
2023-07-27,86.32376098632812,87.90043675097407,85.59629070469913,87.77001144287529,21922000
2023-07-28,86.92852783203125,87.29275308523745,86.36432695715678,86.88312405666446,18791000
2023-07-31,86.81841278076172,87.04544644768687,86.07934824655662,86.70731355144015,14952000
2023-08-01,88.88102722167969,88.94092188521704,86.72662516654869,86.85029150482454,19683000
2023-08-02,86.2049331665039,88.20475585656031,86.01074356462485,88.13712928716684,26877000
2023-08-03,85.49774932861328,86.49765701311046,85.12097166538322,85.6561908296265,18281000
2023-08-04,85.1760482788086,86.33246646244307,84.3761161426809,85.49775915476286,21156000
2023-08-07,86.664794921875,86.69474225210725,85.52576446898064,85.75859150992973,11146000
2023-08-08,85.32191467285156,86.04068741408118,84.37899763820856,85.99142136813659,14081000
2023-08-09,82.1888656616211,85.35766640017475,81.99468341332795,85.27941858283256,24672000
2023-08-10,81.43240356445312,83.22934648398245,80.86916823792403,82.41975144334084,20186000
2023-08-11,80.16294860839844,80.80443911930989,79.55624063403666,80.57354322188351,20331000
2023-08-14,82.51444244384766,82.52216698311668,79.93302377448542,80.2953105627972,17688000
2023-08-15,81.39569854736328,82.56467639959942,80.81024773918114,82.04201695773064,14035000
2023-08-16,80.47500610351562,82.55307661166911,80.37549369842019,81.90482711046639,16003000
2023-08-17,79.90597534179688,81.09621041811792,79.8972778641366,80.8150755088652,19228000
2023-08-18,79.78424835205078,80.00935086946937,78.44716593326227,79.22004739270818,17759000
2023-08-21,83.58100128173828,83.79354401843459,80.35713424139328,80.57836708374103,30012000
2023-08-22,82.6777114868164,84.50942970809761,82.20335254412151,84.37997733911598,17079000
2023-08-23,84.68622589111328,84.8417706950714,82.11833986987608,82.19273278587615,19692000
2023-08-24,82.54922485351562,87.90140969350753,82.35600816443055,87.17587048582884,30934000
2023-08-25,82.29415130615234,83.99641682398867,80.92712188062312,82.79652634637633,24181000
2023-08-28,83.18878173828125,83.48344197094032,81.83913954697782,82.73567999272127,14306000
2023-08-29,85.97595977783203,86.25709466309885,82.73856722954754,82.92985275580324,27822000
2023-08-30,86.2030029296875,86.82420923107048,84.93065773567903,86.21363154248525,23234000
2023-08-31,89.16021728515625,89.23556838670643,86.34693750995567,86.75656652968091,55203000
2023-09-01,84.29398345947266,87.1294787922199,83.53463477851344,87.1294787922199,65017000
2023-09-05,84.26017761230469,85.30646199242783,83.7606991935613,84.00318927691168,24808000
2023-09-06,84.26983642578125,84.76254852054629,83.73559019105481,84.29205921761509,20142000
2023-09-07,82.79751586914062,83.24771355627513,81.20248681666914,83.03613634300713,27789000
2023-09-08,82.84772491455078,83.16460786435267,82.12991781208038,82.6013725971143,16810000
2023-09-11,83.00135040283203,83.95392315195117,81.69808505925201,83.93170036096566,15710000
2023-09-12,81.58891296386719,82.9172977351439,81.31260592417853,82.1415196725016,16680000
2023-09-13,82.40142059326172,82.998473050264,81.56188536734395,81.84688259340287,17413000
2023-09-14,84.20896911621094,84.69491482753115,82.6013805979294,82.99071798152929,19648000
2023-09-15,82.28063201904297,83.87276402496042,81.43239958503395,83.87276402496042,50190000
2023-09-18,82.11833190917969,82.72987508259247,81.15223388671875,81.40149030170869,16541000
2023-09-19,82.04103088378906,82.2178255000507,81.00730643841078,81.73091428724977,13126000
2023-09-20,80.67823028564453,82.56461232501591,80.65686469796348,82.56461232501591,13681000
2023-09-21,78.52083587646484,79.89433999544706,77.2318455107355,77.23378716308136,53654000
2023-09-22,80.53349304199219,80.67919848970092,78.71705501466904,78.80059053201673,27764000
2023-09-25,81.00072479248047,81.45435261951634,79.94388778765654,80.428596876338,15648000
2023-09-26,79.28141021728516,80.64908188255217,78.797672021583,80.54223172313748,17641000
2023-09-27,79.34163665771484,80.00895737702872,78.13424014668652,79.57962246784885,15352000
2023-09-28,80.81712341308594,81.48348066764189,79.1347336437426,79.66800620172269,16180000
2023-09-29,80.67919158935547,81.98664238039089,79.93416036936503,81.249377769227,16481000
2023-10-02,81.10368347167969,81.45434439413413,79.99147242871167,80.53154820242493,14676000
2023-10-03,79.14929962158203,81.1813793747348,78.57425192519072,80.3314396852738,18761000
2023-10-04,80.02159881591797,80.67921138262614,79.29210804549876,79.68356597687564,16417000
2023-10-05,80.02645111083984,80.4897871923857,79.21244666655846,79.66219118089403,11474000
2023-10-06,82.10516357421875,82.4091952348276,78.84721884514559,79.59322842670636,21103000
2023-10-09,83.1367416381836,83.20765641861928,81.38343686972543,81.63890497623383,15760000
2023-10-10,83.38250732421875,84.75600421551982,83.12120683110959,83.2601091012348,14718000
2023-10-11,84.95124816894531,85.02700967203364,83.20182665074769,83.50877820082258,14334000
2023-10-12,87.96635437011719,89.1640428440077,85.13289758447087,85.13289758447087,43871000
2023-10-13,85.78854370117188,89.93916610085037,85.68266437118656,88.29659506872775,28312000
2023-10-16,87.67202758789062,88.95616391567731,86.5452466312605,86.5452466312605,21150000
2023-10-17,85.90705871582031,86.74047963099933,84.11975292102872,85.97990773276169,33008000
2023-10-18,86.16254425048828,86.9979143980311,85.01341932626904,85.47482122994371,20404000
2023-10-19,84.29751586914062,86.40148157992242,84.0877062403323,86.16156151623548,26620000
2023-10-20,82.91819763183594,84.9842791590787,82.74432337238557,84.9842791590787,26953000
2023-10-23,83.7525863647461,84.85799431217205,81.86814594592421,83.3387846514153,16456000
2023-10-24,85.58748626708984,85.77107618051392,83.84000643035291,83.92549101644853,14972000
2023-10-25,82.5296401977539,85.35630077299385,82.18481161884898,85.19505469047046,21432000
2023-10-26,80.30716705322266,82.99491771291676,79.4902502163782,82.36256159260446,27917000
2023-10-27,81.43492126464844,81.61462787255697,80.48104371820403,80.62286586986166,18236000
2023-10-30,81.71563720703125,82.51021023613316,80.34601643183345,81.7010674039663,20889000
2023-10-31,81.72730255126953,82.1284761152104,80.87542105246095,81.9720841598441,14747000
2023-11-01,82.85115814208984,82.9376135479933,81.16390671290657,81.78848884509733,18684000
2023-11-02,84.63458251953125,85.52823922918971,83.53694853805543,83.73121754704468,18759000
2023-11-03,85.73998260498047,86.20818021112994,84.61126746490426,85.23682043410312,18041000
2023-11-06,85.56028747558594,86.05179234456895,84.62584128224228,85.63119484548476,12870000
2023-11-07,87.21060180664062,87.59429298312835,85.10663664290556,85.70499893441858,19365000
2023-11-08,88.50349426269531,88.67639765079723,87.32523745097171,87.42237193761403,15280000
2023-11-09,88.52779388427734,90.31704150235812,88.25387266134156,88.63658571244403,24486000
2023-11-10,93.00965118408203,93.14855345482476,89.19123569101423,89.53413006037856,36272000
2023-11-13,91.9809799194336,92.51231091664368,91.35444866014248,92.28404075685701,16893000
2023-11-14,94.50941467285156,94.8795069420866,92.78914037274559,93.4778340706573,23886000
2023-11-15,94.7464370727539,95.36325262920985,93.92175353990656,95.14566156875037,16099000
2023-11-16,93.20684051513672,94.09563570848077,92.3297026484149,93.63909537203092,26198000
2023-11-17,94.9727554321289,95.57111040458567,92.37630689695351,93.07665789970407,19789000
2023-11-20,96.7192611694336,97.12334718254408,94.5133069639808,94.5133069639808,18674000
2023-11-21,95.3098373413086,96.26176590604948,94.38024519302648,94.7075915272668,43344000
2023-11-22,94.4161605834961,95.96937121773365,94.31902609494514,95.55168624716676,33743000
2023-11-24,95.08349609375,95.17965976368089,93.90620999313718,94.70369554502247,23158000
2023-11-27,92.302490234375,95.29136013205657,92.21409317768496,94.81927923767259,96962000
2023-11-28,91.92462921142578,92.36270894737021,90.74053999297986,91.30198875712904,39025000
2023-11-29,91.3884506225586,93.19518056958644,91.24662846534278,92.1179413497122,34843000
2023-11-30,89.92167663574219,91.54287467637391,89.20675586090914,91.4049432635761,49571000
2023-12-01,90.33645629882812,90.71528600656518,88.1994678238557,89.60405318532139,29612000
2023-12-04,89.75074005126953,90.43068898879267,89.0193002666847,89.42727704008618,25009000
2023-12-05,88.6968002319336,89.09991542739138,87.99062422568343,88.54916054218435,37066000
2023-12-06,87.77593994140625,89.45930783788634,87.7234856914402,89.40005780560625,24813000
2023-12-07,89.58462524414062,89.76530266942235,87.77595380424901,87.96051453432351,43517000
2023-12-08,91.72550201416016,92.35008414336406,88.44522118679481,90.12664023999226,69668000
2023-12-11,99.97624206542969,100.97382160922028,92.87074257839255,92.9601030578445,101184000
2023-12-12,104.1569595336914,104.8476022995856,99.5235768161804,99.85481380892026,90242000
2023-12-13,105.84809875488281,106.82819590739417,103.21085326872509,103.74122077306629,71654000
2023-12-14,107.47998046875,108.9341075269762,105.90540427525202,106.08996498803171,66964000
2023-12-15,109.7384033203125,111.69472193786766,106.32698662570392,106.3852732542883,118544000
2023-12-18,111.41495513916016,111.88315271034045,108.6601804401535,108.86999745639766,54741000
2023-12-19,111.20323181152344,112.2649284975802,110.51332179018135,111.43937865797473,36020000
2023-12-20,108.35380554199219,111.37691508274693,108.24451346996784,110.53184466017119,34523000
2023-12-21,110.00392150878906,110.79727176079682,108.80463459558197,110.52696745344855,24106000
2023-12-22,109.48577117919922,110.46354818366113,108.66119665998725,110.07126554441993,19089000
2023-12-26,110.45281982421875,110.8050932222035,109.58726077518551,109.70631320680997,16793000
2023-12-27,109.89463806152344,111.20224930330534,109.5813986223009,110.85387707628767,20055000
2023-12-28,109.52771759033203,110.48695651504346,109.19984138155016,110.4332857705133,21247000
2023-12-29,108.9266128540039,109.71996310578236,108.77243509491456,109.43502199932493,20558000
2024-01-02,105.91423797607422,107.53605635946798,105.10527564244013,106.57194097792315,28831000
2024-01-03,103.29902648925781,104.90133167375615,102.9799278807977,104.43293175421933,34735000
2024-01-04,102.36515808105469,104.3646222863133,102.20512113461977,103.23851936451828,25658000
2024-01-05,102.39149475097656,102.99455166087394,101.63327736282962,102.61788863721479,22475000
2024-01-08,104.88668823242188,105.1940758928081,102.65692161050563,103.09604790319507,33110000
2024-01-09,105.6322250366211,106.22357853293241,103.89720593928551,103.98600202578312,23225000
2024-01-10,105.44485473632812,105.67807565801863,103.69129785031352,105.42339090700955,17643000
2024-01-11,107.33894348144531,107.4677488020579,104.85350928465766,105.8107976341754,25757000
2024-01-12,108.09032440185547,108.87196370292406,107.34186730430211,108.52164093280736,26882000
2024-01-16,108.80074310302734,109.90147368083747,107.20721542543022,108.54507557215072,26145000
2024-01-17,107.69901275634766,108.62019297611977,106.38555741146811,107.95468024678823,18314000
2024-01-18,111.62574005126953,111.88335812313876,109.47599939669307,109.77069338677484,32228000
2024-01-19,118.19207763671875,118.75805120142293,112.80551258775012,112.9333500547597,53077000
2024-01-22,119.09960174560547,120.15642179700342,117.90128271289093,118.68487259411535,31222000
2024-01-23,119.66655731201172,119.73193898744836,117.44264972664332,119.14839524998544,16952000
2024-01-24,122.35592651367188,125.34976221052816,120.12518467788101,121.22689781037454,34805000
2024-01-25,120.0266342163086,125.00335427393145,119.90953238078863,125.00335427393145,36356000
2024-01-26,117.57537078857422,119.16889846345829,117.12161508415855,119.02154772345378,25818000
2024-01-29,118.83319854736328,119.40893248494422,117.58609266772505,118.55410919084726,21526000
2024-01-30,117.89543914794922,119.83147977440542,117.51779333478086,118.73562570198546,20683000
2024-01-31,115.14750671386719,116.8278797699466,114.59226129494876,116.06966229610765,27400000
2024-02-01,117.1001205444336,117.40067370693936,115.06064733817088,115.86472569363555,19411000
2024-02-02,119.47431182861328,120.48429559277677,117.60170246514028,117.95300051833074,26689000
2024-02-05,121.30496978759766,121.75873290649766,119.2606124167226,119.72998762540804,22045000
2024-02-06,119.30940246582031,124.13583853168394,118.26429332804723,123.30248650119036,25354000
2024-02-07,122.66722106933594,122.90629374601421,119.704609410331,120.41696587902204,25768000
2024-02-08,124.39443969726562,126.46416956187247,123.44301048024921,123.63719748496332,29326000
2024-02-09,125.24144744873047,125.46686606831152,121.87973352037115,122.17638555537432,26293000
2024-02-12,123.44203186035156,125.88843218446802,122.85653754605418,125.88258044265962,24778000
2024-02-13,122.1393051147461,122.55110097262502,119.74267436558891,120.52626428888975,31907000
2024-02-14,123.17073822021484,124.22268175244182,121.13126497809719,123.85577162689869,27306000
2024-02-15,123.44886779785156,124.90577284623863,121.47574382031601,124.90089639467395,21873000
2024-02-16,121.53720092773438,124.48420028795954,121.23567247142529,122.86042402478483,21268000
2024-02-20,119.68998718261719,120.7799895713901,118.32480400936649,120.59848133250777,26329000
2024-02-21,119.77780151367188,119.83634870910747,117.35677373090205,118.85564596074215,20579000
2024-02-22,127.33556365966797,127.92886764511091,124.56128756511029,125.0726225087457,40819000
2024-02-23,126.50320434570312,128.77201270510557,125.76646551694934,127.67420797246425,23115000
2024-02-26,127.74835205078125,128.6910036592093,126.99989489293004,127.83325442443476,16282000
2024-02-27,126.48953247070312,128.0225547410018,126.09822517480823,127.7483418353245,12126000
2024-02-28,125.82499694824219,126.71300246091774,125.19558481124382,126.17434443371107,10967000
2024-02-29,126.90523529052734,127.67711427997185,125.61616953398924,127.18041605412084,27536000
2024-03-01,136.53469848632812,137.37292698190691,128.8090742443428,129.38774151539135,44488000
2024-03-04,136.83621215820312,140.3404076200568,135.17047600490335,136.92306510342704,34854000
2024-03-05,131.02906799316406,136.12776627000062,130.01616579245476,136.12776627000062,36040000
2024-03-06,131.73654174804688,136.11117242798898,131.44964264069716,135.79403187954384,43196000
2024-03-07,137.29974365234375,138.0120927002457,133.97022173072207,134.8582272598451,62832000
2024-03-08,127.70834350585938,137.88426975869615,127.01161395665358,136.05459530566125,74025000
2024-03-11,126.1860580444336,126.76179203800875,122.22810646505671,124.70378050534465,31105000
2024-03-12,126.0650405883789,127.61758343265561,122.88384504111028,127.54048339383579,42789000
2024-03-13,122.74626922607422,125.18680289944194,122.20858647562643,125.18680289944194,37838000
2024-03-14,123.1756362915039,124.23538977622884,121.75483924893194,123.20198402119193,38029000
2024-03-15,120.56334686279297,123.67330194301906,120.03347387674505,122.31592864046691,88823000
2024-03-18,120.73312377929688,123.23514515665929,120.1925152129138,122.36666040574553,25737000
2024-03-19,120.80827331542969,121.02880803256969,117.49143772121218,118.7531804030709,24491000
2024-03-20,125.04572296142578,126.22071912681807,120.20362922209509,121.42175082340722,40946000
2024-03-21,132.10159301757812,137.55126318972412,128.9656532182899,130.17298592884723,72468000
2024-03-22,132.63763427734375,134.86708752088026,131.92029266065273,132.2975803770442,38624000
2024-03-25,132.45240783691406,133.12466506116706,131.069642749361,131.81052084249086,21237000
2024-03-26,130.48365783691406,135.23167300524878,130.38761251902676,133.73719111117884,23522000
2024-03-27,129.23318481445312,132.2975878656336,127.00764921996868,132.2975878656336,25583000
2024-03-28,129.88783264160156,130.3464666247602,128.5276167489328,129.1518590058185,19856000
2024-04-01,132.3230743408203,133.56961477980906,129.8878180337213,129.91427049451363,17252000
2024-04-02,131.1960906982422,131.54985681986378,127.73185038223613,128.94505972983626,24694000
2024-04-03,133.5921173095703,134.925880267433,129.8740596057213,130.14160472419297,28650000
2024-04-04,129.11264038085938,137.58752059201714,128.86764485831506,135.75887664353414,27014000
2024-04-05,131.26173400878906,133.3981027346553,128.78924410744025,129.94563074609113,19438000
2024-04-08,130.9354248046875,131.56261282635919,128.94115740134808,130.6953339462377,17139000
2024-04-09,130.73745727539062,133.22660524159485,128.24437658070877,133.01983045304576,17986000
2024-04-10,129.58990478515625,130.90111844730902,128.91470159995382,129.65164713249428,17467000
2024-04-11,135.47860717773438,136.4007647088454,129.715335693387,130.60025940762947,31713000
2024-04-12,131.71646118164062,133.9155443998963,130.98637925044028,132.49457324480508,27823000
2024-04-15,128.44529724121094,134.25757188403185,127.985691295604,134.25757188403185,24370000
2024-04-16,130.24549865722656,130.9569635841039,128.47565133350503,128.90487198255371,18923000
2024-04-17,125.69544219970703,132.0035833892363,125.57686221456292,131.62237789601073,24718000
2024-04-18,123.37876892089844,126.67738605052617,123.03283087187909,126.22169796105739,24888000
2024-04-19,118.05941772460938,123.47773779913396,117.35872667383336,123.3787616461396,44797000
2024-04-22,119.99488830566406,120.85139320599717,117.65077277913981,119.99880608081332,25162000
2024-04-23,122.41838836669922,123.27195496863456,120.3437693349693,120.35846846901684,22025000
2024-04-24,123.16610717773438,125.98845288058338,122.00385136004111,123.85993467081013,20108000
2024-04-25,126.85084533691406,128.18459356901673,123.18374798229458,124.69782602139146,30410000
2024-04-26,131.71646118164062,132.8689151886374,127.70441992183444,128.37766420309845,24100000
2024-04-29,131.18238830566406,132.5896474143441,129.91625884811273,131.71746377783384,13372000
2024-04-30,127.42413330078125,132.1359011650036,127.304581338933,130.2278697979149,22113000
2024-05-01,121.79805755615234,126.64994537339437,121.65007930298006,125.27405117169533,30958000
2024-05-02,121.37763977050781,123.91383082026564,119.88218619545381,123.11318416430697,29480000
2024-05-03,125.25249481201172,125.81794791817286,122.21748999396577,123.37975336197228,24898000
2024-05-06,128.40805053710938,128.4531199079158,124.95459130738935,126.04726186597199,16287000
2024-05-07,127.70244598388672,129.25865497346888,127.080147809463,129.00875476463168,12413000
2024-05-08,129.88388061523438,131.11277592561467,126.26970342518075,126.76068135977746,13918000
2024-05-09,127.95333099365234,129.51541680231614,127.59367323720053,129.14499264038264,12170000
2024-05-10,130.6120147705078,131.70958995154626,128.8980329939276,128.8980329939276,16300000
2024-05-13,131.0736083984375,133.11980875465582,130.34841617490824,132.1016057960284,18507000
2024-05-14,135.240478515625,135.4325541739675,129.926031405758,130.56693157832007,19420000
2024-05-15,140.74208068847656,141.01451556773003,134.25557653198058,135.2375174297212,32757000
2024-05-16,138.38621520996094,141.6466117173975,137.69336712029047,139.74545892953952,28395000
2024-05-17,136.73593139648438,139.11140409649937,135.41196263891115,138.41463824798026,18174000
2024-05-20,138.57240295410156,138.85757809211975,136.52717489436174,136.80550140287897,27170000
2024-05-21,137.11911010742188,138.1177092358523,136.5565952901341,137.06814911807325,15333000
2024-05-22,136.43704223632812,137.6875004931948,135.65109458994777,136.80649445282583,21002000
2024-05-23,136.53993225097656,140.03944778446186,135.0415476297657,139.98359705434905,31039000
2024-05-24,137.96580505371094,138.52831983783202,136.41547255894497,137.17692659257287,16730000
2024-05-28,138.4175567626953,138.88109531992507,136.46641517669406,138.17746595089878,22919000
2024-05-29,136.28317260742188,137.1092997942111,135.53152800823736,137.1092997942111,26861000
2024-05-30,133.67739868164062,135.5099603648897,132.85028460446884,135.1395212812425,21717000
2024-05-31,130.19552612304688,133.52747445039338,128.109146250586,133.41085334303474,73091000
2024-06-03,129.54380798339844,132.5915522488864,127.64558653821065,132.56215398855508,26278000
2024-06-04,130.41798400878906,130.53264622585036,128.08464976094552,129.39683532061744,23048000
2024-06-05,138.4802703857422,138.60374009234346,131.37049679007018,131.9055720609086,32947000
2024-06-06,137.3219757080078,139.42109607447256,136.04506489966516,139.34073680984858,20172000
2024-06-07,137.84820556640625,139.6474512928055,136.90545726958626,137.9599219722931,17859000
2024-06-10,141.16348266601562,142.0043090062864,138.09221604627143,138.15787616471582,31042000
2024-06-11,143.17832946777344,143.5683724135259,138.78801360686768,140.94104049914938,34844000
2024-06-12,146.5572967529297,147.56570514388423,144.68455540211698,146.99731373636945,56697000
2024-06-13,164.5380096435547,170.11019217297846,161.94399402488654,167.5769319727514,89061000
2024-06-14,170.03079223632812,171.2263714547464,164.84277633852983,165.30924572991185,69705000
2024-06-17,179.22596740722656,180.61069146880365,174.29764590344615,176.39676574098996,87528000
2024-06-18,176.64373779296875,181.45545363933093,174.92779709859306,180.27653226608072,86797000
2024-06-20,169.9837646484375,176.8622710375324,168.77447310762102,176.73584054974813,68157000
2024-06-21,162.5427703857422,167.9689185943633,161.83619518800367,166.17163186064232,99289000
2024-06-24,156.5291748046875,163.29189005610505,156.37679646213644,161.42892306065718,58575000
2024-06-25,155.40647888183594,157.88879971505986,153.75586355974798,157.30778792194758,53329000
2024-06-26,156.50856018066406,159.08229652583293,154.69868078520375,157.06105552275702,46479000
2024-06-27,155.9835662841797,157.8475083491552,154.44404698381294,156.50853503020306,31649000
2024-06-28,157.83863830566406,161.15167430901306,155.9186684106431,156.8899564756845,69377000
2024-07-01,161.3060302734375,162.08758803353103,156.65600086397146,158.10114993005251,47623000
2024-07-02,162.94583129882812,163.1149205512913,159.4578104364042,161.30603156996372,32539000
2024-07-03,169.99855041503906,169.99855041503906,163.63203673627353,164.17667156462375,39954000
2024-07-05,167.4513702392578,173.5622856248351,166.73274079869375,172.5880421553976,45240000
2024-07-08,171.63441467285156,172.71975408056818,167.61749480058327,167.61749480058327,36398000
2024-07-09,170.400634765625,174.10396263868222,167.67255531792907,172.68633997949223,37802000
2024-07-10,171.51939392089844,173.6625462989013,169.71739022721854,171.64819097496567,41074000
2024-07-11,167.7108917236328,173.50327884136524,164.02921016139518,173.4826377113185,51026000
2024-07-12,167.19180297851562,169.6731335972809,166.2716226854534,168.21028364424967,30453000
2024-07-15,168.52194213867188,170.57660463829993,166.39845587071287,167.12595070348252,22999200
2024-07-16,166.51641845703125,169.88842270334177,163.58678838204523,169.48535067948657,22244900
2024-07-17,153.34298706054688,160.08701202299122,152.97924710656937,159.5659734399553,43343400
2024-07-18,157.8062286376953,158.77948194642119,151.29813716517035,156.20378086563406,37973500
2024-07-19,154.68980407714844,161.1782136804507,154.46368171915321,159.1038853146595,26309500
2024-07-22,158.33709716796875,160.2344761478724,155.23051692158248,157.5211274513078,28813300
2024-07-23,161.0012969970703,162.53492112660263,157.19671329022893,157.68826025486482,21570200
2024-07-24,148.7814178466797,158.6811799959973,148.54548492607918,157.63910292782103,37162600
2024-07-25,146.73655700683594,150.95403728674384,143.05979625091723,148.70274436322254,30872100
2024-07-26,149.0665283203125,150.98355836680176,147.38543120211605,150.90490905709683,20839900
2024-07-29,147.6803741455078,152.37956201932835,146.62845642020505,149.4499462529937,16625800
2024-07-30,141.09364318847656,150.87542466387674,140.9265190226611,150.6886344194881,31102300
2024-07-31,157.96351623535156,158.60253625297966,148.44717474979876,148.9092300699467,45827500
2024-08-01,144.5344696044922,156.22345549375785,143.69883378785508,154.83728949239048,40320000
2024-08-02,141.38858032226562,142.8927128788154,137.23992261702458,139.53051833977355,33745800
2024-08-05,139.67796325683594,142.96149281588387,126.32754819250259,127.41878286641617,41309300
2024-08-06,141.48684692382812,146.39249000569905,137.8788947577174,139.33386926865666,24751300
2024-08-07,133.96620178222656,147.56239139005254,133.53363809247833,145.74366178565336,29749800
2024-08-08,143.27610778808594,143.79714634557146,136.06018729231644,138.8128531625633,27583200
2024-08-09,145.75347900390625,147.02167838562457,141.6736458009603,141.76212064131627,18438700
2024-08-12,146.10740661621094,148.57498183815645,143.89544540179116,145.5765425251119,17778500
2024-08-13,153.5199432373047,153.73622509003545,147.27729112596387,148.9878798700647,22053600
2024-08-14,155.02407836914062,157.5407963347942,152.10428830720687,155.3485011538913,20184200
2024-08-15,163.32138061523438,163.85224467604252,157.62925901445738,158.47472029709346,27945000
2024-08-16,162.91830444335938,163.2820443462105,159.9296909146134,161.68943720311006,19296900
2024-08-19,164.8746795654297,164.99264602958624,157.70791685147975,162.0728560351358,20441700
2024-08-20,163.14442443847656,165.52350979958015,161.37485247543447,164.22583369389727,19417500
2024-08-21,162.97731018066406,163.65564739110278,160.12634378984762,162.32846458799895,16097700
2024-08-22,159.59544372558594,169.5050310193637,158.75982299694877,167.95174101688292,30044500
2024-08-23,163.54750061035156,165.43503908447633,160.69653432148885,162.239983932796,18848000
2024-08-26,156.92144775390625,162.89866062736266,155.97768598488952,162.17118072225037,18521200
2024-08-27,158.66151428222656,159.2906937399708,153.19551493041945,154.93559522793927,16683100
2024-08-28,155.5057830810547,159.53647399827534,153.60841908886368,157.37367045766857,18063600
2024-08-29,154.2769012451172,160.44090350788034,152.782609485094,155.8105401580159,23519300
2024-08-30,160.06736755371094,160.48026522141944,156.0268507329918,158.39609580240332,25158500
2024-09-03,150.20689392089844,158.02250157011855,148.82074307441854,157.66858720486775,37179100
2024-09-04,151.51441955566406,155.12237218968338,146.62844191484464,147.7590088442847,20324100
2024-09-05,150.23638916015625,153.71653432093655,147.57219858445887,148.02442829502428,31548500
2024-09-06,134.68385314941406,141.07396297037167,134.290621622299,140.82818951571946,76634600
2024-09-09,138.43927001953125,139.19624141160318,132.61934177911837,136.75817309520554,39516700
2024-09-10,145.70436096191406,147.3264599794416,138.65556413813906,138.83252884960604,36067500
2024-09-11,155.5942840576172,156.18413142860507,142.5879402658497,145.88131100695264,39700800
2024-09-12,161.77793884277344,163.50819380418704,154.17862677047324,155.4271602936163,43530700
2024-09-13,164.85501098632812,165.23841698984117,161.2667094141873,163.9210748240088,29850000
2024-09-16,161.2470703125,162.70204512608595,157.69810063146906,162.39728840845876,26126900
2024-09-17,159.7232666015625,163.21325293511353,157.9831862041226,162.69221436991316,19844300
2024-09-18,158.93678283691406,164.6387302355115,158.63202613988793,161.0012859470203,26557600
2024-09-19,165.1309051513672,167.67563124331426,163.39497462243494,165.38734481638784,32453100
2024-09-20,168.7606201171875,169.6680394974297,164.1939195485369,164.89420355767012,91758500
2024-09-23,170.575439453125,170.95024862951573,166.04820092316606,169.64828941689086,29431100
2024-09-24,172.449462890625,173.58374832473666,169.3326649858136,170.44721965972357,34223400
2024-09-25,173.12017822265625,174.71802369086842,171.38423247925462,172.2620632062572,16613800
2024-09-26,175.655029296875,177.78549992605798,172.6072814816097,176.0594271112419,24340000
2024-09-27,170.328857421875,176.02982779687693,169.41156524138304,175.7339266080034,20580900
2024-09-30,170.14146423339844,170.55571990551266,167.31070961553766,169.52007320014678,16902000
2024-10-01,165.1802520751953,169.89489587723867,163.5330871113164,169.8061300226363,23770400
2024-10-02,168.32659912109375,170.47678513626389,164.73636880986345,165.25912100805283,14317800
2024-10-03,169.53977966308594,172.54808059509406,166.87669926677782,167.30081273334105,13072300
2024-10-04,174.22483825683594,174.4812779140918,170.240082939426,173.88949061654162,17921400
2024-10-07,172.68618774414062,175.87202075068134,171.48286721842052,172.42974806085093,15588300
2024-10-08,178.2589111328125,179.11702603328334,172.49876388098934,173.0215160944161,20774200
2024-10-09,183.4075469970703,183.87112200319834,174.00784961776665,176.78929965453483,25504100
2024-10-10,183.15110778808594,183.76262586145086,180.0343100945086,181.05022594871906,16318000
2024-10-11,178.9986572265625,180.09348102781436,174.97444041791132,178.66330958838128,23070000
2024-10-14,179.81732177734375,182.4212251622244,177.6671355577031,180.7937911904839,17195800
2024-10-15,173.57386779785156,179.21566095497292,170.99955303542328,178.31809953221278,27657500
2024-10-16,174.4023895263672,176.7991574917182,172.93275652302304,176.0692699172097,15285100
2024-10-17,179.0479736328125,182.97355163576015,178.2194624050834,178.8901576703426,25232400
2024-10-18,177.430419921875,180.21187017156402,176.23695724980777,179.8272031210922,17835200
2024-10-21,177.529052734375,179.23539471654794,175.8128378472892,176.92739249092767,13695100
2024-10-22,176.92738342285156,178.21946968677898,174.98431757475703,176.21722661288,12062600
2024-10-23,171.13763427734375,176.53284549307827,170.2104993123444,175.1618512292175,19513700
2024-10-24,169.0072021484375,171.9168649019226,167.18249048006544,171.87740337873367,20485200
2024-10-25,170.63461303710938,174.3826595704997,170.35844261308517,171.80834486429185,19977700
2024-10-28,169.66802978515625,171.59136504895082,169.00719228683505,170.6346263446242,13195800
2024-10-29,176.78932189941406,177.76577635633424,168.8691143813488,170.08229282336296,23702300
2024-10-30,174.22483825683594,176.7399756593612,173.21878028579405,175.04349164943133,17911500
2024-10-31,167.4488067626953,172.0648117665006,165.0914848808043,172.0648117665006,26086600
2024-11-01,166.61041259765625,168.98746510096208,165.20982957977537,165.9594329407063,17847000
2024-11-04,166.24546813964844,170.0921385598425,166.1172407755886,166.96548284903653,13621300
2024-11-05,171.5222930908203,172.0154566880339,167.7249424223709,167.7249424223709,13441800
2024-11-06,177.09507751464844,177.74605717332057,173.55416596393812,177.1739855081385,24300800
2024-11-07,181.29681396484375,182.34231846805935,179.3044286557922,179.50170615087126,18970600
2024-11-08,181.12913513183594,182.5198601628718,179.34388522185745,180.48802844101428,13503200
2024-11-11,176.46380615234375,181.11927182447027,174.4023858791366,180.89240572825707,17036700
2024-11-12,173.81057739257812,177.1049065717659,170.83186508586854,176.45392701894673,15862000
2024-11-13,171.20668029785156,173.18919258787466,170.24008383830466,172.32123487018637,17472500
2024-11-14,168.05043029785156,173.16947078693426,167.54739380229367,172.38040603030413,20638900
2024-11-15,162.586181640625,166.8273918612032,161.19545659443082,166.16655440418376,20836200
2024-11-18,163.40484619140625,164.07555659875524,160.00201992884155,163.39498833621016,17856900
2024-11-19,163.08920288085938,164.51937426120062,162.06341420036543,164.38128905999852,18003400
2024-11-20,161.01792907714844,163.27661193493515,158.6606074709197,163.27661193493515,17196700
2024-11-21,161.698486328125,164.06566562835079,158.40415703609378,163.97689979087806,24835300
2024-11-22,161.9845428466797,162.65525329713984,160.17956191917747,162.05359298797242,17332500
2024-11-25,162.56646728515625,164.94350455924942,160.6628478347686,163.13852385557357,26850600
2024-11-26,162.48756408691406,164.09526734455116,160.46559012100516,162.3494788675435,16308800
2024-11-27,157.4868621826172,160.96859599382267,155.38598043103818,160.96859599382267,19722700
2024-11-29,159.8639373779297,160.46559765848292,156.9049553522897,157.3882611678688,11024000
2024-12-02,164.2333526611328,166.0777949390114,160.5247674457285,160.72202989492314,21472400
2024-12-03,165.85092163085938,165.96929113536993,161.78725816310546,162.2311024170814,17024400
2024-12-04,168.2279815673828,172.99194422354992,166.25532697104828,171.0686090021558,32748200
2024-12-05,168.1392059326172,170.04281028316504,166.88656612283535,168.41537635601108,18490000
2024-12-06,177.07534790039062,178.20961833256297,167.01481194275772,167.77428821612654,27830800
2024-12-09,176.493408203125,178.31810466493087,173.6133343138179,176.50326605799654,20886300
2024-12-10,169.46087646484375,176.05940794370028,167.40931405085325,175.37883975706896,27762600
2024-12-11,180.6951446533203,182.3423093134464,174.01770512442374,177.54875839679,41295200
2024-12-12,178.18988037109375,179.5115552427107,173.5837340288521,178.45617788616346,46967200
2024-12-13,221.7263641357422,225.57303430958544,208.22354195987432,210.97538830729152,121336600
2024-12-16,246.58180236816406,248.4361023380235,227.65418081035838,228.6207772615971,111623200
2024-12-17,236.94540405273438,239.1547826320025,230.60332671137238,237.35965971444207,70382100
2024-12-18,220.5625,236.5706024789221,216.22266601831708,236.13661607072183,53960100
2024-12-19,215.33499145507812,224.93195223080792,214.60510380758208,224.79386700562335,40845200
2024-12-20,217.77117919921875,227.1412877426412,215.91689426894428,217.34706572080327,131910400
2024-12-23,229.7871856689453,230.8255920971575,222.64682105758146,224.1896118439952,40643800
2024-12-24,237.0363006591797,237.58023712748675,232.21013776247753,237.47144983382535,22827200
2024-12-26,242.65367126464844,244.55249178697088,234.97926976728473,237.35279164756676,28459000
2024-12-27,239.08349609375,243.06904396306888,233.7430641613554,242.93058876750266,29282200
2024-12-30,232.98155212402344,236.1363688075348,229.06522432265098,232.11125370361077,27316800
