Date,Close,High,Low,Open,Volume
2019-01-02,52.30173110961914,52.60472690168377,50.843779752140335,50.93899348883383,31868000
2019-01-03,50.85320281982422,52.87598594636795,50.699474586222124,52.10287655026425,41960000
2019-01-04,53.461639404296875,53.55734876361941,51.41802873823579,51.700692372040024,46022000
2019-01-07,53.35502624511719,53.69124431582315,52.696467715878086,53.60545509662506,47446000
2019-01-08,53.82365417480469,54.21938178625841,52.97962822517848,53.8548939366267,35414000
2019-01-09,53.63917541503906,54.13458118632317,53.27815698611534,53.95357823458152,26998000
2019-01-10,53.499332427978516,53.54793055338616,52.79763149181819,53.306426813330056,26598000
2019-01-11,52.78721618652344,53.228568134505245,52.388511032973454,53.056490286355086,30864000
2019-01-14,52.144535064697266,52.488690800062685,51.997749412516484,52.23528436627234,28490000
2019-01-15,53.880184173583984,53.96746406204631,52.28982800056554,52.4668659224875,37518000
2019-01-16,54.028953552246094,54.6661886897786,53.95457136636317,54.05325450748139,38280000
2019-01-17,54.50551986694336,54.583870871208035,53.71901713298496,53.95358208360552,24896000
2019-01-18,54.911163330078125,55.44177767329486,54.51344944130372,54.97513352063556,44892000
2019-01-22,53.489410400390625,54.498075902626475,53.10558170056644,54.35079086117299,39632000
2019-01-23,53.776039123535156,54.19953702925566,52.9409421901349,53.89753253264309,25194000
2019-01-24,53.755706787109375,53.954068082652434,53.06243540230298,53.681816457292754,29114000
2019-01-25,54.6240348815918,54.71577542869572,54.14251429554499,54.263016457589686,23260000
2019-01-28,53.550411224365234,54.22037301937259,53.29006221997259,54.05672842479024,29334000
2019-01-29,53.06442642211914,53.79191523753481,52.864082578707574,53.60892597667247,19704000
2019-01-30,54.44947814941406,54.525351001051796,53.390727629345626,53.426431833040915,29452000
2019-01-31,55.83303451538086,55.92130565019333,54.80949644829899,55.1561302445522,40232000
2019-02-01,55.4725227355957,56.25505660568584,55.25581557707563,55.654516947095594,33116000
2019-02-04,56.603172302246094,56.648796650028686,55.41747272312424,55.49185868396291,78408000
2019-02-05,57.12139129638672,57.16602438858918,55.71948013382828,56.01850709621822,82296000
2019-02-06,55.684268951416016,57.227018124056855,55.459624180838055,56.99245699091347,48256000
2019-02-07,54.842227935791016,55.143733020887844,54.23127635221797,55.13530354541889,38298000
2019-02-08,54.667179107666016,54.80206586505888,54.26351766034865,54.29525305025697,21766000
2019-02-11,54.65428161621094,55.21514822312965,54.54915152300957,54.73511453956528,18498000
2019-02-12,55.916847229003906,56.178683086895354,55.0951360411319,55.0951360411319,35036000
2019-02-13,55.96891403198242,56.674088088339815,55.83849173367112,56.18760746750366,28042000
2019-02-14,55.99718475341797,56.34084481447658,55.39664888901063,55.78890707502711,21106000
2019-02-15,55.522605895996094,56.49804534986026,55.37829841032092,56.49804534986026,27826000
2019-02-19,55.86378860473633,56.01900371365517,55.37433416937711,55.37433416937711,21980000
2019-02-20,55.57021713256836,56.082981297116646,55.131842722267116,55.98132059644437,24090000
2019-02-21,54.75791931152344,55.49879752935811,54.44897223963191,55.48044790900647,33272000
2019-02-22,55.370365142822266,55.40458246006071,54.57394989558548,55.03017826981313,29436000
2019-02-25,55.40855407714844,55.808746128664374,55.24887451643721,55.63666827579699,26208000
2019-02-26,55.640628814697266,55.860313518973165,54.88140468154048,55.261760191576904,35026000
2019-02-27,55.684268951416016,55.82510324372257,54.97364296316191,55.243908298338845,22092000
2019-02-28,55.86576843261719,56.23472068766266,55.46210701631137,55.49136425895649,27422000
2019-03-01,56.95526885986328,57.02866357187226,56.08645011269494,56.08645011269494,34086000
2019-03-04,57.19826126098633,57.798301506845725,56.44597589388642,57.25479323418652,35490000
2019-03-05,57.98029327392578,58.34230294891412,57.17842234025884,57.32619922743179,40094000
2019-03-06,57.76953887939453,58.255520128917794,57.67581203241563,58.10774323810325,23602000
2019-03-07,57.0708122253418,57.70209600970842,56.61755761884441,57.54935904423013,30086000
2019-03-08,57.02717208862305,57.19974555782496,56.04677257369768,56.23025744721806,23694000
2019-03-11,58.47966766357422,58.511898680700604,57.106514344542475,57.127837740777274,30032000
2019-03-12,59.37179183959961,59.791324739143484,58.63042169944413,58.63042169944413,42220000
2019-03-13,59.461551666259766,59.861248068720826,59.404524065314185,59.80223795182649,25888000
2019-03-14,59.137725830078125,59.74123922576075,59.07326001338981,59.459566851406144,27302000
2019-03-15,59.02714538574219,59.5934639595921,58.86399263821987,59.408991597657796,51886000
2019-03-18,58.94036102294922,59.257737607989256,58.58975837909338,58.99689299412043,24442000
2019-03-19,59.630157470703125,59.677268706394294,58.985484173693706,59.0975568546802,29788000
2019-03-20,60.81882858276367,60.99537085692639,59.48783028814234,59.57758831206408,41508000
2019-03-21,61.29985809326172,61.31523015861807,60.33036996643317,60.499969664619066,28150000
2019-03-22,59.88753128051758,61.17588288459507,59.805707096855926,60.9388435932107,34422000
2019-03-25,59.378238677978516,59.97629637539744,59.01226397560031,59.48634632853268,27576000
2019-03-26,59.00432586669922,59.88752527927204,58.603638248143895,59.76553245948187,30752000
2019-03-27,58.41767883300781,59.10747706719448,57.73432377537689,59.10747706719448,29428000
2019-03-28,58.133026123046875,58.37998553960002,57.69465178230228,58.293205073603154,22402000
2019-03-29,58.36213684082031,58.713235095709805,57.8409432687041,58.525285785823435,30890000
2019-04-01,59.45758819580078,59.51808520124541,58.83176010564364,58.890274595087455,27706000
2019-04-02,59.782894134521484,59.79628368337261,59.073755024656165,59.510642496833356,18288000
2019-04-03,60.04423904418945,60.52972467652331,59.76008850583736,60.13796211001895,22180000
2019-04-04,60.47269821166992,60.52724767027451,59.95646465439694,60.06804171665994,21022000
2019-04-05,60.07596969604492,60.51930791115467,60.00555254911908,60.465254086840815,20012000
2019-04-08,59.918766021728516,60.19993895204262,59.74123250204851,60.05910467242945,21750000
2019-04-09,59.64155960083008,59.862731184859946,59.42782623456685,59.601890367217,19668000
2019-04-10,59.82801818847656,59.951497900092924,59.540893902709925,59.76057859967975,15510000
2019-04-11,59.983734130859375,60.13994427440462,59.7333052989614,59.94951681497526,16998000
2019-04-12,60.635353088378906,60.65122078299202,60.16722204644514,60.282764136523824,24312000
2019-04-15,60.82379150390625,60.961156397142275,60.23019825206835,60.70278993353485,23796000
2019-04-16,61.0905876159668,61.29241832671857,60.74990134124958,60.99586951444709,22622000
2019-04-17,61.498714447021484,61.7446826240801,61.13968232787188,61.342999928729455,30366000
2019-04-18,61.564666748046875,61.786333956338936,61.46251043387367,61.73971835147511,24750000
2019-04-22,62.17413330078125,62.20289491593463,61.1629896255075,61.3266379946004,19084000
2019-04-23,63.00873947143555,63.199166954181834,62.08537124189712,62.31695863453765,31868000
2019-04-24,62.48605728149414,63.177841883509664,62.47415840170821,63.0087378037284,23396000
2019-04-25,62.847564697265625,63.11832566441089,62.38439375673757,62.994350322114855,31344000
2019-04-26,63.347434997558594,63.42132533520761,62.731527063292226,63.147091165017436,27228000
2019-04-29,64.27873229980469,64.31692221345482,63.06427110185339,63.50066293959323,72368000
2019-04-30,59.45659255981445,59.55676257846437,58.66513363960765,59.04350662741325,133178000
2019-05-01,58.18510437011719,59.47097787129944,58.10377581278229,59.384193611523294,74340000
2019-05-02,57.84739685058594,58.485623247392496,57.44174909679846,58.14940138951705,45098000
2019-05-03,58.98994827270508,59.08168881529715,58.19650683878489,58.38792177079416,41588000
2019-05-06,59.18384552001953,59.281537394226156,58.077983794922574,58.119639328597295,31774000
2019-05-07,58.4598388671875,59.24881598225107,57.7725186735263,58.80449022210018,36604000
2019-05-08,58.059146881103516,58.7281174006234,57.90293672585774,58.381975400689264,25520000
2019-05-09,57.919795989990234,58.22229615516196,57.258759314418775,57.653499442905506,29556000
2019-05-10,57.90343475341797,58.33189280354754,56.84865295277492,57.962944287268954,31650000
2019-05-13,56.36365509033203,57.12635243643955,55.81370365034524,56.79261252207175,45626000
2019-05-14,55.781959533691406,56.77425786703427,55.7160030496759,56.64780438425735,40392000
2019-05-15,58.06013488769531,58.43206092531707,55.61038084252998,55.66740844227234,59302000
2019-05-16,58.7395133972168,59.2185557963173,57.94359384914411,58.11170286316471,35308000
2019-05-17,57.9599609375,58.82828398541456,57.84292818102137,58.30957232000944,25362000
2019-05-20,56.76385498046875,57.17743659293496,56.44052703510265,57.17743659293496,30602000
2019-05-21,57.24884033203125,57.42538261961597,56.69690259812097,57.25082284796915,20562000
2019-05-22,57.318763732910156,57.71201318585571,57.07825124759412,57.09064953946734,18826000
2019-05-23,56.79756546020508,57.03113533695104,56.19356022860048,56.83376907485774,25214000
2019-05-24,56.46382522583008,57.24486836060925,56.36960275599148,57.12783560846031,18554000
2019-05-28,56.51093673706055,57.35049814373282,56.466799275668336,56.60615046527899,20948000
2019-05-29,55.53798294067383,56.28480881348524,55.14175593690512,56.170749826952495,36230000
2019-05-30,55.61087417602539,55.87816573711446,55.337631284033925,55.54839087669086,18088000
2019-05-31,54.871490478515625,55.21365987061157,54.715280327354535,54.82884368467994,31582000
2019-06-03,51.511260986328125,52.912676521319256,50.930561642121816,52.90920711845489,96890000
2019-06-04,52.29230499267578,52.48818816254106,51.37687068399899,51.79640359736962,60512000
2019-06-05,51.8038444519043,52.40735790327319,51.226618255402414,52.31759986722469,46988000
2019-06-06,51.95856475830078,52.069646185885304,51.35108630948426,51.88170064785095,29020000
2019-06-07,52.98060989379883,53.23153811813064,52.126667734954445,52.281886608217675,43828000
2019-06-10,53.694217681884766,54.29326663277335,53.323282909136985,53.40857649267084,28510000
2019-06-11,53.60892105102539,54.74800885389501,53.53602575753216,54.39988435915306,33508000
2019-06-12,53.512718200683594,53.68231410693232,53.04160963310708,53.55486936276625,23670000
2019-06-13,54.103328704833984,54.38004097459335,53.68479089781355,53.790912236303534,20814000
2019-06-14,53.86976623535156,54.28929914113113,53.630744430671754,54.04035719000536,24582000
2019-06-17,54.246158599853516,54.61262895010507,53.954074216816096,54.00862367387797,19770000
2019-06-18,54.80900573730469,55.480454366679965,54.588329772186036,55.11943973209184,34526000
2019-06-19,54.772804260253906,55.01678993060054,54.3522800809747,54.90818664522496,26714000
2019-06-20,55.20374298095703,55.675842832879255,54.896282754909315,55.62525840880668,24018000
2019-06-21,55.807254791259766,55.8667605353799,55.031167921989905,55.03811051103241,50774000
2019-06-24,55.37730407714844,55.71799034008654,55.20919505940072,55.54095243430775,24236000
2019-06-25,53.93324279785156,55.32771569465771,53.78546213142027,55.29697156523066,31644000
2019-06-26,53.57321548461914,54.30715117461106,53.244435661949076,54.10283853958426,34698000
2019-06-27,53.390228271484375,53.976878905152184,53.35154651318348,53.892080954369916,24078000
2019-06-28,53.69620132446289,53.69620132446289,53.24988932159318,53.41998464668975,33672000
2019-07-01,54.54915237426758,54.975132239253035,54.317565004800876,54.60072427201799,29196000
2019-07-02,55.17398452758789,55.18836533360532,54.53278445376274,54.78866897188339,20630000
2019-07-03,55.689231872558594,55.937182567074046,55.28556665878392,55.46656960642054,20154000
2019-07-05,56.16925811767578,56.26744561773774,55.416976607105475,55.509708405291306,29794000
2019-07-08,55.381771087646484,55.89850023897379,55.132333508714034,55.83204812175117,29888000
2019-07-09,55.753692626953125,55.93073052665118,54.90371548356918,55.060916875496474,29472000
2019-07-10,56.5778923034668,56.648805088762046,56.06959257601491,56.15191239581184,30710000
2019-07-11,56.735084533691406,57.189330386367295,56.50945227772339,56.83823211312122,26004000
2019-07-12,56.79756546020508,56.90468185042832,56.46134742073141,56.678054562551374,21878000
2019-07-15,57.053951263427734,57.06238073945204,56.53275766886727,56.797567312446006,21164000
2019-07-16,57.20024108886719,57.454143110765386,56.86649740090158,56.86649740090158,25352000
2019-07-17,56.86699676513672,57.44720047303278,56.861045434017086,57.07428317923879,19538000
2019-07-18,56.891788482666016,56.93790846039602,56.17868433807798,56.63193513480286,25450000
2019-07-19,56.11371612548828,57.1070057029644,56.0988396904767,56.99493302801193,23184000
2019-07-22,56.49357604980469,56.53374469444115,55.79931719223764,56.30810867401834,28914000
2019-07-23,56.93196105957031,56.97212970906677,56.178192587258984,56.703846866852054,20648000
2019-07-24,56.519371032714844,56.80352157129636,55.96296883502346,56.166785857604474,27192000
2019-07-25,56.331417083740234,56.7107813020582,55.724929963359386,56.48068084300103,54762000
2019-07-26,61.750633239746094,62.899633620136136,60.89669100249889,60.89669100249889,121216000
2019-07-29,61.583011627197266,61.937583055897385,61.00578173578035,61.61574205422422,41382000
2019-07-30,60.896690368652344,61.33853791873472,60.76378613660804,60.847097204406246,28616000
2019-07-31,60.41070556640625,61.23935558655443,59.91381293169934,60.74147169390751,39960000
2019-08-01,60.092342376708984,61.30829058838138,59.855299290763305,60.38244425053876,35426000
2019-08-02,59.32567596435547,59.97927059539974,59.01226441458213,59.65693772407873,34910000
2019-08-05,57.26421356201172,58.36164587535304,56.66913339378549,58.16774521908615,47840000
2019-08-06,58.07401657104492,58.58578561785265,57.600429870284124,57.7982955394837,36014000
2019-08-07,58.313541412353516,58.50991642354329,57.07031476456262,57.41546170450556,30686000
2019-08-08,59.81513595581055,59.81959661699975,58.21882838192546,58.835231980116845,30116000
2019-08-09,58.95771789550781,59.729340362682485,58.758860947292085,59.507673130205106,20418000
2019-08-12,58.24361801147461,58.79456449803921,57.956989332399154,58.51636529528973,22064000
2019-08-13,59.34600067138672,59.777436208924264,58.16873437476789,58.23617396205058,28434000
2019-08-14,57.735321044921875,58.65472037886696,57.57762400887697,58.32147609646405,35430000
2019-08-15,57.98674011230469,58.33882964015556,57.67333234515644,57.94260643286453,28506000
2019-08-16,58.47718811035156,58.70679297193072,58.169236033164765,58.55554289281411,24916000
2019-08-19,59.52998733520508,59.973821209229875,59.03210341664599,59.10301619731981,24450000
2019-08-20,58.6914176940918,59.40899011785179,58.667616151780344,59.2775765475695,20206000
2019-08-21,59.09061050415039,59.535931209383754,58.90911194530776,59.30087445828363,14152000
2019-08-22,59.08763885498047,59.44766221200768,58.462306455222475,59.20070279076517,17352000
2019-08-23,57.20619201660156,59.29344073521031,57.02865847577189,58.7727427748867,36254000
2019-08-26,58.07897186279297,58.11269354773847,57.26916714544354,57.49728131019381,21166000
2019-08-27,58.061126708984375,58.764314514394854,57.75069271231088,58.66513575010437,23460000
2019-08-28,58.2064208984375,58.44197328276813,57.536954833287844,57.76606025793555,16810000
2019-08-29,59.222530364990234,59.46799913570808,58.778200865886134,58.834732838328584,19636000
2019-08-30,59.038551330566406,59.52552763565574,58.80002135977353,59.52552763565574,18064000
2019-09-03,57.99814224243164,58.96663523077612,57.708536040903354,58.60809877311892,25908000
2019-09-04,58.628929138183594,58.758360180871236,58.09633231531948,58.48908610398832,21312000
2019-09-05,60.112674713134766,60.20243274849439,59.145664680442096,59.19376717840037,26394000
2019-09-06,59.821571350097656,60.150351148565804,59.66982188016948,59.96141437554046,18972000
2019-09-09,59.76950454711914,60.52724177884461,59.16946434430124,59.859262573889204,31854000
2019-09-10,59.790828704833984,60.00406644767936,59.31029939412183,59.31426820929978,27922000
2019-09-11,60.499961853027344,60.62245029793359,59.621223128272874,59.70106478550397,23522000
2019-09-12,61.24233627319336,61.6117803963693,60.626920181517946,60.67204890408515,31644000
2019-09-13,61.493255615234375,61.54384003595526,60.85106426113396,61.10050182835218,23676000
2019-09-16,61.07670211791992,61.44317244751189,60.75733924092804,61.01768821978675,28218000
2019-09-17,60.98992156982422,61.24382360408933,60.666098012436215,61.0767058291929,20806000
2019-09-18,61.12728500366211,61.305314179116046,60.32491842507922,61.00777409952357,17440000
2019-09-19,61.429779052734375,61.7069869660326,61.11041997916298,61.110915608100754,16554000
2019-09-20,60.98793411254883,61.63062110183723,60.677500130138256,61.176375269413754,37692000
2019-09-23,61.22844696044922,61.47590201579958,60.687416872304546,60.82577302120918,20798000
2019-09-24,60.41714859008789,61.84435184221623,60.035801848501244,61.49176671272495,35804000
2019-09-25,61.78633499145508,61.88948256524728,59.96439160709541,60.30210031254571,26798000
2019-09-26,61.60532760620117,61.72335539761474,61.08612034016491,61.59788938854766,23166000
2019-09-27,60.7950325012207,61.739228430196306,60.261936228243556,61.63211203323862,34122000
2019-09-30,60.556495666503906,60.8674252630036,60.17366204015003,60.52971657030249,24470000
2019-10-01,59.80570602416992,61.1376994390325,59.78339136996081,60.62344843370685,24504000
2019-10-02,58.4132194519043,59.44667782034563,58.15088793600991,59.33460512951932,33030000
2019-10-03,58.9839973449707,59.06185271029427,57.68027372624603,58.68199283402586,28368000
2019-10-04,60.051673889160156,60.126059852899786,59.06036675741137,59.225006378900304,24282000
2019-10-07,59.91728591918945,60.44591775673963,59.72438030235349,59.85529824338502,17040000
2019-10-08,59.018714904785156,59.84885186964598,58.98648010235407,59.44717293719252,20086000
2019-10-09,59.62717819213867,59.92769580721436,59.41493171488661,59.57411941039599,15948000
2019-10-10,59.977783203125,60.28276149090134,59.402043943686515,59.43873940465418,12842000
2019-10-11,60.28722381591797,60.933879613135076,60.184571871183685,60.6998141106682,22330000
2019-10-14,60.38937759399414,60.791552096971074,60.09729324885146,60.19696763225043,13296000
2019-10-15,61.60285186767578,61.8453468528773,60.545592043984996,60.57435365782563,27584000
2019-10-16,61.640541076660156,62.19545255415238,61.41887007961055,61.58152717988631,22986000
2019-10-17,62.126522064208984,62.66953466128119,61.98122332826266,62.05709617616047,20958000
2019-10-18,61.7104606628418,62.38984308906814,61.498709818420544,62.22024718869601,31624000
2019-10-21,61.70402145385742,62.1617367308918,61.49127932482971,61.92321054336643,18094000
2019-10-22,61.5512809753418,61.92469389924961,61.48433322932572,61.71393429825658,22862000
2019-10-23,62.36604690551758,62.38637904416191,61.50218828619417,61.50218828619417,21282000
2019-10-24,62.43944549560547,62.62739104493596,62.10421489333419,62.43944549560547,20224000
2019-10-25,62.69681167602539,62.880296548809305,61.945521387384986,62.086851313418414,27104000
2019-10-28,63.92069625854492,64.42949157988647,63.094032497897665,63.22742858237016,65428000
2019-10-29,62.51631164550781,63.51505711176076,62.2658789978267,63.27702275672,52654000
2019-10-30,62.518287658691406,62.881288593585026,62.01990812718135,62.243062237785296,29204000
2019-10-31,62.42406463623047,62.80690207723711,61.96188494144521,62.4835741641349,31904000
2019-11-01,63.09104919433594,63.128244066053234,62.469189984190244,62.77119448475886,28812000
2019-11-04,63.95193099975586,64.09524721123415,63.282464957716556,63.282464957716556,30632000
2019-11-05,64.04267883300781,64.3303025073274,63.94052630865132,64.03077617220687,25148000
2019-11-06,64.0213623046875,64.11954980825729,63.58794801450021,63.97574173910318,24626000
2019-11-07,64.81133270263672,65.59039331831046,64.15723868532784,64.1835183702277,45140000
2019-11-08,64.91348266601562,65.31566095485586,64.54254791724352,64.54254791724352,30392000
2019-11-11,64.38188171386719,64.71016967774435,64.26237082066733,64.6655328055786,17234000
2019-11-12,64.32881927490234,64.93084578823698,64.1815380183125,64.39626264933645,28852000
2019-11-13,64.27774047851562,64.59214327190867,64.0778922913603,64.12896855743497,20538000
2019-11-14,64.92093658447266,65.24675026178147,64.166672397698,64.21923934498456,28948000
2019-11-15,66.13043212890625,66.13043212890625,65.0568014433281,65.21351099535102,39286000
2019-11-18,65.4510498046875,66.14928136486101,65.26855995871942,66.07092657964729,27984000
2019-11-19,65.09152221679688,65.78776365557141,65.05085793939855,65.78776365557141,21864000
2019-11-20,64.5594253540039,65.12227074851963,63.93211035270607,65.03053019539448,28892000
2019-11-21,64.47412109375,65.01861677417807,64.0084644651908,64.429983634344,25546000
2019-11-22,64.15328216552734,64.80935878570455,63.93954877129495,64.6159575316089,27776000
2019-11-25,64.74686431884766,64.9834117548011,64.2494798442598,64.28171464407943,23590000
2019-11-26,65.11184692382812,65.16193192966712,64.66752126393,64.958610565882,21910000
2019-11-27,65.06871032714844,65.34195702798004,64.93680491082387,65.23186685461462,18808000
2019-11-29,64.67000579833984,64.96060330050324,64.62735900315724,64.79448056426496,12802000
2019-12-02,63.91475296020508,64.73695989800211,63.494224972941524,64.59413550286762,26538000
2019-12-03,64.20633697509766,64.32982047875444,63.32908879632184,63.40892668143017,25270000
2019-12-04,65.40642547607422,65.67074331391355,64.61843581992142,64.7696896992999,35506000
2019-12-05,65.80412292480469,65.85470734274854,65.17730745296996,65.80610544051169,24408000
2019-12-06,66.4205322265625,66.57326918477894,66.01587954811114,66.09125298585175,32968000
2019-12-09,66.59906005859375,67.32109691536094,66.25589562423183,66.3942555651881,30842000
2019-12-10,66.5940933227539,66.84749968512037,66.15323329455973,66.44780334086042,17606000
2019-12-11,66.66153717041016,66.94122321757087,66.50532704223565,66.86237660181916,20480000
2019-12-12,66.8718032836914,67.17380400933571,66.36152489090372,66.60996742116053,29114000
2019-12-13,66.79146575927734,67.01362860346082,66.53310308380729,66.84254202624732,33170000
2019-12-16,67.477294921875,67.61762978668901,66.97692916803638,67.19462754292579,28128000
2019-12-17,67.1891860961914,67.6573171534824,66.98487344177842,67.56210341582532,32948000
2019-12-18,67.0414047241211,67.41432203990537,66.96950446775314,67.29381987376564,23330000
2019-12-19,67.26603698730469,67.32009458947502,66.88469026605914,67.04139223741208,28922000
2019-12-20,67.00719451904297,67.64095652823882,66.98289734500527,67.59632721261303,50090000
2019-12-23,66.97793579101562,67.5343342225845,66.84751347435298,67.37961473379353,19936000
2019-12-24,66.67046356201172,67.04636218280068,66.65757720914816,66.9570960026882,13468000
2019-12-26,67.56507110595703,67.60127850432504,66.72402280476463,66.7755984844462,23662000
2019-12-27,67.17679595947266,67.79220832437919,67.09546739562148,67.64095444804676,23212000
2019-12-30,66.43640899658203,67.29382453157257,66.34367718193478,67.2844037964248,19994000
2019-12-31,66.4205322265625,66.48351115662122,66.06050885599129,66.24200742818745,19514000
2020-01-02,67.87303924560547,67.87303924560547,66.77263680999941,66.86785055633585,27278000
2020-01-03,67.51795959472656,68.12445054033702,66.81378055903824,66.84750602902096,23408000
2020-01-06,69.31759643554688,69.34288486446046,66.9962821053439,67.02751808217074,46768000
2020-01-07,69.1836929321289,69.59975639798446,69.00765007438353,69.44900196622598,34330000
2020-01-08,69.6761245727539,70.01383328257931,69.06071230813146,69.16931180182212,35314000
2020-01-09,70.40758514404297,70.84843766453115,69.93250773983897,70.51370271406968,33200000
2020-01-10,70.86231994628906,71.15887253591534,70.39816153236073,70.88761594044897,26258000
2020-01-13,71.41129302978516,71.48319328541425,70.68429987467893,71.17424616511539,30730000
2020-01-14,70.94314575195312,71.54020830430976,70.8032951709677,71.40978602242117,26076000
2020-01-15,71.37012481689453,71.44847959482189,70.99621627063644,71.06365964443332,21550000
2020-01-16,71.91364288330078,71.94042198348346,71.40980383677255,71.6800692002155,26080000
2020-01-17,73.36959838867188,73.42067465653932,72.23051437982828,72.52755882003636,52424000
2020-01-21,73.50499725341797,73.8833703111752,72.9079269291361,73.34382322473569,48930000
2020-01-22,73.58531951904297,74.41397338110437,73.52532192544703,73.8759245867756,28458000
2020-01-23,73.62596893310547,74.06286392107879,73.40926181542616,73.76780203530112,26650000
2020-01-24,72.70757293701172,74.097581382054,72.559292859008,74.02914675123824,29786000
2020-01-27,70.99969482421875,71.2402073113937,70.3932038265922,70.99027408970458,34132000
2020-01-28,71.93048858642578,72.14372252373562,70.93173956635746,71.49607551541948,29724000
2020-01-29,72.23796081542969,72.60691311591184,71.6770979293156,72.32523692514812,21566000
2020-01-30,72.116455078125,72.16604067283447,71.16184346943253,71.31557167668379,27110000
2020-01-31,71.0517578125,72.88113570169328,70.76809913606537,72.79137767304688,43822000
2020-02-03,73.5223388671875,73.70582753071683,72.23349161238843,72.48342482845398,71636000
2020-02-04,71.67807006835938,72.76557823057527,70.51865409884083,72.12835081014188,95880000
2020-02-05,71.7098159790039,72.62871964997271,70.89802869966074,72.58061715621994,36376000
2020-02-06,73.19355773925781,73.4707694622342,71.92950709001718,72.00388927199774,37822000
2020-02-07,73.3492660522461,73.65374870960305,72.66988358975605,72.76807109346798,28360000
2020-02-10,74.81465911865234,74.82557052333453,73.15537648833067,73.25604592514885,38302000
2020-02-11,74.88407897949219,75.86696037630945,74.65546917942103,75.0432628919805,34852000
2020-02-12,75.30906677246094,75.39187842015023,74.81514795929655,75.17169810906991,31042000
2020-02-13,75.0492172241211,75.67206769006663,74.58356058636251,74.88110442539049,22914000
2020-02-14,75.31404113769531,75.3795020053948,74.66043885249384,75.10576343761115,23198000
2020-02-18,75.3492431640625,75.90068528400265,74.93119712969819,75.09633617170891,25642000
2020-02-19,75.61851501464844,75.90961191518042,75.42561318763357,75.73406088600595,22746000
2020-02-20,75.22774505615234,75.72761146175247,74.59645752229817,75.32791507548832,25962000
2020-02-21,73.56499481201172,74.92823198652577,73.31853475167003,74.61233845734078,42520000
2020-02-24,70.41104888916016,71.23028195609393,69.76290996883232,70.56924154888083,49560000
2020-02-25,68.747802734375,71.25358934741597,68.45522273304678,70.96349127440813,51580000
2020-02-26,68.9535903930664,70.10408510430565,68.26329659306435,69.17724388929183,49776000
2020-02-27,65.20854949951172,67.90873614395468,65.17334092529835,67.39994084412521,62290000
2020-02-28,66.4135971069336,66.57228162159925,62.890711592468215,63.19321175186874,80198000
2020-03-02,68.747802734375,68.80482655090657,65.71685370908082,67.01562107182778,55430000
2020-03-03,66.33772277832031,69.83233844511692,65.9171948251204,69.31114862306558,56602000
2020-03-04,68.51373291015625,68.57224739337018,66.30200954107818,67.3910084911232,47598000
2020-03-05,65.19912719726562,67.1267001116849,64.54850635828724,66.72600490557134,54380000
2020-03-06,64.25592803955078,64.6035493381855,62.34521781036266,62.9769971984103,64640000
2020-03-09,60.291194915771484,62.12305473019572,59.410969211683664,59.75413363170908,69252000
2020-03-10,63.2358512878418,63.269572972951494,60.22771277532329,62.20537061822726,54872000
2020-03-11,60.0486946105957,62.331330808488026,59.06879454018304,61.901881557171805,54732000
2020-03-12,55.12192153930664,58.950281093480896,54.96918456837145,55.67088552919475,94326000
2020-03-13,60.21581268310547,60.22225964263293,55.15860802791231,58.2679115330629,79400000
2020-03-16,53.210227966308594,56.8040228668713,52.9166528805511,54.033918048404935,96520000
2020-03-17,55.44475173950195,55.838496815004454,52.02501762640033,54.084991706538645,83194000
2020-03-18,54.11226272583008,54.79660524805218,51.424970078900834,52.56257095894629,93044000
2020-03-19,55.127864837646484,57.15808582583962,52.3448667261516,53.96497557597738,74064000
2020-03-20,52.972686767578125,56.45738636340472,52.669690960507474,56.08149147147877,82878000
2020-03-23,52.274452209472656,52.90821410094761,50.030002120502026,52.385533632275504,83672000
2020-03-24,56.037349700927734,56.20198931680837,53.87621071144316,54.74652002572422,72468000
2020-03-25,54.62948989868164,56.83872770368654,53.70661738665387,55.768078303487016,90324000
2020-03-26,57.66936111450195,58.093854072789966,54.153917901971255,55.279116700352446,76562000
2020-03-27,55.05794906616211,57.08073204784074,54.74751506360393,55.911395704558494,62794000
2020-03-30,56.84566879272461,57.078247414984624,54.474269571410154,56.16777321835151,58736000
2020-03-31,57.62126159667969,58.1890670209297,56.37010109392205,56.96568065824295,65228000
2020-04-01,54.65329360961914,56.008097373392076,54.22632246793909,55.73931890160938,51970000
2020-04-02,55.39366912841797,55.67831525812242,54.20846522221107,54.54914768908642,56410000
2020-04-03,54.1871452331543,55.480952582798494,53.31337022040269,55.278626230732584,51374000
2020-04-06,58.67455291748047,59.04945270981069,55.7889027932641,56.18562539316482,63320000
2020-04-07,58.643306732177734,60.538644724889906,58.379984000621846,60.35168668267904,61620000
2020-04-08,59.85529327392578,60.247055806495155,58.71224047565648,59.661892044147216,40334000
2020-04-09,59.8339729309082,60.59865278435294,59.132272009251324,60.40971598898934,54028000
2020-04-13,60.02439498901367,60.228211985811114,58.631904675648435,59.58254746490999,38702000
2020-04-14,62.7429313659668,63.26461680088407,60.923466061815894,61.49028400054519,63358000
2020-04-15,62.34968185424805,63.23288132977035,61.194230736716015,61.81460308752658,42236000
2020-04-16,62.35612106323242,63.14609305744218,61.402504500274134,62.837641603060725,57896000
2020-04-17,63.425785064697266,63.971275807142504,62.78111177962652,63.55967676795776,51050000
2020-04-20,62.54060363769531,63.31768179285646,62.307033746712925,62.97402173117988,35292000
2020-04-21,60.111183166503906,61.98767228700058,59.756116084668555,61.62616202853529,49648000
2020-04-22,62.40472412109375,63.46942212095462,61.352916257316856,61.54681311207686,46296000
2020-04-23,63.03749465942383,63.87953802477549,62.50985788688982,62.76822057097703,34202000
2020-04-24,63.306766510009766,63.36181158869509,61.69012709170987,62.23561780583257,37402000
2020-04-27,63.022125244140625,64.17460265209323,62.73450152115081,64.07046002760272,44186000
2020-04-28,61.12430953979492,63.71142467884531,61.0147150018543,63.63406872473429,80700000
2020-04-29,66.55888366699219,67.4500168748035,65.79271704540977,66.6987266872826,108358000
2020-04-30,66.78304290771484,66.9466912833189,65.53336921837345,66.02233182914512,55842000
2020-05-01,65.32608795166016,67.01761314548959,64.94623179479512,65.66181420599857,48872000
2020-05-04,65.60279083251953,65.68065376658639,64.26931430979212,64.87034957246755,30806000
2020-05-05,66.89808654785156,67.98857626005707,66.20432703264936,66.32681171124734,39666000
2020-05-06,66.72004699707031,67.87351539698507,66.70517056369631,67.34339679611239,31732000
2020-05-07,67.90277862548828,68.23603045485314,67.07264174294407,67.50754669271235,30652000
2020-05-08,68.64961242675781,69.25956898715928,68.03816519605402,68.52464582755636,33326000
2020-05-11,69.60421752929688,70.19632388908829,68.2112352957633,68.27520548318408,32718000
2020-05-12,68.19537353515625,70.13682424784653,68.16214747442724,69.83383223606998,33918000
2020-05-13,66.86386108398438,68.69870207901334,65.8561907203026,68.24395686168661,40368000
2020-05-14,67.28688049316406,67.31216892241369,65.62263398187353,66.12944679284938,36660000
2020-05-15,68.09024047851562,68.16561392304912,66.40119733074029,66.86040707156998,41544000
2020-05-18,68.6912612915039,69.06715231053478,67.15495543988825,67.52093388071376,47094000
2020-05-19,68.15668487548828,69.05376572383527,68.12494948842443,68.70614443587316,31586000
2020-05-20,69.88043975830078,70.02276472704372,68.80235214483642,68.88863698818672,38262000
2020-05-21,69.76094055175781,70.24245742688925,69.14800252337294,69.97120077662271,30894000
2020-05-22,70.08277130126953,70.26922616998684,69.22535585205502,69.61959655312397,28544000
2020-05-26,70.48593139648438,71.6632053320512,70.38824330390248,71.5069951861751,44590000
2020-05-27,70.431884765625,70.68330865481425,69.15841334614704,70.4179995868047,31684000
2020-05-28,70.33071899414062,71.63096943029363,69.38057178014799,69.426192345688,35170000
2020-05-29,71.08845520019531,71.24763911516013,70.2186452926417,70.4393174660561,37044000
2020-06-01,71.1553955078125,71.48814791077972,70.53105438742989,70.70065785212817,25162000
2020-06-02,71.52436065673828,71.55857797653256,70.49784106291007,71.16185531852858,23442000
2020-06-03,71.37261199951172,71.85661074693132,70.99423898126727,71.5436985914345,27732000
2020-06-04,70.13531494140625,71.47524571901106,69.72421538010032,71.25010157229207,26982000
2020-06-05,71.41079711914062,71.72222618313101,69.80407376319808,70.20178767828749,42642000
2020-06-08,71.80850219726562,71.85610527816216,70.64015718062795,70.72942336173372,33878000
2020-06-09,72.00884246826172,72.78840250945899,71.52682627591334,71.66965065277674,33624000
2020-06-10,72.63467407226562,73.0348622998667,72.1219137520516,72.47648141459497,31762000
2020-06-11,69.52041625976562,71.98504674451961,69.34734716096332,71.46087559148388,47144000
2020-06-12,70.06689453125,71.13754380958245,68.7220073373794,70.70858643432881,36676000
2020-06-15,70.45469665527344,70.66594810504006,68.79144145539158,68.90500481086467,30468000
2020-06-16,71.73065185546875,72.26126242222357,70.86381565770579,71.85611030985311,30648000
2020-06-17,72.03165435791016,72.51069676200414,71.16829143028149,72.0514946495563,30610000
2020-06-18,71.11820983886719,72.05298121424725,70.72743476994945,71.8982617395041,34862000
2020-06-19,70.64810180664062,71.63295826897189,70.36840814054392,71.40980414439169,52784000
2020-06-22,71.93842315673828,71.95280774652628,70.37782758468947,70.66644253665869,29442000
2020-06-23,72.59895324707031,73.15535908494654,71.65773509774878,72.00486448104547,37752000
2020-06-24,71.04778289794922,73.18461692389582,70.91388742535021,72.56424844008514,31592000
2020-06-25,71.46434783935547,71.52484484122479,70.39518156341698,70.97439400933185,23958000
2020-06-26,67.56854248046875,71.26201482286062,67.19463394651147,71.04431642722474,97640000
2020-06-29,69.28585052490234,69.32701421353897,67.02850648187311,67.45944641414235,45074000
2020-06-30,70.3212890625,70.61635097847407,68.77804426486243,69.27147126590755,40286000
2020-07-01,71.50897979736328,71.83032898693156,70.12938326370785,70.3768421161721,42182000
2020-07-02,72.89402770996094,73.81591270905315,71.9587569455247,71.99694685942596,57218000
2020-07-06,74.36784362792969,74.88110333771328,73.24363612265843,73.79756010607282,44712000
2020-07-07,73.88533020019531,75.44246001179413,73.87441879746366,74.19328600350485,42364000
2020-07-08,74.5637435913086,74.93914287191579,74.00337252189561,74.42489178829832,31766000
2020-07-09,75.31055450439453,75.83026118715777,74.16651424532147,74.87763207288506,41836000
2020-07-10,76.3197250366211,76.43527091513984,74.42092109962981,75.04228097916123,35918000
2020-07-13,74.99169921875,78.17191203749789,74.71052246568456,76.86174141702182,42954000
2020-07-14,75.41966247558594,75.51586747193137,73.68748069578344,74.02767136950519,38108000
2020-07-15,75.2222900390625,76.18681428524529,74.2775985185989,75.53718469026553,31026000
2020-07-16,75.12509155273438,75.17418530345144,73.80351018131975,74.45958671679637,26484000
2020-07-17,75.2208023071289,75.54710778770762,74.29098718634621,75.22377608107477,34264000
2020-07-20,77.55104064941406,77.8074208084694,74.51910048084655,75.12905704307107,30166000
2020-07-21,77.15827941894531,78.70202356898034,76.99463106769095,78.60185355585298,27486000
2020-07-22,77.60112762451172,77.70675334704666,76.52898757148118,77.14787303751817,24482000
2020-07-23,75.2158432006836,77.87387489576915,74.81118295355448,77.65468582028785,33910000
2020-07-24,74.7923355102539,75.15037633795211,73.7697887035883,74.34503607352454,29902000
2020-07-27,75.84463500976562,76.24780455339922,74.99664795853083,75.04276793316431,27124000
2020-07-28,74.56621551513672,75.67504727423581,74.41099662396583,75.62496226274747,30910000
2020-07-29,75.55107116699219,76.03804366539825,74.53447181046977,74.63315872892666,22676000
2020-07-30,76.2879867553711,76.41295336384728,74.14568906688521,74.28454085408097,36042000
2020-07-31,73.78765106201172,74.63415515123877,72.10406361825939,74.23892317136475,91468000
2020-08-03,73.5302734375,74.27263483646993,72.982796377369,73.93889871670713,45482000
2020-08-04,73.0611572265625,74.0435393333621,72.6014556409733,73.72616272675874,37212000
2020-08-05,73.34827423095703,73.88930432200833,72.95799858052132,73.23570970460068,29134000
2020-08-06,74.63068389892578,74.69614476480311,72.991733291416,73.2024929142667,33306000
2020-08-07,74.30438995361328,75.38148647344788,73.70434585673274,74.83351747807848,27718000
2020-08-10,74.22753143310547,74.73979247467699,73.26894693624642,73.92899624930209,20546000
2020-08-11,73.42017364501953,74.9029212995285,73.30363653343107,74.08765336389034,31098000
2020-08-12,74.74424743652344,74.96393594922627,73.64136312889204,73.74649701775965,22512000
2020-08-13,75.21088409423828,76.21856217706964,74.79234620944766,74.79234620944766,22388000
2020-08-14,74.61479949951172,75.36658911360824,74.33560529912201,75.06011640568661,21942000
2020-08-17,75.19053649902344,75.56445256290893,74.63314693921502,75.17715073524698,19990000
2020-08-18,77.15133666992188,77.23018328447318,75.45981951477373,75.68049166642054,28378000
2020-08-19,76.59742736816406,77.79998980713675,76.36881754336467,76.98819489670538,30472000
2020-08-20,78.16645812988281,78.36085063108287,76.0940857567351,76.36732488551415,26382000
2020-08-21,78.13272857666016,78.94154200457511,77.47516142101985,77.94576675479895,34838000
2020-08-24,78.60780334472656,79.7796215208328,78.10644628557537,78.97080047471435,25638000
2020-08-25,79.63433074951172,79.7845857885125,78.2472884005145,78.35737857337155,25150000
2020-08-26,81.53263854980469,81.96209542076527,79.39283024801047,79.65664865706766,52188000
2020-08-27,80.75853729248047,81.72405283891463,80.27701291660559,81.65561820356022,31350000
2020-08-28,81.29956817626953,81.39478192072718,80.61423806139003,80.80565680839352,22418000
2020-08-31,80.80862426757812,81.55098571536558,80.60034658249602,81.50486573387329,26422000
2020-09-01,82.07565307617188,82.28095699805938,80.80862853332464,80.93905085374529,22652000
2020-09-02,85.16560363769531,85.5975348157348,82.32904722784718,82.71684094466416,49522000
2020-09-03,80.80762481689453,84.30323151911709,79.7265559132381,84.27942619556264,63726000
2020-09-04,78.41242980957031,81.07938305548198,76.26814951914791,79.7905357444449,55850000
2020-09-08,75.55553436279297,77.13993533300419,75.20344105449351,75.62496025313807,54032000
2020-09-09,76.72734069824219,77.29712475631062,75.6333780073109,76.8101523414228,39242000
2020-09-10,75.6770248413086,78.0380120006391,75.37700663755594,76.87363960393168,33024000
2020-09-11,75.16675567626953,76.30434911532208,74.03907481748664,75.78117674902929,30706000
2020-09-14,74.82308197021484,77.21183946322891,74.63860963235427,75.95472771220844,42660000
2020-09-15,76.1268081665039,76.91380642864527,75.48115117831345,75.76827546976736,23042000
2020-09-16,74.9847412109375,77.08141038154895,74.95994463199777,76.49178602264094,22128000
2020-09-17,73.7425308227539,74.31876961174397,72.52360868177398,73.68153439611216,40008000
2020-09-18,71.95976257324219,74.14718926536939,70.99424689916565,73.80501604336168,63056000
2020-09-21,70.92085266113281,71.41278150456299,69.55910621020328,70.99424359270485,56908000
2020-09-22,72.3926773071289,72.59848063067304,70.88910537519139,71.92157247881308,33950000
2020-09-23,69.89183807373047,72.05843270651947,69.55909323170627,72.00933895714364,37726000
2020-09-24,70.559814453125,71.31011340811294,69.53280322167417,69.5590904717612,34552000
2020-09-25,71.3631820678711,71.70435638288463,69.80704340057243,70.66842379721632,30326000
2020-09-28,72.33514404296875,73.04577000235808,71.72122247765688,72.9961844081179,30784000
2020-09-29,72.70013427734375,72.99667929784022,72.10405532889749,72.59549981591418,31816000
2020-09-30,72.67930603027344,73.7008616762661,72.19134227406526,72.44821428907602,40924000
2020-10-01,73.78515625,74.14072271292429,73.2347054658879,73.57489608176681,32884000
2020-10-02,72.18340301513672,73.34530108822473,71.77428589367447,72.38325120895068,31222000
2020-10-05,73.53373718261719,73.6264689731756,72.4060565612274,72.5330056636508,21602000
2020-10-06,71.9562759399414,73.61754082467756,71.6582402752025,73.17024140482556,26096000
2020-10-07,72.35895538330078,72.8464272920144,71.07407320039421,72.3673848593541,36108000
2020-10-08,73.5634994506836,73.79160984769521,72.67186671262658,72.67186671262658,26076000
2020-10-09,74.9034194946289,74.97284538187411,73.74053020813113,74.03112767666134,32966000
2020-10-12,77.5882339477539,78.76996475880563,75.83819452463318,76.26963387133897,55344000
2020-10-13,77.71121978759766,78.60830825072733,77.29268191848519,78.2041474056117,39072000
2020-10-14,77.53121185302734,78.54334687397657,76.66140181663269,78.08464409532286,33174000
2020-10-15,77.1359634399414,77.92593541611845,76.42484564784411,76.59195961535212,31210000
2020-10-16,77.74246215820312,78.23885538819876,77.24457825784714,77.45136526093125,34194000
2020-10-19,75.87042236328125,78.54730285581954,75.52180983862715,78.1505802742587,29734000
2020-10-20,76.91827392578125,78.04694597778177,75.40180813556019,75.53123918577117,41670000
2020-10-21,78.64945983886719,80.09501655041937,77.71468849305327,77.84907582540164,60322000
2020-10-22,79.67449951171875,80.00972633668317,78.22745949895982,78.60037683033812,30512000
2020-10-23,80.97969818115234,81.03623014633379,79.93482916601648,80.0905474515832,30548000
2020-10-26,78.5651626586914,80.81109596389342,77.7464289699495,80.08807542144447,35826000
2020-10-27,79.2886734008789,79.4433928628806,78.203147671929,78.7952539907842,25902000
2020-10-28,74.92079162597656,77.05366121005478,74.8057451536442,76.86522380539199,45174000
2020-10-29,77.20589447021484,78.78583097305014,75.20592187839175,75.22922779001276,55406000
2020-10-30,80.14311218261719,83.37689063114517,79.42207419697557,82.68857929063469,99878000
2020-11-02,80.55025482177734,82.23235142341763,80.05038085259652,80.51157306203328,44228000
2020-11-03,81.60850524902344,82.27003752125272,79.94475820536469,80.86961702118651,31432000
2020-11-04,86.57695007324219,87.77603930665698,84.45201073795255,84.57995112111725,71342000
2020-11-05,87.40261840820312,88.85660464736164,86.33791656920567,87.79685909810694,39758000
2020-11-06,87.26525115966797,87.70015609543829,86.12219462200115,86.84918769044951,28622000
2020-11-09,87.34906005859375,90.09982356156625,87.15714949334874,89.06289964750782,53440000
2020-11-10,86.17377471923828,87.24789727172411,85.10262594054147,85.77953403684037,43022000
2020-11-11,86.6453857421875,87.42245635168302,86.43859116132685,86.70340081963118,31838000
2020-11-12,86.42668151855469,87.5256006507518,86.18616905114561,86.38601724295751,26474000
2020-11-13,87.8866195678711,88.12812330500522,86.08749390814062,86.68356532652022,29744000
2020-11-16,87.9743881225586,88.98156668140368,87.34459128225902,87.48394246884763,25468000
2020-11-17,87.3609619140625,88.12861930166262,87.25335367641775,87.66841834553581,21314000
2020-11-18,86.31857299804688,87.52659102492422,86.21592105216274,87.11201820971709,20108000
2020-11-19,87.20772552490234,87.4517111808944,85.79192921661566,85.95111313440208,20106000
2020-11-20,86.1073226928711,87.69321431232694,86.03888806138033,87.37782025271105,27694000
2020-11-23,85.66993713378906,86.58388452691703,84.80806483367506,86.29775148895854,22530000
2020-11-24,87.47203063964844,87.59997099672393,85.33122404611635,85.666950197212,27984000
2020-11-25,87.48343658447266,87.79337490877796,86.7014022627697,87.66593396009755,19600000
2020-11-27,88.6185531616211,89.11396262234416,87.50376648047946,87.50376648047946,14790000
2020-11-30,87.00093841552734,88.28730367623308,86.67562420794934,88.05472883709749,32418000
2020-12-01,89.03215026855469,90.33934712767135,87.42890021723332,87.60891569180329,37350000
2020-12-02,90.50051879882812,90.8858381988271,88.52683325898421,89.03215541544569,29424000
2020-12-03,90.34529876708984,91.4357808641382,90.10527814356266,90.28082916707561,24728000
2020-12-04,90.44050598144531,90.72514832522789,89.93616760104676,90.26495497057907,20544000
2020-12-07,90.10677337646484,90.71474746268916,89.41300629000888,90.03337488446918,22288000
2020-12-08,89.82410430908203,90.05420479386552,88.82982716744417,89.68476067965364,19936000
2020-12-09,88.16432189941406,90.66912483380474,87.3778230247118,89.77600140990651,31728000
2020-12-10,87.65800476074219,88.02199315546525,85.96598802674157,87.40757214922617,28688000
2020-12-11,88.0125732421875,88.13704799737961,86.91861796512762,87.27864133152798,18628000
2020-12-14,86.89481353759766,88.75642621466821,86.7395946512999,87.81025159464944,33050000
2020-12-15,87.33219909667969,87.47699842212751,86.36965738505812,87.27169452904377,21352000
2020-12-16,87.13928985595703,87.7304049543823,86.73612785383081,87.7304049543823,24676000
2020-12-17,86.3121337890625,87.61140062901919,85.8479753357281,87.4735400975427,34880000
2020-12-18,85.60348510742188,86.7014130032397,85.04708672490963,86.59281350662172,85256000
2020-12-21,86.0170669555664,86.13806852719698,84.00569107154372,84.75599010453729,33974000
2020-12-22,85.30594635009766,85.9203673555766,84.58986465657318,85.75771025470374,20370000
2020-12-23,85.70317077636719,86.49066096594188,85.35455062268282,85.4899367962746,22974000
2020-12-24,85.99723052978516,86.40634763890155,85.51074990274458,85.74134221937419,9312000
2020-12-28,87.97091674804688,88.61757255277705,86.3770950854727,86.5303238857838,27650000
2020-12-29,87.16755676269531,88.69046939494899,87.03614320674384,88.62898113815957,19726000
2020-12-30,86.10088348388672,87.66346933235681,85.69176632843582,87.52660005705403,21026000
2020-12-31,86.91366577148438,87.15467009608656,86.09294200196078,86.1514640567951,21070000
2021-01-04,85.59902954101562,87.402120207572,84.65731177627322,87.27864427300177,37324000
2021-01-05,86.2893295288086,86.62554760631905,85.14131652388939,85.54745991038807,20360000
2021-01-06,85.43785095214844,86.48371128165162,84.10983019384653,84.31612534175449,46588000
2021-01-07,87.9897689819336,88.16233866820387,85.63026481011545,85.63026481011545,41936000
2021-01-08,89.15463256835938,89.23050541250267,87.3391324437346,88.12960383731487,35484000
2021-01-11,87.09465789794922,88.48764764784643,86.88886216525205,88.1226604372479,34796000
2021-01-12,86.1594009399414,87.67041115596055,85.11553054046577,86.55265041375313,29528000
2021-01-13,86.64636993408203,87.09962451285838,85.65803281300867,85.65803281300867,23432000
2021-01-14,85.83656311035156,87.65305472805,85.59605062771794,86.72670521887984,29212000
2021-01-15,85.67291259765625,86.6647153768153,84.88393935871447,85.74233848952319,31444000
2021-01-19,88.49210357666016,89.4526626523658,85.93126850207622,86.43559928357486,41660000
2021-01-20,93.2329330444336,94.20737744445935,90.2297543947526,90.56993747642771,64152000
2021-01-21,93.43523406982422,95.81208848385995,93.20017735309843,93.90634632785113,58634000
2021-01-22,93.852294921875,94.43894549466397,93.05587604072585,93.79774547612908,32744000
2021-01-25,93.9375991821289,95.30331799676104,92.19599688493652,94.8530372036717,50586000
2021-01-26,94.61549377441406,95.00229620820357,93.03753991216796,93.52649487258525,31462000
2021-01-27,90.20148468017578,93.2527658262995,89.12736210402838,92.97704477868687,82512000
2021-01-28,91.90045166015625,93.62568701190574,90.79954993985909,90.79954993985909,55278000
2021-01-29,90.61903381347656,91.61976549487935,89.33961486968028,90.94930432506192,44530000
2021-02-01,93.87761688232422,94.99190444693383,91.47348314014071,91.47348314014071,40252000
2021-02-02,95.16943359375,96.66953234686342,94.53715474973095,94.87238913054661,66332000
2021-02-03,102.10014343261719,104.4675776467,99.85222011919001,102.43388711910048,97882000
2021-02-04,101.83978271484375,102.61685315687987,100.92087160601146,102.1864127017878,48596000
2021-02-05,103.58535766601562,103.93794279316154,101.65977493755003,102.13385347188657,29866000
2021-02-08,103.37163543701172,104.8831449457621,102.32181757236562,104.13929285394818,28828000
2021-02-09,102.91887664794922,104.06539887651223,102.65158507922345,102.88961562155747,21892000
2021-02-10,103.46882629394531,104.08374671519705,101.77086200517664,103.30319541840504,25102000
2021-02-11,103.5813980102539,103.8417432011322,102.59505097845204,103.6929788445471,20480000
2021-02-12,103.892822265625,104.11448568687386,102.8286123513811,103.13607633020287,18990000
2021-02-16,104.66990661621094,106.37779106891139,103.73017139399565,103.73017139399565,31004000
2021-02-17,105.06266021728516,105.2520964251539,103.56157027886391,103.84075695054456,20294000
2021-02-18,104.42740631103516,105.22978044150346,103.8085208383096,104.38724144669854,22546000
2021-02-19,103.58438110351562,105.06068208751414,103.31758892872503,104.52560706749125,37938000
2021-02-22,101.87103271484375,103.1638524951323,101.56060251176662,101.83830606942489,29466000
2021-02-23,102.16162872314453,102.77555788180933,98.69577487059935,99.87404002469421,34658000
2021-02-24,103.33641815185547,103.56007165959284,100.54548993925555,100.66995712296065,22608000
2021-02-25,99.97124481201172,103.296264656048,99.50212250444032,101.95385918325073,41548000
2021-02-26,100.26679229736328,101.98310623375514,99.23036023728218,100.66549742752122,40042000
2021-03-01,102.63471984863281,102.96052588335621,100.88716247321571,101.56059734973552,26060000
2021-03-02,102.37784576416016,103.87844380430377,101.99055145272833,102.39569597381312,25564000
2021-03-03,99.74610137939453,102.94862875695728,98.88273085300933,101.75648597138567,33892000
2021-03-04,100.86286926269531,102.87920137299997,99.44954734195224,99.91767835282445,49216000
2021-03-05,103.99398803710938,104.44674319929116,100.55788705118852,102.21271269276662,53100000
2021-03-08,99.55219268798828,104.82064494342981,99.43763808766263,103.3488162024733,36868000
2021-03-09,101.18173217773438,102.35007722648686,100.94568414890182,101.6473888421462,33920000
2021-03-10,100.9749526977539,102.22511823828405,100.13886060476449,102.22511823828405,27100000
2021-03-11,104.16606140136719,104.69816257525414,101.97963406928115,102.06740957578127,27702000
2021-03-12,101.6597900390625,103.02897463234642,100.78799753105496,102.96946888396107,33818000
2021-03-15,101.87995147705078,101.90722241771358,100.55837778127369,101.41082924945039,26168000
2021-03-16,103.34039306640625,104.81767759960309,102.12047238189682,102.45272538765994,31900000
2021-03-17,103.257568359375,104.08968771643904,101.36818547416158,102.57570402029985,26382000
2021-03-18,100.23854064941406,102.58960798944429,100.13142424591535,101.56953536138177,31700000
2021-03-19,100.51722717285156,101.0170935919781,99.32557619974676,100.65459585242806,46072000
2021-03-22,100.70219421386719,101.57745981871109,99.87453168948488,100.55044851754279,33536000
2021-03-23,101.2298355102539,102.35949880770968,100.56880265494154,101.1614008768052,28510000
2021-03-24,100.79344177246094,102.53256214622269,100.61838259998439,101.74705457606407,25218000
2021-03-25,100.78997802734375,101.44357268903416,98.98638031979517,100.62087395330168,35616000
2021-03-26,100.4066390991211,101.1336246171234,99.37119076934293,100.75674230960178,27978000
2021-03-29,101.45100402832031,101.6206075032876,99.45053959162658,100.27919338600256,26492000
2021-03-30,101.4847412109375,102.28809910370424,100.97297208689359,101.80757352516589,27312000
2021-03-31,102.28064727783203,103.45792116829037,101.51100739464236,101.87797712697532,42570000
2021-04-01,105.6160659790039,105.91211911698845,103.71428872227146,103.75495299226581,39880000
2021-04-05,110.03852844238281,110.53592048261828,106.38125583923181,106.47746082606572,48510000
2021-04-06,109.55751037597656,110.48683365729421,109.1870749956329,109.63983019014792,35240000
2021-04-07,111.0338134765625,111.30507009532337,109.74793996872023,109.74793996872023,24134000
2021-04-08,111.59913635253906,112.658382510487,111.23117534122576,112.27207187647824,28664000
2021-04-09,112.60283660888672,112.76648496837154,110.94602844319752,111.35167993918043,26146000
2021-04-12,111.31101989746094,111.91948581429651,110.47790163265579,111.78212470167257,25024000
2021-04-13,111.79749298095703,112.24579128521644,111.23315696050524,111.6269058095295,25682000
2021-04-14,111.17662811279297,112.44216945631923,110.88454751475824,112.44216945631923,21002000
2021-04-15,113.32585906982422,113.8589591031954,111.63583238423234,112.1704155210859,29174000
2021-04-16,113.20188903808594,113.77168077567667,112.61523834787371,113.52373007572085,26282000
2021-04-19,113.54949951171875,114.2601254367228,112.57852842070264,112.57852842070264,30290000
2021-04-20,113.01642608642578,114.00772947962533,111.93090021599527,113.93284788352207,22288000
2021-04-21,112.98370361328125,113.06552401835194,111.32094015527258,112.67128329657372,23204000
2021-04-22,111.70277404785156,113.50587220316932,111.09777377545008,112.837393589657,24146000
2021-04-23,114.05384063720703,114.36080521624167,112.13569603609702,112.4208378072845,29066000
2021-04-26,114.54974365234375,115.27376298428891,113.92441123580916,114.28146082870616,32038000
2021-04-27,113.6100082397461,114.97224624824679,113.37097889164538,114.93158197534504,44386000
2021-04-28,116.9851303100586,120.57247792112227,116.6965153246631,118.6444129864384,81106000
2021-04-29,118.65729522705078,119.22262247919515,117.71954253961522,118.48224361950828,41234000
2021-04-30,116.71038818359375,118.1162643027293,116.36623251844566,117.43043490062821,44856000
2021-05-03,116.19364929199219,118.10138178756102,115.8177582594562,117.2762012400106,28242000
2021-05-04,114.39602661132812,115.29658074496845,111.90908129254251,114.72927091275335,44818000
2021-05-05,114.7897720336914,115.79297809431026,114.46793099267961,115.47709216813345,26636000
2021-05-06,115.90950775146484,115.90950775146484,113.71216888819075,114.371219210084,25190000
2021-05-07,116.63252258300781,117.59060737920674,116.34638956282501,117.22562773950987,28898000
2021-05-10,113.64820098876953,115.59461543086714,113.29065197517465,115.45278230823058,30914000
2021-05-11,112.57258605957031,113.07939883944981,110.78039927471382,111.23415327092532,34186000
2021-05-12,109.11070251464844,111.47764498191353,108.78192267103177,110.39707540750636,46376000
2021-05-13,110.53840637207031,111.05414048585153,109.43154957142508,110.39359947423983,33204000
2021-05-14,112.98517608642578,113.29957888960938,111.577809256897,112.00131096781348,31996000
2021-05-17,113.50785827636719,113.55050506879931,111.85105006420112,112.25074645700623,21598000
2021-05-18,112.19619750976562,114.43817329757108,112.18231233154226,114.17385549892235,22204000
2021-05-19,112.64398956298828,112.8170586512996,110.35987410043673,110.50814660767092,23684000
2021-05-20,114.4019775390625,114.65240260155116,113.24007940429303,113.61101419771367,32352000
2021-05-21,113.76622772216797,114.99408615470026,113.52670649294609,114.92068766087792,40632000
2021-05-24,117.08430480957031,117.30795076933327,114.65041840397706,114.79571714938808,31832000
2021-05-25,117.175048828125,118.22288412982375,116.78477317689254,117.62780399643341,22440000
2021-05-26,118.03990936279297,118.47034990255696,117.35308107918044,117.3560548531477,21572000
2021-05-27,117.1656265258789,118.47331515824983,116.84725869661128,118.47331515824983,35224000
2021-05-28,116.87651062011719,117.82963157956378,116.67815310319966,117.7478111847202,21482000
2021-06-01,118.08305358886719,118.30769838712813,116.74907754551573,117.74881802621616,23354000
2021-06-02,117.55787658691406,118.70092552390956,116.65384186131058,118.47826328360749,21158000
2021-06-03,116.41680908203125,116.88494008609811,115.52121134855334,116.3250685412931,18696000
2021-06-04,118.69747161865234,118.96823639262553,117.15224415049533,117.49243481948021,24458000
2021-06-07,119.13038635253906,119.2399846738455,118.07412155900927,118.49265941789501,24120000
2021-06-08,118.93896484375,119.98432577535812,118.757466274763,119.61190790368995,24240000
2021-06-09,119.41007995605469,119.65504930518125,118.86260289582098,119.58314905326921,17942000
2021-06-10,120.75843811035156,120.80158431684347,119.20378994220064,119.35950068179913,25904000
2021-06-11,120.51395416259766,121.08522897452744,119.95655696176605,120.99993539094038,21958000
2021-06-14,121.44178771972656,121.44227956527116,119.90895486343989,120.61610768688743,22098000
2021-06-15,120.42420196533203,121.76908177598153,120.06367916664863,121.44624948123858,21562000
2021-06-16,119.78250122070312,120.88687610628577,118.49068020896921,120.5754470648677,26472000
2021-06-17,120.74554443359375,121.51815815207105,119.51223788888802,119.70812106140869,25842000
2021-06-18,119.12641906738281,120.60618554839238,119.03120533837755,120.37212004101573,46116000
2021-06-21,120.81398010253906,120.99994312989033,118.91566806650118,119.51273832350716,27414000
2021-06-22,121.3277359008789,121.39666995188612,120.07162280150455,120.75199658814715,22390000
2021-06-23,121.12588500976562,122.08644415141389,120.83578696282714,121.09265895404788,19148000
2021-06-24,121.4958267211914,122.04676934961249,121.29746921451058,121.69418422787221,21362000
2021-06-25,121.50426483154297,121.62774832820787,120.5685022175003,120.99993398696205,34594000
2021-06-28,121.53154754638672,121.77850698140655,120.4103137257864,121.67287369057478,28526000
2021-06-29,121.27021026611328,122.01257928283053,120.69347970676894,121.66495039428926,23108000
2021-06-30,121.08869934082031,121.2548296268427,120.35972373185534,120.99447687115277,24474000
2021-07-01,121.4407958984375,121.58212203987887,120.53527798763021,120.72718855138434,18110000
2021-07-02,124.23075103759766,124.37604979876318,122.0507702076455,122.14052824873212,25982000
2021-07-06,125.15559387207031,125.39164190205774,123.56126516970392,124.61852879829608,26404000
2021-07-07,125.43726348876953,126.240621316996,125.1188956447412,126.11962731057842,24060000
2021-07-08,124.01898956298828,124.56596723994673,123.00537150808182,123.00933654007592,23790000
2021-07-09,124.48960876464844,124.70383400586654,123.53053255226908,124.00015429455016,18632000
2021-07-12,125.93463897705078,126.02787018136053,124.58132232837067,125.14367576087542,17668000
2021-07-13,126.29766082763672,127.00778748498041,125.63612851420876,125.99714317447354,19240000
2021-07-14,127.1858139038086,128.2663910341705,126.865955385297,126.90910159126689,23742000
2021-07-15,125.96390533447266,127.64501069030976,125.49280054236102,127.59443383506836,24218000
2021-07-16,125.92919158935547,126.763792905859,125.11938685402984,126.61651165592089,20424000
2021-07-19,123.55680084228516,125.17046276091699,122.49259090531656,125.05590815567551,27968000
2021-07-20,125.1749267578125,126.00159043894895,123.33116437738677,124.49851053248894,26312000
2021-07-21,126.50346374511719,126.55007557282694,124.99046349148195,125.09956240900131,20746000
2021-07-22,127.36878204345703,127.4297860202273,126.4538510284207,126.79602416530378,14302000
2021-07-23,131.92465209960938,132.30550704776215,128.73650906326645,129.36133455179797,41506000
2021-07-26,132.936279296875,133.13661932706722,131.2169841004671,132.23557346986715,30572000
2021-07-27,130.81875610351562,133.29727889774745,129.03748857228877,133.14999766536482,54710000
2021-07-28,134.9783935546875,137.16333785236336,134.1685888131194,135.19460884795575,95130000
2021-07-29,134.66448974609375,135.54074659888502,134.43191491467985,135.03393383670254,31716000
2021-07-30,133.6221160888672,134.1953809902093,133.15448447715994,133.92808941978942,25576000
2021-08-02,133.74908447265625,134.22712811804664,132.69727646334016,134.00942969336194,21634000
2021-08-03,134.5182342529297,134.61938798044218,132.22667252736548,134.02728151890318,20762000
2021-08-04,134.017822265625,134.53752887274624,133.38455232663114,134.23998507371272,19676000
2021-08-05,135.13462829589844,135.23233153572974,133.74064701893116,134.56830968720467,17870000
2021-08-06,134.62582397460938,135.35381597219683,134.1016679203012,134.92684860507694,20488000
2021-08-09,135.7906951904297,136.0594850166339,134.23009186471586,134.82816095664558,17760000
2021-08-10,135.68556213378906,136.64314754338798,135.246684585336,136.21616508986884,19414000
2021-08-11,135.1619110107422,136.55389460315365,135.15446522499255,136.05700947405194,15352000
2021-08-12,136.0694122314453,136.17454612725479,134.3154150349117,134.86089454269305,16506000
2021-08-13,136.59854125976562,136.7264968014449,135.9097454556271,136.1249619852807,15948000
2021-08-16,137.17575073242188,137.22832524277518,134.1899301812805,136.39768127335614,22384000
2021-08-17,135.54122924804688,137.13208448324744,134.96648133972832,136.6208073403059,21716000
2021-08-18,134.3386993408203,135.98063113741676,134.21224206544025,135.38107897385382,19258000
2021-08-19,134.56777954101562,135.23476744461345,133.1495089814083,133.33348946705797,21782000
2021-08-20,136.30294799804688,136.42642391817594,134.14130974243275,134.8851617373076,31194000
2021-08-23,138.8935546875,139.71971902868404,136.47950099945666,136.83853312618544,28454000
2021-08-24,140.10354614257812,140.9153334065435,139.1881081082897,139.45886528917006,19268000
2021-08-25,140.91433715820312,141.02393547801682,140.21711205572637,140.4640639174662,15848000
2021-08-26,140.2810821533203,141.2500632657939,140.198255364594,140.58803917062994,20610000
2021-08-27,142.82357788085938,143.32790879124335,140.33712434011886,140.4913519862621,28780000
2021-08-30,143.40525817871094,144.77395084299167,142.98125704674328,143.2163138187646,24434000
2021-08-31,143.51138305664062,143.98149662462504,143.09830844171228,143.9572070200469,22448000
2021-09-01,144.02513122558594,145.05511631686906,143.69585198821633,143.8113978553602,21936000
2021-09-02,142.11244201660156,144.32663982177834,142.01127317307444,144.02563035315396,32342000
2021-09-03,142.56121826171875,142.97330911300233,141.23319004017313,141.90762370846002,19850000
2021-09-07,143.09780883789062,143.37997686078998,142.44173224208836,142.65546562838,20124000
2021-09-08,142.5131072998047,143.21629500759505,141.82777736657997,142.9187663228827,18344000
2021-09-09,142.36434936523438,143.12754225665788,142.0038341746833,142.66139378468432,15314000
2021-09-10,139.72122192382812,143.5322230716602,139.5843526495749,143.03035897692502,36840000
2021-09-13,141.16578674316406,141.77821775342676,140.09215589506022,140.7859154673757,22094000
2021-09-14,141.37600708007812,142.18780941142742,140.58802520414704,141.8233140691481,19674000
2021-09-15,143.24559020996094,143.2664141950181,140.18885318248124,141.60117640739975,27408000
2021-09-16,142.43280029296875,143.1171466443425,141.23421048693598,142.77050902430236,26190000
2021-09-17,139.64584350585938,142.27411498980177,139.31854675119118,141.858059023679,53384000
2021-09-20,137.58236694335938,137.86056989011584,135.2045285382964,137.028942390243,46518000
2021-09-21,137.89332580566406,138.86380522550456,137.1445098358899,138.60394429145055,25332000
2021-09-22,139.13352966308594,139.73208288045385,137.41573292983023,138.16206678909336,25056000
2021-09-23,140.05841064453125,140.53497110583865,139.250588451323,139.83178336894923,20952000
2021-09-24,141.0492401123047,141.16380230179908,139.09142223509036,139.38648419130865,22984000
2021-09-27,139.9155731201172,140.7749708625118,138.91930614388005,139.6502641264757,21882000
2021-09-28,134.716552734375,137.95627081170986,134.2504042886669,137.51839213084114,45772000
2021-09-29,133.2521514892578,136.02671987866174,132.76766100224003,135.8571164274214,30848000
2021-09-30,132.5802001953125,134.43140060858275,132.46118872527043,133.1609107915046,37996000
2021-10-01,135.42373657226562,135.78823199119176,132.9739823084811,133.3454089668454,35360000
2021-10-04,132.56387329101562,134.84600656635544,129.9757666568725,134.84600656635544,51202000
2021-10-05,134.90798950195312,136.09964809191845,132.94224164734214,132.94224164734214,32404000
2021-10-06,136.43734741210938,136.62082849904496,133.44706273306846,133.64542025587158,24364000
2021-10-07,138.08377075195312,138.8940750879119,137.51447077791175,137.753492623571,25110000
2021-10-08,138.63966369628906,139.180678709359,138.0763113266695,138.43286154368056,26526000
2021-10-11,137.77528381347656,139.55854921153343,137.72072679461957,138.15019117218512,17954000
2021-10-12,135.3304901123047,138.36342140161824,134.64712752694697,138.33663473843401,36332000
2021-10-13,136.45420837402344,136.86878120226152,135.39991852664056,136.27617541967604,19654000
2021-10-14,139.9939422607422,140.17890644011712,137.68700521186503,138.33068721492134,31894000
2021-10-15,140.2091827392578,140.55631979319722,139.60121618297967,140.45366783413928,30274000
2021-10-18,141.6075897216797,141.62544749531995,139.91309887510886,139.9200452463808,20396000
2021-10-19,142.06285095214844,142.4848695628123,141.43107913400408,142.21211472454237,20164000
2021-10-20,140.60690307617188,142.36934482672316,140.2176186204073,142.1630420742844,23288000
2021-10-21,140.72293090820312,140.99072189641535,139.3482906803263,140.6068856243596,26292000
2021-10-22,136.43882751464844,139.4305952313603,134.94071143427604,138.00934325689758,50588000
2021-10-25,136.32032775878906,136.8687885412158,134.313900493147,136.42248030097556,34412000
2021-10-26,138.1665496826172,138.9346913152146,137.17078194335667,138.1219203768164,49236000
2021-10-27,145.0189208984375,147.4314763034353,138.26226450047915,138.26226450047915,85782000
2021-10-28,144.65342712402344,145.95170251359744,143.4414441362277,145.92839660361173,36206000
2021-10-29,146.8324432373047,147.026835739547,143.46378537419665,143.88877021249704,43320000
2021-11-01,142.3207244873047,146.8324466906108,142.05145038269242,146.8324466906108,46924000
2021-11-02,144.24037170410156,145.4072262525026,143.15236379198146,143.39436697063186,33482000
2021-11-03,145.3963165283203,145.4667336808486,143.405764521186,144.70452437779974,27494000
2021-11-04,147.0521240234375,148.5061103237096,145.10868328164617,145.918488091667,38412000
2021-11-05,147.6318359375,149.0952354055238,146.9822063116092,147.94672303683166,38354000
2021-11-08,147.80935668945312,149.38037183168208,147.21376959274264,148.59683920952253,23052000
2021-11-09,147.69778442382812,148.60627612949312,146.03799485146035,148.00970530712945,19530000
2021-11-10,144.69757080078125,146.85624308458767,143.35269859682205,146.29090824279103,29970000
2021-11-11,144.5716094970703,146.32612090055292,144.40696987833476,145.28869002419106,16518000
2021-11-12,147.45925903320312,147.62986135268545,144.219040793597,145.4136656401591,22360000
2021-11-15,147.235107421875,148.32361464376697,146.36529744247616,147.6799325584469,23508000
2021-11-16,146.66384887695312,147.54307207632556,146.10496093518637,146.93510551026554,18904000
2021-11-17,146.83343505859375,147.34173099742802,146.0330585046554,146.81409417641225,19594000
2021-11-18,148.61024475097656,149.3461667867612,146.67226728662533,147.0263355590037,35608000
2021-11-19,147.70570373535156,149.72898972518277,147.67843279309778,148.74610077592874,33682000
2021-11-22,145.1027374267578,148.60131822577375,144.94950861350554,148.10839815896483,30594000
2021-11-23,144.5869903564453,145.45779912839131,142.93366287312807,144.95495136652673,27218000
2021-11-24,144.92221069335938,145.0506504792178,143.18953724894834,144.2810105888424,18040000
2021-11-26,141.01748657226562,143.3725186493825,140.67977786294543,143.16523224151518,30470000
2021-11-29,144.33753967285156,145.098250620001,142.71395011842046,142.81958339759728,32596000
2021-11-30,140.7343292236328,144.80319311094968,140.44075042064517,143.81981989380787,42068000
2021-12-01,139.89524841308594,144.75409160154007,139.7568960612623,142.8195800691717,34020000
2021-12-02,141.7940673828125,142.68520065080236,139.06511173639353,140.09213056944827,29194000
2021-12-03,140.83749389648438,143.21633168228553,139.15093259281727,142.5032312136305,41230000
2021-12-06,141.98150634765625,142.67328324398704,139.0011345584632,141.8679430077585,30618000
2021-12-07,146.06227111816406,146.32163257835683,144.0370028598904,144.40298128163397,32240000
2021-12-08,146.9718017578125,147.17662141739208,145.205909427555,146.3866416457019,24270000
2021-12-09,146.42828369140625,147.8778055616714,145.9090763713213,146.38117245241173,23270000
2021-12-10,146.78829956054688,147.75629704872722,145.5014348041652,147.4810753999608,24458000
2021-12-13,144.6311492919922,146.75707245649807,144.32467651369262,146.57011059273268,27070000
2021-12-14,142.72735595703125,143.2956569953205,140.05742162389038,142.78786052539195,38446000
2021-12-15,145.24057006835938,145.51827360710053,140.51661343560883,142.23342665334246,36370000
2021-12-16,143.26095581054688,146.46645697869997,142.42981251292935,145.96410864255435,33650000
2021-12-17,140.56324768066406,142.65545262972856,140.1417284945182,141.33188874138816,50416000
2021-12-20,140.4462127685547,140.61235063263806,138.17895606354023,138.85239100741393,27192000
2021-12-21,142.29640197753906,142.6896513447242,139.35074704863183,140.88902779432755,28756000
2021-12-22,145.21481323242188,145.2991231367607,141.89476456543952,141.89476456543952,26322000
2021-12-23,145.7122039794922,147.0283222152052,145.2515035755231,145.29911422761188,26384000
2021-12-27,146.69407653808594,147.1279902675561,145.96311835123439,146.04891135250273,15976000
2021-12-28,145.4845733642578,147.08335898865232,144.85726596471994,147.02087190142421,18200000
2021-12-29,145.4528350830078,146.208597395199,144.45360165448406,145.44242309096177,17788000
2021-12-30,145.00205993652344,146.09254961389885,144.79775486353165,145.49151435657527,15688000
2021-12-31,143.6646270751953,145.4959875927401,143.6646270751953,144.85280491667777,18136000
2022-01-03,143.802978515625,144.65543012836076,142.53495522830957,143.86594988262885,28646000
2022-01-04,143.21583557128906,145.2842353697018,142.53843558316575,144.2041576289817,28400000
2022-01-05,136.6456298828125,143.3150106060316,136.55935260045507,143.23616397542605,54618000
2022-01-06,136.6183624267578,138.7928950463076,135.43911342349688,135.87550910453731,37348000
2022-01-07,135.89381408691406,137.31358276659608,134.65356143428943,137.01305762199098,29760000
2022-01-10,137.53277587890625,137.68155536055949,132.07291243739996,133.97072480010584,44408000
2022-01-11,138.59054565429688,139.06662188460535,135.57200624477076,136.87572990846158,28730000
2022-01-12,140.27113342285156,141.4389864287953,139.54117421787691,139.99293049410736,26108000
2022-01-13,137.4509735107422,141.67902912526233,137.27442366179454,140.37975480829834,31436000
2022-01-14,138.33714294433594,139.5883072001904,135.87549384235362,135.9553241572003,29662000
2022-01-18,134.88320922851562,136.00741694604665,134.32830144930435,135.05876027547475,34872000
2022-01-19,134.00892639160156,136.82862410530518,133.90875636510398,135.40439065709728,28648000
2022-01-20,132.21475219726562,136.49786462490957,131.87456152295866,135.1331368955776,29908000
2022-01-21,129.28297424316406,133.75996411235568,129.02014712662628,131.506600309101,55652000
2022-01-24,129.73175048828125,130.12748179103494,123.47942593711821,124.94530705866508,76622000
2022-01-25,125.89447784423828,128.3382842647663,125.46354548795776,127.68468965184117,46960000
2022-01-26,128.1736602783203,131.90977994463373,126.09979711495389,130.04420204001252,49130000
2022-01-27,127.94752502441406,131.5651172616213,127.87560963585803,130.22767566573776,31950000
2022-01-28,132.25787353515625,132.2633368035548,127.43176448871137,128.59613680815025,34362000
2022-01-31,134.19439697265625,134.3625173657848,131.1257647038749,133.06225920242,39986000
2022-02-01,136.5156707763672,136.66345141814793,133.26702398613858,136.4665770332093,68644000
2022-02-02,146.7868194580078,150.3042417927189,144.32963459516995,150.01017866907893,123200000
2022-02-03,141.91705322265625,148.4480810526987,141.49603343553346,144.51112229924576,71518000
2022-02-04,142.118408203125,143.6874410729593,139.36317994593287,142.26867081780298,57998000
2022-02-07,138.05995178222656,143.06756034988416,137.76140907718417,143.06756034988416,54974000
2022-02-08,138.2563018798828,138.85237322389543,135.89085796988192,137.88685780823388,54284000
2022-02-09,140.43130493164062,141.3561711201522,139.03782352988043,139.80796270595044,40144000
2022-02-10,137.4836883544922,140.3247091861647,136.8261287196153,138.55831786227063,39330000
2022-02-11,133.18177795410156,138.0158184054632,132.30650460553775,137.46389194059492,39958000
2022-02-14,134.41505432128906,135.18271167288583,132.16415735662878,132.16415735662878,34302000
2022-02-15,135.48870849609375,136.97641281123626,134.70815708961888,136.4428132990332,26680000
2022-02-16,136.6089324951172,136.95407185843112,133.81798904852437,135.5263729022058,25022000
2022-02-17,131.45252990722656,135.98952448924578,131.39252475863216,135.1261616337196,38950000
2022-02-18,129.33404541015625,132.97099324127743,129.1292409403073,132.37292423632954,45620000
2022-02-22,128.7493896484375,131.09697591573786,127.17241181915688,128.77367925061782,44990000
2022-02-23,126.54212951660156,130.9685427450542,126.48212435927555,130.56934576146136,32786000
2022-02-24,131.6033172607422,131.90979005724103,123.92924660861584,123.92924660861584,54456000
2022-02-25,133.3572998046875,134.16264009522365,130.67149031409218,132.45723763350745,36406000
2022-02-28,133.9499053955078,134.6387009971114,131.5055996259116,131.95935360321266,38864000
2022-03-01,132.9625701904297,135.13858587625842,132.1264932248051,133.77287444721637,26496000
2022-03-02,133.4683837890625,134.15371378545083,131.9806796935572,133.5244239122076,23520000
2022-03-03,132.80191040039062,135.3210829638196,131.93506660358148,134.8950992840664,24604000
2022-03-04,130.82522583007812,132.75428947542676,129.26908704703752,131.83786771432526,30430000
2022-03-07,125.3425521850586,130.65514261832865,125.25973295853518,130.41017325885227,45112000
2022-03-08,126.06259155273438,130.17411000501144,124.64431332771989,125.21509629053482,40428000
2022-03-09,132.32630920410156,132.63922887603567,128.83565901257037,130.17409924594682,37026000
2022-03-10,131.3439483642578,132.17954098140794,129.8393852677274,130.18998790766506,27102000
2022-03-11,128.80589294433594,132.69872101628528,128.56885370657136,132.39423085068333,31526000
2022-03-14,124.91854858398438,129.34000556632407,124.2480949884942,129.18231231398767,38812000
2022-03-15,128.138916015625,128.79004377353704,124.68992141435149,125.93513042039176,30920000
2022-03-16,132.18795776367188,132.24001771815753,127.67921762993845,129.66133986214837,35576000
2022-03-17,132.74191284179688,132.98143408968724,131.1014639438647,132.05756641925296,28264000
2022-03-18,135.00965881347656,135.12718720596732,131.17435293501333,132.3307953908697,44566000
2022-03-21,134.98582458496094,135.9265509358955,132.9932904748799,135.04731283585534,26832000
2022-03-22,138.72146606445312,139.89378371835335,134.9858461376951,134.9858461376951,35496000
2022-03-23,137.1420135498047,138.44425402347676,136.70513365586095,137.56551524552734,25154000
2022-03-24,140.41151428222656,140.45812610885343,136.62133716164368,138.05894880404426,26396000
2022-03-25,140.5116729736328,140.87070507937713,138.59203769066454,140.7526772850465,24126000
2022-03-28,140.2959747314453,140.83848798996723,138.66543848117558,139.74551627484473,35050000
2022-03-29,141.33737182617188,142.61482362023852,140.87420455937715,141.47822128711155,34318000
2022-03-30,140.77499389648438,141.55058130392723,140.43926771554987,141.29221863890226,19884000
2022-03-31,137.92752075195312,140.9430935807132,137.88487396414888,140.88853656508715,37524000
2022-04-01,139.00164794921875,139.31951637020538,137.17375319145697,138.356482806623,25942000
2022-04-04,141.7995147705078,142.53395362091976,139.1603322944685,139.20794293991247,25942000
2022-04-05,139.4385223388672,141.81834310644794,139.23173537157103,141.6978485343159,21418000
2022-04-06,135.42868041992188,138.21812553888182,134.40612601563646,137.6126258686909,32468000
2022-04-07,134.77459716796875,136.04013849416,133.1272020827794,134.89509176328988,26234000
2022-04-08,132.19491577148438,134.5578779659387,131.87554910979466,134.47208496943966,25142000
2022-04-11,127.7674789428711,131.00967873403485,127.61375075642972,130.7428866294104,36884000
2022-04-12,126.66758728027344,130.5212423290769,125.74967490379522,130.5212423290769,32710000
2022-04-13,128.82920837402344,129.2656039537595,126.69385742711057,126.9507369724858,27928000
2022-04-14,125.69116973876953,129.40993832117093,125.56322179244722,129.40993832117093,31598000
2022-04-18,126.62991333007812,127.16151517107208,125.14766477730133,125.95896028482899,20808000
2022-04-19,128.9432830810547,129.26461711503015,125.95844660693362,126.64477542409657,26490000
2022-04-20,126.99042510986328,130.32189946504832,126.4548582513956,129.81905168731214,31696000
2022-04-21,123.7913589477539,129.03204110665789,123.50571776803207,128.1905009821093,36446000
2022-04-22,118.65481567382812,124.37404857874347,117.95014478551222,123.97534345046293,56884000
2022-04-25,122.06513214111328,122.26696285548644,117.53954013860086,118.1247001432462,46128000
2022-04-26,117.6773910522461,121.5057500530437,117.53953053843702,121.29201669374567,73054000
2022-04-27,113.35759735107422,116.28093039770941,111.81237005693657,113.53115828563,91820000
2022-04-28,117.55094146728516,118.66870208583143,113.17956960106591,115.46071897101857,48884000
2022-04-29,113.17411804199219,116.9533836790152,112.88153803374084,115.77760037683389,42676000
2022-05-02,115.6273422241211,115.78850866046761,111.67699010622513,112.47539163673035,35534000
2022-05-03,116.37218475341797,117.47110390717961,115.08333755024837,115.47608756923125,24968000
2022-05-04,121.25879669189453,121.84742986414153,114.1723618582886,116.07216443085974,49916000
2022-05-05,115.55047607421875,120.04681450711568,114.06277194925556,119.21866011890872,45840000
2022-05-06,114.79769897460938,116.60774359414943,113.08089313905965,114.24030932144473,39710000
2022-05-09,111.58871459960938,114.13368219175439,111.08240126088768,112.32165521736495,40802000
2022-05-10,113.45726776123047,115.29706511899676,111.97501939704058,114.56065130362705,39900000
2022-05-11,112.67127990722656,115.41064030425353,112.30828274140973,112.30828274140973,37534000
2022-05-12,111.91899108886719,113.35809330514908,108.92424196384515,110.46451302431396,53836000
2022-05-13,115.09919738769531,116.90874243005263,112.67374826062365,113.59413498511711,35038000
2022-05-16,113.5068588256836,115.21771695665214,112.95591618323131,114.01317216302417,25990000
2022-05-17,115.51824188232422,115.94174359590812,113.92838521355479,115.88272969753332,23054000
2022-05-18,110.98223114013672,114.45404021864253,110.64104923458649,114.05731760057398,35126000
2022-05-19,109.4791488647461,112.08362213791699,109.09829397497361,110.5180627695379,34144000
2022-05-20,108.0152587890625,111.26391395378205,104.92926830668526,111.03331404707964,48962000
2022-05-23,110.57411193847656,111.2282060203502,107.84962795327247,108.6891932186079,37184000
2022-05-24,105.10134887695312,105.58584704950131,101.0493357437059,104.90497385041874,76780000
2022-05-25,104.93769836425781,105.62700102602575,103.00516898284764,104.1249121947519,40258000
2022-05-26,106.90889739990234,107.75886699890704,104.36243908840518,104.81073736570944,37948000
2022-05-27,111.39581298828125,111.39730365863458,108.24386241128829,108.58554373009294,37914000
2022-05-31,112.8294677734375,114.78629421531303,111.15976563053904,111.82228915461961,50012000
2022-06-01,112.9583969116211,116.14159098002285,112.3216612422036,113.91350798260179,36606000
2022-06-02,116.65830993652344,116.933039706465,112.0206456249851,113.06550709942832,37992000
2022-06-03,113.60206604003906,115.36797293293287,112.58794875322683,115.11109338679681,26136000
2022-06-06,115.8628921508789,118.3686786203438,115.21177191367441,115.74783813274163,33542000
2022-06-07,116.18920135498047,116.72626645111426,114.10889889465038,114.53388373543117,31590000
2022-06-08,116.23332214355469,117.5985414825902,115.64418960311157,115.80436476547463,26108000
2022-06-09,113.8941650390625,117.32927476403499,113.83515114216875,115.37393150433296,25798000
2022-06-10,110.25028228759766,112.3504249488664,109.46130149167207,111.52326180460535,41452000
2022-06-13,105.52037811279297,107.89970745137141,105.24912150780392,105.91114561990199,47252000
2022-06-14,105.8407211303711,107.03981023394988,104.93272890444857,105.66170449580932,33706000
2022-06-15,108.86473846435547,110.5101358678124,106.78691045306238,107.65522972129614,39698000
2022-06-16,105.1643295288086,107.75789189656318,104.27616988348034,106.34209542849807,51684000
2022-06-17,106.26521301269531,107.80845775947009,104.18490323391687,105.16431141911136,51376000
2022-06-21,110.62964630126953,111.56739902352787,107.70977872020165,108.03657603615589,47416000
2022-06-22,110.57361602783203,112.41737098859431,109.47767062090766,109.6502478770662,30774000
2022-06-23,111.3219223022461,111.81832309519362,109.5947045131696,111.31151031036939,28362000
2022-06-24,117.00792694091797,117.1110783002862,112.02659857865726,112.06875352459626,41164000
2022-06-27,114.88397979736328,117.60746457783736,114.23533394157802,117.30348135340884,36420000
2022-06-28,111.08935546875,116.34789602426181,110.93116279588207,114.8532454023872,35792000
2022-06-29,110.78585815429688,112.23289804690751,109.96365128893204,110.63758563635704,24716000
2022-06-30,108.06980895996094,109.97903242980904,105.87495184497295,109.09831103463256,43170000
2022-07-01,107.84615325927734,108.35444913580423,105.85560141078064,107.0482435979797,35476000
2022-07-05,112.33456420898438,112.44762815748757,104.86479945326545,106.22258079388362,39342000
2022-07-06,113.6328353881836,114.64199660987896,110.56221308112814,112.37324909089169,37432000
2022-07-07,117.8093032836914,118.21247285733529,113.8921848578157,114.13666235926765,40936000
2022-07-08,118.37512969970703,118.70390952621402,115.94322591003493,116.28887225514453,38238000
2022-07-11,114.72826385498047,117.03073649463757,114.38509945369388,117.03073649463757,31196000
2022-07-12,113.0858383178711,116.01512640021978,112.75804977000294,115.26234549816493,29960000
2022-07-13,110.44071197509766,113.25991018567453,110.28995752777116,110.78535950872107,43722000
2022-07-14,109.4627914428711,110.18234634307093,107.48464162453597,109.30708070983803,37004000
2022-07-15,110.8612289428711,112.21306263725859,109.99092716981522,111.08240810060202,46770000
2022-07-18,108.13624572753906,112.74812973437768,107.48165988903675,111.71665403211723,43164600
2022-07-19,112.8770751953125,113.08535287704044,108.66191325988503,109.94133979066089,36530900
2022-07-20,112.9663314819336,114.45403556404811,111.55797343357686,112.24231216588865,35600400
2022-07-21,113.4027328491211,113.61101810390477,110.19921392026373,113.34322710024298,32676200
2022-07-22,107.0155258178711,111.41912519430015,105.62700035615626,110.09011304726145,48901200
2022-07-25,106.62872314453125,108.96937840173452,105.42864264206895,107.52134719462656,34690900
2022-07-26,104.15911865234375,106.32124889141323,103.2169090921242,105.72616877091382,47991000
2022-07-27,112.13321685791016,112.97625525163264,107.12461749425067,108.36437093577844,59858500
2022-07-28,113.28372192382812,113.40273342218575,110.54634395877491,111.44888817788124,32816600
2022-07-29,115.36650085449219,115.7533033393372,112.13322162287426,112.15306191622032,37223400
2022-08-01,113.91847229003906,115.76322613701662,113.40273058719856,114.35486795138794,26034300
2022-08-02,114.18624877929688,115.39624935448683,112.78781082558956,113.0655143870716,20236000
2022-08-03,117.11206817626953,117.6476425585004,114.53338259160023,114.76149298206536,28499000
2022-08-04,117.2211685180664,117.80632850385459,115.93182192650802,116.51698947915064,21602900
2022-08-05,116.50706481933594,117.14181794438285,115.0491136341377,115.27723158541431,19159500
2022-08-08,116.33847045898438,119.16510690112827,115.92190753578308,117.41953186952958,19138300
2022-08-09,115.6739501953125,116.35829650347921,114.76149349565979,116.17977170860331,19086500
2022-08-10,118.71878051757812,119.92878102588605,117.43936168959127,117.80632384689984,30930400
2022-08-11,117.86583709716797,120.49411594083621,117.58813353334271,120.28583826796728,24293700
2022-08-12,120.68255615234375,120.68255615234375,118.48075288719056,119.2741980957184,19096300
2022-08-15,121.07928466796875,121.29748248930953,119.62133337705963,120.13706749098401,19494800
2022-08-16,120.70238494873047,121.42640424546009,119.65107651347627,120.52386016096523,19041200
2022-08-17,118.57002258300781,120.29575726084148,118.40141036356964,119.13534985161822,22847000
2022-08-18,119.18494415283203,119.82961750509602,117.74683307742816,118.45101217804252,17987700
2022-08-19,116.24919891357422,118.17329866159419,115.8028907047583,118.08403247971835,21809500
2022-08-22,113.30354309082031,114.68214829640736,112.91674062691341,114.25567281481072,21456600
2022-08-23,112.92666625976562,114.06724098148526,112.50019075744802,112.54978392368335,15870400
2022-08-24,112.758056640625,113.83911800192885,111.94477869138811,112.5696116974473,17734600
2022-08-25,115.69379425048828,115.76322014148404,113.17461431501371,113.3035459506188,16956800
2022-08-26,109.43551635742188,114.17634005588431,109.28675199221415,113.77961742600252,37245700
2022-08-29,108.52306365966797,110.04052077631388,107.9081507488915,109.08839096914106,21191200
2022-08-30,108.04700469970703,109.59421472143957,106.91635005815553,109.26691796550223,27513300
2022-08-31,107.33290100097656,109.94133965972561,107.24363481356808,109.74298212503663,28627000
2022-09-01,108.84043884277344,109.5446179336816,106.47995086620014,107.39240764031874,28360900
2022-09-02,106.9659194946289,109.83222868726963,106.38075953474187,109.6834567691589,24160700
2022-09-06,105.93445587158203,107.14445651227068,104.91290018646603,106.42044469733727,25068300
2022-09-07,108.55280303955078,109.07846482937784,106.02371068181908,106.18239517986085,23167000
2022-09-08,107.49158477783203,108.70158540495544,106.28159171756349,107.15437545780347,24238300
2022-09-09,109.74298095703125,110.08019027578453,108.12633755578807,108.17593072235994,23197700
2022-09-12,109.95126342773438,110.70503570471661,109.02888648402806,110.08019507284304,22966800
2022-09-13,103.46487426757812,107.41225298799911,103.23675627988764,106.91635155696838,38172900
2022-09-14,104.13929748535156,104.41700106794902,102.8102853209623,103.71282196440401,26395100
2022-09-15,102.06642150878906,104.40706896560022,101.51100684033769,103.17723571198333,34188300
2022-09-16,101.95732879638672,102.28461796293107,100.11257502049808,101.23330943767259,42797200
2022-09-19,102.22510528564453,102.48297610964131,100.71756849189899,100.91592600767855,23036800
2022-09-20,100.31092834472656,101.53084904223219,99.6960079229227,101.24322534010722,26517100
2022-09-21,98.4661865234375,102.03667529857252,98.45626637613883,100.83659474851395,31487300
2022-09-22,99.31913757324219,100.41011920343463,97.98020522860348,98.00995810364019,34298600
2022-09-23,97.93061065673828,98.84307502364526,96.67102437480322,98.81331458217939,31625400
2022-09-26,97.36526489257812,99.06124652577749,96.99830275276098,97.29583900935431,27072700
2022-09-27,96.70077514648438,99.18028220152245,96.0759420926826,98.61495489564797,30072800
2022-09-28,99.22987365722656,99.8745394269292,96.31397098941996,96.84954541208984,32466300
2022-09-29,96.62142181396484,97.83142237621783,95.17339071110857,97.83142237621783,31047200
2022-09-30,94.86592864990234,98.08928738689897,94.77666247319067,96.25445392690247,32941500
2022-10-03,97.83142852783203,98.47610186740503,95.72880384753613,95.96684196996166,27982000
2022-10-04,100.80683135986328,101.00518888401722,99.5571577705009,99.61667108123069,28850800
2022-10-05,100.59855651855469,101.09445790974014,97.99011792498692,99.0116735801322,22176900
2022-10-06,100.58863067626953,102.08625491156727,99.76543259746941,99.85469877759263,22324000
2022-10-07,97.87110137939453,99.7059350605101,97.49421903648668,99.03150884851111,27502800
2022-10-10,97.05781555175781,98.28764881556005,96.21478474646479,98.18847005614693,18225100
2022-10-11,96.38339233398438,98.43642374055914,95.52052121037734,96.6313430235072,26507100
2022-10-12,96.76026916503906,97.94051680156004,95.9469912522471,96.50240591070916,21876400
2022-10-13,98.24798583984375,98.96208508756953,93.60634829648116,94.37004071240933,34574500
2022-10-14,95.76847839355469,99.86462890500115,95.58004100220128,99.17036238714927,25410700
2022-10-17,99.15052795410156,100.10265774202443,98.0198733580147,98.04962623156622,28419200
2022-10-18,99.94395446777344,102.62182629033514,99.15051685012314,102.28460943852185,24060700
2022-10-19,98.81330871582031,100.1919139812081,98.10912964670428,99.19019861679422,23811100
2022-10-20,99.15052795410156,101.48126304018042,98.57528050925599,99.18028082765306,25323200
2022-10-21,100.30101013183594,100.47953493084219,96.9189666638649,97.04789829825931,32458700
2022-10-24,101.67961883544922,101.9077368068661,99.16044640435987,100.9655271818657,27176400
2022-10-25,103.62355041503906,103.9607597041695,101.87797552764937,102.05650031802847,40611400
2022-10-26,94.15182495117188,97.50411515149013,93.9137944362067,95.63952891169801,88114100
2022-10-27,91.46405792236328,94.64774408921001,91.04750255104241,93.74519988449306,60710900
2022-10-28,95.50069427490234,95.75856512636024,91.37479091899618,91.51364270819928,43697300
2022-10-31,93.73527526855469,95.242812042702,93.20962104840368,94.637811790529,31675000
2022-11-01,89.72840118408203,95.24282237108928,89.62922241672638,94.66757492682962,47161400
2022-11-02,86.257080078125,90.43256844263183,86.16781390238052,90.19453791873643,57038300
2022-11-03,82.74610137939453,85.81076815755338,82.6568351996716,85.61241063994241,61288000
2022-11-04,85.87028503417969,85.92979077856455,83.02380838038178,84.69995747119829,51124900
2022-11-07,87.7646255493164,88.17126831965837,86.1380696016579,86.56454509810828,34078900
2022-11-08,88.17127227783203,89.5796304672484,86.87200543719126,88.17127227783203,30429000
2022-11-09,86.6042251586914,88.70684993931101,86.56455213639421,87.72495966287984,31769100
2022-11-10,93.16995239257812,93.61626060159357,90.85905017805679,91.49380333022981,51620100
2022-11-11,95.61971282958984,96.13544696291301,93.1501183771832,93.9138107806014,33090500
2022-11-14,94.91551971435547,95.99658864167773,93.73527959271193,94.31051943427285,30179500
2022-11-15,97.6330795288086,99.31914142570112,95.91725718886971,97.45455470480834,41640800
2022-11-16,98.0396957397461,98.82322078363063,96.83961537638496,97.09748619804606,29105200
2022-11-17,97.5537338256836,98.4661906774169,95.99660357573555,96.17512840036648,26052600
2022-11-18,96.63134002685547,98.0892912467336,95.58003155727448,97.96035204939338,28342300
2022-11-21,94.81635284423828,97.59340390655896,94.57832227419392,96.49250211567761,21647400
2022-11-22,96.25446319580078,96.42306785300386,93.27905484436155,95.16347408012261,23438500
2022-11-23,97.65290832519531,97.95045220883327,96.29413568796969,96.29413568796969,18868100
2022-11-25,96.66110229492188,97.83142992962435,96.60159654689032,97.43470728675223,9701400
2022-11-28,95.26265716552734,96.78011416235111,94.82626153412802,96.24453976932135,26237500
2022-11-29,94.40969848632812,95.33207527119987,93.33854978773114,94.94527283562661,20061700
2022-11-30,100.16215515136719,100.21174831439473,93.64601154608545,94.04273414974281,43647500
2022-12-01,100.16215515136719,101.4118287044889,99.42822325305634,100.191908022442,28687100
2022-12-02,99.61666870117188,99.94395785152076,98.08929158774455,98.23806351073277,21480700
2022-12-05,98.66454315185547,100.5489623663918,98.1884744915712,98.58519711399899,24405100
2022-12-06,96.1850357055664,98.9620789139917,95.62962101039767,98.48601782310948,24910700
2022-12-07,94.1617660522461,96.08585845727798,93.94356821211183,95.61971746872926,31045400
2022-12-08,92.94183349609375,94.79650733675184,92.6839626659769,94.59814224941029,32213300
2022-12-09,92.06905364990234,93.48733192437892,91.98970761165849,93.0013431152763,28225400
2022-12-12,92.54511260986328,92.79306329851202,90.85905095379364,91.9500324704772,29420000
2022-12-13,94.84607696533203,98.71410849845228,94.25099693720271,96.95862128044281,40593700
2022-12-14,94.29067993164062,96.0759277719066,92.83272878989905,94.41961155521665,28733600
2022-12-15,90.11519622802734,92.87240659372344,89.27216542487523,92.36658508509045,40107000
2022-12-16,89.52012634277344,90.5813550775437,88.7861867939752,90.01602776214001,58011800
2022-12-19,87.71504211425781,89.81765920892968,87.48692414068339,89.52012290883614,29493000
2022-12-20,88.290283203125,88.44897528550977,86.72324050727767,87.38774657684024,23453800
2022-12-21,88.84569549560547,89.48044867408069,87.59602186498341,88.34979410199328,24745600
2022-12-22,87.04061126708984,87.81421619968995,85.61241288884075,87.43733387958731,27658300
2022-12-23,88.49856567382812,88.81594226177606,86.35626803003854,86.39594104938888,23003000
2022-12-27,86.67363739013672,88.21093460263191,86.29675508801945,88.07208282991216,20097300
2022-12-28,85.31487274169922,87.31831861670652,85.23553426923881,86.26701007977196,19523200
2022-12-29,87.72496032714844,88.12168298626916,85.90004668879064,85.90996683615387,23333500
2022-12-30,87.50675964355469,87.57618553312793,85.86036345245435,86.26700621056507,23986300
2023-01-03,88.38946533203125,90.30364497529531,87.79437761826055,88.85560627643153,28131200
2023-01-04,87.35798645019531,89.90691916874918,86.55462109181812,89.60937532240884,34854800
2023-01-05,85.49339294433594,86.85216541875592,85.19585666320351,86.75298665837843,27194400
2023-01-06,86.62405395507812,86.97119099271035,84.16438721912351,86.0785669486724,41381500
2023-01-09,87.29846954345703,89.31183536259933,87.13978504764104,87.63568639320383,29003900
2023-01-10,87.69519805908203,87.94314874861813,85.12643254757823,85.2752044746708,30467800
2023-01-11,90.7697982788086,90.84914432702897,88.28037844245334,88.44898311977991,26862000
2023-01-12,90.38297271728516,91.11691212598826,89.01428778515732,90.73010969806401,30258100
2023-01-13,91.36488342285156,91.43430932131623,89.39119025662427,90.10528953617832,26329200
2023-01-17,90.54167175292969,91.49380146174484,89.3118384915669,91.30535652243567,32602400
2023-01-18,90.3730697631836,92.0392986943226,89.89700111134908,91.38470524390696,29116700
2023-01-19,92.28726196289062,92.84266916002713,89.88709321771738,89.9763594126032,37000400
2023-01-20,97.21650695800781,97.49421809768434,94.24109856316726,94.32044460307483,63191100
2023-01-23,98.97199249267578,99.2199431680557,96.70076339817312,97.14707158711535,40005100
2023-01-24,96.89912414550781,98.79347100071968,96.40322277819845,97.29584675272618,33078500
2023-01-25,94.4394760131836,95.37177318688094,92.99144464635195,94.78660552460629,42330000
2023-01-26,96.72061157226562,96.77020474200492,94.59815405733514,95.70897598453968,30114000
2023-01-27,98.5554428100586,99.49765240364174,96.5123239826297,96.5123239826297,33879800
2023-01-30,96.14535522460938,97.48428734322064,95.60978086379407,96.68092958542469,27226200
2023-01-31,98.02977752685547,98.06945054380512,96.02633935545113,96.07593251835176,29870700
2023-02-01,99.60675048828125,100.36052269702401,96.78011416406397,97.90084854753133,35531100
2023-02-02,106.85682678222656,106.9659256907038,104.74428963661705,104.93273458159672,69883800
2023-02-03,103.92108917236328,106.92625024321528,101.73912618609937,102.08625562934304,65309300
2023-02-06,102.05650329589844,103.50453438595648,101.0448602652804,101.56060192669277,31999600
2023-02-07,106.75765228271484,107.29322670020932,102.27470697729218,102.37388574345306,49010200
2023-02-08,98.5554428100586,102.29453587919534,97.23634332555855,101.2134745048074,94743500
2023-02-09,94.23118591308594,99.21003262732542,92.86249320969232,99.18027975409596,119455000
2023-02-10,93.7947769165039,95.95690701020914,93.47740036911846,94.66756053010047,54980700
2023-02-13,93.83445739746094,94.4196173792314,93.07076505379771,93.96338902898977,50076100
2023-02-14,93.90389251708984,94.07249718262943,91.50373147763352,93.65594180887688,54726100
2023-02-15,96.14535522460938,96.32388001154781,93.37822481049062,93.7154340931221,50169000
2023-02-16,94.7270736694336,96.87928361409492,93.96338138787394,94.58822190312343,42462600
2023-02-17,93.57659149169922,94.77667195660865,92.44593691924389,94.07249288547277,34284100
2023-02-21,91.0375747680664,92.33683394114578,90.96814887866952,92.23765518012942,33629300
2023-02-22,90.89871978759766,91.35494812568693,89.86724406227897,90.94830538293209,30884000
2023-02-23,90.14495086669922,91.18634677544837,89.02421648917793,91.1665064831145,41206400
2023-02-24,88.39937591552734,89.15314812025682,87.85388894602733,88.70683991186095,36585100
2023-02-27,89.13331604003906,89.42093974612138,88.60765422535826,89.13331604003906,27502300
2023-02-28,89.32176208496094,90.48217716813194,88.58783009603324,88.59775024323443,30142000
2023-03-01,89.61930847167969,90.28381458248744,88.9349620659149,89.24242610290563,31111200
2023-03-02,91.245849609375,91.52355315835904,88.85560143860462,88.92503489270483,32204400
2023-03-03,92.88233184814453,92.96167788657921,91.69216397218837,91.7219244117424,35160100
2023-03-06,94.35018920898438,95.1833074213031,93.22945486919875,93.2492875940104,32639300
2023-03-07,93.09060668945312,94.8857672449639,92.76330996601668,94.20142849315206,27835500
2023-03-08,93.47740936279297,95.1733911604508,93.229458674828,93.3484777291188,34103300
2023-03-09,91.563232421875,94.74691844025844,91.14667706997915,93.27905456209555,28813500
2023-03-10,89.88707733154297,92.02937482791765,89.65896694454361,91.41445442058324,35941000
2023-03-13,90.36315155029297,91.81118269560834,88.687002437022,89.35150848107031,37335600
2023-03-14,93.19970703125,93.58650950422467,91.6822500116025,91.80126150060728,36050200
2023-03-15,95.3221664428711,96.13544442535732,91.88060956204423,92.45585699442236,50622100
2023-03-16,99.4976577758789,100.36052894620208,94.71716852573586,95.41142746724535,65492000
2023-03-17,100.78699493408203,101.99698789396676,99.27945056518114,99.43814263216196,61028500
2023-03-20,100.3902816772461,100.9159359560501,99.05134939660562,99.29930009920032,32960400
2023-03-21,104.05994415283203,104.23846895297474,100.39027695383191,100.4200298260466,42110300
2023-03-22,102.52265167236328,105.71625013011207,102.48297865485124,103.41526808239401,43427400
2023-03-23,104.73436737060547,105.42863382566868,103.60371285731998,104.19879298533533,40797800
2023-03-24,104.57568359375,104.62526919076385,102.98879315221856,104.12936781949888,30393300
2023-03-27,101.62010955810547,103.90125892558605,101.09445530767543,103.76240714497641,31120900
2023-03-28,100.20182800292969,101.61018605507579,98.92240158084621,101.60027347597008,32057900
2023-03-29,100.55888366699219,101.64986521604924,99.82495172553267,101.44158753942646,28779600
2023-03-30,100.06297302246094,100.33076398682465,98.96207142864132,100.08281331374553,33086200
2023-03-31,102.87969207763672,103.03837656666258,100.21174053127761,100.46961133865507,36863400
2023-04-03,103.50453186035156,103.67313650572234,101.09445096214598,101.5506793026603,25035400
2023-04-04,103.8615951538086,104.71454620597783,103.18716891643886,103.47479264955223,24420100
2023-04-05,103.61363983154297,105.2302756731111,102.8102819841236,104.91289907946413,28290500
2023-04-06,107.53125,108.27510204632019,103.47478047282404,104.39715731293522,48711500
2023-04-10,105.56749725341797,106.70806447179427,104.25831780056538,106.10307169779246,27067400
2023-04-11,104.48641967773438,105.85511233488984,103.82191364187591,105.67658753468932,26311800
2023-04-12,103.78223419189453,105.87493849967197,103.48469035438097,105.70633385627954,24370300
2023-04-13,106.54936981201172,106.6088755556612,104.97239950361016,104.97239950361016,24843600
2023-04-14,107.97756958007812,108.04699547084493,105.96420361413152,106.01379677904549,26578000
2023-04-17,105.10134887695312,105.28979383922241,103.66323020910507,103.80208956915179,37571200
2023-04-18,103.64338684082031,105.66666534841484,103.2169113578442,105.61707218442865,26596400
2023-04-19,103.32601928710938,104.11946457904193,102.22511753880913,102.73093910158751,20905700
2023-04-20,104.42691802978516,105.37904781258688,103.01855986565269,103.05823288579296,27820800
2023-04-21,104.54593658447266,105.13109660328743,103.92109597885471,104.60544233096776,25800100
2023-04-24,105.10134887695312,105.7559348210195,103.84175502418775,104.62528018111423,23542800
2023-04-25,102.99871826171875,105.81544212100182,102.98879811509617,104.96249111597527,46664100
2023-04-26,102.85986328125,105.47822196102051,101.788714484929,104.05994371224027,53347600
2023-04-27,106.70805358886719,107.48166608530138,102.6912570160058,103.59379357823073,50089200
2023-04-28,106.4601058959961,106.47002604243367,104.22854965938166,106.16256960456029,36139800
2023-05-01,106.32125091552734,107.1047759897289,105.9443685976354,105.96420132305943,26681700
2023-05-02,104.45665740966797,106.32124371426752,102.85985449785488,106.2617379751714,30997200
2023-05-03,104.54593658447266,106.60888065380296,104.09962078519486,104.66494807746287,21795400
2023-05-04,103.83183288574219,104.73436945840507,103.117733691147,104.62527054996112,23419500
2023-05-05,104.70462036132812,105.01207680519784,103.25658919423994,103.9607682679493,26639300
2023-05-08,106.88658142089844,107.07502636899285,104.29798314719713,104.3178158732233,26511400
2023-05-09,106.47002410888672,109.2470748463162,106.31133960304034,107.50149988087897,36360100
2023-05-10,110.83394622802734,112.01419380388454,107.04526040460696,107.0849334186618,63153400
2023-05-11,115.61445617675781,116.95338849067711,113.47216598785796,114.4540486758181,78900000
2023-05-12,116.54674530029297,117.06247940985591,115.15821991274791,115.72354718741605,41102300
2023-05-15,115.55493927001953,117.50879187706043,115.05903790038903,115.15821666094425,36266800
2023-05-16,118.53034210205078,119.76017532413435,115.47558798788296,115.5350937281414,45035600
2023-05-17,119.84943389892578,120.67263195090871,117.91542167256014,118.62952082286563,33323600
2023-05-18,121.82313537597656,122.29919646548392,119.83952984703524,119.95854133598478,35234200
2023-05-19,121.75370788574219,124.93739380984856,121.1487076020142,122.53723296740392,41353400
2023-05-22,124.02494812011719,125.39363331471273,121.73387841515391,121.93224352318924,35253000
2023-05-23,121.55534362792969,123.60837503480265,121.20821417591823,123.14223409458985,34046300
2023-05-24,119.90895080566406,120.91067367529489,118.87747506501967,120.12714861556921,34182600
2023-05-25,122.46780395507812,124.2927173391139,120.96025957388359,123.49927213144791,42317000
2023-05-26,123.58853912353516,124.23321241314245,121.44624158887478,122.16034076709491,35635900
2023-05-30,122.65623474121094,124.62992750841212,120.99992609351675,124.610087217516,35076700
2023-05-31,121.86280822753906,123.04304837018027,121.49583848112029,121.74378917189807,37325800
2023-06-01,122.7058334350586,123.40009231065325,121.61485195904373,121.81320947582672,30772700
2023-06-02,123.64805603027344,125.11592753657705,122.74551939681675,122.97362980848881,26980100
2023-06-05,124.9770736694336,126.38543183753264,122.82485583017811,122.99346805796284,32305500
2023-06-06,126.26640319824219,127.2383656366913,124.3323909005138,124.97706418870804,26638300
2023-06-07,121.4958267211914,127.98220950527097,121.11894443175632,125.92918585387761,52539000
2023-06-08,121.13878631591797,122.21985523958173,120.24616233464845,121.22805249747213,29389200
2023-06-09,121.2280502319336,122.74550718830598,120.9106736630639,121.2478829569892,23778300
2023-06-12,122.62649536132812,123.03313813403905,120.66273009040363,121.78346450999771,28306400
2023-06-13,122.81492614746094,124.1340255114408,122.170252900137,123.955500728595,22278300
2023-06-14,122.65623474121094,123.03312459969855,120.45443159668147,122.09090752033342,30592300
2023-06-15,124.06461334228516,124.43158311632118,121.39666885419425,122.13060083541116,35246300
2023-06-16,122.51738739013672,125.07624019452584,122.26943671297158,124.89771540429278,45535600
2023-06-20,122.09091186523438,123.5488630569753,121.13878217339122,121.9223072208865,26097500
2023-06-21,119.56182861328125,121.65453309243799,119.11551282046045,121.39666224993185,30306300
2023-06-22,122.14051055908203,122.22976917477193,117.85592296831348,119.01633037340913,26952200
2023-06-23,121.33715057373047,121.78346637257002,120.06764420404919,120.3850207964695,34913600
2023-06-26,117.36993408203125,120.99993578775403,117.30050819204033,119.77010249354858,33969900
2023-06-27,117.36002349853516,118.10387557545451,115.14829999374557,116.1202700370029,39535900
2023-06-28,119.19485473632812,119.4031324056984,115.89214976448287,116.1301803056411,27091400
2023-06-29,118.12371063232422,119.07584040154654,117.33027294139967,118.26256241740738,24090900
2023-06-30,118.71878051757812,120.08747309044965,118.70886793868348,119.18492899866601,29532200
2023-07-03,118.91715240478516,119.2047761131289,117.84600360823359,118.26255895127434,14467900
2023-07-05,120.75198364257812,121.60493460466255,118.25264406620929,118.26255664547801,27584800
2023-07-06,119.12543487548828,119.31387982882194,117.42945299604987,118.81797842897954,24745200
2023-07-07,118.50059509277344,120.05772509699975,118.42124905726847,119.1155079508008,21709500
2023-07-10,115.49543762207031,117.34019150871362,115.18798116324814,117.33027892845527,35315200
2023-07-11,116.17977142333984,116.74509867791642,114.40444362500358,115.33674061449469,23078800
2023-07-12,117.9551010131836,119.34362637246984,117.4393669141167,117.82616938013048,30404400
2023-07-13,123.51910400390625,123.80672768290836,119.46262719567059,119.93869580119052,44297900
2023-07-14,124.39189147949219,125.7407437423268,122.47771198641469,123.7769786548953,33283100
2023-07-17,123.62821197509766,126.05812564014278,123.18189620588134,124.9076384065508,25716200
2023-07-18,122.74551391601562,123.65797065567115,121.95206866692536,123.57862461739118,26193600
2023-07-19,121.02969360351562,124.15387391443447,120.80158319859368,123.57862647852336,37224000
2023-07-20,118.22288513183594,123.0727999886977,117.25092267132642,120.42468845421087,37906800
2023-07-21,119.03616333007812,119.99821321316037,117.75674443491287,119.6312510365837,72937900
2023-07-24,120.53378295898438,121.99173416334048,119.98829600487059,120.66272215495184,29686100
2023-07-25,121.20822143554688,122.14051850552042,120.02797366116377,120.36519055392536,52509600
2023-07-26,128.21034240722656,129.90631659089652,127.26813284588675,129.00378761340536,61682100
2023-07-27,128.3392791748047,132.14781351472905,127.73427884774642,130.59067581926217,44952100
2023-07-28,131.49319458007812,132.64368926365583,129.49967674072056,129.70794681826914,36591200
2023-07-31,131.632080078125,132.43543799339955,130.6997829450421,131.64199265883678,28055500
2023-08-01,130.47164916992188,131.54279790983335,129.60877052366334,129.70795684787504,23166800
2023-08-02,127.32763671875,129.02361087752263,126.51435123258612,128.38885774863965,26273300
2023-08-03,127.39705657958984,128.32935355941024,126.37550098690372,126.92099551059741,20089500
2023-08-04,127.05986022949219,130.43198377340173,126.86150269168164,128.22026771607946,26147200
2023-08-07,130.45179748535156,130.53114351104958,127.96237835561729,128.1012301171621,22746300
2023-08-08,130.3228759765625,130.43197488498015,128.4781222465879,129.54927103822243,23535200
2023-08-09,128.59713745117188,130.95761750800182,127.94254405878128,130.58074278541653,24912900
2023-08-10,128.6269073486328,130.9675625582551,128.38886922887625,130.2435507528464,20857800
2023-08-11,128.49795532226562,128.86491747828384,127.11935017534717,127.60533894622364,19591100
2023-08-14,130.25347900390625,130.2931444617831,127.90291093163088,128.32937892208105,24695600
2023-08-15,128.71615600585938,130.3427118640274,128.22025464503122,130.0253428626258,19770700
2023-08-16,127.64503479003906,129.21208524439461,126.8218441042689,127.64503479003906,25216100
2023-08-17,128.85499572753906,130.90803443349202,128.23015522856085,128.7359842548602,33446300
2023-08-18,126.41517639160156,128.19050420505582,125.34402761585469,127.4565647289768,30504800
2023-08-21,127.31773376464844,127.67478341493478,125.52257293232674,126.13749345601002,25248700
2023-08-22,128.0218963623047,129.21205659443743,127.2681317464859,127.45656155015928,22054900
2023-08-23,131.284912109375,132.31639534159987,128.80540548113294,129.11286188164175,27819700
2023-08-24,128.71615600585938,133.14951538235977,128.50788590918833,132.85197153912117,28500700
2023-08-25,128.8153533935547,129.6881295726403,126.20690716881097,128.47812893761383,26762900
2023-08-28,129.93609619140625,131.45355346104287,129.07323248655334,130.23364009664536,20543300
2023-08-29,133.46690368652344,135.45050919179718,131.15600145683445,131.15600145683445,43075600
2023-08-30,134.7661590576172,135.16287409396253,132.9709985475354,133.67517000710467,28315800
2023-08-31,135.05377197265625,136.8687727314443,134.67688210350767,134.8950799084139,30053800
2023-09-01,134.54794311523438,136.3331908056176,133.74458543798855,136.3331908056176,21543700
2023-09-05,134.65707397460938,135.30173975827023,133.47682618982745,134.32977722585983,19403100
2023-09-06,133.35780334472656,135.41082715108524,132.57427070368973,134.9050132008134,18684500
2023-09-07,134.1512451171875,134.46862928644677,131.86018300504648,132.49493620985484,18844300
2023-09-08,135.26206970214844,135.53977327338907,133.7446126401159,133.80411838628038,23558300
2023-09-11,135.7976531982422,136.35306040880863,134.6769110623918,135.4207632480529,20763400
2023-09-12,134.23057556152344,135.74803250189984,134.08181120803886,135.14303224154853,18405500
2023-09-13,135.58935546875,135.7777852717878,133.05032781273377,133.9826247837674,20749500
2023-09-14,136.96795654296875,137.5630290724014,135.1232029476824,136.47205520158755,24751000
2023-09-15,136.27371215820312,137.38454169510266,135.3612553079111,136.84895965520028,38919600
2023-09-18,137.0770721435547,138.019281780227,135.49018160432044,135.49018160432044,21861300
2023-09-19,136.90843200683594,137.2754092805613,135.50007405103756,136.2935192027612,20353700
2023-09-20,132.64370727539062,136.9481276445737,132.52468065263594,136.9481276445737,29927500
2023-09-21,129.37074279785156,131.14606291971518,129.00378065244968,130.3625454686309,31503900
2023-09-22,129.18231201171875,130.94771974828387,128.5376462586181,129.68812598105728,26397300
2023-09-25,130.03524780273438,130.0947535411447,127.90287812992364,128.76574160428865,20094600
2023-09-26,127.51607513427734,129.29139523509036,126.1771354911184,128.70623529835885,25718700
2023-09-27,129.4699249267578,129.82697452376246,127.51608742320651,127.51608742320651,22746500
2023-09-28,131.22543334960938,132.20732362438937,128.7260859170761,128.77567908657804,22513100
2023-09-29,129.7873077392578,132.9511609153293,129.29140636705122,132.18746856469267,30859800
2023-10-02,133.07015991210938,133.3181105749404,130.09475195813707,130.1344325390662,22288000
2023-10-03,131.34442138671875,133.1594221035501,130.75926143877368,132.84205311611007,22989400
2023-10-04,134.1313934326172,134.45869011730207,131.44360164040873,131.7014648766572,26752300
2023-10-05,133.9628143310547,134.37936969993646,132.35608346969923,133.9628143310547,19832600
2023-10-06,136.45220947265625,137.02745682177886,132.91146677211896,132.91146677211896,27597600
2023-10-09,137.2853240966797,137.80106572376255,134.49836100864687,135.8174603789753,19278100
2023-10-10,136.92828369140625,138.57467986983306,136.20427192955205,137.36467931785276,27786600
2023-10-11,139.3978729248047,139.95328001705715,137.44402038931838,137.44402038931838,25884300
2023-10-12,137.8308563232422,140.06241294699714,137.12666957424625,139.89380826258108,24765500
2023-10-13,136.23402404785156,138.8523826583463,135.50008457709373,138.23746980650327,23420500
2023-10-16,137.9597625732422,138.4854167971643,136.8588609633149,137.03737818636395,28501900
2023-10-17,138.57467651367188,138.75319373814438,136.0554891433646,137.49361518669917,23515800
2023-10-18,136.82911682128906,139.56648701861894,136.25386939858822,138.30689326315832,23375000
2023-10-19,136.620849609375,138.5151967823289,136.25388737880166,137.36470178510663,26066000
2023-10-20,134.48846435546875,136.73984579212933,133.97272266731449,136.2042789444492,26335700
2023-10-23,135.38107299804688,136.53156779993722,132.85197300320976,133.9330343496389,26317900
2023-10-24,137.67213439941406,138.21762892713875,136.2935292113691,136.70017196237376,44814300
2023-10-25,124.5803451538086,127.25820957616193,124.04477075596701,127.10944521580694,84366200
2023-10-26,121.27763366699219,123.31083224083282,120.27591081531207,122.25951622711595,57061100
2023-10-27,121.16854095458984,122.29919549173574,119.22460845972752,121.87272000373477,44566500
2023-10-30,123.43976593017578,124.37206291068779,121.74378418278033,122.20001252709248,28940100
2023-10-31,123.06288146972656,124.34230786737872,121.6842763149313,124.03484388332474,26292300
2023-11-01,125.41345977783203,125.45313279745749,122.70584239837481,123.05297186152897,30082400
2023-11-02,126.4449234008789,127.92270729693898,125.88951631336191,127.36730020942197,27124600
2023-11-03,128.04173278808594,128.46820067879287,126.81189200957998,126.9705840713952,26393100
2023-11-06,129.18231201171875,129.27157062977093,127.61526180428386,127.9921517032279,19052700
2023-11-07,129.8964080810547,130.8287050924927,128.8153467097953,129.63854481279463,29757300
2023-11-08,130.75926208496094,131.1262393685652,129.70795366245193,129.89639859360128,26425800
2023-11-09,129.1724090576172,131.46347122727005,129.00380438860708,130.8783111759331,23747800
2023-11-10,131.50311279296875,131.71139801314916,128.34918755672095,129.0335338225466,26913300
2023-11-13,131.00723266601562,131.50313408284546,130.17412191783197,130.69977620897475,18324800
2023-11-14,132.52468872070312,134.58764041410248,132.2271599799759,133.09002359550504,32395200
2023-11-15,133.5164794921875,133.92312224608222,132.4750987262402,133.76443017621472,23861500
2023-11-16,135.8075408935547,136.09517216084916,133.21895029015656,134.0818138246226,28013200
2023-11-17,134.20082092285156,134.94467294789172,132.5544248086727,134.88516720728182,37240600
2023-11-20,135.1331329345703,135.53977571897755,132.524686700092,132.59412016100978,27815500
2023-11-21,135.8472137451172,136.05548383220494,134.8454984904721,135.17278005589571,22635300
2023-11-22,137.3547821044922,138.27715149054157,136.3431389603489,136.3431389603489,17813900
2023-11-24,135.56951904296875,136.99771741092056,134.87526015124462,136.8985310833705,12514300
2023-11-27,135.29180908203125,137.2853270482676,134.88516634551732,134.91491921563218,23436500
2023-11-28,136.07533264160156,136.1249258052487,134.309924978467,134.964518417708,18730000
2023-11-29,133.88345336914062,137.15639020757226,133.7346738823066,136.44230617886066,23967200
2023-11-30,131.44363403320312,134.43888295815879,130.2038804373767,133.94298151982824,38988300
2023-12-01,130.7790985107422,131.02704917414542,129.59885093154966,130.7790985107422,31442300
2023-12-04,128.21034240722656,128.96410702955671,126.85156995087304,128.81534267439568,36669900
2023-12-05,129.91622924804688,131.0567961953268,127.19868465026924,127.89294345007906,27384800
2023-12-06,128.95419311523438,130.75926618523522,128.81534134061891,130.36255115310777,23576200
2023-12-07,135.8075408935547,137.42418419027493,133.59582503757497,133.9330343345262,56767100
2023-12-08,133.88345336914062,135.281883689647,132.93131610801126,133.09992075278979,32260100
2023-12-11,132.19740295410156,132.24699612624593,130.28323060576173,131.29487380940387,31138000
2023-12-12,131.4337158203125,131.9097769432704,130.18403456369643,130.72952914922644,29032800
2023-12-13,131.48330688476562,132.40567624159368,130.49150406647652,132.28666474618618,30104800
2023-12-14,130.85845947265625,132.6238671868591,128.62690324736187,132.28665787823815,38722400
2023-12-15,131.5130615234375,132.41559059857232,130.10468818490273,130.54108385219968,50847100
2023-12-18,134.6868133544922,136.02573795572846,131.34442787355178,131.54280052592037,32258000
2023-12-19,135.5298309326172,136.34311639898218,134.96451127135808,135.71827586427287,25476800
2023-12-20,137.2059783935547,140.5384359860807,136.9382025676404,137.83081892143701,49107200
2023-12-21,139.26893615722656,139.5367271291243,138.03909533601887,138.34656689160218,27488300
2023-12-22,140.33018493652344,140.8260863411753,139.5565799559633,139.61608570312794,26532200
2023-12-26,140.35992431640625,141.5104039629761,140.03262760475596,140.42934263685476,16780300
2023-12-27,139.21934509277344,140.9153344287429,138.74328401733115,140.42934564037535,19628600
2023-12-28,139.0804901123047,139.9830342126131,138.60442904782565,139.6259846308267,16045700
2023-12-29,138.54493713378906,139.20944320132398,137.64239294340334,138.48543138650385,18733000
2024-01-02,137.0373992919922,138.30690574155653,135.36125003790988,137.41428922141964,23711200
2024-01-03,137.78125,138.48543668179107,135.95633638949388,136.12494105781897,24212100
2024-01-04,135.27198791503906,138.01928600247774,135.23232246051418,137.2853464572302,27137700
2024-01-05,134.6173858642578,136.03567169625202,134.0421384410589,135.6290289280703,22513900
2024-01-08,137.701904296875,137.87050896561743,135.1430511234635,135.17280399831742,21404000
2024-01-09,139.79458618164062,140.33016810931971,137.0175356218485,137.36467261696302,24759600
2024-01-10,141.11370849609375,141.82780775984716,139.75494343237068,139.84420205691225,21320200
2024-01-11,140.91534423828125,144.02960443815402,139.4871457788245,142.3137898243085,24008700
2024-01-12,141.48065185546875,142.02614637782855,140.6574689161085,141.50049214729324,18785500
2024-01-16,141.3219757080078,143.16672938152487,140.29049239931624,140.83598692471,22670500
2024-01-17,140.31031799316406,140.67728012012063,137.7613779932037,140.19130652143912,20968600
2024-01-18,142.30386352539062,143.02789047593322,140.826087018,140.88559276545064,25746400
2024-01-19,145.1800994873047,145.24951781414885,143.19649387664043,143.55354349190839,34271900
2024-01-22,144.79327392578125,147.17359422579068,144.64449444846355,145.89417546961977,32200400
2024-01-23,145.8346710205078,145.9735228014156,144.30730143052193,144.6941039011729,21636100
2024-01-24,147.48106384277344,148.6216460696022,146.88599128129252,147.32237177289502,25233500
2024-01-25,150.62509155273438,151.79542676635216,148.3141891335314,148.83985855855067,29149100
2024-01-26,150.9424591064453,151.28958097989496,149.77212402167038,149.86139776851957,26115500
2024-01-29,152.25164794921875,152.51943895245324,150.18869623371097,150.8135368633547,27784300
2024-01-30,150.21844482421875,152.3607271720474,149.95065385559957,151.54745682095233,36331800
2024-01-31,138.9515838623047,142.81960888272778,138.7234583129567,142.44271896094438,71910000
2024-02-01,140.0028839111328,141.88730313768718,139.63590659199247,140.9550061040643,40466500
2024-02-02,141.21286010742188,141.45088304766435,135.38105593217287,138.11842568090873,62499600
2024-02-05,142.50222778320312,144.27756337900828,141.60961126191953,141.64929185123162,38505400
2024-02-06,142.9187774658203,144.1684434401665,142.01623336193828,143.46425685279377,29128200
2024-02-07,144.3469696044922,144.4263156427516,142.7501665270815,143.57336464859975,25208900
2024-02-08,144.7139434814453,145.13049882211826,143.91058567202538,144.63459744507298,22563800
2024-02-09,147.77862548828125,148.2150211661504,144.9817341712347,145.47763559904774,26829500
2024-02-12,146.32066345214844,148.11582406905052,146.161971374684,147.20336732419403,21564100
2024-02-13,143.95025634765625,145.46771340579025,142.51214532877424,143.7320585231407,27837700
2024-02-14,144.7436981201172,145.31894554055629,142.90885694916992,144.88254990203635,22704200
2024-02-15,141.59970092773438,142.34355308517448,139.30863870421265,141.96666314928402,37590700
2024-02-16,139.36813354492188,142.01624520205476,138.9912436385364,141.8178876690081,31468900
2024-02-20,139.96319580078125,140.91533307623592,138.34656764889544,138.51517229621072,25144700
2024-02-21,141.38148498535156,141.5203367649503,139.5268035526364,140.29049590728383,23223300
2024-02-22,142.90884399414062,143.8113880616519,141.6294252005615,143.74195461013204,27191900
2024-02-23,142.7799530029297,143.49403717221693,142.25428353974874,142.49232168531873,19493800
2024-02-26,136.44232177734375,141.27239668798464,136.26378939947426,140.97485281400884,53641800
2024-02-27,137.74156188964844,138.10852404072233,135.9662266066363,136.8886109742461,33099200
2024-02-28,135.26206970214844,136.87869796321857,134.30001978259713,136.76959905068048,37328600
2024-02-29,137.32501220703125,137.72172724425474,135.2818858775754,136.15467711991738,42133000
2024-03-01,136.0158233642578,137.7316378191588,135.79762555684746,137.29524220433814,31151100
2024-03-04,132.2568817138672,134.54794328029183,130.82868355980855,134.54794328029183,55999400
2024-03-05,131.5824432373047,132.14777795818372,129.5988381260761,130.79892587720002,40194800
2024-03-06,130.3228759765625,132.48501385237356,129.77739656818326,132.0287779261609,35318600
2024-03-07,133.27845764160156,133.83386475709858,130.53115980204433,131.70147977631177,37738200
2024-03-08,134.30003356933594,136.95805806227605,132.90158785607315,133.1098731227402,39370400
2024-03-11,136.5414581298828,137.95974367590222,135.01408882941428,135.01408882941428,32437800
2024-03-12,137.3646697998047,138.23746099222168,135.90671866415707,135.90671866415707,27563400
2024-03-13,138.6440887451172,139.93343524438993,137.85065871514112,137.86057129371812,23347200
2024-03-14,141.92697143554688,142.41294506959082,139.30861293112127,140.03262465964323,42753400
2024-03-15,140.022705078125,142.00631057950346,138.88213796831596,141.33189197321508,49475400
2024-03-18,146.4694061279297,150.902765124804,145.9635922313326,147.39179044961523,69273700
2024-03-19,145.82473754882812,147.57030470639833,144.8825280895357,146.94547934868612,24070400
2024-03-20,147.520751953125,147.63976344475103,145.53714637957398,146.7868124427757,21311500
2024-03-21,146.3900909423828,149.13737364463717,145.6958169152109,148.24475722928597,24755600
2024-03-22,149.5341033935547,150.3374611918101,147.75876801352786,147.89761979182254,29211800
2024-03-25,148.83984375,149.14730017654827,146.60828759558476,148.71090455162476,19229300
2024-03-26,149.43492126464844,151.011884033954,148.7505749332153,148.98861304571224,22149100
2024-03-27,149.63327026367188,150.3969625890798,147.679417711027,149.94072668288968,22879200
2024-03-28,149.6927947998047,150.1886962178925,148.9390300924469,149.61346389057567,24485400
2024-04-01,154.21543884277344,154.46338956853498,149.3754358331209,149.45478188140993,31730800
2024-04-02,153.2930450439453,153.43189683666333,150.90279655942555,152.24173645140743,24586000
2024-04-03,153.65008544921875,153.80877752671594,151.47803493131784,152.34091364414047,24705000
2024-04-04,149.29605102539062,153.501299690698,149.216704997701,152.24170609339924,34724700
2024-04-05,151.2499237060547,152.1623804461379,148.37370170217739,148.80016963270904,23459200
2024-04-08,153.58065795898438,153.99721328727458,151.35901440772807,151.52761905486636,20702000
2024-04-09,155.3163299560547,157.26025503704565,153.9178843271403,154.81050082482042,31079500
2024-04-10,154.86007690429688,155.3262253958283,153.41203826670193,154.9295103592396,22838600
2024-04-11,158.10328674316406,158.37106260079813,155.1774715327962,155.62377976256258,27166400
2024-04-12,156.43704223632812,158.90663651169768,155.85188225072014,156.66516776322655,25353700
2024-04-15,153.590576171875,157.93467710778722,153.32278518896982,157.55778721582507,27136500
2024-04-16,153.1343536376953,154.37410719737133,152.1723036646899,152.9260835145476,20779500
2024-04-17,154.19558715820312,155.792390319514,153.3128832450381,154.3443515291876,21763100
2024-04-18,154.7311553955078,155.65353990489737,153.35255005525875,154.0666493097183,19883000
2024-04-19,152.82688903808594,155.07828562000708,151.0515686940003,154.91959354072858,32615600
2024-04-22,154.9989471435547,156.34779961582007,152.79714362068458,153.04509433151492,26446200
2024-04-23,156.9626922607422,157.66687884737183,154.99892712206798,155.67336083793805,21151600
2024-04-24,157.82557678222656,158.2619724145378,155.8816367293061,156.19902087415394,22779100
2024-04-25,154.7212371826172,155.2072260039545,149.63328396324783,150.08951991120836,57109700
2024-04-26,170.5404815673828,173.27786687075127,168.2593321924788,172.94064243070838,64665300
2024-04-29,164.7880096435547,168.16014784427256,163.85572783432124,167.6741590817137,45610000
2024-04-30,161.44566345214844,166.72206177178046,161.26714620693434,164.25246727701446,33562900
2024-05-01,162.51678466796875,165.75005589531395,161.75309238141418,162.95318026028562,33493200
2024-05-02,165.25416564941406,165.36326455481128,162.54654844018515,163.43916484164697,24294500
2024-05-03,165.86911010742188,166.5832093530068,161.71345384411,166.18647914228734,34662400
2024-05-06,166.7220458984375,166.76171134902742,164.66900697168114,166.08729275303767,21871300
2024-05-07,169.8462371826172,170.35205118536106,167.00968044096345,167.1187793592467,28039700
2024-05-08,167.99156188964844,168.75523914384442,167.35680870759575,167.61467198559197,19569100
2024-05-09,168.56680297851562,169.2908147525702,166.80138015076668,168.00146814371737,15346700
2024-05-10,167.26751708984375,168.45769242107335,164.82769095498062,166.65260426676096,29799900
2024-05-13,167.75352478027344,167.89237656675422,162.65565899989346,162.9135222794407,31327600
2024-05-14,168.94369506835938,169.84623930052865,167.41632532705881,168.37837530926814,25127100
2024-05-15,171.0959014892578,171.23475328070515,169.11229582074708,169.23132245178067,26948400
2024-05-16,172.752197265625,173.68449428030138,171.27442084056955,171.86949341563104,27867900
2024-05-17,174.61679077148438,174.8250760090424,172.2662230829347,172.75219674772163,24479300
2024-05-20,175.46975708007812,177.30459839219796,174.63664632446375,174.7457452424878,22554400
2024-05-21,176.39210510253906,176.68963378677213,174.36881924751077,175.44988049011022,16989400
2024-05-22,174.93418884277344,175.69786612928917,173.7737813421162,175.19205213168274,17880000
2024-05-23,172.12734985351562,176.78881919834342,171.53226222068352,175.6184993564693,21024900
2024-05-24,173.5555419921875,174.32914680757452,172.22651500986282,173.54561428063982,16579400
2024-05-28,174.95399475097656,175.8168734132129,172.94063642860604,173.01998246270298,20572200
2024-05-29,174.4580841064453,175.39038104034756,173.2877642166244,173.9919356394942,23388700
2024-05-30,170.6991424560547,173.78364908171378,170.38175836663467,173.76380879269846,22931500
2024-05-31,171.08596801757812,171.6413751155462,168.05105413674661,170.4512148865134,37638900
2024-06-03,171.75047302246094,173.09932530985793,169.75695502874458,171.12563247401937,27459100
2024-06-04,172.36538696289062,172.42490783803038,170.48096786025872,171.85957302701576,26879600
2024-06-05,173.9721221923828,175.2019479039631,172.50424324144495,173.7638369582265,22068500
2024-06-06,175.28131103515625,175.69786641038863,174.3093484929474,174.45811286491957,23251000
2024-06-07,173.0299072265625,176.41194296176616,172.87121516107322,175.5986726101232,19661400
2024-06-10,173.7746124267578,175.81014466476933,171.54049500356726,173.7349014501534,23726700
2024-06-11,175.37326049804688,175.59170876242746,172.54338732033756,174.9760900997619,21540600
2024-06-12,176.5349884033203,179.13650434238232,174.8668546571235,176.99174796777623,27864700
2024-06-13,173.92355346679688,175.49240210344783,173.64553119205647,174.8668444097431,20913300
2024-06-14,175.5420379638672,175.8101362841722,172.92067425165644,172.99018739624864,18063600
2024-06-17,175.98886108398438,177.10095011007647,173.57600667428076,174.2214273884837,19618500
2024-06-18,173.8540496826172,176.13781719186318,172.87104771224654,175.88958192240335,21869900
2024-06-20,175.05551147460938,176.03851342488448,173.7547611134038,174.13206841253606,20160100
2024-06-21,178.36199951171875,179.57338876304848,175.3633134017814,175.75055979188994,57759000
2024-06-24,177.9548797607422,179.61308934299385,177.4087592034553,178.8882466857276,18298000
2024-06-25,182.73094177246094,182.98910099326696,178.15348288701358,178.35206806848578,23130200
2024-06-26,182.58201599121094,183.2075585872156,181.19188934781172,181.34083960482536,19839000
2024-06-27,184.1011962890625,184.7366779293804,182.72100889129027,182.8798679380617,18848900
2024-06-28,180.86422729492188,183.82320287786322,180.6755812003218,183.01892295771628,29156600
2024-07-01,181.6982879638672,182.58200489120532,180.02021516731907,181.7379989393426,16006100
2024-07-02,183.93240356445312,184.2600759255339,180.27837266146466,180.7649192250836,17372500
2024-07-03,184.50831604003906,184.77639921891327,182.7011560285435,183.54516199454144,10242100
2024-07-05,189.25457763671875,189.51273686548802,184.48845737897847,184.54803142014995,20967500
2024-07-08,187.6956329345703,188.82758504993222,186.45445670495957,188.55948674203475,21035900
2024-07-09,187.64599609375,190.00920064999954,187.38783687416534,188.96660951335545,15121400
2024-07-10,189.83045959472656,190.3964432565855,187.69564243220248,187.8147905079295,15952500
2024-07-11,184.2600555419922,189.51270639206513,183.77350903219687,188.50984150775466,25625800
2024-07-12,183.7636260986328,185.78921938031402,183.1877184128902,183.77355005575473,22898400
2024-07-15,185.2133026123047,186.9112385638258,183.61466683145176,183.61466683145176,16474000
2024-07-16,182.62171936035156,187.34811338839907,182.0755987428797,186.03743905754484,18290700
2024-07-17,179.74220275878906,182.2543425380115,178.63009842037727,181.6784348799773,20734100
2024-07-18,176.43569946289062,181.21174353968178,175.22431015700485,180.64575986268414,25315700
2024-07-19,176.40591430664062,179.01733902058587,175.87965675110726,177.61730362532302,18881900
2024-07-22,180.38758850097656,181.41031651236526,178.95775104592673,179.3152104096892,24100300
2024-07-23,180.50672912597656,182.31388893241848,180.25849388780003,180.76490347036915,36352700
2024-07-24,171.41143798828125,174.94630610791995,170.6071580696205,172.37459212943986,49585200
2024-07-25,166.09918212890625,172.19583973492487,166.0098210682456,171.30219882616154,44852000
2024-07-26,165.8211669921875,166.90346917641645,162.90191767605657,165.9701020997129,41336900
2024-07-29,168.33328247070312,169.22692328878654,166.80416003394157,167.6382268176297,20293800
2024-07-30,169.0879364013672,170.02130347692145,167.25100442280618,169.0383014663059,18959700
2024-07-31,170.3291015625,173.01997848256258,168.80990296351985,172.01711347343624,25729100
2024-08-01,169.5546112060547,172.82139580223534,167.6878923021726,169.0482167160951,24531400
2024-08-02,165.48353576660156,167.3204673602302,163.50757790048146,165.2650875542234,29130100
2024-08-05,158.12586975097656,163.26929736266635,153.8363569379613,154.40234063596142,53630700
2024-08-06,157.17262268066406,159.4365420774317,155.30590392172098,158.2052897951303,49004600
2024-08-07,157.81802368164062,161.82949811419968,157.35134026248897,160.11171465815283,25138600
2024-08-08,160.88624572753906,162.53453159498838,159.0791007984094,159.37697100848436,25578800
2024-08-09,162.51463317871094,162.63378123682256,157.93717508299093,158.8804658955509,28602300
2024-08-12,161.14442443847656,163.7360016369403,160.69760391827538,163.18989608507255,15895300
2024-08-13,163.00120544433594,163.56717396094234,161.81960317762199,162.25649966122157,18551700
2024-08-14,159.23794555664062,162.06783350679044,156.5967339743886,161.25361460284537,40591100
2024-08-15,160.16139221191406,160.49898852805327,158.4833194361169,159.36703635252704,31524300
2024-08-16,161.80967712402344,163.89484419906685,159.9925932186499,160.33018953302678,24208600
2024-08-19,165.49349975585938,165.51336282117407,163.10050794660387,164.11331216253947,22416200
2024-08-20,165.99986267089844,167.4495631411608,165.64241846979237,165.72184041376482,18341500
2024-08-21,164.67929077148438,165.6722318912375,163.50761237161458,163.98421986679392,22902000
2024-08-22,162.6437530517578,166.4069931043409,162.15720646482643,166.07932072756,22493300
2024-08-23,164.45089721679688,165.00694179876172,162.67353934579646,163.55725630307884,13955700
2024-08-26,164.98709106445312,166.36727853932712,163.29909428347517,165.20553931092914,14190400
2024-08-27,163.51751708984375,165.26510295168842,163.29908400819048,164.66933228950003,11821900
2024-08-28,161.70046997070312,164.43105809322844,160.3897803993729,163.8749983304621,16407400
2024-08-29,160.6379852294922,164.7984102225247,159.11878679232862,163.15012461387778,19699800
2024-08-30,162.22671508789062,162.50473737235887,160.54864227379994,161.472070186267,22123800
2024-09-03,156.24920654296875,160.70751737773818,155.37541355771157,160.57843019098567,38945300
2024-09-04,155.3456268310547,157.87762958096508,154.8590954051368,155.554151121504,19353800
2024-09-05,156.1300506591797,158.32444181781332,154.87893528354047,155.19668368087028,18688700
2024-09-06,149.85467529296875,156.71590221863735,149.4872919188711,156.1896446256026,37912100
2024-09-09,147.85621643066406,152.51927694187998,146.3747655212842,151.63438731483413,39260500
2024-09-10,147.80648803710938,150.4015036061094,147.48831800096144,149.58620426686707,31118800
2024-09-11,150.29214477539062,150.63018908340467,146.67304380954099,149.05925855823048,29607700
2024-09-12,153.80186462402344,153.9311230962661,151.77356859256676,152.91697508053775,29621500
2024-09-13,156.55596923828125,157.47068534964538,154.318887339598,154.53761027887018,29591200
2024-09-16,157.15252685546875,157.34143843484944,155.70091765708278,156.4068328344505,18379800
2024-09-17,158.40528869628906,159.628222536102,157.47068317745328,158.107008079676,20715600
2024-09-18,158.89247131347656,159.57851220454893,157.68942685128602,158.9421872798641,23677300
2024-09-19,161.2091064453125,162.8496272464335,160.41369644399956,162.77009990036774,26587700
2024-09-20,162.65077209472656,162.78996770160265,161.1295575441582,162.5612924555598,40896400
2024-09-23,160.92076110839844,164.53986181971814,160.74178667068307,163.40640761812853,24150900
2024-09-24,161.3582305908203,162.28289902982328,159.7674258440889,162.09398745781283,23332100
2024-09-25,160.56283569335938,161.87524922923666,160.37392412147798,160.5429462723237,18869200
2024-09-26,161.7957000732422,163.13795527115403,161.34828673099906,162.7004790534292,20319300
2024-09-27,163.00869750976562,164.7486500925775,161.69628402203105,161.87524329123835,21101300
2024-09-30,164.8977813720703,165.19604679069425,162.32264027889576,162.38230853380156,20413900
2024-10-01,166.03123474121094,168.18877389639653,163.6350680810018,166.72721266688677,28338100
2024-10-02,164.90774536132812,166.5582184121097,163.7842281975384,165.46452779504156,17760200
2024-10-03,164.90774536132812,165.6832659184552,162.9788810936898,163.4660733087808,15073100
2024-10-04,166.10084533691406,167.26412612073125,164.5299148711692,167.09510397311843,19047400
2024-10-07,162.04428100585938,167.5127039344141,161.81560574950586,166.7570727731855,22463100
2024-10-08,163.43624877929688,163.78423021907105,161.93490844359246,162.99877252706997,23072700
2024-10-09,160.9307098388672,163.89359644421285,158.8228863013817,162.5115774919813,31181800
2024-10-10,161.1494598388672,162.13378146188393,159.47909725173434,159.94640007740227,14144100
2024-10-11,162.30276489257812,162.95896398012601,160.31424786941037,161.1991373378728,15344300
2024-10-14,164.01290893554688,165.27560646204375,162.46185274166893,162.70048027253844,19016100
2024-10-15,164.51004028320312,166.71728049354707,163.68480379630955,164.83813228183462,20247200
2024-10-16,164.21176147460938,164.84808640066018,162.7999160190336,163.58537367338423,16406000
2024-10-17,161.9945526123047,165.4148047545223,161.82553046438127,164.77847983302945,21453400
2024-10-18,162.48175048828125,163.76435267205474,162.14370618061358,162.25307524146882,19757700
2024-10-21,163.12802124023438,163.5555451703661,161.68633408506915,162.01444125458505,20946500
2024-10-22,164.1918487548828,164.81823646722327,162.0442467450133,162.0442467450133,16568100
2024-10-23,161.8454132080078,164.867967838788,161.00028733207427,163.81404098216163,18280500
2024-10-24,161.78575134277344,162.3922496608961,160.08556255879625,161.89512038935888,22412500
2024-10-25,164.32113647460938,164.63929136354844,162.48175184608664,162.7303165163636,19828900
2024-10-28,165.76280212402344,167.78114595500233,163.00870143582344,167.78114595500233,32138600
2024-10-29,168.70579528808594,169.40178845873763,166.13066910445878,166.76699401414237,42169000
2024-10-30,173.4583740234375,180.97496713171114,173.06066145323211,179.64264898550226,68890800
2024-10-31,170.12759399414062,175.80481742033143,170.01822493850247,172.13600066532192,44769000
2024-11-01,170.3065643310547,171.33066473922122,167.91041241830663,169.09358268677013,31796500
2024-11-04,168.26834106445312,169.7497767581588,167.04539198951443,168.95436679599575,21492700
2024-11-05,168.7654571533203,169.55091475770118,167.87061532690117,168.45722424913848,18242100
2024-11-06,175.49658203125,175.92412112315387,172.50386907265272,172.80214969030013,33695500
2024-11-07,179.71224975585938,180.0403569286527,176.1726914135067,176.39142952870222,25352900
2024-11-08,177.32601928710938,179.86136646447602,177.05756522942787,179.612801825818,22006200
2024-11-11,179.31454467773438,179.513393363608,177.44533365392132,177.55470270682915,17450400
2024-11-12,180.5772247314453,181.44223994675815,178.36003251435403,178.7875715603005,25134900
2024-11-13,177.8529815673828,179.9210412566759,177.51492211643085,179.423911961303,23184000
2024-11-14,174.5719451904297,177.79334885525918,173.3191846841435,177.25644065886235,31007500
2024-11-15,171.49969482421875,173.14021567004892,170.23698198164112,172.73256594722855,32504600
2024-11-18,174.2935333251953,174.43272892051993,171.90730361382492,172.4243223269658,20135300
2024-11-19,177.09735107421875,177.8430450835762,172.56353392471485,172.72261895446178,23434900
2024-11-20,174.96961975097656,176.65985629395433,172.7822539205829,176.32181201959514,18997100
2024-11-21,166.66758728027344,173.1302686962832,162.76014278127062,172.9015782767723,59734400
2024-11-22,163.8140411376953,165.5042928911672,162.9589781366054,164.89779453956643,38604600
2024-11-25,166.68746948242188,167.6618539579553,164.65918835503592,165.1364282959766,33135300
2024-11-26,168.1490020751953,168.84499520108912,166.61785057482837,166.66756653684672,20486700
2024-11-27,168.2583770751953,168.50694172289835,167.0553326761747,168.02970184723952,19266500
2024-11-29,167.97999572753906,168.4572356311654,166.20027942100947,167.53258236969043,14257200
2024-12-02,170.50540161132812,171.0920105058346,167.60216850996696,167.80101718271035,23789100
2024-12-03,170.35626220703125,171.68856506902026,169.86908521024029,170.50541009739786,22248700
2024-12-04,173.36886596679688,173.90577410275552,170.0778724521122,170.1673520843779,31615100
2024-12-05,171.64881896972656,175.04918185581036,171.3406012044101,174.35320380974355,21356200
2024-12-06,173.70692443847656,174.07479526094843,170.8732813965907,171.04230353586647,21462400
2024-12-09,174.56297302246094,175.44887679032834,172.85088694703188,173.15947313956298,25389600
2024-12-10,184.31787109375,185.502397306232,180.21683563214248,182.00855531536865,54813000
2024-12-11,194.5007781982422,194.70981847741263,183.99934063524287,184.4572152451297,67894100
2024-12-12,191.0766143798828,194.2817820941682,190.8277648699629,194.10261773753882,34817500
2024-12-13,188.94647216796875,191.84306905787375,188.7672926142497,190.13098313311997,25143500
2024-12-16,195.7550048828125,198.08423292115103,191.73358782946704,191.98243736831273,44934900
2024-12-17,194.52069091796875,200.4930793963414,194.082713332717,196.3422712265007,43504000
2024-12-18,187.53298950195312,196.09341894237798,186.87603832190538,194.32161160052223,34166100
2024-12-19,187.6425018310547,192.14170577082706,187.51311039837418,190.74815442108678,32265200
2024-12-20,190.52915954589844,192.00234452424112,184.36764269628742,184.92506321844033,63462900
2024-12-23,193.73431396484375,194.20215223115002,189.2749200727569,191.73355430170517,25675000
2024-12-24,195.20753479003906,195.20753479003906,192.8882552424337,193.9433748674021,10403300
2024-12-26,194.69989013671875,195.84459196860374,193.48550314170072,194.25194880473947,12046600
2024-12-27,191.8729248046875,194.42115659969988,189.77263428806026,194.05284898883724,18891400
2024-12-30,190.3599395751953,191.66390866604786,188.24968525874627,188.9265638700057,14264700
