Date,Close,High,Low,Open,Volume
2019-01-02,80.83651733398438,81.21908971096933,78.09340309168222,78.10153843701451,15670900
2019-01-03,79.68767547607422,81.14832797510527,79.34302839979883,80.94318001151959,16286400
2019-01-04,82.62540435791016,82.82234467033624,80.64777477942536,81.32886759148093,16935200
2019-01-07,82.68283081054688,83.26545023226667,81.82120692370268,82.41203401632515,15430700
2019-01-08,82.52692413330078,83.55266397102234,81.68992318039241,83.39674951229054,13578800
2019-01-09,82.3874282836914,83.2818704525424,82.00174908772102,82.72386770827832,14230300
2019-01-10,82.37923431396484,82.65823886281385,81.46016897624277,82.07561300563924,14376100
2019-01-11,81.98534393310547,82.19869333038655,81.19757015941336,81.9689285883179,15439900
2019-01-14,82.83056640625,83.17521357666712,80.95961746899052,81.13194105419907,21258500
2019-01-15,83.43779754638672,84.08606599891813,80.91037260096252,81.14834504004016,26504900
2019-01-16,84.11067962646484,84.89023951875477,83.53626773326384,83.9055316273759,18533000
2019-01-17,84.45531463623047,84.93125942832913,83.63472275769588,83.79063721801559,14247600
2019-01-18,85.82571411132812,86.08010188806497,84.38147670172717,85.15282892303537,16428700
2019-01-22,84.47172546386719,85.0051051479047,83.80704182056729,84.58660781987085,17083700
2019-01-23,84.25838470458984,85.09538576899817,83.67576515042543,84.8820363619768,12146700
2019-01-24,84.3076171875,84.59482312468073,83.6511473683183,83.80705558529077,11296800
2019-01-25,84.84101104736328,85.59595422635374,84.30762496589071,84.93948434660483,14369400
2019-01-28,85.24308013916016,85.53849370952715,84.18451588878163,84.43069595096047,12283100
2019-01-29,85.4810562133789,86.25241459820141,85.12000003674184,85.24308381251623,9743300
2019-01-30,85.6780014038086,86.35908790779077,85.16102451135778,85.45643808972419,12526300
2019-01-31,84.93126678466797,85.17744687379896,84.29941373814071,84.85741651430051,17520600
2019-02-01,85.24308013916016,86.03905524483682,84.94766656879318,85.3415534161555,13000800
2019-02-04,85.54672241210938,85.54672241210938,84.5291900088144,85.1692508150906,9871500
2019-02-05,85.1692123413086,85.7928637793035,84.75891649589943,85.76824076966003,12763000
2019-02-06,85.12820434570312,85.8503292447961,84.9066472811484,85.10358758971033,8745000
2019-02-07,84.01219940185547,84.9312646157719,83.24084724614127,84.7261166336082,13177500
2019-02-08,83.17516326904297,83.9793395136187,82.10839170798235,83.76599020990012,12892600
2019-02-11,82.78131103515625,83.70858391602637,82.69104542267121,83.50343593503663,10978500
2019-02-12,84.19274139404297,84.45533059436643,83.61012180146967,83.65935532008645,12852300
2019-02-13,84.59481811523438,85.21846972805314,84.43890990749432,84.43890990749432,10754100
2019-02-14,84.0450210571289,84.60302380062711,83.1669879728646,84.08605315645559,11518500
2019-02-15,86.61348724365234,86.73657103393329,85.06256887991195,85.25950920498151,14716900
2019-02-19,86.30985260009766,86.46576705782584,85.18563949136842,86.08829555124836,12764900
2019-02-20,86.72835540771484,86.8186210128739,86.06367174603278,86.33446856150995,10030300
2019-02-21,86.5478286743164,86.9745337075434,86.12932505244154,86.53141333037344,8400100
2019-02-22,86.16216278076172,87.05660508453093,85.98163153323611,86.73657469505201,10647300
2019-02-25,87.06480407714844,88.02489514986124,86.72836463535681,86.77759814863859,11230700
2019-02-26,86.40011596679688,86.54782274907456,85.29231823002375,85.751847659057,15465400
2019-02-27,86.29347229003906,86.47399730158787,85.7600861478881,86.3098813781358,9968800
2019-02-28,85.6369857788086,86.3344877605506,85.48927896121214,86.17037185683027,15156900
2019-03-01,85.69441223144531,86.9088909961907,85.50567334007229,86.24420730102426,13813300
2019-03-04,85.49746704101562,86.91708743865934,84.74251777930178,86.096495586873,12466300
2019-03-05,85.43185424804688,85.7929168186225,84.73435213176167,85.44826333733594,10856600
2019-03-06,85.1117935180664,85.809295386256,84.97229439655237,85.22667588409202,9070800
2019-03-07,84.49634552001953,84.90664145339004,83.83166811135744,84.72611024100796,12705700
2019-03-08,84.52916717529297,84.70969838175765,83.69215999270561,83.69215999270561,10582400
2019-03-11,85.6287841796875,85.79290635567058,85.06257988925324,85.32516911020531,9763200
2019-03-12,85.37438201904297,85.98982594398363,85.13640961679158,85.82570380762785,10219100
2019-03-13,85.66158294677734,86.14573539507725,85.30052052842615,85.4974670805917,13022200
2019-03-14,86.441162109375,86.87608114758862,85.71904337116553,85.75186780389602,10926500
2019-03-15,87.43407440185547,87.63922238847586,86.35089328292463,86.4986000837161,24811700
2019-03-18,87.95924377441406,88.45159763995616,87.39303338570015,87.43406548308661,12935500
2019-03-19,87.63921356201172,88.95215929202669,87.43406559605253,88.7880371628879,12889300
2019-03-20,85.76826477050781,87.51612956785763,85.67800541902854,87.33559834366005,14920700
2019-03-21,84.41429138183594,84.92305435529974,83.93013890316301,84.92305435529974,19751000
2019-03-22,81.86225891113281,83.96297240818434,81.66531232531918,83.55267641200271,31115200
2019-03-25,81.18116760253906,82.52693799482063,80.49186706029084,81.72275507230107,21032300
2019-03-26,81.9935531616211,82.3874400860178,81.09090319146145,81.91149521171936,15987100
2019-03-27,81.71455383300781,82.4284648746895,81.30425782813505,81.96072767955935,12753200
2019-03-28,82.64180755615234,82.71566408093923,81.84583243015375,82.05918807211464,12454100
2019-03-29,83.06852722167969,83.69217260630768,82.54334260525741,83.32290872697216,14523400
2019-04-01,85.86672973632812,85.89955416124046,83.79884105180236,83.82345780533188,17499300
2019-04-02,86.27703857421875,86.52321866760994,85.61236108693035,85.83391816248654,10295400
2019-04-03,86.4493637084961,87.27816336000055,85.98983420379817,86.82683526744367,11499200
2019-04-04,87.28449249267578,87.42506534387037,86.36666526473067,86.44935740373613,11952100
2019-04-05,87.07777404785156,87.73927330332158,86.81317560736845,87.48294533837606,9933700
2019-04-08,87.35892486572266,87.35892486572266,86.74704207492115,86.91241375615661,8056300
2019-04-09,86.7139663696289,86.98682901247712,86.20130406479318,86.88760852726877,9092200
2019-04-10,87.10259246826172,87.41680750143294,86.38321869973898,86.92895030660019,10882300
2019-04-11,87.83851623535156,88.25195176890894,87.28450782590522,87.40853974767755,11183800
2019-04-12,91.9563217163086,92.48551864335874,90.02971080236274,90.49276284492537,25834100
2019-04-15,90.90618896484375,91.7826701020454,90.22815507769214,91.71651891585394,15163800
2019-04-16,91.86534881591797,92.10514211589772,90.84003074345449,90.87310633398864,11583200
2019-04-17,94.51136016845703,94.80903424052502,91.7909537539344,92.3614904682937,17791900
2019-04-18,93.8167495727539,95.04878515866231,93.70925865201119,94.70150097608779,12501900
2019-04-22,93.93256378173828,94.20543278226644,93.15530917064858,93.29587575569894,7975900
2019-04-23,94.04830932617188,94.56924211330552,93.31239461305562,93.43642652944578,9193100
2019-04-24,93.89118957519531,94.38731083423968,93.27930059080063,93.65139626647698,9245700
2019-04-25,93.9408187866211,94.38732990252316,93.02299143313216,93.44469742734945,9311800
2019-04-26,94.65191650390625,94.74287281102029,93.93253652269281,94.22194008690815,7889300
2019-04-29,96.01628112792969,96.87622788918239,94.63540149973495,94.75943343512716,14242200
2019-04-30,95.95838165283203,96.51238370635787,95.30515280867208,96.27259036038585,11389100
2019-05-01,95.22245788574219,96.7438973458241,95.18111181645811,95.68550358080634,10412900
2019-05-02,95.4291763305664,95.73511453487414,94.74287194986205,95.23072276674438,8613300
2019-05-03,96.01628112792969,96.47932695763257,95.64418532175306,95.91705431791065,8185400
2019-05-06,95.16456604003906,95.47878101020709,94.03175697797815,94.41211682371257,9387000
2019-05-07,93.61004638671875,94.28808021845047,92.84932673326828,94.28808021845047,15017700
2019-05-08,93.11395263671875,93.99043396103254,92.98992071326239,93.1552987140461,9575800
2019-05-09,93.03953552246094,93.22144817798228,91.43540984159978,91.89845564945338,12205900
2019-05-10,93.03125762939453,93.30412026389773,91.4023207561062,92.40283390535143,13189000
2019-05-13,90.50101470947266,91.32788558414494,90.11239069753694,91.02194739797164,13783700
2019-05-14,91.22040557861328,92.37802620365524,90.54237163242833,90.58371770452888,10503600
2019-05-15,90.87311553955078,91.69998646109624,89.8064512937342,90.30257258495658,10142000
2019-05-16,92.03900909423828,92.75011865971582,91.44366096420823,91.46847239339706,9672700
2019-05-17,91.59249114990234,92.40282744598485,90.81523675693197,90.95580330253543,9570100
2019-05-20,92.07209014892578,92.45245007487435,91.2617600527605,91.43540221622449,8518200
2019-05-21,92.38630676269531,92.5434079750685,91.96460075363973,92.14651339709609,7967900
2019-05-22,91.63386535644531,92.43593142302417,91.57598462527605,92.11345216243444,7918900
2019-05-23,89.83126831054688,90.78217125798015,88.88863583981137,90.65813934161488,14558000
2019-05-24,90.71601867675781,90.92273643136947,90.28604852291666,90.55891116452487,8537300
2019-05-28,89.7320327758789,90.81523801087138,89.66588789431519,90.294305274581,11665500
2019-05-29,89.48397064208984,89.6328076578192,88.52479736105079,88.847276510377,9966400
2019-05-30,88.5247802734375,90.2777485304893,88.09481026017288,89.83950804335714,10367800
2019-05-31,87.61526489257812,88.13619143765868,86.68916694835326,87.28451517617452,10952800
2019-06-03,88.02867126464844,88.35942087135295,87.0695043445818,87.48293977583143,11680700
2019-06-04,90.74082946777344,90.87313186708376,88.5826954700974,89.17804364994261,12858600
2019-06-05,91.06330871582031,91.2700264834288,89.83127258726091,90.84005630255442,8340500
2019-06-06,91.26174926757812,91.67518474368808,90.07105307765357,91.0798366487258,8726700
2019-06-07,90.26124572753906,90.97234901788336,90.09586773447322,90.70775053750339,10618900
2019-06-10,91.23694610595703,91.95632617063337,91.13772562015706,91.57596625517442,11380600
2019-06-11,91.51806640625,92.25398096189497,91.26173846014471,91.63382782117006,9847700
2019-06-12,90.35218048095703,91.69998408561707,90.03797180997812,91.53460612047739,9670500
2019-06-13,90.57544708251953,91.08810935652629,90.17028207239113,90.50929589067513,8406900
2019-06-14,90.8069839477539,91.20388485149695,89.82300532004628,90.60026617275824,9077400
2019-06-17,90.31085968017578,91.26176267664957,90.17855728028957,90.70775426278311,8128600
2019-06-18,91.54287719726562,92.1216906162706,90.11239406342452,90.13719918122734,11057300
2019-06-19,90.88139343261719,92.27053063800722,90.70774497341843,91.63384275220346,13126500
2019-06-20,91.11290740966797,91.85708618036226,90.1537341278918,91.68344404663196,13638000
2019-06-21,90.49276733398438,92.33668619387305,90.20335742732915,91.11292060505932,27089500
2019-06-24,89.84778594970703,90.76560675218765,89.74855918065771,90.36044181848601,13039600
2019-06-25,89.10360717773438,90.11239065370778,89.02918551861752,89.8643268680171,18660100
2019-06-26,89.69898223876953,90.38528047668564,89.43438373163265,89.55014518422216,10324600
2019-06-27,89.99662017822266,90.58370403252124,89.66587688543756,89.99662017822266,10906600
2019-06-28,92.44416046142578,92.96508680843372,91.69997545961178,91.81573687005799,21634700
2019-07-01,93.99871826171875,94.69328704157704,93.50259680345901,93.6266287451556,12724500
2019-07-02,94.09791564941406,94.42865897913568,93.61832898938324,93.85812231939866,10174900
2019-07-03,93.9480209350586,94.82238460245136,93.48169703414867,94.38103507830543,6849400
2019-07-05,94.50597381591797,95.15549840487041,94.03132074297667,94.52263187640776,7929400
2019-07-08,93.9896469116211,94.49760952868192,93.68153646011649,94.06458909126,6917200
2019-07-09,94.38937377929688,94.50595476647189,93.3901063597432,93.4983583183522,8947300
2019-07-10,94.11457061767578,94.78908214421885,93.8814086492657,94.40602943137554,9242300
2019-07-11,95.01390075683594,95.23041098907727,94.19783399045787,94.40601519560131,11595200
2019-07-12,96.01319885253906,96.05483129227913,94.87236327010584,95.03890573544174,10783400
2019-07-15,94.84738159179688,96.2380308583956,94.53927104548485,96.21305012416258,12946600
2019-07-16,95.86328887939453,96.17972204138788,94.03129036193236,94.49762060714836,16945000
2019-07-17,94.92231750488281,95.71341003790747,94.70581358708381,95.28871852452318,13120900
2019-07-18,95.48855590820312,95.82164711494562,94.55590815314773,94.87234130530062,9397200
2019-07-19,94.54756927490234,95.86327591019871,94.43098831766703,95.67174642149175,10402800
2019-07-22,95.15546417236328,95.30535489690465,93.906376918914,94.02296424083401,9061100
2019-07-23,96.8958740234375,96.97081621811849,95.61347686011503,95.6634383232357,12752200
2019-07-24,97.2872543334961,97.3288867677573,96.19638036358627,96.24634817916147,10011000
2019-07-25,96.3546142578125,97.62868256098871,96.02985199830437,97.33723006568499,10138400
2019-07-26,96.779296875,97.02078787829593,96.20471461359976,96.40456682718741,12800400
2019-07-29,96.47117614746094,97.57870176343049,96.42121468764437,96.97913883288497,8500400
2019-07-30,96.25466918945312,96.66270896919019,95.56351234335006,95.92158430837607,7121100
2019-07-31,96.5960922241211,96.74598296618255,95.64678630879418,96.67936344678034,13648000
2019-08-01,94.04793548583984,97.26225353551392,93.76480576661788,96.03814713405959,15664500
2019-08-02,94.03963470458984,94.4559972054774,92.76556646838395,93.59829147015905,11025500
2019-08-05,91.24166870117188,92.41581388109287,90.15912377017466,92.25759411419054,15855300
2019-08-06,91.95783233642578,92.01612283884775,90.21743358721862,91.64139908801914,10203500
2019-08-07,89.95927429199219,90.16745552708545,88.21888221614229,89.93429356029094,17320900
2019-08-08,91.48316192626953,91.66636242859744,90.53385600801315,90.80865676150502,10903300
2019-08-09,91.38323211669922,91.97446605511749,90.17578350845146,91.05846990197914,9980800
2019-08-12,89.66781616210938,90.35897934366862,89.27643444837855,90.3006888556568,9393700
2019-08-13,91.0501480102539,91.87455033056307,89.12655530257426,89.89266077410522,12124700
2019-08-14,87.26957702636719,89.02662717358727,86.97811821223556,88.51866444743244,19491800
2019-08-15,87.60266876220703,88.58528453095535,86.88652474329618,87.28623554464619,13365600
2019-08-16,89.70113372802734,89.91764399656881,88.16059382231586,88.57695630241017,11830600
2019-08-19,90.5088882446289,91.3915747697494,90.28404892203423,91.29164547601975,8265400
2019-08-20,89.35970306396484,90.30068622570445,89.3014125776507,89.80937525261105,8374000
2019-08-21,89.60952758789062,90.29236175626386,89.47628855348276,90.10916126054646,8189300
2019-08-22,90.53385925292969,90.99185417197786,89.8760057678948,90.24240678568316,9343400
2019-08-23,88.2854995727539,90.58382229614847,87.52772314470958,89.93429782834264,14762300
2019-08-26,88.99331665039062,89.09323957717945,88.2771726935309,88.7851354153311,8209500
2019-08-27,88.05233001708984,89.56788909593654,87.30287632904766,89.39301762759116,14331800
2019-08-28,88.9350357055664,89.27644966405632,87.4694378745282,87.50274763809587,10585500
2019-08-29,90.9502182006836,91.50814238104043,89.95094446915033,90.05087374825978,10002200
2019-08-30,91.48316192626953,92.06606683987009,91.15839970966535,91.46650386977404,10170300
2019-09-03,90.4006118774414,90.7586838336829,89.36803479442348,90.75036115909096,9868800
2019-09-04,91.4914779663086,91.78293038173405,90.40060413545027,91.1417287146119,6929200
2019-09-05,93.57330322265625,94.6974806141434,92.59901022039278,92.64064900841296,13224700
2019-09-06,93.77317810058594,94.08128868814376,93.23190549139022,93.81481689867353,7836600
2019-09-09,96.0964584350586,96.6460535865878,94.59755101600251,94.68915126678856,13985100
2019-09-10,97.32056427001953,97.6536491574635,96.3712583637928,96.84591131690617,14333100
2019-09-11,97.58705139160156,97.59537406787013,96.07981471936417,97.33723133340877,9919200
2019-09-12,98.18659973144531,98.65292366010702,96.52947254331797,97.05409331624942,12283500
2019-09-13,100.11849975585938,100.2600614389737,98.88606432715919,99.09424551521637,16257200
2019-09-16,99.22749328613281,99.81872715003436,98.57796258536986,99.01098305254517,11993900
2019-09-17,98.73619842529297,98.76950818613354,97.62867270179623,98.61128841043764,10735400
2019-09-18,99.72713470458984,99.9936064155277,98.05335589513099,98.52800882877612,10665600
2019-09-19,99.41070556640625,100.21012078274224,99.16921456045256,99.67717730518491,9382600
2019-09-20,99.01097869873047,100.21009807491771,98.98599797156618,99.7104644720742,21862800
2019-09-23,98.99433898925781,99.19419754997867,97.99507159840206,98.07834282210885,9135100
2019-09-24,97.70362091064453,99.3107803347605,97.46212991028452,98.88608882701101,11696500
2019-09-25,98.26153564453125,98.56131710898984,97.52874003873617,97.65364368793838,9389400
2019-09-26,97.45381164550781,98.30319475482052,97.38719211670134,98.16162666780977,9899200
2019-09-27,98.02838134765625,98.79448677077322,97.66198033956242,98.22823355516782,10207800
2019-09-30,98.00340270996094,98.90274083957326,97.61202096171368,98.56132690916193,9755000
2019-10-01,96.22136688232422,99.09426531012448,96.10478590197903,98.59463162961839,11250300
2019-10-02,94.30609893798828,95.68009635209307,94.03962721277664,95.60514780424667,12548700
2019-10-03,94.17180633544922,94.77617226861473,92.77001063888103,94.23895312484905,12735200
2019-10-04,96.2115249633789,96.48013129638453,94.23894020090621,94.29769763612369,9453100
2019-10-07,96.00167846679688,96.95019320305482,95.74985722152046,95.85058700044708,6771600
2019-10-08,93.8612060546875,94.90205469818855,93.72690610266135,94.90205469818855,10806300
2019-10-09,94.54114532470703,94.98603047190612,94.07108573259525,94.57472192472667,7273700
2019-10-10,95.86734771728516,96.86623029104591,94.85168005334498,94.969194896837,10994100
2019-10-11,97.4874038696289,99.04028443922287,97.2607698768238,97.39506984187271,15076500
2019-10-14,97.74761199951172,98.10016300758015,97.08449513185349,97.24397593608826,8779000
2019-10-15,100.69390106201172,102.0621136613753,98.939567233455,99.7621713813637,23379000
2019-10-16,100.45885467529297,101.24788850228877,100.2070334612068,100.693884392931,11087700
2019-10-17,101.02124786376953,102.04531140571676,100.62673095130664,101.35700734697707,10818500
2019-10-18,101.19754791259766,101.5836691827814,100.60997345885745,100.7274883496055,10417400
2019-10-21,103.70734405517578,103.89200573465965,102.39788237356996,102.44825047168477,12714600
2019-10-22,104.74816131591797,105.00837186193039,103.34637242005617,103.62336805764907,12549100
2019-10-23,105.02517700195312,105.05035784463483,104.22774736057879,104.2529282032605,8828300
2019-10-24,104.94962310791016,105.47844639554394,104.14380415979363,105.16786774096664,8020500
2019-10-25,105.7890396118164,106.30946725406737,104.71461413472628,104.92446306084797,9055700
2019-10-28,106.19193267822266,106.77950700078611,106.09959865552271,106.24229436184815,9522200
2019-10-29,106.1247787475586,106.95577854190721,105.71347672467004,105.81420009120941,9797300
2019-10-30,105.5372085571289,105.98208718762481,104.85729378599515,105.80581488520643,8513700
2019-10-31,104.85731506347656,105.53722997257758,103.96755762193658,105.33577038257955,11589100
2019-11-01,107.2747802734375,107.4342611124434,105.7806504470059,105.93174193938296,11682600
2019-11-04,108.13096618652344,108.63459594940697,107.91271509526086,108.34920446962337,9159900
2019-11-05,108.365966796875,109.37323885962995,108.14771576436932,108.60938586217843,13747600
2019-11-06,108.53385925292969,108.98712726477348,107.9294933650306,108.02182739813077,11231100
2019-11-07,109.1214370727539,110.2042518511925,109.0542838821913,109.48237106284628,13528900
2019-11-08,109.44039916992188,109.45717785954709,108.4918780715363,109.02070138241109,9293400
2019-11-11,109.05429077148438,109.20538866183593,108.57584186972272,108.78569080042712,8679000
2019-11-12,108.41632080078125,109.64183100109247,108.29040379675479,108.81083769204592,9099000
2019-11-13,107.84555053710938,108.13095479498843,106.95579318907086,107.55176974175095,8023300
2019-11-14,107.94627380371094,108.14772054026247,107.09847609352407,107.20760161459599,8483400
2019-11-15,108.7269058227539,108.7269058227539,107.77838474168644,108.47508459321318,10163600
2019-11-18,109.64185333251953,109.6670341768219,108.27364716216736,108.75209601207334,8749300
2019-11-19,109.60828399658203,110.17067753731702,109.27251805633361,109.95243928227629,8824500
2019-11-20,108.81085205078125,109.64184546948611,108.23166705704152,109.37324554680332,11782800
2019-11-21,109.06266784667969,109.72579756566499,108.60939984294865,109.12143168858304,7705500
2019-11-22,109.78456115722656,110.14550797895816,109.20538886625458,109.24734840594418,8167900
2019-11-25,110.37213134765625,110.85898232951568,109.85169736944219,110.17067179400948,10068500
2019-11-26,110.523193359375,110.64911035720688,109.42358740902789,110.64911035720688,10490700
2019-11-27,110.8505859375,111.16115822503961,110.50643065186038,111.04364334801157,6607900
2019-11-29,110.59878540039062,111.14440035234516,110.3385747531006,110.69111945021903,5712000
2019-12-02,110.3553466796875,111.4213827371211,110.25462330071022,111.06043594885068,8615600
2019-12-03,108.93675231933594,109.08785017700465,107.93786957593774,108.92836297486082,10361300
2019-12-04,111.08561706542969,111.19474259836285,109.1130449760513,109.44040876668966,10318200
2019-12-05,111.68997192382812,111.89982081525518,110.95129972739375,111.37099751024785,9587400
2019-12-06,113.35199737548828,113.97315484652908,113.0246335426258,113.05821654547277,10170600
2019-12-09,112.82316589355469,113.70453383693349,112.82316589355469,113.0078339505735,8498200
2019-12-10,112.89867401123047,113.12531434088257,111.53885764963094,111.84942982896997,7532900
2019-12-11,112.63011932373047,113.3352215113268,112.48742357847588,112.72245337162028,9011900
2019-12-12,115.85338592529297,116.23111138896554,112.6552906936856,112.89032044033345,13717400
2019-12-13,114.83769989013672,116.53328243934561,114.34245960363685,115.79461027767852,10592100
2019-12-16,115.28260040283203,116.5416939314121,115.26582171099406,116.15557908855143,11372000
2019-12-17,115.98770141601562,116.39900995448599,115.19027799569905,115.60997588093547,11546800
2019-12-18,115.87016296386719,116.69277987356844,115.60156303216749,115.96249699217405,10381500
2019-12-19,115.29097747802734,116.02124746713869,115.0811286022451,115.63511990010944,9350400
2019-12-20,115.19865417480469,116.57526241564604,114.91324994299507,115.85338170348777,29992600
2019-12-23,115.16505432128906,115.76103073229322,114.89645443486565,115.50082018951615,9738400
2019-12-24,115.48403930664062,115.5260116450459,115.04755004191273,115.27419042277367,3324300
2019-12-26,116.7095718383789,116.75994633895263,115.65193787324408,115.74427191205312,6770900
2019-12-27,116.79351806640625,117.32234146000589,116.39900105977826,116.92782445337791,7868200
2019-12-30,116.36543273925781,117.58255397138528,116.23112635012536,117.43145608157073,6963000
2019-12-31,117.0117416381836,117.07889482323255,116.08001200889012,116.26468006573462,7201600
2020-01-02,118.43031311035156,118.43871526293431,116.89421774236182,117.3390963518269,10803700
2020-01-03,116.86748504638672,117.6193427384094,115.80306121319158,116.15786915758996,10386800
2020-01-06,116.7745590209961,116.80835761995961,115.31308543034523,115.36377043840189,10259000
2020-01-07,114.78929901123047,116.46196837715709,114.73861401383662,115.97199191837335,10531300
2020-01-08,115.6847915649414,116.22545312966461,114.55278342792542,114.63725414374525,9695300
2020-01-09,116.10716247558594,116.77453643657483,115.76924100324855,116.6224814418126,9469000
2020-01-10,114.94982147216797,115.94666089392479,114.73016927454297,115.91287518911405,10190900
2020-01-13,115.90441131591797,115.90441131591797,114.6879197781839,115.05118375505081,12355200
2020-01-14,117.25607299804688,118.91184314270954,116.31836183281926,116.52955792507424,24906000
2020-01-15,115.49891662597656,117.08711531876233,115.0173833621649,116.45352706030666,16293400
2020-01-16,115.9466323852539,116.49573696352957,115.60026776676791,116.11558664853996,10783800
2020-01-17,116.74919128417969,116.825218779833,116.00578984270439,116.19163053528384,14697700
2020-01-21,115.60030364990234,116.63939782790237,115.47359113570137,115.89598337022196,8474200
2020-01-22,115.46514129638672,116.0733871782786,115.21171625425569,115.93823145260495,7549100
2020-01-23,115.34684753417969,115.51581471364234,113.80934674608014,114.64568787903077,9345700
2020-01-24,112.4830551147461,115.2539473444129,111.78189529775628,115.20326233502942,15166400
2020-01-27,111.5368881225586,112.30564505348516,109.57699493283275,110.05007215482217,12860500
2020-01-28,113.56436920166016,114.0205600304097,111.9170420764822,112.2211649988526,13062800
2020-01-29,113.39539337158203,114.50205874594496,112.93921551977509,113.88536981412163,9326000
2020-01-30,114.79776000976562,115.00051292115737,112.09445230981525,112.09445230981525,9048900
2020-01-31,111.81565856933594,113.90227697282953,111.06380100344782,113.61505338370068,12785200
2020-02-03,112.66893005371094,113.40390149995547,112.06914014203971,112.06914014203971,10021100
2020-02-04,114.29090881347656,115.3975875250301,114.11351125685769,114.5105610707637,9157100
2020-02-05,116.23388671875,116.3521560234248,114.89912577148444,115.37221588057106,10150700
2020-02-06,116.25079345703125,116.82524071925002,115.82840121467453,116.78301180732495,8992300
2020-02-07,115.87906646728516,116.30145863763629,115.14410821579771,115.50735929491438,6379800
2020-02-10,116.36061096191406,116.45353776397758,115.5242697433424,115.6932240497159,5960700
2020-02-11,116.58027648925781,117.27300605868272,116.39442284333357,116.7999158479,6578600
2020-02-12,116.58027648925781,117.67004296727701,116.41132214488765,117.0871524127585,7958000
2020-02-13,116.4788589477539,116.86745249225484,115.22856895056282,116.36903286803694,7447500
2020-02-14,116.12407684326172,116.74076588603512,115.68478531740159,116.4450861706626,6627600
2020-02-18,114.58656311035156,116.3352731218733,114.08814337494319,116.02269410765105,8996400
2020-02-19,116.14942169189453,116.90972256051361,115.17791181489453,115.65944515130452,7071200
2020-02-20,116.14942169189453,116.88438005758552,115.33842292703119,115.8790844734774,7422800
2020-02-21,114.73016357421875,115.66787474337015,113.97830599826035,115.35530865044852,9772800
2020-02-24,111.64671325683594,112.52528339143403,110.4978059175077,111.03846743658055,13618400
2020-02-25,106.6624984741211,111.7058567946477,106.09648793052892,110.6667754134336,20797200
2020-02-26,106.9834976196289,108.93494755252715,106.73005971747872,107.22848587298913,24825600
2020-02-27,102.5314712524414,106.1218044728561,102.47233661014816,103.83243982808537,23005500
2020-02-28,98.08792877197266,100.09851356091063,95.17342482619856,99.27907156500238,45931400
2020-03-02,102.65818786621094,102.7088793082091,96.69401262158908,98.52719305156593,27355400
2020-03-03,98.80599975585938,103.86625738323639,98.19775385132897,102.19358759097234,32547700
2020-03-04,101.24742126464844,101.53465134679821,96.89677979078282,99.96335165763358,25795900
2020-03-05,96.28007507324219,98.35824383691954,95.10582532195937,97.71620591511243,25025600
2020-03-06,91.30430603027344,93.1966214169855,88.71926119862144,89.76679857009603,38159400
2020-03-09,78.93665313720703,83.8279553845469,78.56494595410214,81.58082587969382,40352000
2020-03-10,85.06978607177734,85.55976256814627,79.89970969484305,83.63365517711637,31102700
2020-03-11,81.06551361083984,84.52068530156149,79.87437090896616,82.53543672311575,38127000
2020-03-12,74.38328552246094,81.91031284710327,72.9218053499053,75.6842481157019,49725200
2020-03-13,87.78154754638672,87.84912539807557,77.72016254112062,81.09085039449987,38543300
2020-03-16,74.6451644897461,79.392856053278,71.42653736771952,71.97564217742143,38589700
2020-03-17,79.20698547363281,82.3157922576974,73.91863343681351,76.78245197663573,35239800
2020-03-18,70.86895751953125,76.69797073421668,67.8868698409747,74.06224128235037,41525600
2020-03-19,72.06011199951172,74.4339541043913,64.97237138915025,68.90061369852499,32175100
2020-03-20,70.53951263427734,75.57442797223472,69.67783519606773,72.90491204320531,30150800
2020-03-23,66.76329803466797,70.75068071326103,65.96919877972326,69.84676182643362,32536600
2020-03-24,74.70427703857422,76.11506529410134,70.03262082002966,71.72218944562655,34363200
2020-03-25,77.49208068847656,80.3812419701034,71.41807841059828,75.3885627605397,38111700
2020-03-26,82.8902587890625,83.2704092420789,79.02114417019109,79.47732858092738,29826300
2020-03-27,76.9852066040039,80.1193562213307,76.4952365086492,78.72546699885045,30041500
2020-03-30,78.98734283447266,79.48576254583149,75.43925086811389,76.57970853978681,21656900
2020-03-31,76.05594635009766,79.55335361143094,75.4730429914774,77.7624146235215,23379300
2020-04-01,71.26600646972656,73.12452941439766,70.32829534945176,71.89114506817877,28029600
2020-04-02,73.9271011352539,74.26501625965159,70.08332867997073,70.54796278166691,24018000
2020-04-03,71.741943359375,74.6696635102598,70.64937769682021,73.40638792251913,21199400
2020-04-06,76.35974884033203,77.66569925066914,74.8574760652775,75.9585731692519,26820800
2020-04-07,77.36693572998047,80.66168883180872,77.14500756693045,80.61900808470259,22563800
2020-04-08,80.49099731445312,80.96899053318218,77.29013591295848,78.61315471827474,22903300
2020-04-09,87.71212005615234,89.10342515357203,82.70170379559626,82.72730963908133,42055900
2020-04-13,83.81134033203125,88.01086809165741,83.0516698983164,88.01086809165741,26911900
2020-04-14,81.5152587890625,87.06341776423429,79.92763123827065,86.2269232380082,46151300
2020-04-15,77.4949722290039,78.55338834364026,76.93161762001128,77.8022553771512,30118600
2020-04-16,74.54165649414062,77.30719872177143,74.3026599020473,77.01699043484916,32449600
2020-04-17,81.24211883544922,81.6859686876722,77.64008227778112,78.52778849439534,30191900
2020-04-20,78.28025817871094,80.84094705539302,77.2133044800934,78.9289678508776,23679400
2020-04-21,76.00980377197266,77.99860103181202,75.3952372405216,75.64277134414328,23035000
2020-04-22,76.25731658935547,78.41683648625582,76.12074989336377,77.40963186866213,16662400
2020-04-23,76.29998016357422,77.91321337672986,76.18901934105676,76.5987258489424,16638800
2020-04-24,77.42668914794922,77.75957815483896,75.53177848585804,77.36694000599896,15809200
2020-04-27,80.76412200927734,81.62621582888193,78.13514677728197,78.4765732315435,22870200
2020-04-28,81.33601379394531,83.95645177407489,81.11408560488334,83.48698954955312,20238900
2020-04-29,83.52967834472656,84.8868404318403,83.02607277245939,84.57102627963272,20462600
2020-04-30,81.7371826171875,82.65902557162913,80.70437232136617,81.60060943154109,19127600
2020-05-01,79.59473419189453,80.01297815673456,78.39120747130265,79.8081249001838,18547700
2020-05-04,78.64728546142578,79.09967275864398,77.50351429579248,78.54485556855504,15725900
2020-05-05,78.52780151367188,80.41417509465954,78.44244651011262,79.93618186499225,18064100
2020-05-06,77.05113983154297,79.17651668509168,76.76093149713249,78.66438011649277,20978000
2020-05-07,77.85348510742188,79.30454620155712,77.31574272962328,77.96444595968116,16771900
2020-05-08,79.12527465820312,80.30319557489061,78.62167569574582,79.21063615408957,20487800
2020-05-11,76.7950668334961,77.76812816650018,76.24878701539447,77.76812816650018,31907600
2020-05-12,74.28558349609375,77.49498205468461,74.1746226554814,76.94870228030769,27962900
2020-05-13,71.72489166259766,74.14047630720151,71.1871493633526,73.7307632371803,35451600
2020-05-14,74.70384216308594,75.20744779537839,70.33360311166057,70.60674305237465,35152500
2020-05-15,73.32105255126953,74.4989669789891,72.8089161267031,74.13193468081904,26099000
2020-05-18,77.20476531982422,77.80226328513837,75.0111088244629,75.70249923415257,30504400
2020-05-19,75.6854248046875,77.84493801457373,75.61713820613598,76.8633458371116,19597300
2020-05-20,77.95590209960938,78.86067669992545,77.13648248782286,77.426690751257,20552400
2020-05-21,76.96578216552734,78.32295086324768,76.53900062106439,77.05113717198601,14621400
2020-05-22,76.36827087402344,77.1279413058895,75.72809872275421,76.82919560439743,13557900
2020-05-26,81.78841400146484,83.22240023523568,79.04847729825742,79.28747391852431,41233900
2020-05-27,86.52567291259766,87.55848323291852,84.33201653541724,87.12316433355416,39402000
2020-05-28,85.23678588867188,87.87429194354628,84.84414776297056,87.86576100389046,24713900
2020-05-29,83.06021118164062,84.65637629250527,82.60782384592106,84.21252640996023,26526400
2020-06-01,84.16130828857422,84.93805372402795,83.11996041395957,83.435781060051,15176800
2020-06-02,84.4429931640625,85.71480029068368,83.58943011035204,85.59530198413776,21195000
2020-06-03,89.00100708007812,89.55582430717408,86.26107075666795,86.70492714321215,25941100
2020-06-04,90.85324096679688,90.99834510295663,87.73773494881833,88.61690373071006,26784700
2020-06-05,94.94181060791016,98.8169807034286,93.49074967316727,98.09999094512182,42231000
2020-06-08,96.83671569824219,97.46835698060696,95.547840310867,96.80257891037742,24881800
2020-06-09,94.35284423828125,95.28322467828036,93.04689403643462,94.44673667874312,17031100
2020-06-10,90.52888488769531,94.3272439432481,90.34963744867625,94.28456319064753,24913300
2020-06-11,82.974853515625,86.7049259482503,82.40296790254455,85.38190077203755,36259200
2020-06-12,85.24532318115234,86.32080767086697,83.07727278594034,85.96231284096208,24856800
2020-06-15,86.42324829101562,86.57688988179751,81.8310819854638,82.30053769850898,22153600
2020-06-16,87.11463165283203,90.20453184286178,84.76733356566766,89.93992941511169,22193600
2020-06-17,84.91243743896484,87.52433774545361,84.68197181652883,87.51580029331984,15639800
2020-06-18,84.45152282714844,85.8001473783484,83.76013238915029,84.22105717709282,16591900
2020-06-19,83.48699188232422,85.86843334639103,82.5651488254021,85.80868419907044,40371200
2020-06-22,82.58222961425781,83.60650272553579,82.40298214539264,83.0090111626519,16216900
2020-06-23,83.58940124511719,85.33067005484892,83.52111466148057,84.47710729589221,15381400
2020-06-24,80.79826354980469,82.65902433514283,80.49951133871413,82.58220680349176,22919800
2020-06-25,83.61502075195312,83.82841147656882,80.4568406325081,80.53365816752907,25743600
2020-06-26,79.03138732910156,81.40429770767952,78.52778833410405,81.18236952593689,41896300
2020-06-29,79.38134765625,80.65315452109901,78.68142635675687,79.72277410989327,18499700
2020-06-30,80.28612518310547,80.79826813853639,79.0143182713666,79.23624645124212,19137000
2020-07-01,79.60326385498047,81.69448998673555,79.40694155720944,80.99456879251613,18755700
2020-07-02,79.86184692382812,81.84416804498942,79.23267129204308,81.65455329087266,27845600
2020-07-06,81.8786392211914,82.05101267351205,80.56858388692766,81.38736764888928,18625300
2020-07-07,79.5688247680664,81.10297133896577,79.29302321122638,80.86164579868422,25757200
2020-07-08,80.41346740722656,80.44793684673093,79.12064643010477,79.54296610812219,18762200
2020-07-09,78.6724624633789,81.12020685974237,78.24152215052023,80.6030732238101,25600800
2020-07-10,82.97322845458984,83.46450005058924,79.18095971560372,79.2930018074541,28954200
2020-07-13,84.16262817382812,85.55887030962712,82.9387594996552,85.0934606481115,32079200
2020-07-14,84.64529418945312,86.14496461446872,83.2921418904551,84.78319824379477,42731700
2020-07-15,85.9553451538086,87.29987662953829,85.02451263570664,86.95512311443092,22508400
2020-07-16,86.1966781616211,87.23955286847367,84.9383333109818,85.13656216091451,16886900
2020-07-17,84.6021957397461,86.25700477447484,84.58495444684438,86.18805275412116,16137700
2020-07-20,83.86096954345703,84.80041606789035,83.82649353674032,83.97301163356693,14458100
2020-07-21,85.67953491210938,86.23113784973216,84.15400290053877,84.21433426635295,17798100
2020-07-22,85.05896759033203,86.30007073163424,84.0591833015576,85.8863718764084,14271200
2020-07-23,85.3089370727539,85.62782865791128,84.43843590321644,84.89523152837548,12870200
2020-07-24,84.70561218261719,86.01567418931432,84.4125759768929,85.84329414862987,12744200
2020-07-27,83.51620483398438,84.14537378908294,82.88702930326077,84.04195235845032,11959100
2020-07-28,83.87821197509766,84.3694836086584,83.17147021145543,83.17147021145543,11754300
2020-07-29,85.9122543334961,85.93810969815057,83.60241417371277,83.66274554978213,12743500
2020-07-30,83.61963653564453,84.24019149816337,82.78361804096727,84.06781804218629,14834800
2020-07-31,83.2921371459961,83.54208329853255,82.09412368855965,83.15423967513655,14535000
2020-08-03,82.82670593261719,84.09367118507298,82.61123583051588,83.61963433019983,12962800
2020-08-04,82.35267639160156,82.69742329755351,81.90449489286284,82.66295386745891,13366200
2020-08-05,83.78340148925781,84.86937274582974,82.49920140270233,82.62848479108908,15260900
2020-08-06,83.80924987792969,84.55046756233465,83.20593621649576,84.10229263893027,10482100
2020-08-07,85.6536636352539,85.7484709962835,83.22316140152915,83.5420594864128,14743700
2020-08-10,86.73963165283203,87.94626537108134,86.213884151135,86.28283615232063,14989900
2020-08-11,89.48043823242188,91.49724213411483,89.2132573667362,89.51491424341789,31518600
2020-08-12,88.7219467163086,91.7299066654609,87.6618312149819,91.49720191306541,19240800
2020-08-13,88.23072814941406,89.08398818695632,87.60155235566897,87.91182992852576,13598600
2020-08-14,88.26519775390625,89.0408850540708,87.41193120272156,87.48088323070914,12134400
2020-08-17,85.93809509277344,87.91180202535904,85.78295635558601,87.48086181935237,14988000
2020-08-18,84.74008178710938,86.11047506058154,84.56770833507703,86.11047506058154,13246500
2020-08-19,84.9383316040039,86.69656215541737,84.75733090030884,85.25722320199837,13533000
2020-08-20,83.9212875366211,84.49012511772547,83.43001602654805,83.82648017716622,13672600
2020-08-21,83.87821197509766,84.95556262550511,83.55069974459934,83.83511531883074,12228300
2020-08-24,86.2397689819336,86.36905238443576,83.9644047701525,84.85214071803938,17898300
2020-08-25,86.61895751953125,87.89454307080483,86.01564402775422,87.28260236048598,13648900
2020-08-26,85.40372467041016,86.4207437934162,85.36925524136805,86.13632826225283,12052400
2020-08-27,88.21344757080078,88.47201429158105,85.3261498750039,85.3261498750039,22163900
2020-08-28,88.57544708251953,88.98915257371623,87.74804267575183,88.8943452023092,13756700
2020-08-31,86.35179138183594,88.06693137779533,86.20526672993236,88.01522066278525,14219400
2020-09-01,86.30870056152344,86.93787613099124,85.36063346046787,85.80019429459948,11595600
2020-09-02,87.61014556884766,87.86009167846952,85.80881208075415,86.14494491681872,14475700
2020-09-03,87.3343505859375,90.48882972230615,86.73965095074557,89.04949089936096,23281200
2020-09-04,89.22184753417969,90.6784273742993,87.36881011288845,89.67864962577414,26325500
2020-09-08,86.11909484863281,89.26495987430405,85.73987191385578,88.75645355410538,22108600
2020-09-09,86.93788146972656,87.64462316034533,85.80881363333344,86.8775501025625,13434000
2020-09-10,86.04153442382812,88.27380182818354,85.87777501981114,87.39468658560236,15922800
2020-09-11,87.11026763916016,87.36021378978315,85.83468152143364,86.16220034151809,13784300
2020-09-14,88.31687927246094,89.17013896576583,87.36881221594162,87.4894749371918,19017400
2020-09-15,85.5674819946289,88.6443946493801,85.44681926900144,88.54097321348534,23683000
2020-09-16,85.92948913574219,87.16197859862052,85.11932588139076,85.69678427799676,19270600
2020-09-17,84.94695281982422,85.61921865937096,84.2143555991804,85.06761558201838,18290100
2020-09-18,84.76593017578125,85.7484732379329,83.98162248522607,84.3694660082135,20121600
2020-09-21,82.14581298828125,82.78360917345464,80.86161312462157,82.05100562496156,28378800
2020-09-22,81.24946594238281,82.44748579997355,80.73233899505551,81.84416554840345,19257000
2020-09-23,79.93079376220703,82.18030233791022,79.86184832137941,81.68903072802253,19952700
2020-09-24,79.86184692382812,81.27533035826525,78.7586344067512,79.56880414684056,18366500
2020-09-25,80.55996704101562,80.77543715439134,79.1809596305362,79.33609837519175,13293100
2020-09-28,82.87842559814453,83.54207063831569,81.31841754290303,81.93035186129163,20894100
2020-09-29,82.18028259277344,82.76636144056371,81.30116760890033,82.76636144056371,12848200
2020-09-30,82.97322845458984,83.77477754023371,82.10273393006744,82.18030001466555,16400600
2020-10-01,83.57654571533203,84.26604610872715,82.76637601307631,83.70582909397667,15778700
2020-10-02,84.36946105957031,84.97277463230267,81.95619361739134,82.09409762008717,15149600
2020-10-05,86.15272521972656,86.33539881881505,84.83920747011729,85.52641194477,13871900
2020-10-06,85.26544952392578,87.73590681033123,84.82181646567903,87.04870230621317,19220400
2020-10-07,86.75296783447266,87.29228814579758,85.83089230170843,86.08315781108247,16358500
2020-10-08,88.53618621826172,88.65796861343776,86.90081788543864,87.43144402298114,15659000
2020-10-09,88.03167724609375,88.82326964818193,87.08351312840423,88.7275825086626,13689100
2020-10-12,89.11032104492188,89.59745069194823,87.72721131619534,87.94468085670977,16058000
2020-10-13,87.66631317138672,89.78881784253393,87.21397948304285,89.59744360016582,21697300
2020-10-14,87.17920684814453,88.66669798843184,87.07481905988675,87.8838061681109,15204100
2020-10-15,88.4839859008789,88.53617645401484,86.15271273560431,86.20490328874024,17171200
2020-10-16,88.30134582519531,89.0146457474242,87.61414118943358,88.21435932475657,13275000
2020-10-19,86.8138427734375,88.61449029400256,86.6050672372534,88.37961947495636,11725700
2020-10-20,87.3096694946289,88.52749355611834,87.09219996412817,87.25747229439122,11257100
2020-10-21,86.43980407714844,87.84900259445894,86.40500815075697,87.30098168624312,10730500
2020-10-22,89.4930648803711,89.80622155649158,86.38760003937942,86.3963006794505,14837200
2020-10-23,90.30204772949219,90.8587692090227,89.53655735429862,90.03238762940059,15087600
2020-10-26,88.06646728515625,89.33648866328869,87.20528972370121,89.29299873518845,12410700
2020-10-27,86.40499877929688,87.78810186096393,86.25712108565517,87.43145526826079,10391700
2020-10-28,83.97803497314453,85.50902233120866,83.56919119258394,84.8131171766404,16389500
2020-10-29,84.52605438232422,85.23066016456188,82.84718936403375,83.61268634852472,14208800
2020-10-30,85.28284454345703,85.61339581219995,83.70836740175864,85.169762786513,15194500
2020-11-02,87.20528411865234,87.7533049613285,85.12627588106933,86.45718838231397,15011600
2020-11-03,89.9541015625,91.11103444381573,89.32778824039745,89.61484298249152,17482600
2020-11-04,87.20528411865234,88.78846207858258,86.0570452316331,87.85769272801882,18886500
2020-11-05,90.77178192138672,91.42419052164102,87.85769150091285,87.90988206520728,17837400
2020-11-06,89.56265258789062,91.42419127842744,89.06682231305874,91.36330007403207,12552800
2020-11-09,101.68875885009766,103.42851518068395,95.99105421277005,98.43541637016152,47792400
2020-11-10,101.35820007324219,102.16718702583314,99.76632808758693,102.08020053734197,20539300
2020-11-11,99.8446044921875,101.74093896315793,99.13130473539915,101.68004776330928,14443400
2020-11-12,98.61808776855469,99.13131268893582,97.47854288475442,97.887386675102,22063000
2020-11-13,99.23570251464844,99.91420642051902,98.7920627928701,99.77502272872827,11847900
2020-11-16,102.0367202758789,103.1762586473258,100.67101170361819,102.46295875550767,19858600
2020-11-17,101.00155639648438,101.28861778977526,99.67064383786426,100.3752430426293,14553200
2020-11-18,100.25344848632812,103.17623935924709,100.20995192777228,102.07149048370194,12571200
2020-11-19,100.52312469482422,100.74929488964413,98.78336825975066,99.32269514381534,10202500
2020-11-20,99.66195678710938,100.60142694599281,99.24441228205738,99.5401743557702,12718900
2020-11-23,102.53254699707031,102.7935064780716,100.53182445950678,100.94936892041052,13209200
2020-11-24,107.27337646484375,107.42995480208583,104.13311571662051,104.44627239110466,20121600
2020-11-25,106.15121459960938,106.45567058180733,104.7942070008742,105.57709855269937,11715600
2020-11-27,105.4466323852539,106.42959232402316,105.3248499728982,106.12513629313389,5983600
2020-11-30,102.54122924804688,105.01168653223473,102.44554212498701,104.38537323098589,14411800
2020-12-01,104.15921783447266,105.75979723537424,104.06353069784376,104.68114344731117,12668900
2020-12-02,106.1599349975586,106.39479918849979,103.75036869715389,104.12441658394462,10811300
2020-12-03,105.46402740478516,106.02944954225066,104.6985370048687,105.99465361907576,12904400
2020-12-04,106.4208984375,107.2472867299486,105.85548290281493,106.54268749422808,13583700
2020-12-07,106.02075958251953,106.27302507346721,104.56806448600702,105.38575217137918,9724300
2020-12-08,106.1251220703125,106.41218341952647,105.04647514687423,105.29003993894325,9592100
2020-12-09,105.29875183105469,107.25597765217731,104.76812563306329,107.14288924617169,13073900
2020-12-10,104.62024688720703,105.06388662192644,104.00263416931807,104.3766820561121,13668400
2020-12-11,104.00261688232422,104.40275998641874,102.96746652223028,103.46329674215642,9981600
2020-12-14,102.9065933227539,105.62060904896586,102.74131434165727,105.55101720043633,12112400
2020-12-15,104.66372680664062,105.16825766889818,103.18493677493987,103.76775347618076,12590200
2020-12-16,104.96820068359375,105.32485393078325,104.2636014661093,104.64634999740652,11169400
2020-12-17,104.09832000732422,105.6467021028792,104.02003415686403,105.48142976191531,11618000
2020-12-18,103.58509063720703,104.28098916811587,102.8804848299833,103.63728120194823,28954800
2020-12-21,107.47345733642578,108.73477810781881,105.33355106301704,107.14289936352574,28323600
2020-12-22,105.83808135986328,107.44735473839799,105.78589079042627,107.33427295906975,11788200
2020-12-23,108.795654296875,110.05697489411979,106.42958479006472,106.80363264057728,14973200
2020-12-24,108.31724548339844,109.21322572775635,107.49086373407836,108.81307586031947,4164900
2020-12-28,109.03052520751953,110.17007010814245,108.55209620230126,109.44806964374848,8072600
2020-12-29,108.74346160888672,109.84820386021639,108.63907384916423,109.7786120204014,8389200
2020-12-30,109.04792785644531,109.47416630122832,108.6477846948836,109.16100962928545,7398000
2020-12-31,110.5354232788086,110.76159347044037,108.57819731694019,108.81306151224103,8580200
2021-01-04,109.49156188964844,111.22261749866333,108.54339128315176,110.90946084299868,16819900
2021-01-05,110.08734130859375,110.65683545074702,108.44018860916958,109.50908386702426,13731200
2021-01-06,115.25658416748047,116.32547941731998,112.0411351186114,113.79342734457371,24909100
2021-01-07,119.04151916503906,121.07417689871171,118.20918617037485,118.88381987650152,21940400
2021-01-08,119.17296600341797,119.46209477681934,117.50828640221737,119.12915618280317,12035100
2021-01-11,120.95152282714844,121.08293890678272,117.49951786737961,117.91130607540558,15937900
2021-01-12,122.85275268554688,124.11440054077842,121.63491464701512,122.16936232544296,18033500
2021-01-13,122.96666717529297,123.35215883965655,120.99534555710689,121.42464704231733,14816800
2021-01-14,123.6850814819336,125.06938875508189,122.65999597696297,123.08931077567864,18565600
2021-01-15,121.46844482421875,124.10563000370816,120.04032769321203,120.40830608787016,27881000
2021-01-19,120.9427719116211,123.27331546303758,120.75003275406128,122.53735856328953,19843800
2021-01-20,119.1291275024414,121.05663882552155,118.66477292725455,120.74999689280257,16028800
2021-01-21,118.13032531738281,119.29559674689797,117.68349734004512,118.88380859628445,13411700
2021-01-22,117.2191390991211,117.75358674082494,115.82607525839204,116.2553900423437,12933200
2021-01-25,115.75597381591797,116.67592636101233,113.95112192168405,115.77350041389536,14212800
2021-01-26,115.28287506103516,116.6759389508191,115.07259596924793,116.30796056685043,11307800
2021-01-27,112.02360534667969,113.76713411986731,111.57677070126815,113.53932846343359,17603900
2021-01-28,113.99494934082031,115.79980151384709,113.0136736045446,113.810953455829,13761800
2021-01-29,112.7332992553711,115.40553762994654,112.31275442935103,114.94118298751462,14808100
2021-02-01,113.56560516357422,113.9598800482191,112.56680308481712,113.37285271250919,11080700
2021-02-02,117.06143951416016,117.74482982556404,114.96745876637073,115.59828264903248,12253600
2021-02-03,118.40193939208984,118.9451436589255,116.9738223267115,117.09648178596079,10600800
2021-02-04,121.12669372558594,121.48591533865424,118.69101878383263,118.69101878383263,12419500
2021-02-05,120.8901596069336,122.21314357002123,120.36448203607094,122.12552395710615,10051300
2021-02-08,122.78266906738281,122.9228551440198,121.06542305077994,121.08294965257959,10136400
2021-02-09,122.2920150756836,122.64246685228018,121.38081906632712,122.16058563280112,8614800
2021-02-10,122.36212158203125,123.42224701277156,121.81890388893342,122.66000696183598,10323200
2021-02-11,122.0204086303711,123.1418703184933,121.10045603822516,122.36210377958211,9201000
2021-02-12,123.75518798828125,124.07059997560835,121.78386640970686,121.82767622967341,8324600
2021-02-16,126.73404693603516,127.32107435934103,124.76272569415428,125.77029790577562,12130600
2021-02-17,127.12830352783203,127.37362239967605,125.3935314598089,126.12073146165935,10810100
2021-02-18,127.55763244628906,127.73285833993528,125.63887749399794,126.16456854381532,10587800
2021-02-19,129.6866455078125,130.40507556617715,127.79417407734334,127.79417407734334,11969800
2021-02-22,130.90451049804688,131.5879008727894,128.60900706882103,128.67910010326634,11488400
2021-02-23,131.9558868408203,133.44532714374114,131.06221731151578,132.74441012799014,16234400
2021-02-24,134.2776641845703,134.71573566113747,131.5178192297494,131.5178192297494,15061400
2021-02-25,132.45529174804688,135.71454476341137,131.93837058882195,135.16258376664626,18127700
2021-02-26,128.9419403076172,132.1836661455895,128.3636828240177,131.68427167802906,19829200
2021-03-01,131.85946655273438,132.63047634948825,130.08965468694737,131.0008505138157,14845500
2021-03-02,131.4301300048828,132.98090595420223,131.28118738596913,131.49146639619204,14221700
2021-03-03,133.97100830078125,135.78461707416818,132.1398729268598,132.4990813401028,14324100
2021-03-04,131.9120635986328,135.25893565808195,130.21234435326892,133.7081590909672,20093900
2021-03-05,132.2187042236328,134.47915409917874,129.64284242664147,134.24259181587536,18465100
2021-03-08,133.97100830078125,136.20517527372152,132.0785365094286,133.58550330229693,17133300
2021-03-09,133.02476501464844,135.14502901963763,131.2637227718241,132.73563628184831,16238800
2021-03-10,135.91603088378906,136.8184568587185,132.7443849959897,133.09485012195302,14342200
2021-03-11,135.2063751220703,136.80970482149334,134.36527207830144,135.0223792356936,11771500
2021-03-12,136.80970764160156,138.1064087511779,135.86348508006586,137.4317749790626,12849500
2021-03-15,136.1262664794922,137.48429013334163,134.890915619253,136.98489582151612,12101100
2021-03-16,134.49667358398438,135.45167937622847,133.34017206414595,135.00483800155266,12805600
2021-03-17,135.88099670410156,137.4492999534158,134.0936711026135,136.1000324251549,13952400
2021-03-18,138.12393188476562,141.6635569191888,137.65082057008323,138.08013543200065,21898500
2021-03-19,135.92478942871094,136.6257063217128,132.4640281450565,136.24895797706222,54418800
2021-03-22,132.27130126953125,134.89973010042522,131.95588927506876,133.87464446064223,19944800
2021-03-23,130.9482879638672,133.2788172812208,130.51021663347257,131.7105278007135,17076300
2021-03-24,131.9646453857422,134.20756917381792,131.2987815639323,131.42144104081518,13079800
2021-03-25,133.6555938720703,134.02357226323772,130.8344128375747,131.4214269403093,15608300
2021-03-26,135.88099670410156,136.1964086771735,133.65559966050688,135.18884970788005,16754400
2021-03-29,133.7694854736328,134.6894381505867,132.33261171770982,133.27884761095848,17570300
2021-03-30,135.34654235839844,136.56438037284929,134.82086467503248,135.32902912716807,13184300
2021-03-31,133.37522888183594,135.3553203764512,133.2788526288336,134.29518159342555,16736700
2021-04-01,134.67190551757812,134.74198517168213,132.77943400371817,133.08607593927394,16561500
2021-04-05,135.3857879638672,136.54911459703825,134.48686841745584,136.07320335706132,13508000
2021-04-06,134.43394470214844,135.9674166606182,133.8346651571286,134.65427043739672,13071600
2021-04-07,136.54026794433594,136.80466153503886,134.53089817118018,134.92749528104292,16903500
2021-04-08,136.7076873779297,137.05139493540713,134.23122863718018,135.72063253545366,12335500
2021-04-09,137.73001098632812,138.39979632414276,136.5755063821146,137.31579756300678,12122400
2021-04-12,137.439208984375,138.58490564745455,137.10432296725384,137.11313115667738,12273400
2021-04-13,135.79998779296875,136.7782347455184,134.33702145895435,136.38165105072645,16113600
2021-04-14,133.2618408203125,135.5708505204266,133.01506359318446,133.49097477339598,19939600
2021-04-15,134.10789489746094,134.1343329153975,131.596189060158,133.2970976362965,17694100
2021-04-16,135.103759765625,136.17012892160042,134.5661643691657,135.60609550954618,13773400
2021-04-19,134.5309295654297,135.61494219551616,134.15197564016188,135.20953680215035,11900200
2021-04-20,131.55210876464844,133.73773654214608,131.0056917345611,133.72892835287362,13716700
2021-04-21,132.67135620117188,132.7330538699798,129.3664697394809,130.2477727959318,12236700
2021-04-22,129.87759399414062,132.45981828357708,129.78065014475672,132.39812063050823,15256100
2021-04-23,132.36288452148438,133.19131139796912,129.2783243757055,129.71015418964092,14041900
2021-04-26,132.68899536132812,134.363479354943,132.530367254865,132.88288312319528,10799100
2021-04-27,133.29708862304688,133.57911205879174,132.29240366653653,132.63611132408963,12821200
2021-04-28,134.1607666015625,134.74242987262318,133.42928341782584,134.33702453132142,8943700
2021-04-29,136.76942443847656,136.8487384866835,135.01562650273507,135.31526631659517,12976900
2021-04-30,135.55323791503906,136.15253106114167,134.84819269217328,135.80882336404224,11705100
2021-05-03,135.15664672851562,137.0250050356331,134.95395077668758,136.46979321561554,11801100
2021-05-04,137.0249481201172,137.16595978786887,134.08140015576782,134.72474739941734,12977700
2021-05-05,138.82284545898438,139.49263086471402,136.27588045286507,137.4832611999092,10506700
2021-05-06,141.61660766601562,141.73118138064754,138.50560857090088,139.30759767808615,13542400
2021-05-07,142.101318359375,142.33045232693212,138.38221815774725,138.55847609030027,14257800
2021-05-10,142.0836639404297,144.29572952349213,141.9955282655983,142.3304276928185,14014300
2021-05-11,139.72174072265625,143.11476189937093,139.28108932036153,141.96025737697698,15451700
2021-05-12,138.76113891601562,141.69587918674083,138.390993311728,140.66475640745062,14381700
2021-05-13,142.33042907714844,143.16766420572608,138.96384529056078,139.40449677377177,15395000
2021-05-14,144.54248046875,144.93025588746397,142.76225833391183,143.11477410677102,10584000
2021-05-17,145.12416076660156,145.28280229648757,143.67882441069608,143.97846419783855,9886800
2021-05-18,143.0795440673828,145.85564307311154,142.98260020175584,145.13296817523488,11098100
2021-05-19,141.98675537109375,142.04843960071597,139.80993544829784,141.88981148372804,13278900
2021-05-20,141.7399444580078,142.64768535278634,140.58543983150005,141.7399444580078,10426000
2021-05-21,143.35272216796875,143.84624960326002,141.83688021808038,142.18939597254155,10249000
2021-05-24,144.1282958984375,144.736397158853,142.87684717230903,143.96966780317297,9440300
2021-05-25,142.63888549804688,146.03189373135058,142.38330011607223,144.40149136914977,12609100
2021-05-26,142.62124633789062,144.30453806203187,142.162965076071,144.1547181865093,13058300
2021-05-27,144.84214782714844,145.19466363446793,143.2734296236293,144.48961857221286,15707500
2021-05-28,144.7451629638672,145.36207217574457,143.8814766196266,145.1329248630385,10291300
2021-06-01,146.34033203125,147.09825297405598,145.83798298244923,146.18169053513952,9445400
2021-06-02,146.3491668701172,147.56536925386732,145.88207737877292,147.40672772886623,10498600
2021-06-03,146.4460906982422,147.39789937518577,145.11532825653404,145.77630538377704,13354400
2021-06-04,146.68409729003906,146.88679324761998,145.4414566308323,146.48140133245812,8510800
2021-06-07,145.99664306640625,147.2657214064113,145.53836178860107,147.17758573650505,7267200
2021-06-08,145.41497802734375,146.08476338802527,143.7933839240422,144.9655183909461,10370700
2021-06-09,143.5995330810547,144.72760000321796,143.01786979217155,144.65709413963043,12377400
2021-06-10,141.36099243164062,145.62650906955795,141.28167839097026,144.85095814491547,12119400
2021-06-11,141.26406860351562,142.06605765547218,140.1800695510798,141.3874505001537,13683800
2021-06-14,138.86691284179688,141.29930415238428,138.0649239266613,141.14066262798954,19917900
2021-06-15,136.76060485839844,138.2940770515518,135.83524738683082,138.10018929905132,24485500
2021-06-16,137.72120666503906,138.91095750038386,134.9362862995615,136.36399268102122,25321200
2021-06-17,133.7465362548828,138.7699740309473,133.2970765733641,138.45270441822342,29722400
2021-06-18,130.3623504638672,131.93106887628176,130.0450808159846,131.57855302202015,43595700
2021-06-21,132.57437133789062,133.25297824687993,131.33174463267773,131.38462064809784,18664800
2021-06-22,132.3805389404297,133.05032442681446,131.01451650397595,132.7242465969139,14251200
2021-06-23,133.18251037597656,133.99330755464524,132.27476932553137,132.37171319730788,12733300
2021-06-24,134.40748596191406,134.94508121091863,133.27061126030827,133.88752053434294,13733200
2021-06-25,135.7646942138672,136.16127777027742,133.66718932103063,134.47798625455755,15484900
2021-06-28,136.011474609375,136.1436646618677,134.06378933442278,135.45624949367627,14125800
2021-06-29,135.84405517578125,137.7564812310609,135.3769656227581,136.60197635669732,14528700
2021-06-30,137.077880859375,137.55379207307598,135.46510798966156,135.50035419737873,12531000
2021-07-01,138.43507385253906,138.4879498797741,136.97210767682716,137.7123989533502,10479400
2021-07-02,138.30209350585938,138.5591516947402,137.4954831581547,138.2311813684132,11424000
2021-07-06,135.9797821044922,138.08050182244278,135.04021992726715,138.08050182244278,15083400
2021-07-07,136.13934326171875,136.75094871429897,134.33113079440767,134.7388587460548,12271800
2021-07-08,133.79042053222656,135.19976381598372,132.99266909841674,134.3842944909461,17834600
2021-07-09,138.0716552734375,138.40847105912547,135.24409601728655,135.66069642007983,13694500
2021-07-12,140.0482940673828,141.07649997871405,136.4495869028335,136.81300660814867,19940400
2021-07-13,137.96527099609375,139.50757962964707,136.0595562373403,138.31983170070205,22671700
2021-07-14,137.49546813964844,139.41005506624498,135.57202226875404,138.23116626954726,14622800
2021-07-15,137.79690551757812,138.7453269068551,136.23686506402134,136.4141386996224,11539300
2021-07-16,134.65023803710938,138.52372147180876,133.86135891934174,138.2400863803639,14002700
2021-07-19,130.271484375,132.7976769483079,129.15464860343752,131.6719687060685,22172900
2021-07-20,132.70018005371094,133.94996768715788,129.70420626159904,129.87262091028344,15385200
2021-07-21,135.49227905273438,136.19251449920242,134.16270677897018,134.77431218891908,12356700
2021-07-22,133.78155517578125,136.00638142799636,132.93063649792975,135.5100099450649,9913300
2021-07-23,133.52452087402344,135.4745576479783,133.17883259830012,134.26907815633373,9666100
2021-07-26,134.41976928710938,134.69455895453981,133.10792825678593,133.1256596764838,8208000
2021-07-27,134.2424774169922,135.16432176442302,132.7799533308235,133.31177412347188,11218700
2021-07-28,134.4640655517578,135.4125002114744,133.73723978342588,134.98702737014526,9217300
2021-07-29,135.61639404296875,136.38754175949134,134.65024127914674,135.74048693442194,9063500
2021-07-30,134.5349578857422,136.21021806715888,134.02085508865324,135.24406565845476,9805200
2021-08-02,133.99427795410156,136.90160793654317,133.90564792695702,134.75656651810192,10203200
2021-08-03,135.5188751220703,135.90002622298712,132.5317736159463,134.68567429807973,10394800
2021-08-04,134.0563507080078,135.9443342154893,133.76384317302131,134.06520965448289,10155000
2021-08-05,135.74932861328125,136.22798222307588,134.7388541899592,134.97818099485653,9151500
2021-08-06,139.6051025390625,139.8887511442105,137.48665104788685,137.55756319917384,13328800
2021-08-09,139.45443725585938,140.53582403336233,138.18690436660754,139.62285194622467,9516900
2021-08-10,141.16514587402344,141.80334178546227,138.55032254179824,138.93147370909907,8667000
2021-08-11,142.8492431640625,143.150609622505,141.00556805488972,141.82103739690896,9156500
2021-08-12,143.40768432617188,143.9217873173834,142.30857971230188,143.48746895549382,8844200
2021-08-13,141.80331420898438,143.73563298870502,141.43990805864865,143.4076626236192,8980900
2021-08-16,140.87261962890625,140.96126319796414,138.96690462014902,140.88149210087786,8755800
2021-08-17,139.1707305908203,140.810541494785,137.62843570125315,139.6671155068264,9347200
2021-08-18,137.90325927734375,140.05716020333935,137.69052281145957,138.5503140973809,8065500
2021-08-19,136.75094604492188,137.88551336012904,135.6252376762786,135.7582030253929,9517700
2021-08-20,137.14093017578125,137.30047233443375,135.75817736703277,136.81297338847997,6974100
2021-08-23,138.89598083496094,139.24166908515375,137.60187139582214,137.6816424862262,7934600
2021-08-24,139.7558135986328,140.53583389289608,139.04670546976735,139.16193942917786,7670900
2021-08-25,142.63650512695312,143.39879373535098,139.87099925700173,140.50032252927784,11335000
2021-08-26,143.3721923828125,145.2158673298207,142.84035812930955,143.8242420307152,11027500
2021-08-27,144.52450561523438,144.6220081207902,142.93787516347194,143.37220696551307,8780200
2021-08-30,142.21107482910156,144.91454158067384,141.71470326653957,144.66635579939285,7937600
2021-08-31,141.7767333984375,143.03539364017527,141.24491255656636,142.2110652489756,12340800
2021-09-01,141.57284545898438,142.49467621061711,140.9080593753209,142.0160361814267,8729900
2021-09-02,142.22879028320312,143.24812366153026,141.3158048383445,141.83878023493943,8813300
2021-09-03,141.3690185546875,142.6099474926267,141.0676385053785,142.16675665406112,7959700
2021-09-07,141.120849609375,143.04429645529288,140.8992541636456,141.81222631804178,9285600
2021-09-08,140.49147033691406,141.448763997554,140.08372888835854,140.837158587275,7852700
2021-09-09,141.1030731201172,142.55673823881511,140.11918911431437,140.28760376329723,7904300
2021-09-10,139.48098754882812,142.459229805302,139.35689468502122,142.31740552520614,8311600
2021-09-13,141.69696044921875,141.86537511406553,140.11034336613898,140.518071320401,10052800
2021-09-14,139.2239532470703,143.00879263768573,138.50597284751478,142.2199136179085,11685600
2021-09-15,140.19012451171875,140.65990570254004,138.69213736452565,138.913732776238,11691500
2021-09-16,140.12806701660156,142.57448894311835,139.3569193354744,141.29809724669397,10880900
2021-09-17,139.76461791992188,140.9435068493016,139.16188503728958,139.49871431000017,25581600
2021-09-20,135.58090209960938,136.99910419530448,133.39153900474162,136.40523029256192,15819900
2021-09-21,135.59864807128906,136.99027362084948,135.24410085521612,136.08616063722135,8999900
2021-09-22,138.19573974609375,139.38348768286616,137.4777729115538,137.56640294445904,11236200
2021-09-23,142.86695861816406,143.33675323962547,139.75576453238926,140.0482720400428,12336100
2021-09-24,144.515625,145.00313750030534,142.54787063304417,143.09742280151156,10102400
2021-09-27,148.00799560546875,148.38027425401413,145.90727554399484,146.25296382658053,13220900
2021-09-28,147.2102508544922,150.06440055478947,146.83797222294592,148.64618465118625,13387900
2021-09-29,147.09503173828125,147.937091598617,146.28842119280665,147.32549962276576,7777100
2021-09-30,145.091796875,148.01685867065802,144.29404537157927,147.95480547062252,13161200
2021-10-01,148.14096069335938,149.17802553924722,145.01203473671805,145.36658196561464,11285000
2021-10-04,147.9813995361328,151.07487606627808,146.90001294508417,147.99913095445916,14120000
2021-10-05,150.39794921875,151.71769496428143,148.62341620198617,149.10495406486655,12292900
2021-10-06,150.71897888183594,150.79031833267277,148.0259724408329,149.80050556305105,8692600
2021-10-07,151.67311096191406,152.93935556466133,151.18266075499577,152.66292370438245,10195400
2021-10-08,151.7890625,152.78778772396498,150.96867912222723,151.61072065380776,8190100
2021-10-11,148.59671020507812,152.74321643420737,148.43620660702203,152.30628090175765,12154700
2021-10-12,147.45530700683594,148.64130015871032,146.92919373388324,147.80307841177563,13032600
2021-10-13,143.5673828125,147.49988395512474,143.21069910529977,146.30497856873163,22753500
2021-10-14,145.76988220214844,146.25140637858286,142.729105127317,144.23611837112637,15176800
2021-10-15,148.56991577148438,149.06927829358824,146.3673596705841,147.4463500967507,14267400
2021-10-18,148.5164337158203,150.35338049012066,147.94573167325507,148.45400658921304,12672900
2021-10-19,150.31773376464844,150.38905962187192,148.5432003191092,149.27440601184736,8053900
2021-10-20,152.34194946289062,152.36870006355534,149.32793506622872,150.07697909806566,8185600
2021-10-21,151.14700317382812,152.778857407259,150.41578400193282,152.27056891851095,8415200
2021-10-22,153.18014526367188,153.45657716141443,151.32536016125133,151.6196303252835,8817900
2021-10-25,152.4310760498047,154.23235966088902,152.02087763291308,154.00942899241946,10159200
2021-10-26,152.84129333496094,153.81328159703315,152.07441112821843,152.48460963226674,8015100
2021-10-27,149.65780639648438,152.21704591814793,149.2208574217535,151.87820058081655,9847000
2021-10-28,151.91387939453125,152.04763235660454,149.7737503617072,150.07693281347903,7212900
2021-10-29,151.49476623535156,153.59031998532373,151.0489048933667,152.64508251076484,8140100
2021-11-01,151.4145050048828,153.67056216592673,150.7100365088339,153.41195498402257,7435500
2021-11-02,152.0120086669922,153.0999117279839,150.62983540688512,151.41455593785938,7173800
2021-11-03,152.06549072265625,152.60052985489583,150.8349088824714,151.70880703890342,8402700
2021-11-04,150.06800842285156,151.7712020593607,148.46291843501731,151.59286023922454,9574200
2021-11-05,149.85400390625,151.6731122449432,149.28330191699246,150.61196004461854,7975600
2021-11-08,150.75466918945312,152.41327430453094,150.46932494088017,150.7457568589579,6413700
2021-11-09,149.6132354736328,150.228526321735,148.5610092050473,149.2298012387916,7990300
2021-11-10,149.4705810546875,150.65657408823077,148.99796902863181,149.31898980167068,6999200
2021-11-11,149.46168518066406,150.4158216680258,148.82855589507403,149.38143338022113,5815300
2021-11-12,148.79287719726562,149.57759766941209,147.77631367953546,149.49733227086182,8113400
2021-11-15,148.52532958984375,149.62214469253712,148.0259670587511,149.1049575043401,6492500
2021-11-16,147.45530700683594,148.9801592325637,147.2412886012529,148.97123329486502,9706100
2021-11-17,146.6616668701172,147.6336415683045,145.6986045025751,147.32154671638074,9909600
2021-11-18,145.39540100097656,147.00050471526617,144.95845194340032,146.59030625237727,8122500
2021-11-19,143.4960479736328,144.55720040567232,142.18521421718538,143.83490703102,12193600
2021-11-22,146.5546417236328,148.00814057663277,145.34189822018288,146.38521222139497,14549900
2021-11-23,150.05909729003906,150.30877856154126,147.46418092556044,147.58010923254673,12354400
2021-11-24,148.88204956054688,151.09351836726648,148.4183498794795,150.21963380444038,9629800
2021-11-26,144.3966522216797,145.03869366284258,141.62340764972922,144.58391997810585,13619300
2021-11-29,143.77244567871094,146.93806395349284,142.51512702526043,145.62723050902432,12104400
2021-11-30,141.63233947753906,143.2374433014271,141.15080152706733,141.92660964580276,18922600
2021-12-01,140.7941131591797,145.59158620494438,140.7138613723036,143.56737162742732,12253400
2021-12-02,143.75462341308594,145.57373174631584,141.60556842616066,142.52404172476034,12969900
2021-12-03,141.1508331298828,144.30754029139862,140.1699459559998,144.01327005724963,12681800
2021-12-06,142.8183135986328,145.00303153362952,142.1941104181493,143.5762697440025,11186500
2021-12-07,144.9674072265625,145.69861297372486,143.71007459528383,144.35211621097451,9851600
2021-12-08,143.30877685546875,145.5915850413227,142.82723892484046,145.04763359027078,11705700
2021-12-09,143.08580017089844,143.5048972331931,141.4717709956621,142.36349350709168,11189600
2021-12-10,142.51513671875,144.19156623957966,141.8998458429725,143.85272084640215,10405400
2021-12-13,140.8208465576172,142.4883636454735,140.25014457628717,142.2297700504713,12069000
2021-12-14,141.89984130859375,143.46926840317553,140.26798709221055,140.40174005805798,12563600
2021-12-15,140.83871459960938,142.54190857513072,140.31260136317442,142.54190857513072,14014200
2021-12-16,143.041259765625,144.29859219812784,141.51640776777535,143.02342149950582,19542800
2021-12-17,139.7864227294922,142.12274507451463,138.37749946074615,142.0692438983076,28082000
2021-12-20,137.27182006835938,137.94952454764203,135.39919660848918,137.7800950261686,15148000
2021-12-21,139.18899536132812,140.16096985538925,138.29727264605543,138.58263044611493,11291300
2021-12-22,139.73294067382812,140.05396138160395,138.43103318595428,138.88580685254996,7273000
2021-12-23,140.23233032226562,141.89093536551516,140.18775506510846,140.5444387620308,8055200
2021-12-27,141.03488159179688,141.0705445169588,139.41193956142254,140.53551899986942,6188100
2021-12-28,141.46292114257812,142.8094178311062,140.96355849270313,141.07056088721586,6342300
2021-12-29,141.39158630371094,142.3457363747083,141.02597663501405,141.65019357439397,6398900
2021-12-30,141.32022094726562,142.88966173255616,141.222130898185,141.88201064714664,6948200
2021-12-31,141.20431518554688,142.04252321389316,140.8565438270659,141.2934793043358,5805900
2022-01-03,144.1915740966797,145.02979570607448,142.23869898683654,142.5508074096061,13120900
2022-01-04,149.65780639648438,150.32659835008485,146.4475995765592,146.51893901773613,20195800
2022-01-05,146.92176818847656,151.03034049486538,146.8769120593165,150.54592988917568,17539400
2022-01-06,148.48268127441406,150.14224866124152,147.00251104013205,149.72960509641362,14047500
2022-01-07,149.95387268066406,150.2857834217487,148.07002462505062,148.617236588773,13913300
2022-01-10,150.09738159179688,151.88253764306427,148.49162266364252,151.66725014479462,12922500
2022-01-11,150.24993896484375,151.17391800029452,149.19139150330906,150.94067153701818,11854100
2022-01-12,151.10214233398438,152.1337651012082,149.97182784699717,151.12008752741153,12568000
2022-01-13,150.9137420654297,152.3311111128668,150.60874223815324,151.01242009050983,13623400
2022-01-14,141.63807678222656,144.45486996967608,140.7499744667053,144.21265775850256,40158400
2022-01-18,135.69947814941406,139.7452498407538,135.04460866379125,139.7452498407538,32324800
2022-01-19,133.60028076171875,136.56060679348838,133.2594043570137,135.96855253766745,22380000
2022-01-20,132.46104431152344,135.10739177724707,132.19192121422608,133.6541462152785,14860800
2022-01-21,130.14662170410156,132.32649028369337,129.41999884423763,132.3175245318056,20705400
2022-01-24,130.0299835205078,130.5054283910756,125.20376774347633,127.6348139777881,28471400
2022-01-25,131.44737243652344,131.73444076573537,126.29819720869814,128.8638122263015,18915900
2022-01-26,132.6942901611328,135.07152845299575,130.93604463603194,133.41194726222673,20709100
2022-01-27,130.35292053222656,134.90106087312225,129.2943870928278,134.03986975767492,17536800
2022-01-28,131.51910400390625,131.65365869178262,127.53612098475418,129.34820168110585,14117000
2022-01-31,133.30430603027344,133.47473744678217,129.77882178469122,130.64897881203532,13985700
2022-02-01,135.591796875,135.8788651505945,133.0351617753094,133.3850176810847,14584900
2022-02-02,134.50637817382812,135.4034461742531,132.82886539324826,135.00873406395868,12441100
2022-02-03,133.39398193359375,136.04032926173085,133.0261808426821,134.56017283580445,12474900
2022-02-04,136.85665893554688,137.69990484260524,133.45677805701527,133.75281206831244,16654400
2022-02-07,137.31419372558594,137.80757013335244,135.32270183883776,137.49360457278922,12572300
2022-02-08,139.89772033691406,142.1673007704185,138.86609784465506,139.0455086665912,20411400
2022-02-09,140.48086547851562,141.2254199323025,139.78115347776782,140.47188603736984,9131100
2022-02-10,139.89772033691406,142.66069079686912,139.24286467717144,140.5346444961809,16455600
2022-02-11,138.07669067382812,141.9071744713745,137.2244788993741,139.59273762754455,16830000
2022-02-14,136.7938995361328,137.86139892130083,134.8472636857616,137.00918708828794,17026500
2022-02-15,138.79437255859375,139.8887966964702,138.01392771974687,138.60598224154154,9500000
2022-02-16,139.04551696777344,140.03229707958658,137.91521640274402,137.91521640274402,9076500
2022-02-17,135.84298706054688,137.9062459914781,135.16122037658988,137.25139024977136,11367500
2022-02-18,136.47991943359375,138.27405536078084,135.57388571810577,136.4709536816993,11733300
2022-02-22,136.2377166748047,137.46670917789797,134.9280050227362,135.0984501377166,11333500
2022-02-23,133.385009765625,137.52049275933598,132.7391198720352,137.35901344185453,11799000
2022-02-24,129.6711883544922,130.0659004835234,125.39216995665416,128.22690825772185,25655100
2022-02-25,132.73915100097656,134.67682113615314,129.994125153562,130.29912498368114,18367700
2022-02-28,127.20425415039062,130.12869110985298,126.37895317449644,128.77412326162,31315300
2022-03-01,122.4049072265625,126.02008962110743,119.83032683874998,125.62537757109381,36840400
2022-03-02,124.94363403320312,125.6254008077694,122.54846403741179,123.15846372704921,19405600
2022-03-03,124.0555191040039,126.46863404695728,122.95212937312257,125.44597714532254,16640800
2022-03-04,120.56590270996094,121.48091566726798,118.77176717149028,121.05032697072203,21016000
2022-03-07,115.91017150878906,119.03196456404487,115.67692504983413,118.56548533430745,27560100
2022-03-08,115.09381866455078,118.22457699363802,114.16983294354164,116.29588641089471,19207800
2022-03-09,119.7047348022461,121.3194596524537,118.80766696192731,119.22031050309934,17536200
2022-03-10,118.28736114501953,119.71369566776154,116.90588275009681,118.28736114501953,15604200
2022-03-11,115.62308502197266,120.27886977167104,115.20146199955721,118.8525350472462,20061800
2022-03-14,116.77131652832031,119.23825303419706,115.92807058711364,116.13440604126839,15786900
2022-03-15,118.84354400634766,119.80341316866581,117.63251063121541,118.23354444343701,15096600
2022-03-16,124.15418243408203,124.23492894194467,120.59282204712015,120.98753408318174,20354900
2022-03-17,125.72402954101562,125.75991991349302,121.92943709743484,122.77268290448978,17050500
2022-03-18,125.67919921875,126.35200004178792,124.20800863323379,125.75993203235427,23656500
2022-03-21,125.2755355834961,126.27128157015811,124.45023469994652,125.90349410826214,12676100
2022-03-22,127.93983459472656,129.11499149210456,127.13247886485249,127.62586900562953,13548600
2022-03-23,125.39215087890625,127.01584159960795,124.87184985054179,126.46862962910136,12093200
2022-03-24,126.20848846435547,126.22643365552976,124.79111950133071,125.85863252139285,10017600
2022-03-25,127.3118896484375,128.44219040718593,126.30717786288335,126.56732156158166,8383500
2022-03-28,126.36994934082031,126.45966160512846,123.70565661127058,125.58950465638422,10818100
2022-03-29,126.6480484008789,128.8189649161555,125.80481601402293,128.5946979254854,11316500
2022-03-30,126.07389831542969,127.49126703396254,125.50875492854195,127.29391102959924,8771000
2022-03-31,122.28831481933594,125.90349771961326,122.23447924193715,125.43701853268905,17353900
2022-04-01,121.38225555419922,123.26610362249832,120.02768795076085,123.25712418305515,15721300
2022-04-04,121.92051696777344,122.84449592638089,119.21136773503028,120.31475755865607,17416400
2022-04-05,120.50166320800781,122.36331866647915,120.20343483995678,121.16138677504424,12110300
2022-04-06,118.82980346679688,119.79677389446677,118.35083435773585,118.9111347216262,12914700
2022-04-07,118.46829986572266,119.21838689415645,116.33552644440243,118.34177999283213,12994200
2022-04-08,120.63722229003906,121.00773588740515,118.82978776571855,118.99245025388448,13126900
2022-04-11,120.19441986083984,121.91147748585546,119.80582797956211,120.19441986083984,10466400
2022-04-12,118.87498474121094,121.62229345214148,118.11586540909866,119.41722071536749,12989900
2022-04-13,115.043212890625,116.80545883465285,113.87741676810822,114.71787411714051,30838000
2022-04-14,113.9768295288086,115.94693353883649,112.98273497274542,114.32023962420212,18835200
2022-04-18,116.09154510498047,116.79644358494293,113.45268501524188,113.5701657969634,11834400
2022-04-19,118.49542236328125,118.67617687695247,115.88367960047871,116.0824985338104,15015400
2022-04-20,118.9111328125,120.65530071190196,118.69423568013787,119.76062934387755,13430200
2022-04-21,117.98932647705078,120.02269036750445,117.44710438004198,119.4895004790748,12174200
2022-04-22,114.60040283203125,117.95320049865266,114.4919611552525,117.73630335546179,14318800
2022-04-25,114.56424713134766,114.88055372440961,111.25664516641041,113.87742689939034,17149000
2022-04-26,111.17528533935547,114.23889294729602,111.03973327712289,112.63930966480197,17209500
2022-04-27,109.72936248779297,111.66331712699217,109.5486217699453,110.55174861207772,17215200
2022-04-28,111.46449279785156,111.74464986019777,109.47631741862703,110.98552371343577,13015600
2022-04-29,107.86770629882812,111.7085051378511,107.45199713421772,111.2024256148152,14874800
2022-05-02,108.85275268554688,109.08772112846822,106.83746684436963,108.33763406882994,18545000
2022-05-03,111.18436431884766,112.21460173020708,109.15099991829868,109.828788051815,15720900
2022-05-04,114.86247253417969,115.13359049410413,110.92226438022381,110.97649210909837,17128500
2022-05-05,111.9886474609375,113.95875147359433,110.39810995874578,113.19059313864258,15055400
2022-05-06,111.80789184570312,112.32301036819086,109.51244935581293,111.88019087565597,14417900
2022-05-09,110.12699890136719,111.4554645341142,108.89794273058195,110.35292824313188,14312300
2022-05-10,107.44294738769531,111.8621243567012,106.24100174472149,111.25663543092608,16382400
2022-05-11,106.76516723632812,111.05782465119682,106.58442652415488,107.81348267241837,14630300
2022-05-12,106.67479705810547,106.92783681349641,104.26187338300672,105.73493018464183,16318800
2022-05-13,107.62368774414062,108.67200310019037,106.602489698181,107.91288389324319,10443200
2022-05-16,106.87360382080078,107.95806176191319,105.94277615729646,107.12664354740598,10269000
2022-05-17,110.41618347167969,111.13012098857104,109.17808824950363,109.38594626877723,11160200
2022-05-18,108.52739715576172,110.2263899344582,108.021317721162,109.62090105451709,12664900
2022-05-19,106.91879272460938,108.12977750514206,106.30426467810382,106.81035106010692,12765800
2022-05-20,106.04219818115234,108.14786141314755,103.94557405385706,107.9580815833495,13150100
2022-05-23,112.60317993164062,114.38350420641545,108.85275156681057,108.86179067081902,24376700
2022-05-24,114.19371032714844,115.21490832021583,111.25662931440247,112.38627585776631,19324900
2022-05-25,114.98898315429688,115.54929034212526,113.11828868688272,114.12141540511509,12780400
2022-05-26,116.97716522216797,117.65495317227513,115.86559684508896,116.01018112765881,15990900
2022-05-27,118.63099670410156,118.63099670410156,116.70607407129518,117.62786975611385,11177800
2022-05-31,119.49853515625,120.32995342054403,117.22117748043095,117.64591192652784,17015000
2022-06-01,117.40191650390625,120.07691196126312,116.28130209955692,120.07691196126312,10768000
2022-06-02,119.29068756103516,119.29971977006767,116.28130719735319,117.39287565216584,8374800
2022-06-03,117.62784576416016,119.08283115250005,117.47421547963128,118.57675167649165,8596000
2022-06-06,117.23924255371094,119.6431339034861,116.99524880898599,118.46829864467907,11323500
2022-06-07,117.54651641845703,117.77244574458803,116.2361152951919,116.42590199657988,6722200
2022-06-08,115.67582702636719,116.98621449647362,114.68173926682266,116.57954442501068,8422100
2022-06-09,113.24480438232422,115.7661831872911,113.20865486558762,115.10646657277493,13560100
2022-06-10,108.0394058227539,111.51871604395458,107.83154781032387,110.7867003434973,12945200
2022-06-13,104.82217407226562,106.59345926062625,103.98171665635213,105.60841065322221,16805600
2022-06-14,103.07798767089844,106.02410784622846,102.31886848788942,104.42453134213635,13357900
2022-06-15,104.29801177978516,105.68973028599125,102.27368016294533,104.487791576086,14083500
2022-06-16,102.50865173339844,103.2587387333875,101.09885497761422,102.89725044105892,16724900
2022-06-17,102.14716339111328,103.59310966490476,101.36093376761,102.60806113597721,30919900
2022-06-21,104.67758178710938,105.7620398438149,103.96364425676538,104.71373130830838,11680500
2022-06-22,104.09015655517578,105.01194514678221,103.37621907681064,103.8190386133303,9842700
2022-06-23,102.95146179199219,104.09014739479201,100.74639651197921,103.93651712551367,11851500
2022-06-24,106.02412414550781,106.47598284147313,101.96643498628795,102.32792332202351,14841100
2022-06-27,105.17461395263672,107.09049705722877,104.50586509987413,106.69285925000018,11280500
2022-06-28,104.66854095458984,107.80444119495111,104.46972203868671,106.34041663724126,11590900
2022-06-29,104.19860076904297,105.57224794327648,103.68348221685349,104.83120008056852,9338400
2022-06-30,101.76761627197266,103.09608194408895,100.24937077452782,102.27369580618208,15172600
2022-07-01,103.06896209716797,103.40333308961966,100.45721961946425,101.80375648256306,10573600
2022-07-05,102.67693328857422,102.7589839701268,99.65005192762612,100.99026175029019,12514200
2022-07-06,102.01136779785156,103.0142487481845,101.00848684751863,101.86549761974358,10656200
2022-07-07,104.59151458740234,104.75562288886854,103.38805602858515,103.47922576144309,10347400
2022-07-08,104.26329803466797,105.43940636977449,103.57951460419706,104.99266980949216,8807800
2022-07-11,102.89574432373047,104.1447913871077,102.31224961162279,103.52482738601759,7939500
2022-07-12,102.99602508544922,105.01090619267762,102.34871090712919,102.64045824039744,11250900
2022-07-13,102.02960968017578,102.54928481624609,100.63468561996145,101.8837325408835,12979900
2022-07-14,98.4648208618164,98.67451752235421,96.69609870566313,98.45570180114818,26204800
2022-07-15,102.97776794433594,103.82565956188452,98.1639343566293,99.52238892994943,18863900
2022-07-18,101.92019653320312,105.6126227432874,101.46434093029362,104.63709203129324,13977900
2022-07-19,104.44564056396484,104.79209529728033,102.72250682510133,103.14189317339459,11862300
2022-07-20,104.42740631103516,104.60974577679487,103.46099462206014,104.0262511393981,11667500
2022-07-21,105.13854217529297,105.33000070510592,103.3607080014549,104.33623877096178,11595900
2022-07-22,104.62798309326172,105.98643088341088,103.63421423183108,105.06560059004582,7645500
2022-07-25,105.0473861694336,106.17790633142492,104.6371118755246,105.61264277252636,9394000
2022-07-26,103.40628814697266,105.3755877827379,103.05072131648251,104.46387653413653,10675100
2022-07-27,105.06561279296875,105.52146846261728,103.29689752468018,103.94421174088444,9337400
2022-07-28,104.6735610961914,105.74026849118914,103.50657186810258,105.07471625177361,10384800
2022-07-29,105.17500305175781,106.21435324810757,104.65532795358294,105.38469272944357,12944500
2022-08-01,104.12654113769531,104.94708265472225,103.0871908680628,104.39093823517094,14740400
2022-08-02,102.50370025634766,104.2997726043284,102.35782311166867,103.86214812609651,14942900
2022-08-03,103.57950592041016,104.02624244323947,101.84725331728296,103.4336287953533,14394500
2022-08-04,102.43987274169922,103.31511467398225,101.21817609577185,102.88660928971977,18033900
2022-08-05,105.53971099853516,105.93174716906084,102.15726262297896,102.5948801888925,14174600
2022-08-08,104.25418090820312,106.39670097225427,104.09919166381499,105.98643368868454,10332500
2022-08-09,105.19325256347656,105.74939704082172,104.27242911249343,104.61887691977174,10233800
2022-08-10,107.9375,108.83098013248042,107.12607750134782,107.54546386367775,12847300
2022-08-11,109.53299713134766,110.49940890206962,108.77627506840615,109.31418836276644,11684900
2022-08-12,111.3472900390625,111.45669789077503,108.89479155979754,110.01619247768109,9906700
2022-08-15,111.64815521240234,111.88520207732508,109.95237178604083,110.44469667973978,8456200
2022-08-16,112.71487426757812,113.27101876022893,111.11026726315505,111.49318436949653,9555000
2022-08-17,111.76667785644531,112.28635994213667,110.94614330300683,111.50228771728254,8149300
2022-08-18,110.90054321289062,111.65726513325832,109.90678140280615,111.44756850918142,9531800
2022-08-19,108.15631103515625,110.30795029981103,107.6822242108551,109.97062156422541,13464500
2022-08-22,106.36935424804688,106.81609778712179,105.30265371101682,106.44229282044341,8967600
2022-08-23,105.32087707519531,106.93460982986656,105.19323806085804,106.38758448902047,7607000
2022-08-24,105.57615661621094,106.13230098820786,104.34534096801184,105.1111819703536,9771300
2022-08-25,108.0833740234375,108.25659443508277,105.46676017002672,105.90438464092031,10758900
2022-08-26,104.5459213256836,109.39622461711923,104.48210182010435,108.91301879547576,11276200
2022-08-29,104.29066467285156,104.7191701363162,103.44277280738912,103.93509778950981,8117300
2022-08-30,104.30889129638672,105.37559182881495,103.3515916662762,104.84679761492905,10745400
2022-08-31,103.68892669677734,104.87414718457181,103.33335289905345,104.37271015520666,10738300
2022-09-01,104.40007019042969,104.50947110234287,102.02962203629967,103.28778121394107,9979800
2022-09-02,103.67069244384766,107.08049080280695,103.19660562220304,105.6399922163837,10666600
2022-09-06,103.69804382324219,104.61887420614619,102.17548758479874,104.23595712027515,9751900
2022-09-07,105.66734313964844,105.85880168171782,102.80457015780182,103.14189889372177,10647900
2022-09-08,108.12894439697266,108.30217174677391,104.50944990479532,105.10206356208,11435000
2022-09-09,108.64862060546875,109.4509309026302,108.19276501146497,108.62127038275723,9299700
2022-09-12,109.93413543701172,110.81849639199207,109.21388277219066,109.97060471880314,8614600
2022-09-13,106.11406707763672,108.42069532388211,105.55792268358492,107.64574218725726,12904600
2022-09-14,105.86791229248047,107.43604979128575,104.73738534029823,106.3966995282637,9345700
2022-09-15,107.46340942382812,108.84008842726139,105.53969809616963,105.86791470838278,10821400
2022-09-16,106.74317169189453,107.03491905977778,105.18414604266165,107.02579999821101,14844100
2022-09-19,107.72781372070312,108.24748889878178,105.31177731335993,105.75851391589639,8201300
2022-09-20,105.603515625,107.29929910434645,104.51857701299748,107.04402106759404,9619000
2022-09-21,102.55840301513672,106.30553704477167,102.49458350185508,106.2508365921889,12606300
2022-09-22,101.39141845703125,103.57040802831817,101.2637794244224,103.36983041827409,11684500
2022-09-23,99.50416564941406,100.5982163712799,97.69898126275494,100.33382622887612,18138600
2022-09-26,97.36163330078125,99.93265843274068,96.69608110922046,98.46480294350741,15753600
2022-09-27,96.50465393066406,98.61982418003346,95.41060299181329,98.23690704701632,12793600
2022-09-28,98.45570373535156,99.13037512194984,96.31318351937313,96.59581180339339,12762600
2022-09-29,96.78726196289062,97.80837403019432,95.18264834252217,97.50750767216194,12713900
2022-09-30,95.2738265991211,98.11836823229466,95.1826568643499,96.69609393780543,15973400
2022-10-03,98.21866607666016,98.79304171886318,95.2373660887453,96.29495458578577,12248100
2022-10-04,102.81368255615234,103.01426015959885,100.16060623041493,100.84438972081601,16013600
2022-10-05,101.54427337646484,102.05939744109392,100.10928090040441,100.9555581545919,10943500
2022-10-06,99.47454071044922,101.36027321627118,99.2905698885316,100.68876638200162,11521400
2022-10-07,97.48765563964844,99.07902403370649,96.83454290299183,98.9042467927951,11681100
2022-10-10,96.57698822021484,98.71108277928579,96.14464891857746,98.17756440304763,8931700
2022-10-11,93.7897720336914,96.16303395752341,93.68858595816101,96.00665802917217,12739700
2022-10-12,95.30755615234375,96.3378111859489,93.16426130589896,93.64259675715924,13181000
2022-10-13,100.60599517822266,101.0935242382516,93.60579708473557,93.80816922694486,22398700
2022-10-14,102.28016662597656,106.00562932530556,101.84782736783814,102.98846218515489,33387100
2022-10-17,106.5759506225586,107.63380065874259,105.15935248111793,106.16201266050514,22276300
2022-10-18,109.31715393066406,110.51298562116061,107.58780391825927,110.07145273282006,21539700
2022-10-19,107.17385864257812,109.30795283865571,106.40116561366753,108.5352598097451,17072000
2022-10-20,106.8243179321289,109.19758015880953,106.38278501714224,107.77178830736774,12207400
2022-10-21,112.43550109863281,112.58267637162659,107.00827693250288,107.12785728043768,20593300
2022-10-24,112.573486328125,113.23579266407968,111.60762876988987,112.28832938493728,12624200
2022-10-25,112.86782836914062,113.39215297652444,111.20286912812207,112.0859417817139,11289100
2022-10-26,114.16485595703125,115.16750904136775,113.03341485332959,113.14380157648334,11667000
2022-10-27,114.61558532714844,116.08737315924878,114.25683726238766,115.16750488693133,10727600
2022-10-28,115.97701263427734,116.16098351194422,114.1096808556059,115.25031573682665,11859500
2022-10-31,115.79301452636719,117.21881314254274,115.52625188768748,115.62743795815351,13295200
2022-11-01,117.88113403320312,118.0007214209963,116.20698078449065,116.70371058030126,13386900
2022-11-02,116.79568481445312,119.91403794060878,116.49212657646382,117.42119556938326,16546100
2022-11-03,117.00724792480469,117.90871495160084,115.82062396353767,116.18856567845296,12474400
2022-11-04,120.2083969116211,120.34638559457294,118.16630195749849,119.11376529557342,14953200
2022-11-07,120.84310150146484,121.68937870511282,120.0244192256256,120.50275470110567,12011200
2022-11-08,120.91667938232422,121.47779957964111,119.71165421335083,120.72351490886511,9884100
2022-11-09,119.34371948242188,120.89828513458521,118.8653840315612,120.79711309521187,9494000
2022-11-10,124.25581359863281,124.4121895277581,121.91014658960025,122.00213903547468,16351600
2022-11-11,124.45818328857422,125.25846421475916,123.05997954818707,124.35699721454469,10704700
2022-11-14,123.1795654296875,124.85371840985461,123.1795654296875,123.99824764200531,11085600
2022-11-15,122.28728485107422,124.83532378054862,121.05466479043258,123.88784658961403,14038300
2022-11-16,122.45286560058594,122.85760990495596,121.4502125058998,122.34248589433105,7893400
2022-11-17,121.91932678222656,122.24128627122526,120.76029788676627,121.42260412305073,8820200
2022-11-18,123.11516571044922,123.87865805777638,121.6801734570925,123.78667965255467,9468500
2022-11-21,122.38850402832031,123.777500379645,122.11254067720121,123.0232155250705,7800500
2022-11-22,124.21902465820312,124.4306044997528,122.97721071887543,123.26236768191932,9185700
2022-11-23,125.54362487792969,125.56202617450363,124.05344268520541,124.12703383542443,7316200
2022-11-25,125.78279113769531,126.15073282788606,125.15727342108012,125.54361640660314,3220500
2022-11-28,123.5843276977539,125.75521772787319,123.43714538206625,125.16650250120074,9906900
2022-11-29,125.61721801757812,125.69080916896263,123.63950670489845,123.86947378944618,7925300
2022-11-30,127.10740661621094,127.10740661621094,122.51727236124805,125.18488506151688,14761200
2022-12-01,125.3228530883789,127.54893252740312,124.57774802951523,127.1073856696894,8858500
2022-12-02,124.32938385009766,124.50416104623557,122.65521706190735,123.71307386734632,8931900
2022-12-05,120.84310150146484,123.78669147111698,120.13481297293777,123.48313322914372,10154500
2022-12-06,121.04545593261719,124.28339600331013,119.46328146830558,122.70122153899852,13966700
2022-12-07,120.96269989013672,122.41609371002824,119.886455499398,120.78792264072062,11739400
2022-12-08,122.23211669921875,122.32409511698182,120.89829629891516,121.72618627524957,8907300
2022-12-09,121.56979370117188,123.04157450873353,121.42261140959295,121.60658225602866,7957800
2022-12-12,123.45555114746094,123.86028147612883,121.05469392574031,121.79057745864824,8841600
2022-12-13,123.33592224121094,126.10472029738463,122.41605409863277,125.92074947608378,10025400
2022-12-14,122.71961975097656,124.8353194150938,122.12169700020713,123.05996649293431,9966100
2022-12-15,119.67487335205078,121.49620868498153,118.7090088144396,120.64072385358537,12087800
2022-12-16,118.92976379394531,119.49088400641774,118.13867651137888,118.80098279613571,21133700
2022-12-19,119.63807678222656,120.80631353076245,118.74580334919769,119.26092738556954,9017200
2022-12-20,120.21757507324219,121.4685963634736,119.76683461061833,120.47513704157737,8549900
2022-12-21,121.56979370117188,122.3240783823811,121.21104563799565,121.58818096056233,8051700
2022-12-22,120.18997955322266,120.7786946259303,118.12027615191184,120.59472379747314,8648200
2022-12-23,120.76032257080078,120.90750488363216,119.25173895447388,120.11641749726087,5091900
2022-12-27,121.18345642089844,121.62498928035671,120.08881088434272,121.02708049225855,5411000
2022-12-28,121.84578704833984,122.7196593115516,120.51196650145529,121.28466670483263,8827700
2022-12-29,122.54489135742188,122.59088759288993,121.70780759457682,122.27812161335545,6585200
2022-12-30,123.35436248779297,123.56592829729485,121.82737752025436,122.16772434894152,9292500
2023-01-03,124.29259490966797,125.78279103671846,123.16116087896775,124.40298864549719,11054800
2023-01-04,125.45162963867188,126.64744707010873,124.70653864225898,125.09288160202586,11687600
2023-01-05,125.42383575439453,125.7574349814953,123.89483340528501,125.71109900611238,8381300
2023-01-06,127.82390594482422,128.23163995736851,124.626921186111,126.14664805302213,10029100
2023-01-09,127.29566955566406,128.69493949075323,126.84161381439908,128.43547502724388,8482300
2023-01-10,128.43548583984375,128.5466808650653,127.24008275969635,127.68487700033647,9048700
2023-01-11,129.3899383544922,129.50113337184368,127.97214532424903,128.71346429292947,8703700
2023-01-12,129.26023864746094,130.5297625475241,129.01003565570718,129.73283172987885,11001700
2023-01-13,132.52210998535156,132.96691853837416,124.91421240909753,125.65554585770904,20200000
2023-01-17,130.47415161132812,131.1598731733884,129.01928393227195,130.81701239235827,14292900
2023-01-18,126.55438232421875,130.409289951252,126.40611283939846,128.7320320560219,13392600
2023-01-19,124.86787414550781,125.93353123741366,123.79294137156643,125.39607899020217,13303400
2023-01-20,125.17364501953125,125.5535802591071,123.7558517008759,125.24777975943063,13092500
2023-01-23,127.20305633544922,127.84245618023675,124.93273441420591,125.21072205128073,10487100
2023-01-24,128.29649353027344,130.00155011000138,125.09950890834466,126.41536871268397,6945000
2023-01-25,128.91732788085938,128.91732788085938,127.18447292025505,127.92580600930724,8967000
2023-01-26,129.71426391601562,129.78839864200455,128.21307459906114,129.19533497384634,7487600
2023-01-27,130.0293731689453,130.90042460682147,129.50116841409078,130.2980992468447,7489900
2023-01-30,128.92662048339844,129.81620899523966,128.72275350365265,129.01927829434823,6729300
2023-01-31,129.6957550048828,129.79768849678175,128.11115511077284,129.6216202707968,9188700
2023-02-01,129.35289001464844,130.54829325131965,127.99069421830544,128.07410463789716,8841800
2023-02-02,128.75057983398438,130.1591117757627,127.87951421393406,129.73284050688963,11822100
2023-02-03,130.74288940429688,131.89195670361985,127.99997463008327,128.04629647186732,11501200
2023-02-06,131.51199340820312,131.80853231502536,129.7606011415751,129.94593088846233,8406200
2023-02-07,133.11512756347656,133.7545272635078,130.82626893802635,131.0116128404591,10447900
2023-02-08,132.17921447753906,133.4765370679939,131.84561522002844,132.18847601755812,6958000
2023-02-09,130.1220245361328,132.82787896099774,129.61235702773652,132.6240119576392,6443100
2023-02-10,130.696533203125,130.91893739625775,128.4262118564423,129.52894300362496,6582900
2023-02-13,132.1143341064453,132.26258942161374,130.418539332629,130.93746828510217,7134600
2023-02-14,132.69813537597656,133.26340035710024,131.21548309777444,132.04947412052846,9249400
2023-02-15,133.25413513183594,133.3375314038536,130.9374777552037,131.2247410075454,6728300
2023-02-16,131.41937255859375,132.87422632749147,131.28962614556048,132.42943198193922,8165300
2023-02-17,131.8085479736328,132.35527574081405,129.797690994526,130.64094356400273,7948800
2023-02-21,129.3899383544922,130.97452391076257,128.57447052124013,130.37219871377147,9996300
2023-02-22,128.3984375,129.20462987621065,127.36057934765923,128.73203678321767,11107500
2023-02-23,129.42703247070312,129.89036401708915,127.82390927933932,128.55596690113632,8068000
2023-02-24,130.59461975097656,130.99309222400296,128.74129360979924,128.9081003151785,9126900
2023-02-27,131.7344207763672,132.80007761336196,131.32668677759347,131.68808479655095,10014700
2023-02-28,132.83714294433594,133.21706401736367,131.49347032058068,132.45720773155335,11019800
2023-03-01,132.09580993652344,132.9390766374571,131.400812705156,131.67881442565394,7139200
2023-03-02,130.72433471679688,131.98458261555115,129.30652755119246,131.8085285518743,11106800
2023-03-03,133.12442016601562,133.19855490846228,130.7336277461975,131.13208607962235,9513100
2023-03-06,132.3460235595703,133.4765394717512,132.1977540780608,132.92055012572462,9261300
2023-03-07,128.45401000976562,131.873398461942,127.70341530363014,131.59539675677038,11747600
2023-03-08,127.69417572021484,128.4262333346065,126.85090892078097,127.87950550894317,10002500
2023-03-09,120.78125762939453,127.27717461017774,119.7433995459709,126.73043266860088,25888100
2023-03-10,123.84851837158203,125.34044653675518,118.44607784061006,119.50248028497552,37599700
2023-03-13,121.62450408935547,124.06163201030522,119.91944776842459,121.58744379531504,42901100
2023-03-14,124.74734497070312,125.59061153495267,121.66155606683311,125.35894582871396,29648100
2023-03-15,118.85379028320312,121.38359043240389,117.43600410626735,121.37431475303909,34280600
2023-03-16,121.16117858886719,122.27317128142602,116.7780598014456,118.62211706005856,24558500
2023-03-17,116.58348083496094,119.05766958306614,116.249881557702,118.96501175812325,38396000
2023-03-20,117.81593322753906,119.97505971381725,116.76880658293382,117.67693236359524,22875500
2023-03-21,120.97586059570312,122.0693161768008,120.64226134151549,121.01292089516592,17807800
2023-03-22,117.8530044555664,121.077794911188,117.76033956652832,120.98512295227205,17250200
2023-03-23,117.53793334960938,120.0306591206353,116.77806996061811,118.52020095236227,16677600
2023-03-24,115.74948120117188,116.46300861569885,114.08148493751717,116.41667263675598,22311100
2023-03-27,119.06693267822266,119.89166217375193,117.028269858248,117.49160135325894,18853900
2023-03-28,119.42832946777344,119.85458652059853,118.37192716557276,119.27079845783766,10820500
2023-03-29,119.66926574707031,120.67006353813926,118.39973482303591,120.55886849682805,14595300
2023-03-30,119.30786895751953,120.57739282481155,118.28854100564449,120.41986180140537,12134700
2023-03-31,120.75345611572266,120.78125487519789,119.4005360220757,120.15113080741834,13105200
2023-04-03,120.61444091796875,121.80056824431207,119.91944377488853,120.38277520360867,11775400
2023-04-04,119.00206756591797,121.0129246940969,118.06614297272823,120.92952841287085,11579900
2023-04-05,119.17952728271484,119.68384625669287,118.10549987441522,118.42304169638435,9614700
2023-04-06,119.04877471923828,119.61847601793527,118.47907342054128,118.60982383741961,8760200
2023-04-10,119.44100189208984,119.75853651896533,117.88133142990569,118.18019048329045,9477300
2023-04-11,120.02940368652344,120.42165491662038,119.11414369093428,119.82393672065467,10516300
2023-04-12,120.0107192993164,121.8132080873547,119.5997853733505,120.64578863891776,11821000
2023-04-13,120.46833801269531,120.515023384301,118.45103403413674,119.97335336759399,12450200
2023-04-14,129.5648956298828,129.9291299827387,125.98792018992499,126.22140411485125,43931300
2023-04-17,130.5922088623047,130.80701004727862,128.56557044137327,130.70427656738232,16050500
2023-04-18,132.05845642089844,132.41335642388827,129.84503414076758,131.00311913687133,13760100
2023-04-19,131.89036560058594,132.15186638694743,131.12453169001014,131.89969982484027,9158100
2023-04-20,131.50746154785156,132.0864970243593,130.6015429309586,130.6669252593258,10586200
2023-04-21,131.25526428222656,131.78761425773007,129.611543240774,130.50812742293493,11842500
2023-04-24,131.43272399902344,131.77828978527313,130.78830629708887,131.18057170318022,7567500
2023-04-25,128.57489013671875,130.71361027176334,128.53753898948895,130.37739294379983,10629300
2023-04-26,126.29609680175781,128.70565216150288,125.14736009851921,128.52820213199345,14416100
2023-04-27,127.99586486816406,128.79904997913064,126.69769507551487,127.01522972966504,9041100
2023-04-28,129.10723876953125,129.1819553139001,126.7070178778751,127.53821983923324,9887300
2023-05-01,131.8717041015625,133.8983426470363,131.52615248918775,132.86167355918573,20415800
2023-05-02,129.7423095703125,133.00174938505765,129.2846760746085,132.05846547051718,14113400
2023-05-03,126.99654388427734,129.50883263139102,126.79107693650953,129.29403145898817,12930900
2023-05-04,125.25944519042969,126.75374793516626,123.10205611262752,126.0439619693163,17089200
2023-05-05,127.70632934570312,128.77101511182752,126.93116126806613,127.42614588078133,11261400
2023-05-08,128.01455688476562,128.85509320709122,127.46352406161003,128.40680811856598,7484900
2023-05-09,127.39814758300781,127.9024664930123,126.27742781021169,126.9498482733093,7343600
2023-05-10,127.4635238647461,128.9391437900356,125.95988701213741,128.83641030628993,8133400
2023-05-11,127.06195068359375,127.77173666214057,125.98791611324945,126.08131538048892,7057300
2023-05-12,125.24076080322266,127.93983392631426,124.33484219523142,127.7810665956295,9988600
2023-05-15,126.29609680175781,126.70703071204808,125.11000894791336,125.39952667996555,7639500
2023-05-16,125.44619750976562,126.95916814968695,125.1099802285918,126.51088319169578,6477200
2023-05-17,129.30337524414062,129.4341256523218,126.51091704425899,126.92183671945286,12711500
2023-05-18,130.2839813232422,130.498782463537,128.65892868400402,129.13524483295998,10999600
2023-05-19,129.98513793945312,131.20860543284945,129.00451705077612,130.55483917276476,13492200
2023-05-22,128.9111328125,132.28264097920177,128.56558119246412,131.68492275092876,11402500
2023-05-23,127.56627655029297,129.84508198677483,127.44487459721127,128.4535126339781,9514900
2023-05-24,126.39883422851562,127.34211825680605,126.15601611517806,126.45486808153771,8578000
2023-05-25,126.70701599121094,127.26738294027146,125.68902980945036,125.91317943921928,8472500
2023-05-26,127.89312744140625,128.50952828093497,126.66967423765121,127.1179592797064,8579900
2023-05-30,128.3787841796875,128.62160228714237,127.0339147368369,127.76238330992678,7399900
2023-05-31,126.74437713623047,127.7997144288534,125.52090981351684,127.69698096666289,14219900
2023-06-01,128.4908447265625,129.09789708675177,126.50155759891467,127.50087540035871,12248100
2023-06-02,131.18991088867188,132.13318054196728,130.13455929337277,130.3400262278686,12922500
2023-06-05,129.90110778808594,130.8537261533879,129.00453753310654,130.8537261533879,8511900
2023-06-06,130.13455200195312,130.8443520088864,129.07921471650812,129.5181512330025,9329500
2023-06-07,131.3953857421875,131.93707003389363,129.65826516903496,130.33069985868914,9281400
2023-06-08,131.43272399902344,131.58215708222744,130.265304756598,131.37669015550273,7368100
2023-06-09,131.69424438476562,132.43206143627933,130.94710735890789,131.0778577635055,7249100
2023-06-12,131.68492126464844,131.98378750077507,130.52683597574745,131.75030359782357,7596600
2023-06-13,132.63754272460938,133.4313794630357,130.88173917253985,131.1992738679104,7701600
2023-06-14,132.14254760742188,134.1224864357795,131.40473053409755,133.55278517375058,9068700
2023-06-15,133.63682556152344,133.92634328269568,130.7789852482786,131.30198684145745,9343100
2023-06-16,133.79562377929688,134.45872439923173,133.0858377747602,133.59950526193117,13813500
2023-06-20,133.11383056640625,133.55278140759413,131.72226149001006,133.1885471192388,8428600
2023-06-21,132.91770935058594,134.50539687612533,132.3293254158356,133.45937940871084,9926500
2023-06-22,130.3587188720703,133.17920807383072,129.7703349465135,132.90835879827526,10075200
2023-06-23,129.6769561767578,129.98514236609586,128.52820519541405,129.3874241870796,9919500
2023-06-26,129.99447631835938,130.76029596963508,128.5935731568006,129.69561013687937,8429700
2023-06-27,130.00381469726562,130.60153282860406,129.38741386630664,129.8170304532332,8154000
2023-06-28,129.43411254882812,130.01316222705987,128.8457428969404,129.96646260371023,7558600
2023-06-29,133.95437622070312,134.075792408893,130.61089931451409,130.8163662865002,15423200
2023-06-30,135.8315887451172,136.35459037328218,134.1691846052818,135.0470863028697,14212800
2023-07-03,136.9242706298828,137.73678987397622,136.35456946141917,136.53201946891622,8021600
2023-07-05,136.01211547851562,136.75498507554383,135.74881883537213,136.29422312433817,8934900
2023-07-06,134.66744995117188,134.8367059634684,133.00302742062036,134.4887812613519,9709500
2023-07-07,135.7300262451172,137.1405503169834,134.46996151791234,135.32568289850678,8981500
2023-07-10,136.49172973632812,137.28163425338343,135.8805082759092,135.8805082759092,9100100
2023-07-11,138.6262969970703,139.00244533955592,137.01830767229464,137.6107179952473,11260900
2023-07-12,139.312744140625,140.93014609710974,138.231348176639,138.6545024952165,11323200
2023-07-13,139.9897918701172,140.45996650725584,138.93660527447577,139.82993421532097,11234900
2023-07-14,140.83616638183594,143.770052600036,139.5572903267186,142.50998755489587,27028400
2023-07-17,144.23080444335938,144.57872915123014,141.38154673382755,141.38154673382755,17262400
2023-07-18,144.4940948486328,145.18994423405886,143.70420478207672,144.2307981597808,13491700
2023-07-19,145.0489044189453,145.95164621525822,143.1399961602172,143.6383802268648,12510000
2023-07-20,146.83558654785156,147.2493426739594,145.19938740191142,145.31222476408757,9935900
2023-07-21,145.7071533203125,146.82617153003497,145.46266761385175,146.50645614114134,10636400
2023-07-24,148.57521057128906,149.3180803107643,145.50026390451757,145.72595293417018,14381400
2023-07-25,147.46560668945312,148.31191544958145,146.656905593702,147.91697040494864,9944700
2023-07-26,148.34954833984375,148.810324811231,146.9578349437343,147.3621927346652,8728600
2023-07-27,146.7133331298828,149.30869258655179,146.27136771662688,148.35894475625432,10778400
2023-07-28,147.5502471923828,148.19909065944483,147.10828176840127,147.89817192456593,9103800
2023-07-31,148.53761291503906,149.87290747944695,147.77591776936478,147.80412710639777,8892700
2023-08-01,147.8041229248047,148.57521637814307,146.83556411782206,148.03921029249162,6853900
2023-08-02,146.13027954101562,146.40298888080457,144.75737756007877,146.28073887685835,8299400
2023-08-03,147.0236053466797,147.5595969373867,145.14290691870087,145.75412816835788,6084000
2023-08-04,146.7133331298828,148.38715409339025,146.41241440230658,147.07065618313624,6209400
2023-08-07,147.4091796875,148.29311049668297,147.25873467525594,147.25873467525594,7251800
2023-08-08,146.58169555664062,146.67572190447902,143.48793743626442,145.11475252328108,8623400
2023-08-09,144.61636352539062,146.24317871899208,144.31545910455927,146.0551116623979,6277800
2023-08-10,144.40008544921875,146.1679473275669,143.9581199796317,145.1711790254673,5995100
2023-08-11,145.23699951171875,145.30283087406434,143.5255706224924,143.9017047403057,5180700
2023-08-14,145.5378875732422,145.6789342505091,143.79823536111664,144.44707877373204,5044300
2023-08-15,141.83290100097656,144.12735582105773,141.26868562441484,143.73241079690175,10300300
2023-08-16,141.23106384277344,141.95513682230194,140.75147651606358,141.61661049992682,6978200
2023-08-17,139.76414489746094,142.2372542213868,139.5478541905709,141.87993118346174,9953900
2023-08-18,140.08389282226562,140.58227700422557,138.64515896134762,138.84262435871426,8517500
2023-08-21,140.56346130371094,141.14648784226083,139.19055885344807,140.7233190219691,8327000
2023-08-22,137.64833068847656,140.71386414216659,137.14994672342922,140.35652682813597,9673300
2023-08-23,138.57931518554688,138.78619324427777,136.7832583645231,137.62016892989945,7858000
2023-08-24,138.44766235351562,140.49763186524416,138.22198764115348,138.7015607535187,6534000
2023-08-25,138.27841186523438,139.75475327933296,137.14999521237885,138.49468825612092,6695500
2023-08-28,138.7579803466797,139.74535026556242,138.3536369186339,138.76739302548728,5094100
2023-08-29,139.88641357421875,139.97105595056027,138.40065935434492,138.8990578866763,6337000
2023-08-30,139.32215881347656,140.25309545797032,138.41001882441265,139.75471146583337,6277300
2023-08-31,137.60133361816406,139.50084348167059,137.2534089211085,139.41620112815974,10933900
2023-09-01,138.06211853027344,139.24695371806996,137.00891734808206,137.3756530739663,7903500
2023-09-05,136.5387420654297,139.36920319243367,136.36007336787995,138.38183336553914,7854700
2023-09-06,136.3130645751953,136.85845463739395,135.51376179159,136.06856453152616,8629200
2023-09-07,135.14703369140625,136.60457831204684,134.83671662905607,135.5325804369257,8373700
2023-09-08,135.25045776367188,135.52315278000043,134.14083799530906,134.81789072040658,7107900
2023-09-11,135.8428955078125,136.3976982708832,135.11882237294367,136.11559055028286,6854200
2023-09-12,137.61074829101562,138.5323011715463,135.45735415699824,135.88050858043627,8363200
2023-09-13,137.67654418945312,138.88958847071848,137.1217415471919,138.55106214943183,8325900
2023-09-14,140.34716796875,140.95838942649576,138.7203672923135,139.0212716819653,10034900
2023-09-15,139.93341064453125,140.79853048647297,139.46323588161104,140.0368496663175,19863400
2023-09-18,140.22491455078125,140.24372555861612,138.9366403116919,139.32218705503516,6512400
2023-09-19,140.04624938964844,140.78913355766784,138.4288613898162,140.58225551203677,7943400
2023-09-20,139.45384216308594,141.28752092938885,139.30338279031352,140.72330545579,7332000
2023-09-21,138.36300659179688,139.97101033791805,137.88343357559577,138.7767626129552,8052400
2023-09-22,137.03709411621094,138.71091465691347,136.52931182743455,138.50403667111058,7071700
2023-09-25,137.71417236328125,137.78000371128437,135.12821140806957,136.67979659035282,7044700
2023-09-26,136.2848663330078,137.1405879484126,135.62662445523367,135.97456357881177,7468400
2023-09-27,137.08412170410156,137.37562769536294,135.88987405896103,136.52931905308208,6717800
2023-09-28,138.78616333007812,139.98980940402407,137.3004095687964,137.55430792225792,8868100
2023-09-29,136.3694610595703,139.8863582985992,136.21900172619158,139.73591331381226,11917800
2023-10-02,135.19406127929688,136.9336993692709,134.12206334674892,136.19082952464552,9170600
2023-10-03,134.19728088378906,135.02477867086904,133.85875449633997,134.6580429468487,9431100
2023-10-04,134.79908752441406,134.9119248569258,133.46377879625967,134.64862818200334,8128700
2023-10-05,135.3674774169922,135.55694661975534,133.40659836773634,134.55280899031126,8576200
2023-10-06,137.45150756835938,138.1903911218125,134.64752846347048,135.37694433963748,10270600
2023-10-09,137.138916015625,137.73569774934012,135.93585596091424,136.08742554116313,6964900
2023-10-10,137.97250366210938,139.03347614529983,137.62201169643586,137.75463145002604,11288800
2023-10-11,138.44615173339844,139.46922462849858,137.3757259962922,138.78717603176514,8698200
2023-10-12,138.12408447265625,139.2134745307247,137.47993546118224,138.58826087525622,10484400
2023-10-13,140.19863891601562,145.03928168920007,140.04706935081757,140.67228296640758,29427000
2023-10-16,140.05653381347656,141.63850300767174,138.9860937692048,141.57218591083802,12663500
2023-10-17,139.75340270996094,141.4395742566608,139.0524043601375,139.7913023258802,11482700
2023-10-18,138.2188262939453,139.706061268437,137.7072825656575,138.86297533908285,9620300
2023-10-19,137.63148498535156,139.2703038448197,137.24310784044647,137.8114720413774,11143600
2023-10-20,135.41481018066406,137.48937311336277,134.6285594440336,136.94942649571723,13332900
2023-10-23,133.56764221191406,136.10636776403678,133.31187033914986,135.40538371534663,10133400
2023-10-24,133.72865295410156,134.25913195204492,132.96135194247145,133.7476027624477,8881400
2023-10-25,132.99923706054688,133.7381205866468,132.15615127028062,133.16028874973279,8242600
2023-10-26,133.3402862548828,134.20232201457276,132.08039117252162,132.39299802343572,9109400
2023-10-27,128.5375213623047,131.76777717096823,128.0638773242415,131.6256752868679,17434700
2023-10-30,130.17633056640625,130.76364457019,128.8690683469191,129.24799226425498,9855500
2023-10-31,131.72988891601562,131.90040830075068,130.2237042141286,130.4510585756186,9672500
2023-11-01,131.6162109375,133.12239554755078,131.17098437410596,131.90986793580896,9432000
2023-11-02,133.96548461914062,134.02231959380507,131.8909213170707,132.70558968102353,10186200
2023-11-03,135.46221923828125,136.19163523527786,134.37284353668508,134.69491807139525,9538700
2023-11-06,136.48529052734375,136.58949281129168,135.2632806106388,135.62325476509008,7625100
2023-11-07,136.41896057128906,136.6557826075624,135.29169982038272,135.9453164987424,6297900
2023-11-08,137.09152221679688,137.2051921527771,136.04949962208485,136.51367595145075,7618200
2023-11-09,136.68418884277344,137.97250119221647,136.12529235225335,137.77357879262672,7992500
2023-11-10,138.71139526367188,138.7587625615186,136.48527680957466,137.2999451873407,7983300
2023-11-13,138.09564208984375,138.5408686017075,137.5083281612012,138.01985731607252,6676300
2023-11-14,140.61544799804688,141.38274904699387,138.79665657901384,138.94821168974792,9927700
2023-11-15,141.84693908691406,142.24479839305468,140.63441135739868,140.63441135739868,8365300
2023-11-16,143.46676635742188,143.54255113282872,142.1784540844415,142.1784540844415,8126200
2023-11-17,144.7645721435547,144.80245730700287,143.5520300961765,144.1772437015897,7812400
2023-11-20,145.20980834960938,145.6455673011771,143.91202808266553,144.06359767055616,7019000
2023-11-21,144.90664672851562,145.53186027850327,144.52773730974798,145.12451892158361,7083500
2023-11-22,145.24766540527344,145.76867667690715,144.8403240640081,145.32345017700808,5174500
2023-11-24,145.4466094970703,146.29917746551416,145.20031979301464,145.4939767932843,3496900
2023-11-27,145.1150665283203,145.43714101363966,144.66037228701836,145.34240642173663,6259100
2023-11-28,145.4466094970703,145.75921630671945,144.66984076614435,145.1434848193456,6582700
2023-11-29,146.1855010986328,147.4264461508105,145.88236197975067,146.04339921623102,9126100
2023-11-30,147.8527374267578,147.90010472554917,146.24235044914354,146.74441201649734,9869800
2023-12-01,148.57264709472656,149.53888490616447,147.6064237377565,147.6064237377565,8916000
2023-12-04,149.66204833984375,149.71888331169214,147.66326992118485,147.79588967365407,9607500
2023-12-05,149.6431121826172,150.1451737523716,148.69582402014166,148.97053122729264,9135600
2023-12-06,148.07061767578125,150.8272298337835,147.77696064362786,150.46725568883625,9366000
2023-12-07,148.5252685546875,149.01786232676514,147.91900485615608,148.4305484341316,8130900
2023-12-08,150.16409301757812,150.41038268611402,148.70526144960743,148.97050092478986,7369400
2023-12-11,150.7135467529297,150.90300148739232,149.81361146891027,150.16411790485932,8093900
2023-12-12,152.05870056152344,152.18183819415106,150.50514854635935,150.83669073201253,10223000
2023-12-13,152.57020568847656,153.48907622122266,151.3482105066473,152.0586765193189,12379100
2023-12-14,155.34579467773438,156.1509809623848,153.18597877206992,153.299648728851,13643000
2023-12-15,156.52041625976562,156.5677835579425,153.83012139517064,154.48375252838963,20309300
2023-12-18,157.4676971435547,158.32026510801109,156.89933295505307,157.17404014465845,8469600
2023-12-19,159.57066345214844,159.58961325972516,156.823533986712,157.2498107031462,10345700
2023-12-20,157.77084350585938,160.48008817985806,157.67610890953222,159.13494074793843,10734700
2023-12-21,158.67076110839844,159.22965763367768,156.94668978089607,158.04554747615234,7601700
2023-12-22,158.57601928710938,159.3622701304102,158.41498204756135,158.67075387718188,6576300
2023-12-26,159.51385498046875,159.87382911188115,158.36762993040162,158.63288391713263,4683600
2023-12-27,160.47059631347656,160.53691341777682,158.74653950976872,158.99282920902155,6428600
2023-12-28,161.3231658935547,161.6641901868301,160.09168847592298,160.4232450918324,6320100
2023-12-29,161.1337127685547,161.69260928256372,160.68848620194564,161.03897817607512,6435100
2024-01-02,163.00933837890625,163.0945908390409,160.00643682914077,160.1769417494101,9977400
2024-01-03,162.2988739013672,162.9714403661268,161.38947095422876,162.80093544417744,9852300
2024-01-04,163.3759307861328,165.22500433972132,162.54669823300276,162.6420170002689,11972500
2024-01-05,164.19561767578125,165.25359196797962,163.43311119195872,163.43311119195872,10066000
2024-01-08,163.9573211669922,164.28138166799556,161.5459049822079,163.9573211669922,11229900
2024-01-09,162.66107177734375,163.7380981420264,162.1273216242973,163.57606788439452,9923600
2024-01-10,163.0041961669922,163.0613816047552,161.03121130256366,162.0320000942187,9670200
2024-01-11,162.31796264648438,162.37514809158236,160.73576412862877,162.34655536903335,11919500
2024-01-12,161.1265411376953,168.0462559111224,160.9835629898582,165.65390615743877,19436500
2024-01-16,160.11622619628906,160.21153041789913,156.5991760965609,157.14245233618308,17206400
2024-01-17,159.25839233398438,161.14559906926118,158.68652340442242,159.4966746905354,11107500
2024-01-18,159.5729217529297,159.67776656824674,157.4951066503195,159.28698002537405,9382300
2024-01-19,162.3274688720703,162.5752918286845,159.24886492376933,159.6968369137711,13115700
2024-01-22,162.13687133789062,163.9192189754784,161.7556253282643,162.47047250401593,12837500
2024-01-23,161.06935119628906,161.79372434351498,160.54512708940132,161.71747224218575,8360800
2024-01-24,162.508544921875,162.99463562700143,160.94541345862262,161.42197810648736,9967100
2024-01-25,164.8341827392578,164.8818421127666,162.89933143231127,164.23370662896446,8873500
2024-01-26,164.2051239013672,164.94856363380785,163.72855922448986,164.51965833333819,7443000
2024-01-29,164.63401794433594,164.73886274782376,163.27105004259295,164.1669939008346,6971200
2024-01-30,168.0081329345703,168.47515705914157,164.72936528572126,164.72936528572126,10822100
2024-01-31,166.18765258789062,169.94298497281716,166.1685859265556,167.94140729707823,11521800
2024-02-01,165.587158203125,166.6451323652847,163.3949577854356,165.5013800519336,9354800
2024-02-02,166.54026794433594,167.57918986851737,165.13916679879398,165.17730011278857,8607600
2024-02-05,166.3210906982422,166.88343358893525,164.81514440685976,165.71108842584943,7820200
2024-02-06,166.8929443359375,167.62684341714058,165.61574003543072,166.4259057485911,6764800
2024-02-07,167.2074737548828,167.6268529930128,165.80638700000247,167.45529669210487,7225500
2024-02-08,166.60702514648438,167.09311591388456,165.43468003475408,166.79764812133146,6060300
2024-02-09,166.80718994140625,166.89298265025462,165.5299998912884,166.79766388202404,6296700
2024-02-12,167.55059814453125,168.52279413115167,165.55856133977713,166.58794275909298,8539300
2024-02-13,166.0923309326172,167.96999709238426,164.52919923319496,167.10266035536173,8397600
2024-02-14,167.7793731689453,167.84609921027982,166.24483419786299,166.86437705636513,7056700
2024-02-15,171.4393768310547,171.7634518732101,167.8937343759437,167.8937343759437,8723400
2024-02-16,170.63873291015625,171.54420281252945,169.80951509500167,171.19154963479215,8152600
2024-02-20,171.30592346191406,172.00171831598985,170.04780036000503,170.7912400437692,9668000
2024-02-21,172.42111206054688,172.50690476436938,170.15267385428854,171.51564198980836,7024000
2024-02-22,174.48941040039062,174.8229969721862,172.7451818115598,173.2979986219762,9296500
2024-02-23,175.36627197265625,176.51955032615737,174.60376559423926,175.19470112930267,7105800
2024-02-26,174.76580810546875,175.81425626734668,173.92704957596644,175.1375279912981,7145400
2024-02-27,174.85157775878906,174.93735591051686,173.69829938040482,174.718140230457,5717100
2024-02-28,175.73800659179688,176.51956515120406,174.38456456464726,174.83252201060458,6131600
2024-02-29,177.33924865722656,177.69190187097396,175.23284088916765,176.95800272580232,9643000
2024-03-01,176.60533142089844,177.70143890302512,176.42424906044945,176.9961179460984,6311800
2024-03-04,177.93017578125,178.7975269592732,175.6331451563437,176.05252438719444,7063600
2024-03-05,179.71255493164062,180.42740199617094,177.62519917623598,177.62519917623598,6617800
2024-03-06,180.6466064453125,181.16130444415123,178.83566647867224,180.37973138798867,7572900
2024-03-07,179.0644073486328,181.57114220733695,177.882536255817,181.00879937810365,7618300
2024-03-08,179.3980255126953,181.5330407077065,179.11208377013827,179.60771515433038,6172200
2024-03-11,179.4647216796875,179.60769981055208,177.49175145743587,178.5020662570391,5762600
2024-03-12,180.94207763671875,181.24708601861974,179.1025449180289,180.09379307200683,5708400
2024-03-13,182.409912109375,182.74349867848787,180.94208466575625,181.437716033799,7795500
2024-03-14,179.1597442626953,182.64820154761136,178.33052629337638,182.07631805894928,10310900
2024-03-15,181.3805389404297,181.99054121239186,177.73957742644203,177.73957742644203,17214200
2024-03-18,183.6299285888672,183.66804736877484,180.98975586451206,181.69507691341752,9013800
2024-03-19,184.70693969726562,184.84037723128353,183.36303829879972,183.6775727454706,8478700
2024-03-20,187.12789916992188,187.34711486243472,184.53538600625475,185.08820281034855,9367000
2024-03-21,189.7299346923828,190.08258791393138,187.12789552103195,187.30899243272455,11203800
2024-03-22,187.404296875,191.08337691916773,187.32804477821512,189.68227554589657,8108800
2024-03-25,185.6886749267578,187.70930458163005,185.25022900773442,187.38524407916947,8620000
2024-03-26,186.55601501464844,187.44243292704115,184.96429064801697,185.46944807092873,5961500
2024-03-27,190.1683807373047,190.2446328340464,187.17555502229447,187.28992589560684,8725800
2024-03-28,190.9118194580078,191.31213205601443,189.23430242605596,190.1397869801665,8628300
2024-04-01,189.61557006835938,191.52182891767458,189.26291683518835,190.61635887297004,7309000
2024-04-02,189.539306640625,190.41618391366802,188.79586689731462,189.09133467432258,7014700
2024-04-03,189.0055694580078,190.2065073077986,188.43368598081162,189.71087593046866,9353400
2024-04-04,187.56752014160156,191.43103611802593,187.47166000683382,190.92293205560827,9243800
2024-04-05,189.29318237304688,189.93550239099562,187.0498531231776,188.0564797235353,6532300
2024-04-08,190.28062438964844,190.7599689797472,189.4561511095411,189.4561511095411,8001000
2024-04-09,189.0055694580078,190.6641123023522,186.85811501755413,189.88757639283557,7351500
2024-04-10,187.39495849609375,188.9288668988633,186.1582413721076,187.4716553790757,7681400
2024-04-11,187.3566131591797,188.44953283112304,185.25709621308906,187.90307299515135,10137700
2024-04-12,175.23876953125,181.1251198648831,174.99909726257042,180.54033357260192,31532300
2024-04-15,175.33465576171875,179.71587214147985,174.67315791633376,176.87814585813857,14766600
2024-04-16,173.3309783935547,175.59348507440095,172.22847723934825,175.34421656606602,16451800
2024-04-17,172.64076232910156,174.8840916689121,171.79711110588238,173.87746502819599,9017100
2024-04-18,173.76242065429688,175.78525548815472,172.53529962629594,173.61862312306104,9557700
2024-04-19,178.12442016601562,178.20111704187556,173.91577601657252,174.86486876991842,13402300
2024-04-22,181.58531188964844,182.27556923453258,178.29700056215378,178.30659681566635,11529700
2024-04-23,184.20254516601562,184.288823684532,182.64947331897505,183.23427432520236,9144400
2024-04-24,185.1036834716797,185.24748097776123,182.31389482622563,182.65902346925535,6964900
2024-04-25,185.3817138671875,185.92817369729963,183.28218231517408,184.30798671411355,9802300
2024-04-26,185.4967498779297,186.81973082192815,185.08450597891687,185.57344675747706,6413700
2024-04-29,185.29542541503906,186.2349366235766,184.48053384037513,185.4871603065969,5387800
2024-04-30,183.8190460205078,186.93478547211615,183.7231712629308,184.8448357100977,8153700
2024-05-01,183.93411254882812,186.42671034800628,182.9083080717364,184.32717863603727,7445300
2024-05-02,183.7423553466797,185.50633976958161,181.6907612697659,185.09411048063117,6501700
2024-05-03,182.6398468017578,184.5764027909394,180.67454593960358,184.06829876150786,8922800
2024-05-06,184.06829833984375,184.2600332249276,181.9783632240918,183.80944819934183,7911100
2024-05-07,183.82862854003906,184.95987461709856,183.7327537819952,183.78069116101713,7688800
2024-05-08,187.56752014160156,188.52620925988919,183.10962159293808,183.10962159293808,9227600
2024-05-09,189.34109497070312,189.42737347784018,187.04024700977476,187.10734763918092,7977300
2024-05-10,190.55865478515625,191.1051000177961,190.07931018916793,190.33814573852757,7529800
2024-05-13,190.52027893066406,191.5940206597629,189.85878111742107,190.58739418867287,7049200
2024-05-14,193.18545532226562,193.2525705878791,189.97385528104797,190.77915069779183,8596200
2024-05-15,193.76065063476562,194.3166920568384,191.5173216973383,193.6647758753469,8370000
2024-05-16,194.1057891845703,196.03274906827554,193.6456224984565,193.86611690223924,8497900
2024-05-17,196.32994079589844,196.5792093322775,194.43174041156257,195.39042954302607,9260500
2024-05-20,187.50042724609375,197.37492849755048,187.32785559089572,195.94647638612952,17373300
2024-05-21,191.2776641845703,191.64195611591128,188.47829360909478,188.86176341948598,14420800
2024-05-22,190.1176300048828,192.6389869781935,189.52324745359738,190.7791278137312,9425300
2024-05-23,188.78506469726562,190.10806039860006,187.97018770099368,189.63829745126534,8069400
2024-05-24,192.4185028076172,192.4664255616402,189.398623253968,189.58077653024836,7356200
2024-05-28,191.2584686279297,192.13087918863567,190.4531733234784,191.60359727675655,6910200
2024-05-29,189.92588806152344,190.769539105649,188.75628625159806,189.82043168100773,6120000
2024-05-30,191.0955047607422,191.59402720097117,190.2039162690166,190.35731003961553,6829100
2024-05-31,194.25918579101562,194.9015057616244,190.1559974279023,191.06674918836447,14417900
2024-06-03,193.48265075683594,194.05785546823523,190.9612936179844,193.95239907688003,6444300
2024-06-04,190.93252563476562,193.63602130368506,190.08887454138957,191.89121473962575,6848300
2024-06-05,189.1110076904297,191.56526408846938,188.78505690537415,191.50773045425237,8351600
2024-06-06,188.77545166015625,189.83959701928046,187.26072130753772,189.11098402804726,7640300
2024-06-07,191.68988037109375,192.61980995746194,188.8713321096013,189.2739797714667,6964500
2024-06-10,191.3639373779297,192.54312090911645,190.24227285385908,191.0092270817566,6070800
2024-06-11,186.33082580566406,189.76293475540382,185.60222730997666,189.73417525086586,9235300
2024-06-12,183.61773681640625,188.5933359833063,183.406824027288,187.9030786059077,12751300
2024-06-13,185.6597442626953,186.54173652510667,182.99458959650315,184.37510431277676,8587800
2024-06-14,185.7747802734375,186.81016629946183,183.5122733191848,183.54103282309364,6874000
2024-06-17,186.92520141601562,187.50042074214187,184.68187237530643,185.48716772913508,8725400
2024-06-18,188.86175537109375,189.78210335662163,186.11032229627904,186.5609073499265,9023000
2024-06-20,190.46275329589844,191.21052959046503,188.00851164927644,188.2769434150986,8731100
2024-06-21,188.19065856933594,189.0247133401474,186.19658364154085,188.5837245804855,20972100
2024-06-24,190.66409301757812,190.99962542574337,188.957627588703,189.6382886582382,9785900
2024-06-25,189.8875732421875,191.8049516055998,189.57120405681215,189.9067364933477,6862500
2024-06-26,189.27398681640625,189.7629276320688,188.1715001746751,189.29316469485687,7758600
2024-06-27,190.94210815429688,191.6036059802996,188.76587978010525,189.28358009107907,7913500
2024-06-28,193.9044647216797,194.23043015450833,191.06675299288662,191.74741410626976,15307600
2024-07-01,196.9626922607422,198.53494195599288,194.28795584220356,194.46051287571873,10205800
2024-07-02,200.20306396484375,200.23182347007662,196.31078822001166,196.80929606300535,7802900
2024-07-03,200.06883239746094,201.68901933140828,199.07178753267723,200.893305615925,5560900
2024-07-05,197.41783142089844,199.90495668701004,197.15756164535284,199.53864617381842,8093100
2024-07-08,197.78414916992188,199.45186733579698,196.6273505271732,197.65882429121405,8707000
2024-07-09,200.1555938720703,202.20890663088076,198.05406339705047,198.2275912793329,9058900
2024-07-10,200.3194580078125,200.4833364513415,198.1793741060949,198.71921243995314,8328500
2024-07-11,199.98207092285156,200.6086806066436,197.98659583908096,198.78671869994315,10658100
2024-07-12,197.5624237060547,199.98206161154934,194.82466361458398,196.6562601537881,15443400
2024-07-15,202.48849487304688,203.99233468764302,199.2783684798156,199.7314503097893,10719700
2024-07-16,205.92994689941406,206.04563705444227,200.58938632777566,202.44026700381434,11557000
2024-07-17,209.06295776367188,209.72812101590785,205.59256190040833,206.1034814139679,11572500
2024-07-18,202.42098999023438,208.84124221450833,201.7076384383101,207.86760619146685,12415100
2024-07-19,202.22821044921875,204.70570108246514,201.39916866530874,203.5970906580946,8095900
2024-07-22,202.71018981933594,204.53215166667349,202.16071673369055,202.883717700245,7663200
2024-07-23,202.7583770751953,203.86697258733173,201.81366000427525,203.42354026627365,5557300
2024-07-24,201.08102416992188,204.39719093826727,200.57975409339878,202.0064718741431,7119000
2024-07-25,201.15814208984375,202.62342813048153,200.56046601291564,201.1388579458968,6403800
2024-07-26,204.5996551513672,205.48653464267102,201.10996020508134,201.7076510542703,8027800
2024-07-29,203.25967407226562,205.92031228740183,202.97047074878532,204.9948645941633,6533600
2024-07-30,207.44345092773438,208.02184290665085,205.2937320559166,205.5540018271571,8850700
2024-07-31,205.13949584960938,208.60025726077208,205.01417096363343,207.04821445631424,9071600
2024-08-01,200.47372436523438,206.13240750216778,198.9506004887708,205.5250819532728,10918600
2024-08-02,191.97122192382812,197.3021480368774,189.8022189578119,196.540593467653,18041700
2024-08-05,187.88385009765625,189.10813588433086,184.0278448440605,187.06445780696276,13927000
2024-08-06,193.12802124023438,195.30667364113896,187.01625639153167,188.3658523579827,10605800
2024-08-07,193.18585205078125,198.3432648205562,192.99305473526,196.1838966420379,9204400
2024-08-08,196.714111328125,197.53351835192714,194.5258241649833,195.18135272592363,7761200
2024-08-09,198.3914794921875,199.0373586273821,195.59586676952446,196.14535459603678,5540200
2024-08-12,198.76742553710938,199.68322380780327,196.32850348454394,198.9795069946796,6936000
2024-08-13,200.45443725585938,200.59903157036632,198.00586566059425,200.2519905060568,6387800
2024-08-14,202.671630859375,203.1729009253771,199.66393691590284,200.2616277015083,6999800
2024-08-15,203.9344940185547,206.19025370793764,203.50069634128775,205.33229307174528,7001000
2024-08-16,206.2673797607422,206.38305522115786,203.97305173253818,204.06945775588053,7931200
2024-08-19,207.694091796875,207.7712136714554,206.1227795694666,206.29629275515234,6090800
2024-08-20,206.7975616455078,208.224279441542,205.98778937957647,207.26027814783114,5640000
2024-08-21,206.87469482421875,207.26028947898703,205.17804304045464,206.71080165097436,5202300
2024-08-22,208.8315887451172,208.99546718718165,206.62401771665034,206.85538330458962,5247100
2024-08-23,210.45114135742188,211.29946728870814,208.70630119288492,209.76670860699275,7214000
2024-08-26,211.28018188476562,211.77181729592928,210.2005050400954,211.12593813281453,5105200
2024-08-27,212.2537841796875,212.48514977076098,211.2994323741788,211.60790511945197,5185200
2024-08-28,213.32386779785156,214.2107620487655,211.29947364118536,211.35731137287664,6506400
2024-08-29,214.21075439453125,214.95302487070535,211.0584657445463,214.15290195541283,6416100
2024-08-30,216.70748901367188,217.36300281845735,213.94079535896643,214.49028314488254,8574100
2024-09-03,212.36949157714844,216.03269949777572,211.34765254186397,214.297494197532,8956100
2024-09-04,211.4344024658203,214.0757712679163,209.39072445966104,213.08283641697943,7389500
2024-09-05,209.79562377929688,212.85150637044612,208.25321569674185,212.22489665150468,8067900
2024-09-06,204.8117218017578,210.86564876332926,203.49103002390277,209.76668787436864,7777000
2024-09-09,209.00511169433594,210.29686985781797,206.46978366297833,207.44343435369325,8935100
2024-09-10,198.1601104736328,210.7692495990519,193.3883068457007,210.73069601813924,28406900
2024-09-11,199.7699737548828,200.22305551650228,194.56437291900994,197.86125540966165,13658700
2024-09-12,199.1626739501953,201.2641897182195,197.51422525926967,200.1748635449911,9054400
2024-09-13,196.9647674560547,200.36769112363794,195.7115627301204,199.41332446960854,10226700
2024-09-16,200.3773193359375,200.71472568909704,198.18903217312973,198.42039779039567,8634900
2024-09-17,201.71726989746094,202.37278371399074,200.18451137690533,200.2519838182576,7573300
2024-09-18,200.05918884277344,203.73203144648693,199.25906599771233,201.48590664975958,8259900
2024-09-19,202.90298461914062,204.2815140938797,199.87602119841407,202.22818666728926,11635200
2024-09-20,203.4910430908203,203.80916530403834,201.9582844621734,202.37279798547686,20885000
2024-09-23,203.82846069335938,204.17550178969574,202.43066158932191,203.40429771900446,7223500
2024-09-24,203.97305297851562,205.28409547271306,202.79697009212555,203.5488900084085,7323200
2024-09-25,202.6234588623047,204.59966469607758,201.10033486830633,204.05981155012714,8976500
2024-09-26,202.22821044921875,204.07909135317036,201.48592526014383,203.5296182097208,7807500
2024-09-27,202.92227172851562,204.79243658632572,201.7943919833347,203.06686603834945,7032500
2024-09-30,203.26931762695312,203.3657236421353,197.87090438559173,198.88310870703359,8663800
2024-10-01,199.5868377685547,201.563043524854,198.76744542730427,201.37988091048814,8540100
2024-10-02,199.8278350830078,201.4280808680096,198.2854417354765,199.62540303508803,5810900
2024-10-03,197.8419952392578,199.0566463684385,196.98403461617457,198.74815887229946,7251300
2024-10-04,204.86415100097656,205.30060702891845,200.68384617399673,203.00192776202576,10211700
2024-10-07,204.5828399658203,206.9106297822478,203.3801626203171,204.67983675803367,6718900
2024-10-08,204.40826416015625,204.97081299762056,202.10958521366825,204.2433814525666,6021800
2024-10-09,206.9979248046875,207.7932570879516,203.07949994464997,203.3898630505735,7024000
2024-10-10,206.43536376953125,208.34608508892396,205.10659358890175,208.34608508892396,7927100
2024-10-11,215.60101318359375,217.87061094482132,208.6855737425154,209.18022188553982,18320700
2024-10-14,214.81539916992188,216.96859791284456,212.2936451428216,216.4836435076752,9048900
2024-10-15,215.69801330566406,218.66593180883564,215.14517299607007,216.92980160195145,9235800
2024-10-16,216.910400390625,216.94919023024082,214.38863162622326,215.63982224842857,6382500
2024-10-17,217.66690063476562,219.05387772032248,216.59030142556307,217.52142025499435,6470200
2024-10-18,218.5883026123047,219.12175531727908,216.38662068393128,218.22944115606336,7000500
2024-10-21,216.28964233398438,218.90839289110613,216.19264554312963,218.44284085419463,5870000
2024-10-22,217.3759307861328,218.50102841802638,214.4468171991565,216.30904010730856,9586800
2024-10-23,216.6873321533203,218.03550481569224,215.8338076592832,216.9298093573414,6180500
2024-10-24,218.21006774902344,218.28766222544806,214.98997837538428,215.15486108792416,6002200
2024-10-25,215.6204071044922,218.83080262847554,214.23344472630617,218.22946395257756,6369700
2024-10-28,218.71441650390625,218.85020313281026,216.2411463063524,216.6291186743872,6843000
2024-10-29,216.19265747070312,219.92681213014208,216.1053692338975,218.43315914614644,6580000
2024-10-30,217.65719604492188,219.5000164952701,214.91235288598315,215.84345686944906,7110900
2024-10-31,215.2421417236328,218.8987017479979,215.14515973125143,217.93848678573673,7829900
2024-11-01,216.23146057128906,219.34485939228048,215.99867714182966,216.83279926451777,6923500
2024-11-04,213.16653442382812,217.02676693348934,212.57488952061908,215.95016767681818,8229600
2024-11-05,214.8251190185547,215.28097736733935,213.37994948734013,213.40904556920853,5600700
2024-11-06,239.62564086914062,240.53735741437822,227.70546946717758,227.9285443241084,23987800
2024-11-07,229.2670440673828,237.2105994098778,228.14194632127268,237.14269869088656,16451100
2024-11-08,229.84896850585938,232.13795371871322,228.68508098059854,232.13795371871322,9502100
2024-11-11,232.08944702148438,234.81490290851687,231.80818000946172,232.7780887124302,9017100
2024-11-12,232.35134887695312,234.19418446972927,231.57541887997547,233.31156391317177,6861000
2024-11-13,233.9031982421875,236.74502378242778,233.07876988293,233.34064938993217,11472600
2024-11-14,234.59182739257812,236.9390048192966,233.7965099040101,235.1252801712944,10172200
2024-11-15,237.92832946777344,239.00492884634573,234.19418940308563,234.19418940308563,11518800
2024-11-18,237.65673828125,240.46946771808433,235.37744681373624,240.30458500761375,9051400
2024-11-19,235.77511596679688,237.77312563640768,234.28146299425183,234.96039616359047,6792700
2024-11-20,233.5346221923828,237.24937439416908,231.4590181077945,237.04568704958282,9015300
2024-11-21,237.3948516845703,238.10289570204407,234.8245995104416,235.9108925350345,8783500
2024-11-22,241.07081604003906,241.6527523940075,235.71691574566026,236.2794645809059,7997300
2024-11-25,242.7584686279297,246.65750617332893,241.56548494002442,242.07953542341588,10295400
2024-11-26,242.4480743408203,243.44707909896903,240.86711845381728,242.95243099918525,6212100
2024-11-27,242.2734832763672,243.63136431157088,241.2841870760072,241.8467358877818,5472300
2024-11-29,242.2056121826172,244.19392806320383,241.94373267843793,242.34139881448183,5494800
2024-12-02,238.8400115966797,242.71964630281866,237.65672182733675,242.04071318917073,8899700
2024-12-03,237.4530792236328,241.54608073886425,237.26879418392127,240.76045697978563,6657700
2024-12-04,236.07579040527344,237.96712436015684,234.94099891212346,237.33667477531787,7346300
2024-12-05,238.09320068359375,239.74204263244474,237.25907854952092,238.00591244621754,6572500
2024-12-06,239.91659545898438,240.28516546835212,237.47242160670785,238.30654360710844,5519700
2024-12-09,236.47344970703125,240.4112768597183,236.4249513096585,239.69355385728022,7076500
2024-12-10,235.55201721191406,240.49855728626576,234.9312762629426,236.5510219454208,9108300
2024-12-11,236.2018585205078,236.91959626812363,234.892475888952,236.6577167818861,7884400
2024-12-12,234.26205444335938,236.75472698403252,233.78679383764873,235.68782146085866,6113800
2024-12-13,232.7199249267578,235.4162702657241,231.9439949098707,234.7858354517975,10392700
2024-12-16,232.3707275390625,233.42792446749883,230.3727179900156,233.36973231358596,9032000
2024-12-17,231.1874542236328,231.8275975615697,229.50951620113162,231.46872125413844,8083600
2024-12-18,223.4378662109375,231.87608388142587,222.62314644125652,231.80818316746954,11322400
2024-12-19,225.94993591308594,229.24761955351914,225.28069654614558,225.28069654614558,11790800
2024-12-20,230.45033264160156,232.01188637341022,224.62117138701748,224.94124306119815,32348400
2024-12-23,231.21653747558594,231.43961233565523,227.81216322118433,228.96635695747324,8611500
2024-12-24,235.01858520507812,235.19317647466937,231.8760903487652,232.2252432886818,3729100
2024-12-26,235.8236083984375,235.93999271034167,233.54431695942878,234.16505795563904,4451800
2024-12-27,233.91290283203125,236.06610154566872,232.81690115537214,235.41626442753616,5730200
2024-12-30,232.11856079101562,233.59281138216528,229.97505601890364,231.58510803780834,5723800
