Date,Close,High,Low,Open,Volume
2019-01-02,104.16252899169922,104.66122075870778,102.23124499130037,104.08092865762191,4247100
2019-01-03,100.92560577392578,104.03561265738105,100.73519803628105,104.0174815518273,4203300
2019-01-04,103.9631118774414,104.12631262828482,101.31552004245263,101.74167378333762,5795200
2019-01-07,104.52522277832031,105.57700663058927,101.5965618955213,101.88670797241824,7749600
2019-01-08,105.4863510131836,105.55888927601646,103.83614358069816,104.89699665114767,3428900
2019-01-09,106.2751693725586,107.19094574772247,105.37753101855816,105.51353850677113,5820100
2019-01-10,105.12367248535156,106.28425700857906,104.24416508075994,106.16638060324446,4282300
2019-01-11,105.34126281738281,105.36846293173822,104.3620171948183,104.51615578791782,2648800
2019-01-14,103.98120880126953,104.4980317619118,103.66386258291529,104.45269362316317,4404600
2019-01-15,106.1663818359375,107.19096577664365,102.82063573945486,103.28305851873259,5097700
2019-01-16,105.90342712402344,107.05494247866892,105.61328103262728,106.07569682609622,2920600
2019-01-17,108.04326629638672,108.07952850795871,105.67675922764269,105.912498191006,4401900
2019-01-18,105.71300506591797,105.9940890442834,104.289474823997,104.79723563653856,8887000
2019-01-22,106.1663818359375,106.18451986049007,104.89699682243703,104.89699682243703,4377500
2019-01-23,107.7077865600586,107.80752494014033,106.01224101629849,106.18451765782683,4012100
2019-01-24,104.26229858398438,107.19096699588275,103.54599879385903,107.19096699588275,6946200
2019-01-25,104.24415588378906,104.58870222196533,103.40091768464693,104.57963321059447,4599100
2019-01-28,104.29855346679688,104.37109172066323,102.94756134727206,104.01747638010055,3590900
2019-01-29,104.91511535644531,105.13272320159186,103.2830461414032,103.7182618316963,3767400
2019-01-30,106.03035736083984,106.15729583360208,104.75189670535578,104.75189670535578,4362900
2019-01-31,108.67793273925781,108.93180966524267,105.83994150574499,106.03034920023363,5746100
2019-02-01,109.61186218261719,109.70253154335153,108.01605514670348,109.09503921703981,4171500
2019-02-04,108.95903015136719,110.47322989852059,107.61710702947356,109.90200670823691,4518400
2019-02-05,109.19476318359375,110.38254756306105,109.16756307072471,109.45770913737428,8832400
2019-02-06,108.14299774169922,109.54839709814848,106.75573640866284,107.59897463900658,7421000
2019-02-07,106.53813171386719,108.1974081063227,105.95783946475093,107.8981929697889,7935000
2019-02-08,108.44219970703125,110.10147584883158,106.49277748450312,106.74666135806464,16195100
2019-02-11,107.00054931640625,108.75049499131815,106.12104197318119,108.07952649006936,7203100
2019-02-12,108.34247589111328,108.71422928195355,106.53812992548171,106.77387580948702,6975500
2019-02-13,108.487548828125,109.05877203681825,107.09121851146809,108.44221068813377,12738600
2019-02-14,110.07833099365234,110.53414188803599,108.300671287605,108.42829778162265,17847000
2019-02-15,111.65543365478516,111.65543365478516,109.75925876840513,110.47032261201716,10366400
2019-02-19,111.33635711669922,112.43030734352358,110.57971638208036,110.58882759150733,17861300
2019-02-20,111.81951141357422,112.17504328949207,110.86230592910553,111.56425151729383,19880300
2019-02-21,111.87421417236328,112.82230155832993,111.03552389231946,111.27254052247001,20798700
2019-02-22,113.04109954833984,113.71569771111348,111.81041154912026,111.88334295999367,19574000
2019-02-25,112.94082641601562,113.65189032086082,112.55794692188705,113.1322661630799,13682400
2019-02-26,113.6518783569336,114.09857800818283,112.42119042385977,112.91346698811365,20790900
2019-02-27,114.57261657714844,115.30191672583584,113.11402323489533,113.4877845186344,32135600
2019-02-28,115.12870025634766,116.47789641804924,114.13502903045432,114.42674768339964,36023600
2019-03-01,117.4533462524414,117.98208855162045,115.39308604687702,116.0038709674172,43290900
2019-03-04,116.19530487060547,118.97574697401848,114.26266429917125,118.97574697401848,59468600
2019-03-05,117.13428497314453,117.48069178304671,115.52071056275855,117.05222844294283,53212600
2019-03-06,115.48423767089844,117.40775306646016,114.30824483883693,117.37129431882931,74822500
2019-03-07,115.17426300048828,115.94914688014664,114.07120176236153,115.23808318574432,60615600
2019-03-08,115.5024642944336,115.75772420762289,114.18061563795891,115.20163442535166,50169800
2019-03-11,112.58527374267578,113.87066360726493,111.68277025686884,111.94714136990748,61771200
2019-03-12,112.58527374267578,113.05931394028634,111.83774426809525,112.58527374267578,8077600
2019-03-13,113.32367706298828,119.19452229899422,112.27531780380501,113.5880481573864,68139300
2019-03-14,112.20240020751953,113.93448282394807,111.68277611810312,113.93448282394807,42768700
2019-03-15,112.98639678955078,113.1869546782623,111.1813827462688,112.22063093766332,47331000
2019-03-18,114.17149353027344,114.27177246821098,112.58527380626687,113.03196646745697,16052200
2019-03-19,115.40221405029297,115.45691609428283,114.08036506511189,114.18976219796842,13726300
2019-03-20,116.83343505859375,117.69036164297889,115.62097658390444,116.26822712664082,7520700
2019-03-21,116.97018432617188,117.58096922844688,115.44777767538304,115.6665649475922,5704300
2019-03-22,116.96109008789062,118.0367972303092,116.16797654775576,117.35308081971387,15332900
2019-03-25,118.39231872558594,119.03957632415303,117.06135868720087,117.24368026516865,5972800
2019-03-26,119.44068908691406,120.45258981553549,118.23734166466397,118.72962521385516,5872900
2019-03-27,117.38954162597656,119.93296029594649,117.16163617880116,119.38599556887225,7675100
2019-03-28,117.55359649658203,118.41963419002587,117.48066510310116,117.90912834590071,6112900
2019-03-29,118.29203033447266,118.45612947872404,117.58096649995178,117.60831403895307,5729100
2019-04-01,117.64479064941406,119.7415234748177,117.64479064941406,119.15808610612004,5132300
2019-04-02,117.89093017578125,118.1188356109399,116.90637702666663,117.63566329097922,3214600
2019-04-03,115.82152557373047,117.82709028591043,115.63007891968424,117.69946381996012,4425300
2019-04-04,114.5087890625,116.09500868978633,113.59716746783326,116.08589052640582,5539800
2019-04-05,115.76687622070312,115.78511255563366,114.50884036032984,115.3110652191749,4656400
2019-04-08,115.92182159423828,116.03121174968175,114.94637967405554,115.32014791881211,3430900
2019-04-09,115.9947509765625,116.79697562277448,115.41131360565886,115.55717642594581,4215600
2019-04-10,115.94916534423828,116.66022915187254,115.71214175665301,116.28646091932956,4227100
2019-04-11,114.0894546508789,116.06767202738594,113.50601733204846,115.64832688917164,5520700
2019-04-12,112.18415832519531,114.17149380574713,112.14769262448266,114.17149380574713,5470400
2019-04-15,113.1140365600586,113.36017139004103,112.2753461588531,112.83142906771137,4549100
2019-04-16,109.35814666748047,113.88890797607705,109.20317263584819,113.88890797607705,6573400
2019-04-17,106.20394897460938,109.44932064038298,105.6478590716372,109.3946255532457,14842800
2019-04-18,105.01883697509766,106.34069286386467,104.05252001547159,105.95781334647957,9805800
2019-04-22,105.26496124267578,105.35612202375661,103.6058099885663,104.87296362441862,7519700
2019-04-23,107.10645294189453,107.47110308562772,105.22851409108469,105.78460399537512,5891500
2019-04-24,107.57138061523438,107.96337829737617,106.86943483588057,107.8357517920391,4254100
2019-04-25,107.78103637695312,108.19126335886047,106.43183320413331,107.34345490181326,3425000
2019-04-26,109.27608489990234,109.32166180733202,108.18213479477615,108.32799759084135,3372500
2019-04-29,109.02996826171875,109.40373654631155,108.7109020157996,109.30345758971946,4097200
2019-04-30,106.69621276855469,106.7873735545073,104.75446090278747,106.30421512934848,7548300
2019-05-01,107.73544311523438,108.96613090875908,106.25861358993212,106.70531319052958,5392100
2019-05-02,107.99070739746094,108.09098634240291,106.53211404619826,107.97247802343591,4168800
2019-05-03,106.57771301269531,107.97249331978486,106.24041042691232,107.97249331978486,5695500
2019-05-06,106.34066009521484,106.73265765797005,105.1099723370692,105.58401250464442,5952100
2019-05-07,104.78182983398438,106.19483969251746,104.3442482349097,106.02163625038511,5127200
2019-05-08,105.97602081298828,106.55945813460276,105.04616975514068,105.61137074819887,2992600
2019-05-09,105.56578826904297,105.88485445073418,104.6359303051187,105.62048334158399,5818900
2019-05-10,105.9487075805664,106.03986838750048,104.1254636213899,105.410846995945,3660500
2019-05-13,104.26216125488281,105.00969066257335,103.80635047080028,104.70885387584994,4284600
2019-05-14,104.78182983398438,105.31968344949169,104.40806149361606,104.59039005786532,3668400
2019-05-15,105.40171813964844,105.60226909928178,104.21660698252117,105.0644155598205,3724400
2019-05-16,107.01058197021484,107.88147825546957,105.03042911925213,105.03042911925213,3914100
2019-05-17,106.35050201416016,106.93721225573002,105.62628002975472,106.06630921386324,3109800
2019-05-20,106.55221557617188,106.61638680870873,105.42462735400751,106.22219009622815,3042800
2019-05-21,106.87307739257812,107.98232703890424,106.8272377979955,107.29477508500572,2611100
2019-05-22,108.15650177001953,108.53235984237325,106.45137248046434,106.45137248046434,3934200
2019-05-23,107.08389282226562,108.13814025584584,106.78137536262078,107.95479591702241,3653500
2019-05-24,107.06558227539062,107.76230348960578,106.75388844502874,107.74396485562825,2086400
2019-05-28,106.12134552001953,108.55069695718883,106.06633661219311,107.34059890296177,5007200
2019-05-29,105.87383270263672,106.15802560260313,104.90209483563858,105.9838435343147,5915800
2019-05-30,106.24968719482422,106.61638293634753,105.38795325136533,105.87382213637444,2392800
2019-05-31,106.2863540649414,107.78980026231882,105.41545083244371,105.73630697319999,6098400
2019-06-03,107.04725646972656,107.9181598403976,106.37804312628062,106.82724179460712,4722000
2019-06-04,107.77145385742188,109.02738436825926,107.6339490885416,108.24816037000286,3122700
2019-06-05,107.27643585205078,108.52319728104091,106.82723720303143,108.20234110316994,4175800
2019-06-06,107.7164535522461,109.03655530624488,107.50560124659505,107.73478519032324,3882800
2019-06-07,108.49568939208984,109.03656719521604,108.0739917289462,108.3490152890632,2726300
2019-06-10,104.44371032714844,106.3413531598035,104.3978707393377,106.3413531598035,8172400
2019-06-11,102.86695098876953,105.96551630956397,102.53692545233687,105.22296234966097,5681200
2019-06-12,105.6446304321289,105.88298369577703,103.13277632705554,103.13277632705554,3793800
2019-06-13,102.50940704345703,105.79132321156173,101.40015745473467,105.79132321156173,8477300
2019-06-14,102.43608093261719,102.90361826125044,101.76686755463034,102.7936074209424,3188100
2019-06-17,103.95785522460938,103.97618686567554,102.06937446435155,102.34439803932445,3032300
2019-06-18,105.10376739501953,105.26878012903121,103.79283483985444,104.1870315380968,2868700
2019-06-19,105.63545989990234,106.33217401004893,104.81955867598654,105.44293924421244,3320600
2019-06-20,105.9379653930664,107.32223812957568,105.66294890514821,106.66218736795172,2840100
2019-06-21,105.87383270263672,106.27719875798246,105.25045197807522,106.10301668969403,4024600
2019-06-24,106.00216674804688,106.47887331994357,105.15877142132463,105.4979662130919,2570500
2019-06-25,105.754638671875,107.1022413688251,105.58045663796915,105.89215043579338,2110100
2019-06-26,102.0693588256836,105.37877556520539,101.40931493633006,105.25043311498618,4677500
2019-06-27,102.18854522705078,102.86692779044569,101.9043593547109,102.4360608264856,3615900
2019-06-28,101.56519317626953,102.51859955785778,100.85930246381547,102.4910985939697,8958700
2019-07-01,103.35279846191406,103.44447064869932,101.42765456286567,102.04186590788034,3236400
2019-07-02,104.69121551513672,104.70038483061569,103.04109542998208,103.42612275043764,2343400
2019-07-03,104.89291381835938,105.85548925429343,104.30620343646378,105.30544914553373,3707700
2019-07-05,103.42615509033203,104.84709868592881,103.17863944811265,104.55374344611961,2444000
2019-07-08,102.2343978881836,103.3986565504756,101.67519535050994,103.10530130379759,2998700
2019-07-09,103.66448974609375,103.9211746604494,102.5369015933008,102.5369015933008,2717700
2019-07-10,104.99376678466797,105.1037776160872,103.28863736544115,103.83867753425685,3339100
2019-07-11,100.67594146728516,102.89444078147845,100.01589046607123,102.24355909809812,6589600
2019-07-12,99.2733383178711,100.35508703447037,96.39478795226866,100.35508703447037,7211100
2019-07-15,99.43833923339844,100.07088921098,98.631607205378,99.2824958167634,4405200
2019-07-16,99.75918579101562,100.09838054237547,98.97996178862887,99.92419850868544,2206500
2019-07-17,98.17323303222656,100.52008142590009,98.16407071004708,100.2450578894563,3507300
2019-07-18,99.31916046142578,99.4475099173985,98.31075240667724,98.85163020509358,3232900
2019-07-19,97.8982162475586,99.48416525392615,97.70570257018016,99.46583361547351,4820600
2019-07-22,98.3382339477539,98.42074379643567,97.05480958282169,98.01737785652085,2894400
2019-07-23,99.20912170410156,100.29086992593272,97.22896957160908,98.54907099327073,5098200
2019-07-24,99.48417663574219,100.5292619947243,98.2374222482913,99.3283332115783,3762700
2019-07-25,98.84243774414062,101.18927877573637,98.71409531235885,99.52998948331637,4596700
2019-07-26,99.25499725341797,100.13506991161042,98.58578393321476,98.93414107289998,3470700
2019-07-29,99.66753387451172,101.0609694448851,99.07165410656077,99.07165410656077,3192500
2019-07-30,99.6400146484375,100.85926792619132,98.09072893461675,99.2824882520387,4664200
2019-07-31,99.87837219238281,101.4918293134998,98.6499494597429,99.06247781165577,5535700
2019-08-01,101.3084945678711,101.51933992542797,99.29167122614273,99.94255292917465,3679000
2019-08-02,103.0594482421875,103.83867235868298,101.01513110105721,101.72101466692868,4477700
2019-08-05,99.6583480834961,103.12360829207762,98.49409669369305,102.1060309934765,4765800
2019-08-06,102.1243667602539,102.78441763748694,99.96086977116296,100.35506643428052,5490000
2019-08-07,101.86770629882812,102.10605262178561,99.49335643443956,101.1801543024665,4231700
2019-08-08,104.48039245605469,105.00293164336013,102.34439611381987,102.63775132433977,4815900
2019-08-09,104.29702758789062,105.01208737804996,102.9952644467183,103.81115873901214,2788100
2019-08-12,104.14118957519531,104.5628872204765,102.9402678681089,103.4994772876238,2318400
2019-08-13,106.06632232666016,106.46968829040854,103.98533527415725,104.07700744933499,5247200
2019-08-14,101.67359924316406,105.8957886242329,101.60906827154722,105.88656790447381,4937900
2019-08-15,101.61831665039062,102.61393662156597,100.6779999127774,101.79346817339676,3939900
2019-08-16,101.88565063476562,102.63237437800144,100.75174800370577,102.27284358928978,3497600
2019-08-19,103.73859405517578,104.11656618639495,102.13453350239394,102.37422297503662,2903500
2019-08-20,102.33737182617188,104.06127401460617,102.2451857093243,103.55424685526957,2074800
2019-08-21,102.75218200683594,103.6556225606317,101.40624541173644,103.24999532831346,2207300
2019-08-22,102.89047241210938,103.49890627309665,102.13453517067168,102.73375534539203,1840200
2019-08-23,100.95455169677734,103.76626674138913,100.3737658391349,102.75220546245785,3870100
2019-08-26,103.04719543457031,103.0840712818142,101.63672768589772,101.96860327774407,2565500
2019-08-27,102.07923126220703,104.06125706838452,102.07923126220703,103.53578855124024,2945200
2019-08-28,102.30049896240234,102.82596758047474,101.21268587177089,101.71049935731581,1744400
2019-08-29,103.48046875,103.60030996799469,101.95937359333038,103.07484149932861,2708600
2019-08-30,104.14423370361328,105.25048103716163,103.1762620117467,104.00595102858249,2870700
2019-09-03,105.05686950683594,105.11217975371686,103.42515392371865,103.74780875277035,3710300
2019-09-04,104.40237426757812,105.55471835441674,103.66487123866135,105.44409079007417,3756400
2019-09-05,105.64689636230469,106.42127518653948,104.41158697207841,105.05689679781607,4045900
2019-09-06,105.13986206054688,106.00641990559744,104.94626209266467,105.81282697106435,2904700
2019-09-09,102.39266967773438,105.5731360402189,101.72891846353089,105.5731360402189,4982300
2019-09-10,102.4203109741211,102.44796609875321,98.08750129250338,99.90359616572528,6589500
2019-09-11,102.96424865722656,103.25002773331643,101.67362190389012,103.04721405350428,3404100
2019-09-12,102.76142120361328,103.63719975812478,102.43876631686426,103.17626219609788,3578500
2019-09-13,102.22673797607422,103.38830267026385,101.62751770340935,103.01033047109006,2842600
2019-09-16,101.52610778808594,101.89485925493953,100.67798433766713,101.79345242572107,1728900
2019-09-17,102.43875885009766,102.5032898227438,101.06515995136789,101.71047671117779,2438100
2019-09-18,103.91374969482422,104.08890819308431,102.48484065115582,102.73375083640417,3132500
2019-09-19,105.4164047241211,106.11703169266626,103.60953057016616,104.04281294501187,3929800
2019-09-20,107.08502960205078,108.07143581229622,105.52705821981881,106.87299520544858,7517700
2019-09-23,105.25970458984375,107.43533049992878,105.06611165293143,106.93751707643314,2611300
2019-09-24,104.40237426757812,105.60081493123033,103.1947199152433,105.42565637935881,3480200
2019-09-25,102.68768310546875,104.95549536698445,102.61393139777313,104.06127525288741,3093400
2019-09-26,103.08407592773438,103.85845468805938,102.04235957120267,103.28688958004209,2266400
2019-09-27,103.59110260009766,104.51297765632344,102.67844123042319,103.57266116029797,1906300
2019-09-30,103.09329986572266,104.58673310959871,102.96423790719878,103.61876842066965,2516600
2019-10-01,102.29124450683594,103.66483622506838,101.7842174998893,103.1946850604475,2203400
2019-10-02,98.640625,101.99624943733215,98.32719087600708,101.71047043800354,4483900
2019-10-03,98.90797424316406,99.65469077759202,97.91234750836115,98.72359501448848,2735000
2019-10-04,99.74687194824219,99.80218923078667,98.64062476422562,99.09234154380844,2865300
2019-10-07,99.40579223632812,100.16172952570388,99.16610274457034,99.84828833904388,1460800
2019-10-08,98.8157730102539,99.86670983601717,97.67264306759952,98.53920772627522,2802500
2019-10-09,98.9172134399414,99.70080596647381,98.53002050407211,99.15689593196797,1636600
2019-10-10,98.5668716430664,99.09234010283528,98.25343752438054,98.66827845401724,2736900
2019-10-11,99.89440155029297,100.61346311202183,99.18455367695043,99.33205709133067,2554900
2019-10-14,99.47032165527344,100.60422405492798,99.45188021516195,100.04187969845427,1341300
2019-10-15,101.12969970703125,101.49845116846997,99.76532844306183,99.88516967885603,1760000
2019-10-16,99.51640319824219,100.9268778528754,99.36890685593656,100.65031254019875,2314600
2019-10-17,99.986572265625,100.90844736344565,99.8022000594004,100.68719930930637,2018900
2019-10-18,100.15251159667969,100.42907694359624,99.47032598319414,99.84829112174124,2207100
2019-10-21,99.47953796386719,100.48437837157574,99.35046898885626,100.36453714956,3944900
2019-10-22,101.2587661743164,102.75220649466456,100.38298756856652,101.38783516991637,5708500
2019-10-23,99.00939178466797,99.33204667811265,93.44126507583265,97.71876517754006,9047500
2019-10-24,99.41500091552734,99.75609721225706,97.9492229782599,99.10156677800414,3304500
2019-10-25,101.59062194824219,101.95015263473057,99.13843811133812,99.63625145417159,4234600
2019-10-28,104.16268157958984,104.34706084792076,101.9778417583304,101.9778417583304,4168500
2019-10-29,102.9457778930664,103.99671481336104,102.7890608336106,103.7109358186654,2987800
2019-10-30,103.91374969482422,104.36546646926827,102.5678130573546,102.66921986862644,2424700
2019-10-31,105.0476303100586,105.7113812892672,103.24997726915741,103.58185275876171,4124400
2019-11-01,103.72016906738281,105.5639192602198,103.53578982808982,105.15829196712404,2629100
2019-11-04,104.27328491210938,105.39797357087556,104.05203687487041,104.39312613366626,3002100
2019-11-05,102.55860137939453,104.24563444289745,101.87641579798381,104.1257861826391,3357300
2019-11-06,104.92782592773438,105.36110835967943,102.79829665017773,102.85360690673276,3973700
2019-11-07,103.9598388671875,105.67452690036221,103.27765334825875,105.3057825333832,3076200
2019-11-08,104.66047668457031,104.69735253176422,103.34219503911969,103.8492291463502,2224100
2019-11-11,103.98749542236328,105.28733542263534,103.4528062723631,104.59592922177747,1770200
2019-11-12,104.32858276367188,105.13061647419562,103.66483169749324,103.95983138986736,2273200
2019-11-13,103.97830200195312,104.66048766322868,103.48048856263873,104.05205370407735,3250600
2019-11-14,103.27827453613281,104.17763761110443,102.91667597024953,104.02001917444785,2627100
2019-11-15,104.94719696044922,105.53131609122866,103.22264668047048,103.22264668047048,4857400
2019-11-18,105.76310729980469,105.81873567049158,104.64122369021305,104.78956836997841,3361600
2019-11-19,106.71809387207031,107.66381857355998,105.46640607191105,105.72601455504919,3781600
2019-11-20,106.26380157470703,107.47840169588689,105.74458449825802,106.58831224748766,3638200
2019-11-21,106.39360046386719,107.10752390788397,105.03992238743149,106.34723876704196,2909500
2019-11-22,107.73796844482422,108.18301653330012,106.35647664580841,106.70880137191061,3120100
2019-11-25,108.91551971435547,109.83342327039593,108.1088729082584,108.1088729082584,2939300
2019-11-26,108.56318664550781,109.50891145269664,108.47974408394484,108.91551854668857,4704900
2019-11-27,108.88770294189453,109.31420364542264,108.12741784885725,109.15658520421033,1798200
2019-11-29,108.80427551269531,109.44403023545105,108.6373832838809,108.69301874268754,1243900
2019-12-02,108.23865509033203,109.63869452325923,107.64526229898541,108.96185211267321,2199700
2019-12-03,109.04531860351562,109.33274129178821,107.4783867634724,107.9234349627407,2786000
2019-12-04,110.02811431884766,110.18573274183002,109.00822083499635,109.66651578433492,2597000
2019-12-05,111.04802703857422,111.18710505450896,108.98042552911055,109.77779860841454,3003200
2019-12-06,110.92745971679688,111.91953885964304,110.8718313584053,111.23342983554927,2462800
2019-12-09,111.48379516601562,112.04010012424278,110.27846893549034,110.82550014016999,2335100
2019-12-10,111.86392974853516,112.32751834502821,111.36325321546657,111.78048012279008,3592600
2019-12-11,111.98448181152344,112.37389460988813,111.2427441585148,111.78050165796041,3438100
2019-12-12,112.83747863769531,113.05073253683575,111.7804970435943,111.7804970435943,2959400
2019-12-13,112.67986297607422,113.29180342663943,111.92885158110951,113.09709703067827,3343900
2019-12-16,113.9037094116211,115.21103256500363,113.17123862745501,114.10768951275597,3468400
2019-12-17,116.20314025878906,117.77933894170611,114.33023802973979,114.96999267193408,6718800
2019-12-18,120.0509033203125,120.51449193354095,118.39126230989939,118.56742117274162,8173000
2019-12-19,121.32115173339844,121.45095598560982,118.99392772557685,119.68004400018124,4423400
2019-12-20,122.78608703613281,127.02329422560287,121.68275789728406,122.84172955992642,9229900
2019-12-23,121.59928894042969,122.92515974573197,121.48803219925256,122.7489938071336,2473400
2019-12-24,121.56222534179688,121.65494873768222,120.65359548205683,121.52514447200507,1215800
2019-12-26,121.59002685546875,122.10924386404977,121.1449857263425,121.46022260332349,1272000
2019-12-27,121.94237518310547,122.17416953229528,121.31188719655493,121.9887368824643,2161300
2019-12-30,121.7383804321289,122.32249250170308,121.33968684255663,121.94236056677468,1856200
2019-12-31,121.8589096069336,121.9423663187545,120.99664148147839,121.62711527459359,1549800
2020-01-02,122.58213806152344,122.62848561638248,121.20990523612704,122.17417771600587,2204200
2020-01-03,122.17412567138672,122.82314678659664,120.74626507032566,120.81117425564628,1963500
2020-01-06,122.6284408569336,122.90659682258715,121.40457441469812,121.84961547118374,2102900
2020-01-07,122.8602523803711,123.24966512789975,122.10924107102281,122.10924107102281,2448300
2020-01-08,123.9728775024414,124.43646613185393,122.39666484435706,122.8139059289101,5188600
2020-01-09,126.02191925048828,126.42987946891026,124.25100746033878,124.75169105480242,4522800
2020-01-10,127.95049285888672,128.20083474102717,125.66036334040109,125.89215771152227,4177600
2020-01-13,128.82199096679688,129.79552976967474,127.84845216391902,128.13587480672294,5117100
2020-01-14,130.40750122070312,130.63929558060315,128.06174343032345,128.86839742314686,4685200
2020-01-15,130.8339385986328,131.37170292166505,129.81403830536524,130.34253595213045,3676500
2020-01-16,131.1306915283203,131.6313752417752,129.66576370143702,131.5015709730284,3794800
2020-01-17,129.41537475585938,131.41808058576947,129.2113946723908,130.620707754283,5393200
2020-01-21,130.6485595703125,131.26049999700138,128.34914963019733,129.34123615355077,4849500
2020-01-22,131.2511749267578,131.89092932559083,130.44453545741098,130.96375231802955,2742100
2020-01-23,130.92669677734375,131.41809955455608,129.69354942114646,130.9637776398725,3138700
2020-01-24,128.9425506591797,131.6499066093823,128.59948544643723,131.52010235655075,3183300
2020-01-27,128.23785400390625,128.97033178739122,127.33849114424427,127.33849114424427,2826400
2020-01-28,129.11871337890625,129.6935729594424,128.16372183495548,128.5902296432498,2649100
2020-01-29,129.73062133789062,130.86177855963172,128.8498059006595,129.35047532207926,2815500
2020-01-30,132.28041076660156,133.25394996037258,128.04321699514517,128.11737874443307,5243400
2020-01-31,129.47108459472656,132.4473310328338,129.3134660942348,132.4473310328338,3913500
2020-02-03,130.73196411132812,131.26046182092358,129.50808361390645,130.29618976581577,5137800
2020-02-04,132.99432373046875,133.57844999866765,131.4552059064676,131.937342098435,3177500
2020-02-05,136.6195831298828,136.62884980990287,134.0049363087125,134.23673063764167,4060900
2020-02-06,136.5731964111328,137.10168002750697,136.1188745165371,136.98115661891666,3285000
2020-02-07,135.74807739257812,136.4990889937085,134.79308558526327,136.4990889937085,2670400
2020-02-10,134.91357421875,134.95066923626405,130.84326612422404,131.19559805258794,4892100
2020-02-11,133.74530029296875,135.23805603025355,132.75321397828375,135.11751847676095,2976400
2020-02-12,133.0591583251953,134.3479337132422,133.0406249725597,134.13468697715317,3953200
2020-02-13,132.1551971435547,133.9632465059333,132.14586821181234,133.14309688482982,3455500
2020-02-14,131.52142333984375,132.63981420545338,131.00884411752503,132.57456857588954,2273700
2020-02-18,131.41893005371094,132.30432536361542,130.9715821535557,131.4282589859836,2858200
2020-02-19,131.2511444091797,132.1924419533509,130.81311133888974,131.98740459189904,3082800
2020-02-20,132.3415985107422,133.09650253675696,131.59600919607246,131.99676931884244,3417000
2020-02-21,132.3788604736328,132.94737067852907,130.78517749036988,131.72647521086634,2900900
2020-02-24,128.75340270996094,131.9594254333025,128.49244869489146,129.80654769851589,4727400
2020-02-25,126.19983673095703,129.76000482735355,125.4635621080423,129.4897359818231,3401600
2020-02-26,124.44770050048828,127.70032659446589,124.24266308362245,126.77765821856967,4659000
2020-02-27,120.40289306640625,125.51015622236525,120.27241600763502,124.26130234256449,4292800
2020-02-28,117.55101013183594,118.17544412933134,113.24525333602483,117.78400587569466,7898300
2020-03-02,123.80463409423828,123.95375480627747,117.62558857606938,119.05152161022629,7355700
2020-03-03,121.44668579101562,126.4234709151299,119.93687808887378,124.21467605889572,6936600
2020-03-04,130.831787109375,131.27913499835122,123.95374754455027,123.98170589880297,5301900
2020-03-05,130.61741638183594,132.2577156212532,128.17562538616298,128.96781665255722,6882100
2020-03-06,131.83831787109375,132.67709686003266,126.33029507705749,126.8615179778037,8010700
2020-03-09,126.48870086669922,131.34432306499102,124.24261901021231,124.90433302462388,5351300
2020-03-10,131.58668518066406,132.27634351570006,125.55675388931438,129.75999219992937,5961200
2020-03-11,130.49627685546875,132.1924786923357,128.04515676657843,129.97436859797122,7211800
2020-03-12,117.44847869873047,127.21566235066847,117.36460365306094,121.89403388084152,7836300
2020-03-13,129.8904571533203,129.8904571533203,119.76912190624789,123.90712841468748,6841700
2020-03-16,120.5799560546875,129.24738592842274,119.52681079290977,122.0897638508474,6619700
2020-03-17,133.45993041992188,133.8234031330191,122.1829473847716,124.1494316071511,8909200
2020-03-18,133.35743713378906,134.20554503278362,124.96027585925917,127.06655221037732,6734600
2020-03-19,124.03765106201172,133.25496511304135,122.20164286658776,132.7983024081984,6554800
2020-03-20,114.07472229003906,123.25475355217188,112.05232085698032,123.17087849396918,9113500
2020-03-23,110.95256042480469,118.2499806895305,109.09790944566959,112.72332214007143,7299300
2020-03-24,114.5313949584961,116.12508510004638,109.42413189267403,114.85758759966727,6827300
2020-03-25,113.64601135253906,117.56033717920874,111.10169458787747,111.94980254625338,6472100
2020-03-26,125.21190643310547,126.50736207591827,113.64599540383999,114.90417087795382,6723600
2020-03-27,124.98823547363281,128.25017583726554,121.344178682951,121.76356817123178,4717400
2020-03-30,129.02374267578125,132.1272481061696,124.42905859659844,124.76457308153051,5057400
2020-03-31,129.28466796875,132.36021435779298,125.37034266493639,127.64438319769458,7560100
2020-04-01,127.14110565185547,127.8587364675083,123.93508219696706,124.88570873787711,3297900
2020-04-02,132.5093536376953,133.08719284434562,123.98171374832759,126.14392142031681,4725000
2020-04-03,130.1607666015625,134.76476551268007,129.04238969616998,131.33506021908457,4013200
2020-04-06,131.97811889648438,133.7395662736908,130.75722338912604,132.59323111606315,4159900
2020-04-07,132.22976684570312,134.9511557925701,130.52423606532685,133.39474572129345,3900600
2020-04-08,136.27459716796875,137.2345388145313,130.94365163627606,132.3882285732479,4006600
2020-04-09,135.81785583496094,136.4422826337487,133.78614006167504,134.68083562793558,4415300
2020-04-13,134.59695434570312,136.61935531633682,133.16170709009916,135.10954773017917,2289000
2020-04-14,140.83193969726562,141.24201445766855,134.25214255333916,137.26244340494307,3809600
2020-04-15,140.89718627929688,142.96618972345289,138.40879331990539,138.80955341379337,3614400
2020-04-16,144.2056884765625,145.00719421901977,141.6613795235585,142.49084361114222,3512900
2020-04-17,146.5916290283203,146.94578718960184,142.62138577659127,144.84882502167986,3709900
2020-04-20,147.05760192871094,149.30368453387675,145.025885668091,145.97651237857664,2562200
2020-04-21,142.28585815429688,145.20296980766366,141.11156456796658,144.83949696754237,4270200
2020-04-22,146.05104064941406,146.58226348619127,143.1246150298043,144.09387094966036,3278000
2020-04-23,149.05201721191406,151.50313677055175,143.52536548393635,146.4890642568438,5692900
2020-04-24,151.84799194335938,153.68399969476832,149.68579865608018,150.9812545304361,4414000
2020-04-27,150.3195343017578,153.31120603850354,149.78831137784655,152.84521453078773,3210300
2020-04-28,146.60092163085938,150.96259503317617,145.93920747575677,149.99333901741622,3270200
2020-04-29,144.60646057128906,147.281246765914,144.14978386108962,147.02960741776906,3240700
2020-04-30,144.121826171875,146.30266260994648,142.85432893744436,144.6437342882412,4175800
2020-05-01,143.18052673339844,144.08455121623467,141.26064437881573,143.26440177508113,2576400
2020-05-04,142.85435485839844,145.38934978723506,140.971745193395,144.13116703339574,2228500
2020-05-05,147.1508026123047,148.39034177040264,142.3604103231328,143.33899536593992,2862600
2020-05-06,146.02308654785156,148.12937718502147,145.7155446787293,147.68202933627558,1964800
2020-05-07,142.5654296875,146.96439024699035,142.33243395541228,146.78731121525476,2330600
2020-05-08,143.06869506835938,143.91680295126088,142.17399941550605,143.71176556812136,1966600
2020-05-11,147.7659149169922,148.62333761355174,142.6679665132296,143.03143933265085,3196200
2020-05-12,146.99237060546875,150.42206146926037,146.87120825594434,148.99612851306154,2329400
2020-05-13,147.18804931640625,148.5114775195621,145.4266022431917,146.3492704133251,2650000
2020-05-14,148.3023681640625,148.8360919330477,144.02314801117626,146.017621799429,2393900
2020-05-15,149.09828186035156,149.36046447692084,146.1018988939306,148.5364680910807,2824500
2020-05-18,147.90907287597656,152.03845543108412,147.11315233048268,151.0739950738169,2703700
2020-05-19,146.72926330566406,149.00465118703198,145.39961883034505,146.86972746182897,2339400
2020-05-20,143.38641357421875,147.4127951348969,141.96312646982366,145.39024579356422,3780800
2020-05-21,142.59048461914062,143.4051223021619,140.1933786601844,143.4051223021619,3049800
2020-05-22,141.54177856445312,142.8526916452091,140.61476655799507,142.53432908100848,2355000
2020-05-26,138.5453643798828,142.10356030801682,137.7962652363207,141.49492529080385,5013400
2020-05-27,136.42916870117188,138.74200480473826,134.4815164935434,138.74200480473826,5376100
2020-05-28,141.0641632080078,142.42191141187968,137.1875911984284,138.04905005745994,3982700
2020-05-29,143.21783447265625,143.8639322654695,140.39936501436975,142.009923072784,9466300
2020-06-01,142.7496795654297,145.12806863161086,141.28894387458072,144.64115197203455,5233800
2020-06-02,144.06996154785156,144.27596419494273,141.4293899557992,142.4032232489355,3269400
2020-06-03,142.8245391845703,144.56618825152447,141.2514441759019,143.58299672716936,3190300
2020-06-04,141.1204376220703,143.77035418866524,140.1840669012462,142.52499370330648,3328700
2020-06-05,139.71583557128906,142.10356869346782,138.90118359644964,140.1746479292883,4578800
2020-06-08,139.71583557128906,139.75328410113198,137.19699687496353,137.41235806928722,4076400
2020-06-09,139.64093017578125,142.0942161896023,139.62219876612207,140.22147528430276,4302100
2020-06-10,141.39190673828125,142.70281936375068,140.30571382696314,140.41808797191484,4940200
2020-06-11,134.9122314453125,142.553016347217,133.94777120145554,142.18783251010493,4547400
2020-06-12,134.40663146972656,137.06593486877134,132.46835173099993,136.27937269525805,3973200
2020-06-15,132.51513671875,133.80731809365903,130.7922044057417,132.96459048881064,3709900
2020-06-16,153.2931671142578,156.77645100855918,145.137376631097,146.37339211607082,15029300
2020-06-17,149.7911834716797,153.9018492152409,149.25744545185898,153.78011648344756,4711200
2020-06-18,150.82118225097656,152.60028023760916,148.13378957515673,149.07015994451658,3631600
2020-06-19,149.76307678222656,152.14145119594966,148.18996715699708,151.90735860732866,6004900
2020-06-22,150.2406463623047,151.20510685029004,148.80800061654472,149.05145180695067,2647300
2020-06-23,149.20126342773438,152.50664995888877,148.83607952533112,150.65264047652445,2771500
2020-06-24,147.03823852539062,149.6226156111683,146.38278212188303,148.46152549291998,3096000
2020-06-25,152.497314453125,152.99358972147394,146.73864105510117,147.60945884330093,3735400
2020-06-26,152.4691619873047,153.36806938167175,149.98777237470463,152.00097688544153,5290400
2020-06-29,152.36619567871094,153.7613927462544,150.78372738499732,153.42429882399657,2640300
2020-06-30,153.73330688476562,154.66031885387167,151.97294000266376,152.73139784653216,3296300
2020-07-01,152.9093017578125,154.9412239784385,152.17893392875357,153.8644036449971,2065100
2020-07-02,153.4429931640625,154.28573498852802,152.03843774449652,153.63027865030588,1960200
2020-07-06,156.27084350585938,158.17167412912477,153.5740923884523,153.99547046645515,2760100
2020-07-07,156.13975524902344,157.66604348564746,154.75393113707412,155.5498373587204,3273300
2020-07-08,158.36834716796875,159.01444509874742,156.2240507226923,156.2240507226923,2781800
2020-07-09,155.85887145996094,159.8852675861787,153.2932253586048,159.07062979929617,2955200
2020-07-10,152.9654998779297,155.56860897040258,152.38495468529916,155.56860897040258,2245100
2020-07-13,151.7669219970703,156.37386282811974,150.7930887423177,154.1359380573642,3455600
2020-07-14,153.45240783691406,154.28577704148907,151.25193136466973,152.51603730198124,2642900
2020-07-15,154.9224853515625,155.88694575495353,153.4711083221876,154.67903418251004,2346200
2020-07-16,154.50111389160156,154.91311914803967,152.25383067742047,154.45429251466481,1486800
2020-07-17,155.4000244140625,156.61729439835233,154.60410392783254,155.47492146624393,2935800
2020-07-20,156.4113006591797,157.03868138178026,155.18465775786552,155.89630838485914,1806200
2020-07-21,154.78204345703125,156.58923162823166,154.27639539578414,156.2521376833601,1540700
2020-07-22,154.35128784179688,155.29703105655315,152.00100336464956,155.00674424101345,1686500
2020-07-23,151.24256896972656,154.93187106991772,150.55900820927644,154.7445855373735,2408800
2020-07-24,149.38853454589844,151.1957369348964,148.36789418968482,151.1957369348964,2247900
2020-07-27,150.2874298095703,151.4485340993982,148.49895914723209,149.44470227345232,2709700
2020-07-28,152.30062866210938,154.8850199205915,151.08335866179067,151.38298973809336,3483100
2020-07-29,151.45791625976562,152.65646926086205,150.8492811986028,152.18828404831257,3108900
2020-07-30,143.26467895507812,148.41471643385546,140.87693144825099,148.36789505374526,6638100
2020-07-31,140.72711181640625,143.58304461086666,139.27574901648987,143.38641481314616,5342700
2020-08-03,143.1148681640625,144.0606115422047,141.59795247983178,143.07741962958536,3615000
2020-08-04,144.99697875976562,146.07379912792845,143.34895752279704,143.62051297110668,3260000
2020-08-05,144.51943969726562,147.46901575637568,143.5456205281127,147.30046161316957,2386400
2020-08-06,143.15231323242188,145.60559914100446,141.3919322848339,144.06059367556003,2176200
2020-08-07,143.19912719726562,143.73286521618533,141.93503565245672,143.22723145583763,2017100
2020-08-10,143.26467895507812,143.72350561955116,141.8882132495382,143.19912616534805,1745200
2020-08-11,141.0455322265625,143.3958176917847,140.64288536984694,143.3958176917847,2103400
2020-08-12,142.8433380126953,143.42388321308175,141.01741819867226,141.19531661100763,2430400
2020-08-13,141.57305908203125,142.73040488846,140.94262011913276,141.9117961909282,2077700
2020-08-14,141.2249298095703,142.73043154304483,140.34044861796866,140.95206497861145,1538000
2020-08-17,142.57984924316406,143.68074123740192,141.4789572489262,142.0058784402682,2704700
2020-08-18,144.06655883789062,144.10418992068603,142.22231991528352,143.16325491798477,1959700
2020-08-19,143.29495239257812,145.28974390410283,143.03149180082445,144.72517728890188,1938800
2020-08-20,142.40106201171875,143.8218826769511,141.94001317176378,143.53959937966803,1830200
2020-08-21,140.4439697265625,142.41053502345994,139.21134702636144,142.40111648351524,3112000
2020-08-24,140.6885986328125,141.5166116309239,139.49360721865614,141.18729301086043,2268400
2020-08-25,140.839111328125,142.37283961773736,140.4909700530696,141.47895444602523,2216100
2020-08-26,140.4439697265625,140.63216823509154,138.70324838291208,140.37811173460165,3029700
2020-08-27,140.17103576660156,142.02467817315778,140.1428088757422,141.68594112532205,3146100
2020-08-28,138.63729858398438,140.34038788901995,138.2985615584094,140.0487004642931,2102600
2020-08-31,139.6252899169922,140.00165802799276,138.34561823905787,138.6467242138768,4430700
2020-09-01,138.59974670410156,140.38751769755865,137.9881302586858,139.83236941993604,2358700
2020-09-02,140.71681213378906,141.14022995214015,137.85636209987743,138.11982271385264,2406800
2020-09-03,140.21812438964844,144.31118263600644,138.75026822640132,143.20088633317548,4226100
2020-09-04,141.99649047851562,143.56785005270746,139.21131683222066,139.98289034875472,4361800
2020-09-08,140.49098205566406,142.37285178110602,139.72882711406433,142.0341146562254,4351200
2020-09-09,142.9938507080078,145.0168546152759,141.43189562524324,141.72358309156778,2328500
2020-09-10,137.58349609375,141.70479536644973,137.11302866472133,141.0273211200463,3961300
2020-09-11,139.34304809570312,140.3780822450593,138.20452488893875,138.8443537394299,3001400
2020-09-14,140.19927978515625,141.62008610957196,138.75965074536035,140.28396046807953,3072500
2020-09-15,141.21548461914062,142.89975145204485,140.59446425761303,141.1025770470536,2923500
2020-09-16,142.04351806640625,143.66191264900706,141.88354652215682,142.75862331720776,3618800
2020-09-17,143.46434020996094,143.66192849166433,140.6321314311747,141.26255606867755,3620700
2020-09-18,145.0639190673828,145.37442928001022,143.05972331202682,143.05972331202682,13209800
2020-09-21,142.25051879882812,144.58404748333166,140.25574158040578,144.12298425410958,3501600
2020-09-22,141.00848388671875,142.6174886456702,140.34041388896054,141.99646825747666,2926400
2020-09-23,140.96141052246094,142.63627296653652,139.9169725392432,141.18723999579973,3545700
2020-09-24,140.0205078125,140.8203081499143,138.6655593788939,140.44392560862042,3424200
2020-09-25,141.38490295410156,141.51663329379738,139.11726027487563,139.6253589115509,2440600
2020-09-28,139.3524627685547,142.62691216133635,139.16426430478083,142.08116820295157,2427100
2020-09-29,137.62110900878906,139.67235419456338,137.31059882370522,139.23951789966708,3308300
2020-09-30,139.2771759033203,139.68177098380477,136.49200252227217,137.75285173369812,5083900
2020-10-01,135.76747131347656,139.9264156213129,135.55106033701364,139.56885581518057,3809200
2020-10-02,136.6331787109375,138.26099225326294,134.8077624997901,135.18413075965339,3880000
2020-10-05,137.9693145751953,138.7596965920074,135.66401215653198,136.5014581561072,2790600
2020-10-06,135.61692810058594,139.0983837524478,135.4287296673572,138.25153387549244,2409200
2020-10-07,140.16162109375,141.0366833599138,138.17624855933707,139.7476075821155,4602800
2020-10-08,144.43350219726562,144.84751583627315,141.61069759406175,143.39846809974688,4686100
2020-10-09,147.61390686035156,147.86794900643162,144.9698814588868,144.9886898239464,4590600
2020-10-12,145.36505126953125,147.86792742252695,145.29917892884606,147.5668356926863,3242700
2020-10-13,141.21548461914062,145.21445718250024,139.7758556449331,143.96301228094595,5963900
2020-10-14,139.69119262695312,141.70479260972223,138.98549149713884,141.4977857963746,2710200
2020-10-15,138.11044311523438,138.2327692640401,136.79313981090056,137.85638663599528,3785900
2020-10-16,137.48936462402344,139.6158860933861,137.37645706194158,138.42089508376822,2918900
2020-10-19,134.36550903320312,138.70321957532934,133.81036087792145,138.31743281351228,3158900
2020-10-20,135.1088409423828,135.6075352985215,133.7162612888745,134.89242993213125,2188700
2020-10-21,132.9635009765625,134.86419338824166,132.86941610634705,133.88561310682164,1983700
2020-10-22,133.28338623046875,133.8573569361062,132.48360039967767,133.17047866789193,3056600
2020-10-23,133.97032165527344,136.15328325510703,133.34930114765913,133.83859133767598,2427200
2020-10-26,133.3304901123047,133.88563833100335,131.7779530647497,133.51867424571606,2947100
2020-10-27,124.10930633544922,128.04242164433495,124.0810794373315,125.16316317611025,11374600
2020-10-28,123.55412292480469,126.17933856055026,122.61318830274995,122.75433711057191,6188000
2020-10-29,124.72090911865234,125.26665301902311,122.67908234999517,124.20339211334166,4099900
2020-10-30,122.75437927246094,125.23844695357599,121.5782105909192,123.97758321524208,4335300
2020-11-02,123.85526275634766,126.03822421040407,122.31213012860071,124.71150258478805,3449500
2020-11-03,123.24364471435547,126.15114436168031,122.98018410050798,125.74653490343313,3628400
2020-11-04,139.81350708007812,143.00327567384187,126.94152511649132,126.94152511649132,12211700
2020-11-05,136.9248504638672,140.02051996293767,136.15327695540503,138.95725893311496,5731000
2020-11-06,134.3090362548828,138.68437725805947,130.88403421496446,136.48259330901027,6229800
2020-11-09,133.9232177734375,136.2002776878727,132.29540500321536,134.1208059910107,5493800
2020-11-10,137.90338134765625,140.38744827350837,135.2969883217073,138.88196143338425,5377000
2020-11-11,136.20973205566406,139.03253677846817,134.90183310839925,139.03253677846817,3046800
2020-11-12,133.3818817138672,135.6801092803287,132.27533304531104,135.1788381298886,3463400
2020-11-13,134.65867614746094,135.44366662320775,133.65616271113078,134.70595308097592,2142700
2020-11-16,132.96572875976562,136.47453990751885,132.4077282257541,135.30178054796664,4957600
2020-11-17,133.5426483154297,134.26144235962752,131.0931088142641,132.0010538690888,3619200
2020-11-18,132.56849670410156,134.69647788039234,132.5306722774044,134.20467374555338,2795100
2020-11-19,135.63279724121094,136.08676252625023,131.38628731083605,132.64416238283525,4626100
2020-11-20,137.60003662109375,139.11325945782073,135.09373829788012,135.09373829788012,5063800
2020-11-23,135.60446166992188,137.72297652230012,133.5048518206541,137.64731321595804,3794200
2020-11-24,137.0419921875,137.74186679953996,135.3490711642656,135.61388546475706,4127000
2020-11-25,136.90011596679688,137.4581164301973,134.87617009728567,137.04197559942568,3223700
2020-11-27,139.44427490234375,139.89824027859575,137.47707236351965,137.75133920319504,1754000
2020-11-30,137.75132751464844,140.13467079251217,137.0420003607495,138.4039108052431,5842200
2020-12-01,137.66619873046875,140.0306223537079,137.38246500942074,138.73492282618776,3954400
2020-12-02,137.28785705566406,139.11318463837682,136.550158252866,137.4770080046111,3757400
2020-12-03,136.2948760986328,138.55526517162087,135.36802580582577,137.7986465028536,4059600
2020-12-04,140.3994903564453,140.65485218215687,136.19081863893243,136.25702943612737,3058600
2020-12-07,139.42532348632812,140.2859771055063,138.53629793959865,139.31183577612293,2637200
2020-12-08,141.20338439941406,141.9978272886895,138.94299594909432,139.0091923075522,2754400
2020-12-09,149.4315643310547,150.32058987089232,145.34583361979125,146.20648723229755,8364400
2020-12-10,152.26890563964844,153.2146752398947,149.60182843993053,151.20018137335452,6430600
2020-12-11,151.36094665527344,152.43912332387103,150.43409657241176,151.05830791509916,3441900
2020-12-14,149.34645080566406,153.48891100288648,149.2707875212053,151.97568860759878,4390100
2020-12-15,158.3502197265625,159.10683840045255,149.47890942988684,150.78406185026378,6974300
2020-12-16,162.71966552734375,163.79784231371187,157.70708366986776,160.48764865347476,6009900
2020-12-17,163.26821899414062,164.46933605687306,161.82119258683335,162.4170176519425,3521100
2020-12-18,162.1049041748047,163.5141060784825,159.83506290022052,163.164175943403,7356400
2020-12-21,159.62696838378906,159.83503881959643,156.8085794323486,159.72155110235485,3655900
2020-12-22,157.67869567871094,159.25812904685583,156.87478581342813,158.61501269966766,2447900
2020-12-23,156.50595092773438,158.88929438426203,156.49649842690772,158.36911821281566,1697300
2020-12-24,157.62193298339844,158.83251667100117,156.8558620720103,156.8558620720103,627200
2020-12-28,157.4706268310547,158.51097908714232,156.25059048645898,158.14212954749266,1482000
2020-12-29,157.5462646484375,158.65281308844646,156.91260089721672,157.5935560035754,1712000
2020-12-30,157.9530029296875,159.2581698206962,157.64089717612885,158.3596914320705,1413300
2020-12-31,159.6837158203125,159.96744955107053,157.27200075581482,158.0097142283045,1643600
2021-01-04,156.5248260498047,160.28898398897095,154.25498540226505,159.8539381733184,3164800
2021-01-05,157.30038452148438,157.62194267643224,154.3495739741073,156.23166040682594,2322600
2021-01-06,155.40882873535156,158.2082979697504,154.13203432212484,154.14148682049344,3619700
2021-01-07,156.8369598388672,158.05699615904848,153.00659043066472,155.27643148596377,3025500
2021-01-08,157.38551330566406,157.81110671427237,155.7114971717535,157.2058147832677,3438100
2021-01-11,175.8563690185547,179.0341548606451,172.14895460799858,174.96734345093176,11396500
2021-01-12,169.10362243652344,174.24861182804506,167.81737508864305,172.87723424079087,7179300
2021-01-13,175.4402618408203,177.44528878669976,169.6143176067455,170.07774990876243,7303900
2021-01-14,176.56570434570312,178.71260507950444,174.57013019034088,175.2227134324745,4413200
2021-01-15,180.42445373535156,181.37967574662395,176.66974762048966,176.66974762048966,6624600
2021-01-19,187.71633911132812,188.69994753988345,183.5455062998891,185.37083463225494,7729100
2021-01-20,190.34556579589844,190.82791748053006,187.9054787359245,187.99060895934605,5335800
2021-01-21,191.37649536132812,193.61796482448582,187.27184409299466,192.65327573612822,8698800
2021-01-22,194.96092224121094,195.33922426498287,189.68352675119863,191.0832615567114,6128800
2021-01-25,200.83416748046875,201.0043990705516,196.80518000626589,196.9470540959662,5959100
2021-01-26,201.18409729003906,201.66643455918103,199.17907048737305,201.0233182003251,6601500
2021-01-27,196.3134002685547,200.52207204804537,193.97734823216237,199.62359382588647,7358000
2021-01-28,198.72512817382812,200.35185324039182,196.31342694226856,196.7201009932592,5460400
2021-01-29,196.6916961669922,206.17776368092734,193.37205021308498,200.46532189935542,8401700
2021-02-01,192.12362670898438,198.50757120136447,192.08580227657848,198.1008972199841,5383800
2021-02-02,186.84622192382812,194.73393616684564,186.64761840842772,193.29637690343208,5314600
2021-02-03,186.27880859375,189.7119428307583,186.21259778696805,187.08270418917044,3679000
2021-02-04,190.68601989746094,190.93192917502384,185.03032298294872,186.1368714380949,2924300
2021-02-05,190.827880859375,191.91550981125326,189.95777481161346,190.68600680176394,2732200
2021-02-08,194.6110076904297,195.23520463637567,190.96033658740765,191.40484943805453,2909300
2021-02-09,190.7711944580078,193.83547875958334,189.456575276842,192.70055811339614,2661300
2021-02-10,193.3057861328125,194.40288198138927,190.7049205647677,193.38144940836548,3062700
2021-02-11,192.39413452148438,193.91367668275944,191.48239763146634,192.66954673788416,3544700
2021-02-12,196.8672637939453,197.75051008327674,191.0359891608854,191.51084870589537,2611300
2021-02-16,195.41419982910156,197.05722433150373,193.3723095290657,195.62313919366642,2741900
2021-02-17,196.0790252685547,196.29745661896288,193.99913797763827,194.7019208854466,3329900
2021-02-18,191.00753784179688,195.09133366304232,190.84608730243633,194.97737198621516,3919400
2021-02-19,190.8175811767578,192.67903719725737,190.2572503230577,191.01702858635474,3434900
2021-02-22,190.5896453857422,191.4728917925828,188.00642244944814,189.16506656118298,2263600
2021-02-23,192.29916381835938,194.03715191260756,188.6902275047517,190.2382746333504,3287700
2021-02-24,194.23655700683594,196.07901440431186,191.49186935051577,191.52985173873967,2848800
2021-02-25,193.57179260253906,195.21480291625068,191.60586671670578,193.3343627800896,2386700
2021-02-26,194.58795166015625,196.5823676266467,191.9002447874935,196.30694096410386,3887900
2021-03-01,196.08848571777344,197.76949242794365,194.4834582676091,195.43317728033952,2797400
2021-03-02,193.8756561279297,199.39352176985128,193.83767374028938,198.38682184440398,3445300
2021-03-03,191.84326171875,194.037110561339,189.66841131614726,193.14437227231443,3660300
2021-03-04,190.45668029785156,194.44551249562812,188.6237292141044,193.54326767040047,4308400
2021-03-05,196.51588439941406,197.22817376053817,190.77958712078276,190.91254722186338,3875900
2021-03-08,196.62037658691406,200.28629349802858,195.9460840298254,196.59188616853373,3300300
2021-03-09,195.7466278076172,201.49243195152297,195.69913894859678,197.86449759752801,4227300
2021-03-10,195.11981201171875,197.5795813281796,194.11311195117898,196.4874100153069,3400200
2021-03-11,194.8918914794922,196.82931235143946,193.99915307587014,196.1265148973706,4037300
2021-03-12,197.61756896972656,197.97846689589537,192.10919482026847,194.58796246294636,4541400
2021-03-15,179.64891052246094,183.46677176499102,178.7371735965696,183.30532121915368,12388500
2021-03-16,181.3013458251953,181.98514464385866,177.81587893949919,181.90916538716704,6194200
2021-03-17,177.341064453125,180.2851998078476,177.17961392602365,180.19022208999263,5134200
2021-03-18,174.68185424804688,177.68297054831717,174.55840060012852,176.66677848904044,4240000
2021-03-19,175.02374267578125,176.45782792340685,174.63436882252284,175.41313102060442,6048600
2021-03-22,176.49581909179688,176.5623063941747,173.98856089194916,174.7958280380389,2666600
2021-03-23,174.44442749023438,177.27460133144427,174.03605516258486,176.03047141400756,3284700
2021-03-24,171.11085510253906,174.59632178009397,170.77846217736922,174.4633617117139,3931500
2021-03-25,173.88406372070312,174.40641211554353,171.15837458521287,171.89915431187268,2630500
2021-03-26,175.99244689941406,176.5622841650959,173.44720662691276,174.79580603135855,2868200
2021-03-29,176.9706573486328,178.2337855172619,174.28295049995697,175.37513618293104,3002600
2021-03-30,176.17291259765625,177.4645312966332,175.42264080169608,176.20140301449237,2523600
2021-03-31,177.42657470703125,178.49025573444024,175.94500035826815,176.2394255276669,3621300
2021-04-01,175.92601013183594,178.61371751706173,175.37517119326563,177.4265683800309,2340400
2021-04-05,175.59353637695312,176.55274730108138,173.8935458299216,176.25833674474308,2864800
2021-04-06,173.60861206054688,176.29631819739578,173.3142015299607,175.40358014235397,2488400
2021-04-07,173.15283203125,173.96957672819175,172.10813499075087,173.7036564799859,3406600
2021-04-08,173.42823791503906,174.71985671263124,173.2952777957972,173.7511389915456,2393200
2021-04-09,175.2136688232422,175.83098039527727,173.23825150454275,173.35221315068773,2611200
2021-04-12,172.67796325683594,174.6913634559548,171.78522483147088,174.20699735749687,2876100
2021-04-13,173.3522186279297,174.4064073627659,172.0700921020393,172.0700921020393,3089100
2021-04-14,173.79864501953125,175.19473365524306,172.8964145147379,173.40925659916155,2002100
2021-04-15,176.57179260253906,178.2812900674116,174.18800261835557,174.54888606147614,2586600
2021-04-16,179.73434448242188,180.73155246240725,177.48351479251838,177.95837435521963,3731800
2021-04-19,180.104736328125,181.28239327344522,178.61368482057634,179.7248544704418,2966400
2021-04-20,181.0259552001953,183.77064277358528,180.60807648454065,180.83601428168768,2460900
2021-04-21,181.34884643554688,183.3052653246882,180.25667534432716,181.9281756252835,2219800
2021-04-22,177.64498901367188,181.65280541708594,177.3600703397126,180.4466579092123,2982600
2021-04-23,179.2310028076172,179.62039114504478,177.62597509268872,177.62597509268872,2482800
2021-04-26,177.80641174316406,179.16450310542152,176.70473410496422,179.08853832970604,2797500
2021-04-27,173.0483856201172,176.52434775856065,171.69977126210225,174.74837704222693,6838700
2021-04-28,171.47178649902344,172.8488762964794,169.60083871165406,172.32652789287516,4682800
2021-04-29,173.03884887695312,173.4472357005113,170.9494693718328,171.95616948392748,2432500
2021-04-30,173.5802001953125,174.70086201127316,172.0796419651196,172.69695371234315,3103900
2021-05-03,176.57179260253906,176.98017939571986,173.7226349916065,173.7891222918128,3197000
2021-05-04,178.73716735839844,180.52264425968806,177.38856770650153,178.1008571735182,3703500
2021-05-05,183.11537170410156,183.83716763010835,178.70867483308442,179.1645360289645,4274400
2021-05-06,184.1410675048828,184.34051492659836,179.8008580043097,181.91872790524846,3101600
2021-05-07,185.59413146972656,186.40139861742946,184.1505541725158,185.0243086227294,2526700
2021-05-10,184.96731567382812,186.72430208068218,183.77067463733934,186.3064232925721,2242000
2021-05-11,184.9578094482422,185.9075286238429,183.30529286573366,183.6661907897626,1850200
2021-05-12,183.48577880859375,185.81258835946204,183.03940954677225,184.95784672577736,2397400
2021-05-13,185.95635986328125,187.07243967152465,182.91336594448725,183.3903238739383,2174300
2021-05-14,187.1678924560547,188.17904123675822,185.937332482855,186.6909343854885,1823700
2021-05-17,186.5192108154297,190.41119018639466,186.09948540940343,187.42542818447495,2466000
2021-05-18,185.66070556640625,187.3014425144585,184.65909069436424,186.013649885318,2369400
2021-05-19,187.45404052734375,188.29349132159462,184.21073173145382,184.68768976353198,3070500
2021-05-20,190.33486938476562,191.81344218187488,187.12971085614063,188.0740929910797,3494400
2021-05-21,190.66876220703125,192.61474472291943,190.27765309734028,190.78322748572904,2579000
2021-05-24,191.75619506835938,194.23636789196348,190.821346924546,191.73711267312163,2074900
2021-05-25,190.03915405273438,192.54795788779987,189.9628390231031,192.1473003433347,2919100
2021-05-26,191.72755432128906,193.1107294099094,189.1138196196941,190.04865308877805,2891300
2021-05-27,190.0200653076172,192.09960976767965,186.49057899981548,191.40324060391208,9340300
2021-05-28,190.5352020263672,192.9581424519671,189.38095717135823,189.94376416216235,2386000
2021-06-01,189.27598571777344,191.63215908783175,187.61616685923,191.0884346092958,3070200
2021-06-02,189.9532928466797,191.66079603824778,189.11384213050175,189.83881303181735,2030300
2021-06-03,193.3587646484375,194.25544799117696,189.45725181559274,189.81974454281146,3066600
2021-06-04,192.71011352539062,195.02812240823425,192.01374436850088,193.4446183620398,2817700
2021-06-07,212.26541137695312,222.57724193017023,192.52888524315966,192.681515310153,17231400
2021-06-08,210.5292510986328,212.02690615417256,207.35270918044952,211.49271554131337,4618500
2021-06-09,215.5850067138672,216.2813612883035,210.10952386970166,211.1493033271724,4934900
2021-06-10,222.77749633789062,224.98105412995784,215.82345634776817,216.51027690921242,5598200
2021-06-11,213.76303100585938,219.00956895822503,211.3496247122194,216.5675463492931,5636000
2021-06-14,215.68040466308594,216.21459527249505,212.7423417557334,213.89657191772042,2720700
2021-06-15,213.2193145751953,216.2146103197823,212.59926042386277,215.68041967319664,2188900
2021-06-16,210.58648681640625,214.02059017172908,210.0522961957122,213.22883816048514,2548800
2021-06-17,211.9696807861328,212.81866544399546,210.11908141704714,210.11908141704714,1890700
2021-06-18,208.4783477783203,210.8631378134061,208.25895117066133,210.27169998689462,4016600
2021-06-21,212.408447265625,213.4577605559282,208.02997686950755,209.00297514273404,3671300
2021-06-22,211.23519897460938,213.30519531645368,210.34804936775862,212.3703615455962,1658800
2021-06-23,207.09519958496094,211.99832795686098,206.9998021488254,211.95062923879323,2419600
2021-06-24,222.23382568359375,228.33888264592758,219.8013368192437,224.09395908964828,12290500
2021-06-25,219.61053466796875,222.72984394967293,218.81878267019783,222.376885144747,6992200
2021-06-28,217.70274353027344,219.28624782252882,216.42449939076351,218.44679695808398,2507500
2021-06-29,218.79971313476562,220.73616149344113,217.34977126251036,217.7313318487663,1621200
2021-06-30,218.9428253173828,220.211535465291,218.50401751098573,219.48654992042665,1786700
2021-07-01,220.47860717773438,220.83155143584324,218.12243352064453,218.93325337786797,1977300
2021-07-02,223.17819213867188,223.41667113693464,220.66938841915487,221.2798940724834,1994000
2021-07-06,224.57090759277344,224.7235376492578,222.4818291809044,222.86340432211526,3125400
2021-07-07,224.95252990722656,225.6870349163292,222.70128704660155,223.8650514434305,3141500
2021-07-08,226.1925811767578,226.33567732524867,221.40393283050494,223.05420360941346,2431500
2021-07-09,224.16073608398438,227.4803598365655,222.02395890860603,226.2402660701013,4030100
2021-07-12,225.1337432861328,227.03204164748894,224.31337482232524,224.3324572207222,2928600
2021-07-13,224.45645141601562,225.74422936128315,223.24497394647622,225.1051073489319,1974000
2021-07-14,225.45803833007812,226.29747445979945,223.91268460885976,224.92383317676186,2103400
2021-07-15,220.8029327392578,225.11463703826,220.05887944037016,224.17978889916304,3611200
2021-07-16,221.74732971191406,222.30058820780224,220.55493465842395,221.7854799491601,2229100
2021-07-19,223.3498992919922,223.50252935055389,219.94442662450493,221.19405429832136,2305600
2021-07-20,224.18934631347656,226.7935329634182,223.15911526879998,224.17026391757423,2297800
2021-07-21,226.35475158691406,226.43106662381933,222.82526482477402,225.48669897277722,1651500
2021-07-22,227.49945068359375,228.6536809868423,225.47713870041085,226.34520582474102,1703500
2021-07-23,232.8985595703125,233.28013466106438,227.5661732191171,228.2529938268691,2448100
2021-07-26,232.0019073486328,233.97650581957984,231.39140171563437,231.39140171563437,2678800
2021-07-27,232.3548583984375,232.81273399768946,231.47725743503665,232.4788721348277,2116500
2021-07-28,235.14981079101562,236.9527113174632,231.45816079771868,232.1545153514254,1688000
2021-07-29,234.0242156982422,236.8001147714144,231.07661873053306,236.09421168635524,1924100
2021-07-30,232.278564453125,234.61565592767215,231.44866212498727,233.61404113697932,1905100
2021-08-02,235.2356719970703,236.46621713098966,232.99396375994374,234.40575524779268,1958900
2021-08-03,244.19296264648438,247.4171888361537,232.27854653882878,233.47094154159484,5406200
2021-08-04,250.3743133544922,258.1773386142107,243.64920318943877,244.20247617118633,3892400
2021-08-05,252.01499938964844,253.2741751416949,249.2867852602144,251.14693258079205,2262400
2021-08-06,251.2996063232422,252.09134370910223,248.72402175595226,251.36638742274445,2155200
2021-08-09,254.84812927246094,260.45715840839756,252.31070994376591,252.38701039304496,3238500
2021-08-10,257.0326843261719,258.58754299196823,253.91336029633882,254.45709941673996,2060200
2021-08-11,251.92926025390625,258.4540432062731,250.55561867328052,257.16625058553524,2813300
2021-08-12,252.13970947265625,253.16370208893946,250.24484708782163,251.8813310950321,2100900
2021-08-13,252.847900390625,254.26426495877476,251.709072834891,251.83348698546357,1482300
2021-08-16,258.3315124511719,258.6377581921262,252.90533207346735,253.48911484248663,2623200
2021-08-17,260.9823913574219,264.0065024581381,255.6902042324692,259.4990591236983,2096100
2021-08-18,256.9725036621094,262.9441773591885,256.50358506219493,260.3124388891157,2527400
2021-08-19,258.771728515625,260.1593844832722,254.01545693413058,254.70449526482682,1901000
2021-08-20,259.2598876953125,261.13559238564613,257.4894385862005,257.7956844310092,1536800
2021-08-23,256.3027038574219,261.1738105273819,256.18786899765126,260.59002771661,2438800
2021-08-24,251.4698486328125,255.93903316257425,250.5224318622722,254.75236737279022,3736000
2021-08-25,252.5225830078125,253.14462469772366,250.05354565832283,251.4794606528401,2388500
2021-08-26,250.08218383789062,254.1685459516724,249.37398698902024,252.646925925156,1732900
2021-08-27,248.5797119140625,251.8143630787888,247.46001373965714,251.23058032993805,1839700
2021-08-30,251.02967834472656,252.71400105244086,248.4457768458655,249.8047243405363,1300700
2021-08-31,247.18255615234375,252.30249165254966,246.7710255912579,251.53687717104617,2733400
2021-09-01,246.33078002929688,247.64185995880473,243.5459325923759,247.4217695563105,2956800
2021-09-02,248.407470703125,248.56059357512993,245.44077711908272,246.34035573886072,1469700
2021-09-03,248.36920166015625,249.76640781680086,245.73746233222496,249.61328493309676,1124500
2021-09-07,243.8426055908203,249.60372611626457,243.46937770144942,247.8619862307995,2403700
2021-09-08,243.880859375,244.713455832414,242.77074050018146,243.65118967855494,1542400
2021-09-09,229.67909240722656,243.09618347741102,229.36328190285423,242.39756572413123,4976600
2021-09-10,229.2005615234375,233.4017737371952,228.3105621768749,231.78444802301445,4633500
2021-09-13,227.72682189941406,230.77962750750427,225.0376503145071,229.71736114269567,2832800
2021-09-14,223.0662078857422,229.47807856046612,222.0039416761574,228.45410037069757,3826000
2021-09-15,223.67869567871094,229.08573243704615,223.03751004025523,223.53515210390805,2802500
2021-09-16,221.1043701171875,224.59741460580653,219.85070757622123,224.01364640704344,2958700
2021-09-17,220.20481872558594,220.90342182245362,218.41522600531616,219.83159081327554,4480000
2021-09-20,221.6785888671875,222.72171117201682,217.51564974988543,218.28124959477577,2803400
2021-09-21,220.2717742919922,223.6691131162238,219.8602730086782,222.0804962031036,2172800
2021-09-22,218.48219299316406,221.0947880235701,217.79315469463495,220.10908329701323,2529600
2021-09-23,222.1953582763672,224.12849458094968,219.16168224439397,219.43921930432535,1912300
2021-09-24,221.71685791015625,225.26732000195778,221.39148272834862,222.75999479698987,1642500
2021-09-27,216.66390991210938,221.12351521624646,215.90788942274438,220.08039297806636,2785900
2021-09-28,212.07029724121094,216.66386587826938,210.73049421990342,216.65430117620664,3583300
2021-09-29,220.45359802246094,221.48715544951432,214.90301833018162,215.7164707670829,3971000
2021-09-30,221.1139373779297,226.96118375097453,220.87468836856223,222.76953643402433,3786100
2021-10-01,219.71670532226562,221.71682343203338,215.75474251709605,221.06607316961322,2215700
2021-10-04,215.1805419921875,220.29089678441554,214.57762987983955,218.0036770821008,4784700
2021-10-05,220.99908447265625,222.5589926622056,216.44378866236917,216.70218167717928,2802000
2021-10-06,218.05154418945312,220.9225321861406,216.32894847092064,220.64499516900474,2462700
2021-10-07,223.15231323242188,224.04232707770245,219.15207708783927,219.2669119313853,2001800
2021-10-08,223.879638671875,225.66921645585816,221.5924188967341,223.38199668071726,2563000
2021-10-11,223.62123107910156,227.75546039258867,223.5542489591897,226.52092749928406,1892300
2021-10-12,222.76954650878906,224.96107571116343,222.00394672366875,224.606977231517,1719200
2021-10-13,226.2721405029297,227.68849051877967,222.78867558658493,224.00406461640367,2105700
2021-10-14,226.51138305664062,228.18612603801031,224.04233165179502,226.81761417988199,1824700
2021-10-15,227.6502227783203,229.0091554034666,225.67881327138136,227.20999817456274,2598300
2021-10-18,228.7029266357422,232.22467991938743,226.52097666974748,227.71722180911308,2546000
2021-10-19,231.88970947265625,232.11939378053629,228.7794723244598,228.7794723244598,1573200
2021-10-20,233.23910522460938,235.3253498436342,232.5883402426201,233.24866992927005,1537500
2021-10-21,230.79873657226562,234.41618048788598,229.5163653646332,234.41618048788598,1717700
2021-10-22,233.2677764892578,233.54529890588557,229.25796088724184,230.59776405735562,1960700
2021-10-25,234.51190185546875,235.67943828872745,230.17671060508758,234.1386739532042,2763100
2021-10-26,237.75611877441406,238.21547282402972,226.8942069537755,233.9855517190889,4533000
2021-10-27,239.41171264648438,243.517234094001,237.64127862258837,237.9188010665153,3181300
2021-10-28,242.45497131347656,245.7087522599088,239.3255899320902,239.40215137351942,3386500
2021-10-29,243.80430603027344,245.44077568473605,240.94289721473223,242.86645399927536,3152000
2021-11-01,238.5886993408203,245.45037434275164,237.38288949161074,244.13927973407732,2735800
2021-11-02,245.80445861816406,248.14908158289055,238.67482586078737,240.4452745191833,3987800
2021-11-03,254.8097686767578,255.31697539725062,246.6753025372164,246.6848526378441,4382900
2021-11-04,259.345947265625,259.45120281981804,253.86234901067405,254.0633392226487,4133400
2021-11-05,253.6039581298828,257.9008611313999,247.44090111287628,257.42236309719254,3745700
2021-11-08,249.32615661621094,255.43179552181672,248.00549751685432,252.63735446467965,2386100
2021-11-09,250.75205993652344,250.88605338354688,247.27818928632735,249.3261453642755,1963800
2021-11-10,253.2689971923828,254.5609476927661,250.35017094039222,250.73296351693503,2215100
2021-11-11,251.3358612060547,252.95318676350843,250.68511094293243,251.03919478594895,1739400
2021-11-12,249.29083251953125,252.0463244852884,248.5995569256804,251.33585737217456,1964000
2021-11-15,248.11952209472656,249.25243710880326,246.900201288054,249.0412424824787,1903200
2021-11-16,247.4378662109375,249.96294301229207,245.77689131822933,246.7081782014117,2565700
2021-11-17,250.7598114013672,253.9953553316348,245.8536968483577,246.56416402354088,2873600
2021-11-18,250.90380859375,253.27526516340873,249.45407238398013,251.54709076367052,1689200
2021-11-19,250.2990264892578,259.9960496513351,249.91496159963953,255.8004015025878,2786800
2021-11-22,250.04933166503906,253.457687012642,248.79159855592158,251.75831454384206,1995400
2021-11-23,251.5086669921875,252.27676725718348,248.90679510083115,249.1180190112014,1986200
2021-11-24,251.5471649169922,254.36987208868982,249.67495101534243,252.28643420480284,2518500
2021-11-26,249.9821319580078,255.2723113725,248.69559684396347,251.3550728670217,1495500
2021-11-29,244.6631622314453,251.85434229627666,244.34632633713198,249.64608679651136,4041700
2021-11-30,238.14404296875,243.86626572870594,236.64628399567852,243.16539434259232,8265900
2021-12-01,239.19056701660156,245.11440329323,238.0000335152149,239.48819672944438,3241400
2021-12-02,237.99041748046875,240.00662567797104,235.3405229208741,236.6846763692231,3817700
2021-12-03,235.78219604492188,243.36700708721506,233.381937531536,242.0708762799959,4169700
2021-12-06,236.5022735595703,237.0879372227396,231.8937742846335,236.1086276474369,3491200
2021-12-07,235.33091735839844,235.64775320123908,231.81693581054427,234.49563218637263,4035800
2021-12-08,234.57249450683594,238.27847995842572,229.91598666478552,236.77112507915433,3636200
2021-12-09,233.20907592773438,236.0989961155217,233.06506629878055,234.73565124471062,2291100
2021-12-10,234.39962768554688,234.8316712564132,231.5769215358661,231.5769215358661,2380800
2021-12-13,238.614501953125,240.69792461785488,235.666992069849,235.7149855208672,3016700
2021-12-14,239.43064880371094,240.03550413078665,236.5599336656174,237.8560794308146,3424000
2021-12-15,264.29730224609375,264.54693854338035,246.9482241854419,251.61434264222413,10016700
2021-12-16,267.90728759765625,272.57337652193263,261.19614423985485,264.67174350571395,5546400
2021-12-17,256.7508544921875,265.6318106091631,254.74421267740712,265.6318106091631,7582900
2021-12-20,252.96810913085938,259.2375845177845,249.96298015044303,258.48870487570287,3479400
2021-12-21,254.31219482421875,255.33951250046408,250.1741514890945,253.46729913908356,2702500
2021-12-22,255.86752319335938,255.9251270459486,252.36315209405606,254.17773205067047,2721000
2021-12-23,262.2042236328125,264.28763143778457,256.04034740099263,258.3157875907675,2632200
2021-12-27,267.3023681640625,269.1169481982783,263.75958457818194,264.06682467181497,1677100
2021-12-28,265.4013977050781,268.2529062101082,264.88296292236936,268.1953023453628,1033900
2021-12-29,267.3119812011719,268.2144513725455,264.73888201673435,264.8157066909119,1112300
2021-12-30,266.188720703125,269.4530670537241,265.34382485472696,268.0513240143563,1181500
2021-12-31,265.1998291015625,267.60969861841596,264.99821554080154,266.3999586537743,1315700
2022-01-03,260.888916015625,263.461986180295,256.40522009805727,263.461986180295,2621300
2022-01-04,256.1651306152344,259.1126544501518,253.0639867534131,258.2677589521928,2340500
2022-01-05,250.25088500976562,258.04691804998953,250.0300800330254,257.4612691812152,3004200
2022-01-06,248.98365783691406,250.8750631323721,245.26807618114316,249.72295637323302,2863200
2022-01-07,249.1468505859375,250.82703165925307,246.4681536993281,249.3772660428389,2245100
2022-01-10,249.73248291015625,249.78050566048225,245.68086001420934,247.88910077836178,2576700
2022-01-11,251.85430908203125,251.94071486453544,246.80415625991398,251.1534231127932,2294000
2022-01-12,245.7096710205078,247.16903235376944,240.95716191450904,242.81015452482137,6562800
2022-01-13,239.70901489257812,245.30641949062033,238.6337037691173,243.93347865620268,3726500
2022-01-14,234.38046264648438,240.5443253825321,233.20913519991282,240.16988560207182,2894300
2022-01-18,237.21279907226562,238.60494633637046,232.43147268517677,233.06514456539597,3241200
2022-01-19,235.27337646484375,240.41953204838268,234.96613629865396,236.50230782956788,2487600
2022-01-20,233.42996215820312,238.0576532816348,232.82509228200135,235.78221273785306,2655400
2022-01-21,233.3627166748047,237.99042182937663,232.46021718656772,237.03031848444613,2788600
2022-01-24,230.8280487060547,234.03479042152088,223.39684340463157,232.87307355664336,3712800
2022-01-25,229.90635681152344,231.89376314681334,225.73949709910113,227.36207411995022,2525100
2022-01-26,228.37020874023438,232.75787391826083,226.4980099301352,230.069595960178,2913200
2022-01-27,227.27569580078125,233.56437649277552,226.35399001866543,230.40562785564416,2178500
2022-01-28,235.3213348388672,235.43654255183145,225.67229332772374,228.01494782475916,3081100
2022-01-31,235.5997772216797,235.69579342351227,232.2682171883041,233.56436266296603,3237100
2022-02-01,238.37448120117188,238.91213678422338,233.5547578245044,237.19355807053975,2449400
2022-02-02,240.82272338867188,241.83083482926838,234.29401772339585,235.5613611687205,2586700
2022-02-03,235.0429229736328,238.22086304538686,231.48094738233758,237.62560359509317,3473600
2022-02-04,232.604248046875,234.36123897571557,231.59613657622683,233.03629163429142,3569300
2022-02-07,233.83319091796875,234.29403645765697,230.71285480234204,232.73867360494955,3948300
2022-02-08,230.3384246826172,233.1995288923817,227.99576989542115,232.24902119265394,2615000
2022-02-09,233.5643768310547,234.7069023120967,231.44254170197433,231.6345594672718,1759900
2022-02-10,230.0791778564453,234.35163505024832,228.61022082857613,230.32879946607792,2283100
2022-02-11,226.33474731445312,231.02965166006283,225.48025600083542,229.68549830885777,2054300
2022-02-14,226.26730346679688,228.37870975529614,223.54850229772322,225.60206425686727,2572000
2022-02-15,235.08889770507812,236.0048005050272,228.15693504992464,228.15693504992464,3409600
2022-02-16,236.76646423339844,238.15478691438682,233.87413021839652,233.87413021839652,2459000
2022-02-17,232.32188415527344,236.77607332809959,231.78198422052722,236.7664375118255,2059100
2022-02-18,231.68563842773438,233.72955015500034,229.47782950641164,229.47782950641164,2517900
2022-02-22,230.54795837402344,232.2158669377161,228.99573846803804,230.62508904955234,2936700
2022-02-23,229.7574005126953,233.9705629006111,229.47781466119687,231.91701548695588,2296300
2022-02-24,234.35617065429688,235.17565641191084,225.60203850590668,226.739682749831,3272300
2022-02-25,241.84732055664062,243.82373691239198,234.9828382370555,235.08889106633922,2442200
2022-02-28,240.97964477539062,241.0856976192844,235.81200701244293,237.30638264506484,3188800
2022-03-01,240.54580688476562,241.3556569724536,236.63151674976717,238.6754283171244,2873200
2022-03-02,245.04815673828125,247.27526610216927,240.12154762029314,240.91212591340124,2452000
2022-03-03,249.35777282714844,250.26401042446852,245.26028489260142,245.68449623892656,3153700
2022-03-04,253.4359893798828,254.0048116433639,246.34977856743942,247.015003155769,3497100
2022-03-07,252.25009155273438,254.16866360099175,248.60572263810195,250.53394521439006,3074800
2022-03-08,250.60145568847656,255.77872892098793,249.61807270530826,250.60145568847656,3482600
2022-03-09,253.3588104248047,258.17936680416744,252.6646491292828,253.8504871683077,2965900
2022-03-10,256.4728698730469,258.12152133153023,253.40700309079176,253.40700309079176,2797200
2022-03-11,256.74285888671875,261.9683557189708,255.5570206726847,255.5570206726847,2469600
2022-03-14,259.3459777832031,261.17778363772305,257.72627762272316,259.33632725363657,2713800
2022-03-15,265.5741271972656,266.5575396896023,260.18474781542056,260.18474781542056,4396900
2022-03-16,266.51898193359375,268.61108738476025,263.21208659313857,267.87838266152454,3148600
2022-03-17,275.2633972167969,275.62976417915945,266.52855212747187,267.0684520438992,3270100
2022-03-18,277.3170471191406,280.8938925605407,274.6367888927031,275.58162875862024,4557900
2022-03-21,279.2452087402344,284.7309749232117,277.43267480368263,277.43267480368263,3495700
2022-03-22,274.7909851074219,280.132169811101,273.2195084433725,279.2741260756594,3791600
2022-03-23,273.9908142089844,277.8376091828072,273.18096418409243,274.21257041743524,3149200
2022-03-24,277.36517333984375,278.4835459425947,274.44391737158895,276.0154234476757,2412400
2022-03-25,278.64752197265625,281.1831401694206,276.295087332321,278.146194536422,2399800
2022-03-28,281.19268798828125,281.95434410667605,277.96290944752525,280.8745148023454,2195000
2022-03-29,278.0400695800781,282.6195982163777,277.25911236512326,281.5494193828037,2798100
2022-03-30,279.4862365722656,281.80009778869385,277.6544015795158,280.15144629521905,2220100
2022-03-31,276.09259033203125,281.32770842716167,275.6587578343485,278.98492467263543,3227600
2022-04-01,282.1664123535156,282.6195457534644,273.80755605898554,275.8803890672184,3066200
2022-04-04,280.9613037109375,284.3935372885339,280.508170262204,282.2435586832936,3014100
2022-04-05,281.9928283691406,285.21295570857416,278.7245072466929,281.25047346118464,2324200
2022-04-06,294.86383056640625,295.5579919595893,284.1911101795962,285.463744304156,4672900
2022-04-07,297.36083984375,302.7309468216619,294.05394516116843,294.05394516116843,4270800
2022-04-08,300.50384521484375,301.16908434739884,296.89807846681686,296.9462722615592,3024700
2022-04-11,297.87188720703125,302.49964015995295,296.9945421924835,301.85367249522926,2178100
2022-04-12,297.0234375,298.4985268164265,293.26340879365273,295.577270349686,2688100
2022-04-13,291.8076477050781,297.23557086652204,289.62874624725333,296.2521877047947,2528700
2022-04-14,291.0266418457031,293.54298780217476,289.41659234637496,292.8488264440802,1898100
2022-04-18,288.09576416015625,291.21947555686654,286.14824037925194,290.2650147239481,1581400
2022-04-19,286.3507080078125,288.93451924289946,283.2558895358152,287.7004579498473,2021700
2022-04-20,282.4075012207031,288.2692851091999,281.8097274866454,286.3603341007144,2608600
2022-04-21,279.21624755859375,282.918460684314,276.3721369983319,282.4074828940066,2716800
2022-04-22,268.72674560546875,279.225902064529,268.4085724089978,278.91737939593327,2772600
2022-04-25,274.96453857421875,275.6876220072621,266.89490274668924,268.7460092811099,2410200
2022-04-26,272.6795959472656,279.7947423075331,272.6410526779504,275.90937480416244,2166600
2022-04-27,274.8585205078125,277.78942745551893,270.5200191286928,272.9399482019746,2352100
2022-04-28,286.6013488769531,289.7250894233168,278.20394788799115,285.3672876186185,5886900
2022-04-29,281.6458435058594,286.6399330623561,278.76316008560394,285.17449445379214,3910900
2022-05-02,279.1680908203125,282.33037499226197,274.0775838746781,280.778169782171,2789900
2022-05-03,277.73162841796875,279.4091731429926,273.913725397614,278.2715285460764,2109500
2022-05-04,284.3164367675781,286.3218048911449,273.9233173890664,278.14612989188043,2743600
2022-05-05,281.87725830078125,284.4032255776157,277.9533176605831,282.8895929708418,3120200
2022-05-06,286.24462890625,287.54618499943314,278.1653717919856,279.7561789182877,2931200
2022-05-09,278.8499450683594,284.3453622817197,276.3625212310994,282.9763405984415,3460500
2022-05-10,275.4466552734375,282.89921801222823,274.7717654840117,281.52054568888224,3140800
2022-05-11,276.4010925292969,283.9308000163504,272.84351920077137,273.48948676803224,2625200
2022-05-12,281.32769775390625,281.5108812756491,273.1616729318497,273.1616729318497,2370000
2022-05-13,282.1112976074219,283.2430926608675,277.15841744396323,283.0786579368941,2337700
2022-05-16,289.6082763671875,299.33991677631525,282.0822158425611,282.5755494273063,5118300
2022-05-17,291.5623779296875,293.4970984594419,283.8138422826361,290.2080794631579,2553000
2022-05-18,285.5550842285156,292.72322746631806,284.4329427579393,290.2080848268534,2161400
2022-05-19,276.9261779785156,283.99757827411895,275.08819960799633,283.99757827411895,3157400
2022-05-20,289.09564208984375,289.4728972694089,279.4897610461001,281.24068089115934,3129100
2022-05-23,292.7231750488281,294.96745758810056,289.57925469284754,290.78845482976317,2873600
2022-05-24,295.9734802246094,297.62768720801466,290.01453862116597,293.7969200562739,2804900
2022-05-25,296.9893493652344,300.28805213299125,294.6967097591524,296.97966631358884,3195700
2022-05-26,303.2287902832031,303.66411428266264,293.70028420117814,295.2674328863339,3284200
2022-05-27,312.92169189453125,313.5020844043328,301.10054892722354,302.4451642702515,3694300
2022-05-31,303.20941162109375,308.065549648544,298.9433492001524,306.29529330752416,6298900
2022-06-01,300.9263916015625,303.65435439247636,295.6155936638286,303.20937697599425,2731500
2022-06-02,292.5587463378906,300.5298146822065,288.43781184588704,300.4330727552177,3703300
2022-06-03,291.8042297363281,295.82845214270645,290.88525516061634,292.297592938143,2490000
2022-06-06,293.4583740234375,304.8442223905578,293.1971973990237,304.8442223905578,3734400
2022-06-07,301.91314697265625,301.9615031776876,293.12949916570625,294.06783981095657,3652800
2022-06-08,303.2577209472656,305.2021242762187,300.66520285632066,302.23232156022783,2684500
2022-06-09,293.3519592285156,301.73898453952444,293.2165146400908,301.42942221297193,1963300
2022-06-10,287.3156433105469,291.81386203661873,287.18019872125353,289.4631839923571,2469800
2022-06-13,281.772705078125,283.59134715313934,279.093127693169,280.9504429244438,2898800
2022-06-14,281.29864501953125,282.4691424465297,277.9128847504804,279.731526418437,2422600
2022-06-15,283.4268798828125,286.6675427353157,279.1124612864447,282.08226444055475,1970100
2022-06-16,278.6674499511719,280.7279318270544,273.86932227498426,280.7279318270544,2628600
2022-06-17,281.40509033203125,291.1657516950024,280.224909648221,280.54415506220215,6900000
2022-06-21,287.6348571777344,289.511538189475,280.834316652588,282.8367592045208,2821300
2022-06-22,296.6797180175781,299.5430960971906,286.754592386185,287.2672921388334,4535700
2022-06-23,302.5128479003906,302.9675083226104,297.1633477946071,299.3979472361694,3729300
2022-06-24,314.9918212890625,315.18530513623887,308.59758458430065,309.1199378329943,5449900
2022-06-27,316.5879821777344,320.05114844620664,311.49000422697424,313.64722823802254,3218900
2022-06-28,307.25299072265625,318.32927857765503,306.42107498905216,315.86249196359444,2742900
2022-06-29,312.457275390625,314.10179917495867,307.2818935626754,307.77525660227235,2562500
2022-06-30,313.647216796875,316.3751501986719,309.5649554610829,311.6157544173734,2732900
2022-07-01,314.1114807128906,314.7789615242891,307.3883459253871,313.3085848425853,1817800
2022-07-05,316.50091552734375,316.7427555868007,308.5201935652644,311.9156374469173,2107700
2022-07-06,319.3739929199219,321.87945252123103,316.0849738476876,317.29417420670705,2252500
2022-07-07,317.24578857421875,319.71254526921257,315.59158138104414,316.5686246273822,2395000
2022-07-08,319.68353271484375,323.60132979272004,315.51421253318097,315.8914676673696,1898200
2022-07-11,320.2639465332031,321.8213822753273,318.6774616446264,319.81893958846166,1342600
2022-07-12,313.0281066894531,321.15392706516656,312.80560319928685,319.2288895718985,2058200
2022-07-13,311.93499755859375,314.08253862945736,310.3581955285303,311.4997031316244,2564200
2022-07-14,316.22039794921875,317.0619966210741,305.21183387124523,307.1755739460715,2615700
2022-07-15,320.7766418457031,324.3848764262,317.4586035108395,321.13456038914745,3340300
2022-07-18,311.26751708984375,321.13460408481455,309.2747572080408,319.34498160259517,2116300
2022-07-19,315.5528869628906,316.6943648338403,311.3351814349149,313.51174173257635,1628100
2022-07-20,311.51904296875,317.12006749296245,309.8551820358878,316.4138838309444,2051000
2022-07-21,316.2493896484375,317.34248180751615,309.27470179039847,310.95792850696176,1692100
2022-07-22,318.0196533203125,318.4743137774019,315.1949486572593,316.2784168369643,1850800
2022-07-25,320.728271484375,321.4247720287422,317.3521937386946,318.0196746571087,1741700
2022-07-26,320.7379150390625,321.7149581949951,317.88419091193595,320.1865126923587,1812300
2022-07-27,318.2034606933594,320.07045875984056,314.57586001012334,318.2421633666644,1643000
2022-07-28,320.0027770996094,322.7017206166974,311.23849509763977,319.4610576905048,2350900
2022-07-29,318.9289855957031,320.254264341677,316.1526665547522,320.254264341677,3399900
2022-08-01,313.5698547363281,319.6448766152343,312.90237372632214,316.8202008965525,2464300
2022-08-02,309.7488098144531,318.24223288871946,308.93620110497756,316.51064951829545,3405700
2022-08-03,303.5866394042969,310.503288470348,300.0944832430907,310.1647064951268,5152200
2022-08-04,295.80908203125,300.1235002310849,292.37493562916853,300.0751440299741,4696300
2022-08-05,291.4849548339844,295.35439526606757,290.5079116780073,292.60709610186706,2814300
2022-08-08,292.6264953613281,296.1283349790726,286.85135309846135,290.8368728738278,3218900
2022-08-09,293.1295471191406,296.68945594089394,291.46568599727146,295.1319902960961,2122900
2022-08-10,294.6676025390625,297.10536935346295,292.7135453891402,294.56120707792246,2351000
2022-08-11,291.33990478515625,295.45118592249304,289.850161707021,291.20446017737464,2198800
2022-08-12,298.99725341796875,299.39516945992256,292.41714077987814,293.9894052448664,2305100
2022-08-15,304.6845397949219,305.3347705175566,298.24999825561986,300.09397723715006,2795800
2022-08-16,301.1615905761719,305.1018932802464,300.5016451105742,304.6748627747716,2248000
2022-08-17,307.4796142578125,311.1481722392653,300.8703870183528,300.8703870183528,2747200
2022-08-18,307.3825378417969,309.55648921944675,304.93684254194073,307.41165220425233,2261600
2022-08-19,313.25421142578125,316.1463669028595,308.1395901509068,308.14930481256727,3393100
2022-08-22,313.574462890625,316.16573011799596,310.9443666389646,312.77863079096267,2488000
2022-08-23,305.8102722167969,312.3515550107923,304.6165242406858,311.76923820249755,2962000
2022-08-24,309.46917724609375,311.4004992581679,305.92679124115415,307.1399391618779,1827000
2022-08-25,313.6132507324219,313.8364509525745,306.5187357729926,311.1481263264342,1977900
2022-08-26,306.2567138671875,315.0204918294391,305.9752553025775,314.0499736514805,1858000
2022-08-29,301.00628662109375,305.5871348179345,300.55014177203583,304.10224279744756,1697000
2022-08-30,297.9879150390625,302.77256263458577,296.98828248241296,300.99652736868285,1980300
2022-08-31,292.3492736816406,299.71550491923585,292.23278659248234,298.0850410854799,3183500
2022-09-01,300.01629638671875,300.2880402984406,291.6407195684082,292.1259786691876,2939200
2022-09-02,292.4462890625,301.0742116374187,290.92259772252066,300.96743921481936,2525400
2022-09-06,297.7743835449219,303.60717744031416,293.31970882566685,294.0184830728753,2322200
2022-09-07,302.4135437011719,303.1899465851596,295.8916587749119,299.6669600037691,2228100
2022-09-08,306.198486328125,306.4217161723485,298.52168395668974,302.7531586302158,2212500
2022-09-09,308.3336486816406,310.7308298568532,305.9267528465633,307.12050091317,2177000
2022-09-12,305.9267883300781,311.00260984451984,305.59681565292544,309.48860362329276,2077400
2022-09-13,297.4444274902344,303.1025355432932,295.9983352374739,300.8703555387557,2272400
2022-09-14,300.482177734375,302.61732999136797,296.88156288168557,298.1529395744818,2002900
2022-09-15,300.3463134765625,303.0734676571704,296.73598404767,300.5792284016945,2348100
2022-09-16,299.78338623046875,302.7628546467308,297.6967483698716,298.8904964390729,4380200
2022-09-19,296.0954284667969,297.48326254566615,288.8747698508965,297.44446313802354,2515300
2022-09-20,292.83453369140625,294.86291363618636,290.1267790051008,294.86291363618636,1816800
2022-09-21,287.7392883300781,295.5519491260245,287.5840018414127,292.126020567867,2241200
2022-09-22,301.7049560546875,303.39364806563503,291.11660006300565,291.9318317102859,5918300
2022-09-23,302.2775573730469,305.8878858687409,296.1244762090154,302.6754733458735,4572600
2022-09-26,298.434326171875,302.53962854067,295.8915733999353,299.6959878987898,3760000
2022-09-27,301.9283142089844,304.6942978844507,299.23027393746844,300.0357912684352,3019600
2022-09-28,324.5219421386719,331.6261438212973,318.4270878689013,323.6969955882964,9436300
2022-09-29,320.28076171875,324.8130657077734,317.6215213696952,324.1240059904402,3743100
2022-09-30,313.8171081542969,319.7955046255318,312.9145332150377,317.50506596379614,4474100
2022-10-03,312.0701599121094,319.6402207234846,307.7028273886553,316.3792637046803,3340500
2022-10-04,320.164306640625,320.36810719726566,312.2933875697492,312.6815889788306,2622500
2022-10-05,321.9985046386719,324.0074842801268,317.8640879187843,318.62109087700264,2186100
2022-10-06,323.1340637207031,329.258031518933,317.23329616490895,318.27175780241964,4299200
2022-10-07,317.029541015625,323.2505674532817,315.32141917051456,323.15350969065116,2601600
2022-10-10,314.34124755859375,317.3692605048341,310.7988313801231,316.612257268274,1956200
2022-10-11,317.94183349609375,319.3296676986371,310.01268514290115,310.5658877387248,2598900
2022-10-12,315.00115966796875,323.81345358142374,314.3314996121658,317.7283139633347,1764700
2022-10-13,322.3091125488281,323.5416600478359,309.6923754632264,309.7117751655417,2657400
2022-10-14,321.6200866699219,325.40510226953234,318.55324516365897,321.78505820159234,2231400
2022-10-17,322.94964599609375,327.6275212146645,321.96941313550775,322.978760357405,2230000
2022-10-18,325.1527099609375,325.44385357253765,320.63009161427146,324.28896416794726,2087100
2022-10-19,319.5819396972656,325.73502140262883,316.3598122322648,325.366219755472,2419000
2022-10-20,319.368408203125,321.66853143276836,316.2918526986284,321.38707288201766,1761200
2022-10-21,330.7235107421875,332.3345746758594,317.1362545293029,319.36846439214054,3274700
2022-10-24,337.643310546875,341.3992116279087,334.07181031221637,334.07181031221637,3375900
2022-10-25,340.9527587890625,341.94267672639063,332.93626868976,336.3039681501285,2513100
2022-10-26,347.30963134765625,350.82293213607596,340.10840283757125,342.10766797460354,2373500
2022-10-27,345.82476806640625,350.47355895268146,344.8445647369936,348.40635026316085,2347600
2022-10-28,349.2895202636719,351.3276145589964,346.5138522215776,349.6971509698837,2942100
2022-10-31,351.41497802734375,353.19104315458077,340.1278451275504,348.0763926077325,4258200
2022-11-01,342.185302734375,348.40632811069133,330.704085164629,335.6343047157066,7013000
2022-11-02,344.4951477050781,352.44369449535566,339.885186044635,343.7187449567816,3774400
2022-11-03,351.0169982910156,352.1330882428278,341.14684526600695,343.6216547077584,2602500
2022-11-04,346.87298583984375,355.09327789487526,342.9229688328311,354.4333324893727,3004600
2022-11-07,354.30712890625,356.1802221487712,346.96029814219537,347.4455573004362,2560300
2022-11-08,355.8501892089844,357.87856859276314,351.259627687045,354.38469732157296,3278600
2022-11-09,352.56011962890625,358.89760199857943,351.2402291542147,357.5777115238879,2323700
2022-11-10,357.8494873046875,358.12123122767946,352.2981217768229,356.4131096443777,2994000
2022-11-11,341.9135437011719,356.9856898842273,334.3629134292702,355.3649411061505,6646300
2022-11-14,346.5267028808594,351.13978269568787,331.01348452494346,349.45612142513033,4717400
2022-11-15,340.580322265625,347.431809339948,337.08641610552337,347.383159938477,4180700
2022-11-16,343.4803771972656,347.324628779622,340.5898970433145,340.6288343690904,3563800
2022-11-17,351.110595703125,352.59962971144887,343.26639959385176,343.46105659775236,2929700
2022-11-18,351.9864501953125,354.9061264509635,349.72856009615987,352.8428636152313,2420900
2022-11-21,351.4998474121094,354.02049775327794,345.85512200482526,350.74073275222264,1999200
2022-11-22,351.2176513671875,353.08622784481526,347.7334871654119,352.3076592625516,2460400
2022-11-23,352.0351867675781,352.7651060122554,349.0279230435665,351.6653562648632,1993000
2022-11-25,355.4706115722656,356.03506929039554,351.8696653653984,353.18352572198427,1039100
2022-11-28,355.97674560546875,359.6166298380908,351.3344698128605,353.7188846045291,2481300
2022-11-29,354.2054443359375,356.3075853491302,350.98407020028935,354.8574888102605,2207000
2022-11-30,361.14453125,362.38054673153636,352.11299915335576,355.29546577382825,5556400
2022-12-01,360.4146728515625,365.14456536105797,358.623941065819,364.7552810077211,2516100
2022-12-02,364.72601318359375,364.9985151470052,355.2273224009897,356.27839291686627,1925600
2022-12-05,359.4024658203125,365.20288168767684,358.4194985266711,363.7527851459573,2296500
2022-12-06,358.6725769042969,360.71635663837935,355.7334165351108,357.17380113923787,1971000
2022-12-07,362.0107727050781,365.19321012124516,358.88672645614406,359.4317304839802,1629100
2022-12-08,361.8355712890625,363.26621417688625,356.68719930492256,363.26621417688625,2090900
2022-12-09,351.32464599609375,363.98631861573165,351.1494725430579,363.01309316488744,2787200
2022-12-12,357.41705322265625,357.9815109260405,352.7942322483673,353.21271207160777,2639200
2022-12-13,349.0570983886719,362.76010181276325,348.7262052476606,351.94757961803725,5032600
2022-12-14,353.76751708984375,359.53873795716726,347.49994164624314,349.39774350807625,5095500
2022-12-15,350.37091064453125,354.22487518613815,347.1397949589137,351.0035012593669,3437100
2022-12-16,350.23468017578125,350.8283632161276,345.6605378294553,348.346620199053,6612200
2022-12-19,348.20068359375,350.06928997288605,345.1155451111503,348.2298791762135,2658400
2022-12-20,350.0108642578125,351.7724001937044,346.79920200140253,348.9013728327378,2276000
2022-12-21,358.1567077636719,360.75520308583947,351.53875687589783,352.9207500846735,2211200
2022-12-22,355.529052734375,359.8599186706911,352.5899220221728,357.48524575601516,1958100
2022-12-23,358.0496826171875,358.0496826171875,352.765074880216,355.05216091846415,1030300
2022-12-27,355.1105651855469,359.83071533223944,354.5752732799698,359.6068627498539,1372100
2022-12-28,355.4414367675781,358.15674436980765,354.1957092508667,356.36601292081536,996000
2022-12-29,357.1932678222656,361.0180672039719,356.648263833616,358.24436815786834,1077900
2022-12-30,356.04486083984375,358.09838236296383,352.41471854853535,357.6506771889063,1388000
2023-01-03,355.2175598144531,359.12020350849735,351.7820750447896,356.45357518714223,2006700
2023-01-04,353.3782043457031,357.29056037782016,350.69209231442125,354.87698001393153,1886200
2023-01-05,349.3101501464844,351.8113173999548,343.50970410765103,351.2857969531959,2008500
2023-01-06,353.2224426269531,356.8817797757417,348.00593883822364,350.3611574649507,2131300
2023-01-09,340.4634704589844,355.1981190822009,339.4513373029337,354.2540891401541,2980600
2023-01-10,343.30535888671875,343.7530343837292,334.14730166674485,339.65576258388336,2465200
2023-01-11,350.76025390625,352.0741144507205,341.60219713689725,344.8527671866199,2602800
2023-01-12,349.5047302246094,350.84778614138907,343.6264399991977,349.6312542893038,2019700
2023-01-13,351.9378356933594,353.5825893286009,349.0376424221314,349.9427350993742,1690900
2023-01-17,348.16168212890625,352.3076322781022,347.0035414036659,351.9378018346829,2435200
2023-01-18,342.5851135253906,349.38795018216393,342.1666039931939,346.77971300251374,2302300
2023-01-19,341.6800537109375,346.27368004193767,341.0377509078844,342.93552313606733,2658300
2023-01-20,336.80413818359375,339.72381452990066,332.4343357222922,337.70923072283284,5391900
2023-01-23,333.0474853515625,337.3296715511981,331.110776137975,337.3296715511981,3403100
2023-01-24,337.1156005859375,337.3491652055129,332.22024773027886,336.7360283786417,2242500
2023-01-25,340.36614990234375,340.4147992950193,335.86011128258815,336.2980449181196,2503300
2023-01-26,338.6922302246094,342.750564100668,337.4465027194241,341.6021650897366,2576200
2023-01-27,332.9404602050781,338.77007163353653,332.3857145241084,336.84307438934553,2363600
2023-01-30,331.38336181640625,338.48789778131874,330.37119873877333,335.11080330254157,2647700
2023-01-31,334.935546875,335.17885324781355,330.29327197389256,331.55845323232893,2406700
2023-02-01,333.3979187011719,336.6776843960129,328.4831113387583,333.61202953261056,2990900
2023-02-02,321.845703125,326.32251692048015,308.5125011327586,325.0573355783639,13036600
2023-02-03,330.00128173828125,333.16426453915744,320.55127067087597,324.0354345114971,5670700
2023-02-06,328.6193542480469,334.22514311588174,325.66074015663537,332.823695898923,3055700
2023-02-07,330.5852355957031,331.8309630660872,323.7823987543584,327.0524222264344,2464100
2023-02-08,331.607177734375,333.68986512659035,328.7750876029674,329.49526506095464,2399400
2023-02-09,332.6387634277344,338.04989501822604,331.38329417332045,331.7628663876378,3072800
2023-02-10,335.879638671875,339.1010132653921,333.5536447634896,334.07916524123937,1980000
2023-02-13,341.0182189941406,341.4172450245889,336.73603261200424,337.19344979808045,2291600
2023-02-14,339.3486022949219,345.46071410076706,339.07521872067247,342.25820803245637,2028900
2023-02-15,327.0951232910156,338.67490675334557,326.4507127571894,337.6790158173825,3600700
2023-02-16,318.36639404296875,325.0740811145277,318.02465705837545,323.17991247640776,3654200
2023-02-17,320.64129638671875,323.7559326147928,312.92794580360527,315.51533159586404,3695600
2023-02-21,319.7723693847656,323.8828970099926,318.62022501904215,319.4208591284116,2515600
2023-02-22,321.29547119140625,324.7420709904023,318.6201855713903,320.94396097857197,2379800
2023-02-23,319.7821044921875,324.9666497141422,317.99535260863416,320.2605481675684,2229500
2023-02-24,314.0410461425781,319.49897493854326,312.5276480900493,318.2980238151715,2594600
2023-02-27,309.1396179199219,315.7594343069242,308.43662725065707,314.9783468062204,3043500
2023-02-28,303.8671875,308.0362947140323,302.3245293349753,308.0362947140323,3966900
2023-03-01,306.74749755859375,309.42275334942957,301.89491656055236,302.6760040071015,3580800
2023-03-02,307.606689453125,308.8271572414592,303.19348865727613,304.42372972282163,2885200
2023-03-03,310.9068603515625,312.59599861273324,307.7922239593139,308.8955316827634,3002800
2023-03-06,311.42431640625,312.67407423018545,309.02244414080377,309.45205118621067,2673700
2023-03-07,303.2911376953125,312.78149658623494,302.2854734108349,311.463385390939,2620800
2023-03-08,305.1560363769531,305.6344502558079,302.0121098946657,303.1642244337663,2313200
2023-03-09,309.36419677734375,311.238818710072,304.9314492002357,304.9314492002357,3920300
2023-03-10,307.5774230957031,318.8155008907083,306.91349571891794,311.3169533731152,4597300
2023-03-13,316.8236389160156,323.9609315804459,309.74492631695506,309.74492631695506,5275600
2023-03-14,319.3427734375,319.5478037128574,313.84578094817715,316.39410376021965,4214300
2023-03-15,321.6860656738281,323.53139774348404,316.8334838510262,318.2980454096596,4743500
2023-03-16,321.7445983886719,323.86334357542506,317.360687636754,319.8992665906659,3498200
2023-03-17,321.40289306640625,327.0365919899613,320.3484219061832,323.6680886509799,8679800
2023-03-20,325.7184753417969,326.0504390311655,321.23692084045115,321.4028877868459,3540900
2023-03-21,323.2580261230469,326.53865963051334,320.3289028969365,326.48985282871104,3240400
2023-03-22,323.150634765625,327.671252982776,322.83818780798674,323.93172236313876,2472200
2023-03-23,324.78118896484375,327.4173819201942,322.40857656947236,323.07253379511263,2703400
2023-03-24,328.1887512207031,328.9698388681976,321.0026197181021,325.1229211212906,2791900
2023-03-27,326.69482421875,328.27654570826206,315.6227439955885,320.0554615584842,3102300
2023-03-28,329.6727294921875,330.8248438509541,326.8119603517235,327.8664313350782,2433200
2023-03-29,327.93487548828125,331.74272981120885,326.6753441288034,330.9909322258433,2743800
2023-03-30,332.6409912109375,333.24633856145937,328.1301463250937,328.1301463250937,2146900
2023-03-31,335.3064880371094,335.53103506488446,332.6409753694237,333.9200233676024,2933600
2023-04-03,342.4535217285156,343.2346390676334,334.2129200294466,335.13071428004764,3039600
2023-04-04,346.2418518066406,350.5183760366011,342.9709919205208,343.75210924367525,3585900
2023-04-05,353.6817932128906,356.230145459462,349.4736226454159,349.6200728212931,3442700
2023-04-06,359.5888977050781,360.7703022598287,355.6443372074225,356.2301677441561,3531700
2023-04-10,358.3293762207031,359.6474875148909,354.4629422481215,359.4814907696342,1868000
2023-04-11,355.4393310546875,360.0868527557293,354.99995067319327,359.07144487287565,2027000
2023-04-12,360.33087158203125,363.6407942845151,354.74601019880186,355.4197107524654,2672600
2023-04-13,366.28680419921875,366.68712122853333,361.56115627229633,363.8165784693143,2839900
2023-04-14,365.8766784667969,367.4193364395627,363.7091267655462,365.3982348944966,2287900
2023-04-17,363.5529479980469,367.0190645720643,362.3910602886162,366.14033373042656,2059700
2023-04-18,361.17059326171875,365.4178271011527,360.9264997053901,364.1875860423517,1925300
2023-04-19,361.7173156738281,362.50817631472074,358.6710332353421,361.7954124916934,2173000
2023-04-20,365.9548645019531,367.1753324286549,361.02418599670995,362.6156809405819,2766500
2023-04-21,376.1383972167969,377.14406147751987,369.06945735682467,369.0792306339874,3682500
2023-04-24,374.2930603027344,377.9056270108604,372.6136954654541,376.1383920700487,2059700
2023-04-25,375.7478332519531,381.2545978913514,374.9276825220252,375.95286348529135,2648600
2023-04-26,367.3803405761719,372.48678880078575,361.92241191219017,372.11576180595625,3161200
2023-04-27,381.12774658203125,389.1144818883739,371.77406330143907,382.0162508466608,4981300
2023-04-28,386.5074462890625,394.7578195526055,383.23661681206573,388.59690121604683,5350100
2023-05-01,396.2223815917969,397.72600608851116,382.9925241063497,387.8743947351603,4091100
2023-05-02,394.6504211425781,401.81700342474244,389.82713072924736,397.38425669012184,3884600
2023-05-03,421.00286865234375,423.94176505259577,404.52166445398035,405.22465519502936,10129800
2023-05-04,418.3178405761719,422.47720495819726,415.17391388953763,421.2567369866247,4070700
2023-05-05,417.7026672363281,421.08091381225836,414.52945091070416,417.9858241130409,2753400
2023-05-08,422.49664306640625,424.72277504027153,413.00628469433303,416.13069403854695,2478600
2023-05-09,418.25921630859375,425.30863975949563,417.9369961120553,421.56910960358937,2601600
2023-05-10,425.62109375,428.03273943897176,415.9940277531513,415.9940277531513,2766300
2023-05-11,425.2598571777344,426.5291617732252,420.93452574529124,426.38271157282526,2595900
2023-05-12,425.2695617675781,436.1453108170375,425.2597929428763,430.8787492135696,3939200
2023-05-15,425.3478698730469,426.80644196132835,421.58884424433217,426.18972145111854,2234800
2023-05-16,427.4427795410156,429.2342088377622,421.579094413353,425.04445823607426,2128800
2023-05-17,428.2455749511719,429.69437864972394,423.60553143385926,429.54751762776215,2274200
2023-05-18,428.6566467285156,430.2522513832958,424.4472987913399,427.3057406887643,2268100
2023-05-19,433.0519714355469,438.0738049349258,429.743237401893,429.743237401893,3442800
2023-05-22,424.8388671875,445.3569256484324,423.2726287240501,434.9412665968045,4398000
2023-05-23,414.28619384765625,426.69884631981427,412.62205793887773,423.79147048679687,4492100
2023-05-24,416.792236328125,419.9149746275668,411.39844007152396,415.05956916435076,3133000
2023-05-25,418.29974365234375,419.17099146169835,410.9480898699939,417.38936079189006,2882200
2023-05-26,416.8118591308594,422.56787904142294,414.73656593841696,415.94061120858737,2338400
2023-05-30,418.2312316894531,419.6898339471452,413.16046404959366,414.8539961209978,2595700
2023-05-31,420.40435791015625,421.48116918209547,415.06929504431463,417.99623806496976,3950900
2023-06-01,427.28619384765625,427.5798859937908,419.10248654299795,421.1973471231416,2914400
2023-06-02,433.0030212402344,435.32307253999556,427.57006043008306,430.68299981455806,2499000
2023-06-05,434.892333984375,438.3576679616041,432.3960854128196,433.6588928108045,2113800
2023-06-06,433.7274475097656,439.40513694811057,430.74174178646325,438.38705798966004,1495300
2023-06-07,427.1686706542969,437.27106967154657,426.4932176466615,430.917927769036,2458300
2023-06-08,436.26287841796875,438.0347106181953,423.2237349272778,426.6890993412734,2040300
2023-06-09,436.6347961425781,439.8260353747795,433.2673296912315,439.8260353747795,2082000
2023-06-12,435.9201965332031,437.56476490448597,429.4299918502251,436.74248071884455,2566600
2023-06-13,436.3215026855469,437.96607086016337,432.92467027328956,434.3147411494581,1766300
2023-06-14,438.2793273925781,439.31697372455255,434.1874745080691,434.92165992450845,2163300
2023-06-15,444.35845947265625,446.9525757999614,438.2500451964228,438.55350617014034,2287100
2023-06-16,438.2695617675781,447.3441133189823,438.06399820020516,446.1889721389779,4295700
2023-06-20,442.42010498046875,445.2883152519563,435.7243082823165,436.4584936341765,2506300
2023-06-21,443.44805908203125,445.73871434537926,440.71688055208006,444.91643013859425,2347500
2023-06-22,448.0293273925781,452.5127699923136,444.2507339026267,445.4058451885005,2912500
2023-06-23,449.1648864746094,450.3102289744709,442.7823780871212,447.3636883383995,4832100
2023-06-26,443.21307373046875,455.4494976683929,439.4540478816283,455.4494976683929,3214700
2023-06-27,454.7055358886719,458.1121672351451,442.1754491098338,452.7477079623482,4138700
2023-06-28,449.0278625488281,458.6505739984976,447.6769564525872,458.6310064732203,2854700
2023-06-29,454.6957702636719,456.00751148483414,447.8629694232012,449.38027422683666,2112400
2023-06-30,459.09112548828125,459.9623434650211,454.2161227267584,454.8524108893816,3173200
2023-07-03,451.6904602050781,456.42839984712424,447.7258410266852,456.42839984712424,2113200
2023-07-05,455.8802490234375,457.39755373144715,450.30042742956806,452.3561527469981,2130200
2023-07-06,453.44268798828125,457.74013424206845,451.8862185108421,453.35458932435984,2191700
2023-07-07,442.54736328125,453.8342388563054,441.72507922634645,452.58123031444086,2914700
2023-07-10,443.60467529296875,445.08284500423207,440.2274100169317,443.40888054180425,2011400
2023-07-11,430.12506103515625,441.0595143017758,428.3825653378534,440.51132482081454,3570900
2023-07-12,431.3094787597656,434.93144233623406,425.83735353651235,429.22438733208696,3107800
2023-07-13,425.5339660644531,432.91495677969226,425.1815414581971,430.94735977690846,2865100
2023-07-14,439.9826354980469,440.95178057863995,431.5737686366648,431.79892958954633,2955000
2023-07-17,437.7116394042969,441.11824115357024,433.91344813866425,439.9729284530682,2347900
2023-07-18,441.6860046386719,443.7612975195027,435.6558908699066,437.5256201773944,2237000
2023-07-19,443.9962463378906,445.40588493508454,439.1016761737688,441.8817884420997,2212800
2023-07-20,454.0399169921875,455.4103906727353,445.40588799360773,445.55271912472256,2624200
2023-07-21,452.2973937988281,457.1919633754241,452.2288626549761,455.5963289136007,2226700
2023-07-24,449.634765625,455.8215089992496,448.019563571751,452.25824785838125,2190700
2023-07-25,447.89239501953125,451.2011296741357,446.9722133153245,448.10775733060285,1737800
2023-07-26,444.025634765625,445.4059072058126,437.14386996573825,445.4059072058126,1959800
2023-07-27,445.39605712890625,449.008252063902,442.71384241395464,443.7612875304078,1883500
2023-07-28,448.8125,449.87951267160395,442.25376427191634,445.53313213595817,1437600
2023-07-31,444.96533203125,449.341078661467,441.2944046526815,449.341078661467,2110200
2023-08-01,443.5361633300781,447.72591426911913,441.93075982260115,445.748518642788,1738200
2023-08-02,444.8968505859375,451.9058784913519,441.8034787255086,445.6310360943723,2366600
2023-08-03,439.6889953613281,444.52483268619017,438.8079787771484,441.2748311876682,2414100
2023-08-04,440.0120849609375,442.92925970517825,437.46693222501256,439.7673564383226,1870400
2023-08-07,444.5052795410156,445.4058936133592,441.0790803593744,443.6927940225386,2446400
2023-08-08,510.6014404296875,526.6556514742635,492.1097733315904,495.33040826389845,15094500
2023-08-09,515.1338500976562,521.3010555574143,505.99082759538015,509.39742889835986,5376600
2023-08-10,510.34710693359375,517.5910354779223,509.0255370399769,512.432139013595,4108500
2023-08-11,517.1407470703125,520.5962826248732,509.03530999359936,512.6768416090462,2524300
2023-08-14,527.78466796875,532.0030092876751,519.2008095213029,521.1922934217081,3981100
2023-08-15,536.2409057617188,536.8981671970786,523.6447421326188,527.5196925790743,2826800
2023-08-16,535.8682250976562,542.3723423583078,532.1992481560061,537.0062330575917,2597100
2023-08-17,527.4510498046875,538.3795412577391,527.1862171980578,532.895716000947,2549900
2023-08-18,536.0545654296875,537.3691483100212,523.7625119527314,524.8710606863455,2958600
2023-08-21,539.6058959960938,542.990400985617,535.3875543593505,536.6040002393532,2305400
2023-08-22,543.1472778320312,545.5409503896235,536.888474050543,539.0957518643629,1936600
2023-08-23,542.8530883789062,546.8164173877,537.8009096900164,546.1492761649544,2121300
2023-08-24,537.5949096679688,546.404383735337,536.908188866499,542.2056809049711,1776700
2023-08-25,543.1375122070312,545.5409445665424,536.6922538743243,539.1938233947034,1847600
2023-08-28,543.4022827148438,545.6684185921067,539.6744481815251,539.6842678841138,1373700
2023-08-29,543.3828125,545.786245068304,539.4194839359449,542.9413449283481,1701200
2023-08-30,537.5849609375,547.1596512824077,536.6529872074897,544.4716869593994,2191100
2023-08-31,543.6771240234375,546.8261357381389,532.689772360458,536.6334616587751,3043400
2023-09-01,546.5317993164062,548.591961265276,543.000178655836,545.7568210822033,2030800
2023-09-05,547.5913696289062,551.2603467977603,546.1394902896809,548.6116010731928,2257200
2023-09-06,549.3179321289062,550.9268069136214,542.2055918822521,550.3676226332174,2424300
2023-09-07,562.345703125,565.3672379976333,551.9371762231249,553.4773728330914,3707100
2023-09-08,575.3245849609375,576.3938550044156,560.3739048754751,561.4628742046685,4308300
2023-09-11,584.2517700195312,586.8023784289587,573.3821353511098,576.0014816931638,3876500
2023-09-12,587.920654296875,589.715923555594,576.6880515844076,579.7488051436644,3212100
2023-09-13,587.5087280273438,589.3432164787174,580.465065975178,583.3688244430225,3126600
2023-09-14,580.3767700195312,590.4125682518323,578.8071740261089,587.8618999172095,3244800
2023-09-15,564.7296142578125,582.7802677241756,564.1410307240994,580.7593844234278,5941200
2023-09-18,560.4327392578125,567.0251132176022,553.6931296252969,567.0251132176022,2723600
2023-09-19,564.0429077148438,567.4273525737789,559.7951072826833,560.7662999727252,2185100
2023-09-20,558.823974609375,564.3274403615051,558.3825070093309,562.5321707219929,1869900
2023-09-21,539.684326171875,557.2150119878003,532.1991971890523,556.4203943833603,4049900
2023-09-22,540.0865478515625,544.9425712311868,537.2318280987809,538.3894155514421,2353800
2023-09-25,541.8033447265625,542.1663145431445,535.3875448557967,539.6549250649359,1686500
2023-09-26,539.566650390625,543.6084167685749,537.5948058473723,540.2435513550812,1864300
2023-09-27,539.3213500976562,541.2146967163467,533.3469586405137,539.448886491123,2004200
2023-09-28,534.1123046875,541.2050063945968,531.1202283299889,540.8518562403754,2178800
2023-09-29,526.9310913085938,535.7209822349641,522.094708315319,535.1323389852782,2967700
2023-10-02,528.0692138671875,530.3746292412724,516.8072091693487,525.8325364316904,2810100
2023-10-03,515.2178955078125,527.1372199044727,506.7615735616223,525.822636966509,3266100
2023-10-04,521.368896484375,525.9894267875842,513.68755226128,515.5808990982821,2220400
2023-10-05,531.198486328125,532.1991379691258,521.5159003500113,523.4092467801265,2950700
2023-10-06,554.48779296875,555.6061614608926,532.4052544203146,533.670738844848,4745200
2023-10-09,560.9036254882812,568.7811234483086,552.8789517266551,553.3105995516047,4208100
2023-10-10,568.3103637695312,574.8243013093488,558.9122470096064,559.1771395519003,3526700
2023-10-11,593.7872314453125,597.2305347731971,573.9020903598134,584.8796218294499,5850600
2023-10-12,598.9081420898438,601.3606733842329,590.765750167722,593.9638605558059,4063500
2023-10-13,597.6328125,618.0084009156325,591.1188752874737,606.1578133135662,3963800
2023-10-16,604.9315795898438,610.1701529582605,596.8774451801302,599.3888348565675,2941500
2023-10-17,596.7597045898438,608.6201719234549,591.089483540962,607.2467304888121,2911700
2023-10-18,595.7098999023438,604.1858605507671,591.7858506995077,595.7098999023438,2049100
2023-10-19,579.5821533203125,593.5125423219621,567.3587763066795,593.5125423219621,3493700
2023-10-20,573.5390625,585.5858627666412,569.8504465620981,578.7972742140878,3666900
2023-10-23,565.7008056640625,577.1688426350795,565.2004797764432,574.9321056966038,2781900
2023-10-24,581.18115234375,583.231494546724,568.1140603638994,568.9871757452552,2633000
2023-10-25,575.3245849609375,588.3131802634044,574.7457612678978,585.6055763118935,2283300
2023-10-26,557.3130493164062,569.9681316107544,555.4098831084052,568.9871193360372,2846500
2023-10-27,549.592529296875,559.9716567179855,546.0707284935263,552.3197723685695,2717400
2023-10-30,554.968505859375,562.3260983224382,551.8684733709096,560.3640736656214,2290900
2023-10-31,543.4122314453125,558.7944998215613,537.2122254369457,558.1666374691636,3661400
2023-11-01,543.93212890625,547.8267191935056,540.7928774123301,544.4618540195787,2935900
2023-11-02,569.2715454101562,586.0959285146241,561.1291561621963,567.3487998276338,5181300
2023-11-03,557.028564453125,571.930142957126,556.4105219442217,567.4469097800153,3056500
2023-11-06,583.8887939453125,586.360964443447,560.1679204374308,560.2561780259372,3978500
2023-11-07,588.5387573242188,590.5106018129303,578.9248478549795,585.6643981999446,3168200
2023-11-08,607.3741455078125,613.9861587797413,580.9358522469828,596.1219033760414,7776400
2023-11-09,580.0922241210938,603.9602711205812,572.3520223875668,603.0871557676122,6279800
2023-11-10,586.3609619140625,587.4890902843983,574.8732847871837,583.7023966695807,3645900
2023-11-13,601.0761108398438,607.0014039998043,567.1723257242135,583.0646782188501,5744800
2023-11-14,600.3291625976562,605.4594802090896,592.3191150010201,597.7737816527816,3827600
2023-11-15,578.431884765625,602.3833285649262,574.3826499985194,600.3882247292003,4287000
2023-11-16,578.6382446289062,584.8693818018126,571.7584693212165,581.3410134997844,3030500
2023-11-17,581.5474243164062,585.9406234386822,577.1247116493141,582.2747052459829,2628200
2023-11-20,587.3363037109375,594.4716241173124,580.5450081097763,581.2821269949491,2827200
2023-11-21,582.4220581054688,591.228191505702,581.606356564087,588.1617823725685,1851600
2023-11-22,584.8693237304688,588.8890441684789,576.6725372835054,585.173997064369,2052200
2023-11-24,590.7761840820312,593.1349884783573,586.7269491916188,588.0832527214732,1341700
2023-11-27,581.3705444335938,593.3216709313257,580.9872282581348,590.8449325506765,2630700
2023-11-28,581.4393310546875,585.1544388918122,579.237812330563,581.8324851069467,1793900
2023-11-29,581.6948852539062,584.3288494863317,574.4023393573535,582.0290722027969,1908600
2023-11-30,580.8888549804688,585.9897190296259,576.1418535143791,581.3016846629015,5658400
2023-12-01,574.0090942382812,591.631139376846,572.9869778285115,581.5375673680965,3638600
2023-12-04,575.6209106445312,577.0067274193941,564.4658714349415,572.1318940625753,2577100
2023-12-05,578.048583984375,581.6358594671458,569.419351149681,573.2622307332542,2157300
2023-12-06,579.129638671875,583.6997989751951,574.3629613555382,580.5940383427417,2093100
2023-12-07,578.1665649414062,578.7562360313024,567.6896153447925,578.1764027907188,2095000
2023-12-08,587.7784423828125,588.0241486174,574.7265583946995,578.8838886881202,2446800
2023-12-11,574.0090942382812,590.8645670662381,557.6647096086481,588.3779910102621,5614100
2023-12-12,574.7168579101562,575.7881037563462,568.2400136241789,572.004250834072,2846100
2023-12-13,587.238037109375,588.3879257580975,572.3089204275708,573.242616333323,3112500
2023-12-14,563.817138671875,584.289397956742,558.9226899083387,584.289397956742,5275900
2023-12-15,562.215087890625,563.8564485289722,552.0035836107769,562.274054980293,5317000
2023-12-18,569.8026123046875,573.036084849928,565.8123453392709,566.5690797725716,3033900
2023-12-19,569.8518676757812,575.0608291548853,567.3358376035977,570.2843131563232,2192700
2023-12-20,560.4166870117188,569.9009126447266,560.2397857031469,566.5789592143816,2647100
2023-12-21,562.176025390625,565.1245010482681,557.2815749947424,561.5961321170565,1786500
2023-12-22,560.5935668945312,566.0089422496543,557.6745454474618,563.1784014469289,2226100
2023-12-26,560.8687133789062,562.9326818247582,557.8907848888482,559.7188249510126,1678700
2023-12-27,571.5225830078125,573.6552964900708,560.7016700148832,560.7016700148832,2163400
2023-12-28,570.8738403320312,576.613564355021,570.0384631308132,571.9844373091498,1973500
2023-12-29,572.908447265625,576.1026291571391,569.5176883372553,572.8396423033811,2000100
2024-01-02,582.0289916992188,582.5400199210505,569.1048186280078,570.4414462649199,3226700
2024-01-03,607.091064453125,609.1943245230467,588.5156464298572,589.6950485242822,5130300
2024-01-04,603.9459838867188,625.4796540050353,602.737128289712,614.5211908591046,6272500
2024-01-05,607.9263916015625,609.2925327480737,599.7099890004547,603.4545498500491,2404000
2024-01-08,615.2779541015625,615.3074076579342,599.1203089500448,611.7397481637338,2453900
2024-01-09,614.7373046875,623.5237617706046,613.0075232503177,619.287788813654,2918900
2024-01-10,619.3665161132812,626.1086815099474,615.0126083721614,617.6957015431677,2679100
2024-01-11,624.8014526367188,628.7721038531139,617.3516826559942,623.4943386349473,2690300
2024-01-12,631.8777465820312,632.9392142345243,622.1379785460299,627.2388420043202,2067800
2024-01-16,623.6712646484375,636.6052151961442,622.7866981576578,632.8508165145743,2413600
2024-01-17,618.1083984375,629.5190414298487,614.4523185028055,628.4674115595473,2124100
2024-01-18,612.64404296875,613.1649691002127,602.176990947469,610.6096476644631,3385000
2024-01-19,617.7841796875,618.7768425745924,609.3515240582386,611.7004902978305,3125000
2024-01-22,620.044677734375,621.7744594353168,614.2656615911748,619.1797868839042,2030200
2024-01-23,618.865234375,619.1797455711757,604.2604693763145,616.9094222368898,2525000
2024-01-24,622.816162109375,632.1234852827911,621.1453477525396,622.6392608226803,2276900
2024-01-25,616.8406372070312,621.7449244824136,613.9511292349205,616.5949309508547,2407900
2024-01-26,628.2708740234375,628.6148387747302,619.6711553723541,626.4034825501659,2410300
2024-01-29,633.9221801757812,634.5610404761378,628.7820241741895,630.4822923763778,2718500
2024-01-30,633.9024047851562,635.6911533579575,629.9907807556708,634.6100699286332,2006100
2024-01-31,634.5216064453125,652.1534885831875,626.0594979576796,639.2097006886135,4719000
2024-02-01,649.087158203125,649.1756388542557,632.1235877814715,636.2121736931759,2494300
2024-02-02,656.18310546875,661.067716703397,648.408926478872,651.0035987579827,3019200
2024-02-05,694.0709838867188,699.6534223415529,670.8075343780013,679.1517085118212,7602400
2024-02-06,692.9210815429688,729.256090010295,679.2302776307428,729.256090010295,8187300
2024-02-07,712.921630859375,728.2635153056174,694.8769775586477,698.179255289458,5798000
2024-02-08,723.0447387695312,728.2733753292955,713.2852930435037,715.8111606664859,4636900
2024-02-09,727.44775390625,732.8926430096784,721.0102619031827,722.8678156222991,2833900
2024-02-12,724.5975952148438,728.0767742449692,713.9732589813818,728.0767742449692,2932300
2024-02-13,730.20947265625,730.2193105043012,717.6391623087225,717.6391623087225,2860300
2024-02-14,745.60791015625,752.243752874987,733.4881288470359,734.2954652737233,3394300
2024-02-15,746.070556640625,751.200011504094,738.4206020724542,744.121111406021,2507000
2024-02-16,769.975341796875,782.1935518363606,751.7021396019799,759.1158123377055,5009400
2024-02-20,743.9833374023438,781.1205103331658,741.5613883601776,777.7927340812535,4701100
2024-02-21,734.3839721679688,737.9185249655327,721.9097692321435,726.6750066944264,3541800
2024-02-22,757.7474365234375,763.1427396175609,744.5840363187231,751.7810788393712,3167400
2024-02-23,757.6487426757812,765.6334694260287,750.4812673558508,762.0398466292776,2394800
2024-02-26,759.9920654296875,768.163799554303,757.2353438094831,759.3816506456432,2243800
2024-02-27,753.1790771484375,761.0062442823075,733.921324324637,743.2351682712634,2716700
2024-02-28,745.9327392578125,751.2099005459845,740.0451031065539,750.4714897656313,2716300
2024-02-29,742.033935546875,744.7710071158998,732.5330858845258,741.4432309380334,3905400
2024-03-01,770.0344848632812,771.9642200950328,752.3224803763651,757.1369333174631,4247500
2024-03-04,780.0374755859375,788.4061309821421,774.0119884160096,784.1331675511196,3855600
2024-03-05,765.574462890625,776.3454169973428,757.3928740098236,773.1751421952155,3168700
2024-03-06,767.7207641601562,775.6758661534518,762.0399048134309,772.1708788140631,2518600
2024-03-07,768.1047973632812,780.7365626629554,749.3590285877473,759.9134124186324,3977400
2024-03-08,750.3632202148438,767.9472282236219,743.3335350113263,767.9472282236219,4054900
2024-03-11,723.0223388671875,745.1057380706495,716.3766414397284,740.5866974715123,3968900
2024-03-12,743.2843017578125,744.2884995541338,726.606061234805,729.5104889823722,2701700
2024-03-13,746.1295776367188,749.0142948859915,734.1870104731737,745.3025312144348,2357500
2024-03-14,748.9749145507812,756.1325951956867,737.820032942599,753.1297368816078,2647500
2024-03-15,742.5162353515625,749.1324263705917,736.1560964113708,743.7075595625348,3730100
2024-03-18,750.8751831054688,757.7867277473067,746.5333538381781,750.501110233908,2521400
2024-03-19,760.8388061523438,761.8922193182586,743.3335190709779,746.7203655880419,2557100
2024-03-20,760.9175415039062,761.2128938034604,744.948206223761,758.2100352559487,2038000
2024-03-21,758.3577270507812,768.4788462394606,747.1535693282708,762.039925863356,3013200
2024-03-22,758.7023315429688,764.9936061235226,755.4238307829838,758.1017718341215,1981000
2024-03-25,761.1932373046875,766.4605435604794,756.2803538053774,759.184721500576,1806600
2024-03-26,762.926025390625,766.3030167402271,757.1171700104333,762.2368299924972,2099000
2024-03-27,766.1553344726562,773.1259491281289,755.5222311576113,766.6771736063396,2297700
2024-03-28,765.9387817382812,781.4059882807373,764.4422499434573,768.2622999834894,3209400
2024-04-01,748.7977905273438,765.4858871597133,742.1718032994485,764.0090655124599,2921300
2024-04-02,752.1550903320312,753.2479238682887,741.8566996500122,743.4024467660988,2596800
2024-04-03,763.9990844726562,775.0851000918685,753.5825540121224,753.8582561849989,3044900
2024-04-04,756.21142578125,775.7251687040646,755.95543376062,769.4633995665753,2354000
2024-04-05,772.0922241210938,774.5535935326288,751.2985801398077,753.6417485349245,2113400
2024-04-08,765.2789916992188,773.0667969616773,761.3998717042537,772.8895856025591,1664200
2024-04-09,745.5387573242188,765.800762190238,739.0506227937587,765.6235508469915,2464100
2024-04-10,750.2056274414062,753.4349726994989,735.2897660359729,739.67101526229,1700300
2024-04-11,747.8525390625,751.5347374773805,739.0703311908841,748.0396055104653,1594800
2024-04-12,740.0254516601562,751.7021730233449,738.2040023500724,747.8329077524207,2495000
2024-04-15,739.1689453125,756.1326840867157,737.9382606053276,748.3252275154572,2358600
2024-04-16,735.2012329101562,741.5023630242633,731.5190336609618,740.0649015672494,2569800
2024-04-17,739.1689453125,759.9035188552593,733.3699445502173,747.4686757666274,3069400
2024-04-18,734.4234619140625,740.576885818946,732.2771548670828,737.8398140218793,1717300
2024-04-19,715.0868530273438,738.4206460396978,710.9123803039096,737.5837444214093,3505500
2024-04-22,720.0292358398438,726.4780108048021,714.2105256888218,718.4637786659898,2354100
2024-04-23,734.1673583984375,734.6300669616585,720.1375540254068,729.7467489510622,2042000
2024-04-24,720.8858642578125,741.0100223836642,717.528522826797,741.0100223836642,2133400
2024-04-25,713.6690673828125,716.7408513172022,707.2005819559665,713.7970633877472,2608800
2024-04-26,722.175537109375,726.0546571506188,709.8588367215773,712.3004955990241,2009200
2024-04-29,725.8084716796875,729.136247232647,718.3357292749729,724.3808657023741,2665600
2024-04-30,769.0301513671875,783.2076616744059,755.797828444457,763.0244346922244,7437100
2024-05-01,764.7473754882812,770.5168102073121,756.378720590759,762.7881353093491,2802100
2024-05-02,744.2294311523438,765.3283414055172,742.6344686735202,765.3283414055172,3205600
2024-05-03,723.613037109375,733.4880799697852,719.0546362728846,731.5189844530877,4595100
2024-05-06,754.8331298828125,755.1383373091764,724.6272093977647,726.6356653558989,3398300
2024-05-07,765.751708984375,767.0513192020608,750.3336578449436,757.0187754061909,2879400
2024-05-08,763.0245361328125,769.2763905533475,760.2678143432544,767.061158029091,2089800
2024-05-09,759.6278686523438,771.8855011935298,757.3142052812418,764.9936663614448,2522100
2024-05-10,748.2562866210938,765.4070915228785,748.2562866210938,762.05966524321,2082300
2024-05-13,745.9918212890625,751.7514014283561,738.9326309451438,751.7021860606403,1848900
2024-05-14,752.1746826171875,752.6866666166017,739.9072575495355,739.9072575495355,1956200
2024-05-15,776.1795043945312,776.8106432043013,752.5889382160163,753.6245235363104,3038300
2024-05-16,760.4984741210938,775.6468887599989,759.5319920484307,773.9013099343164,2299700
2024-05-17,759.3939208984375,764.1968360760962,756.5338417938971,762.2441281131529,1670300
2024-05-20,772.3924560546875,773.5266400098543,755.5674432379668,756.3367283959667,2188800
2024-05-21,792.1069946289062,805.3618723860327,780.4892854824506,781.5445543593412,4334500
2024-05-22,791.8506469726562,793.7935433853203,784.2961827199144,789.9669819033655,1767500
2024-05-23,797.3142700195312,809.3067494119445,791.1108711355107,798.8429079897581,3025800
2024-05-24,796.3084106445312,798.9613608546757,793.0736208334689,796.8705666587018,1778100
2024-05-28,796.732421875,797.8567338205005,777.3925468899994,797.8567338205005,2483500
2024-05-29,800.3519287109375,804.375687018753,791.041953863104,791.9393929411524,2380000
2024-05-30,803.833251953125,808.6953382492857,795.0065184133271,801.5944999750283,1984600
2024-05-31,809.0405883789062,814.829729647064,799.927810419737,807.5217619551519,4472100
2024-06-03,819.8101196289062,826.733444441962,807.2258679994161,812.4824686980122,2537200
2024-06-04,821.1217041015625,823.9619788149597,813.9419519194036,822.5122558903553,1748300
2024-06-05,820.3032836914062,826.9011375268358,806.3580346876386,819.0507575064432,2169000
2024-06-06,825.7571411132812,835.3038015149534,820.4216849695773,823.380362952534,2109000
2024-06-07,838.2821044921875,845.0081720436675,825.4809121621331,826.2205815530583,2468800
2024-06-10,853.08544921875,859.6241321017287,837.6904765413676,842.2172199560728,3417500
2024-06-11,853.8941650390625,869.9893798754722,840.491327802173,869.9893798754722,4109100
2024-06-12,855.3536987304688,859.9889724327004,842.0889485273357,859.9889724327004,2594600
2024-06-13,871.1629638671875,872.869115456549,849.633635053124,857.0599451675295,2243400
2024-06-14,866.35009765625,872.4252223203348,863.9338323192073,870.1766587154115,2023300
2024-06-17,872.8197021484375,879.9106680359495,864.7819378258979,865.9062496810345,2532200
2024-06-18,879.1809692382812,882.5439730975586,871.8237022977567,874.7823800204866,2437000
2024-06-20,873.7863159179688,892.9782944895009,858.1447868672977,880.6997694277925,3360000
2024-06-21,871.7053833007812,879.6839173974098,867.681564635885,873.4608341620669,3445900
2024-06-24,877.8494873046875,891.133980962803,870.7782647307962,877.7212731271114,2878200
2024-06-25,892.1497802734375,896.8935243559744,879.2203734128235,879.4866736630695,2830100
2024-06-26,888.845947265625,893.8658032917255,885.473071606579,891.5481965488312,2232100
2024-06-27,896.518798828125,897.0415274649988,887.3271659260057,891.0847445105537,1948100
2024-06-28,892.9091186523438,902.9291462839337,892.9091186523438,898.7574304166753,3375400
2024-07-01,901.775390625,904.2015280608132,891.8539602669043,899.2112273080227,2546100
2024-07-02,894.220947265625,899.4380608388643,866.3994917181385,890.2760434900159,4584600
2024-07-03,885.7293701171875,905.8484005879926,871.8236103644915,898.4517070611446,3078400
2024-07-05,901.9725952148438,903.836576543548,884.5460010610453,886.0548953311038,2880900
2024-07-08,905.3554077148438,915.819250431415,899.4380521088643,905.2469373087364,2364600
2024-07-09,919.6556396484375,922.1212043659937,908.0971011458709,916.2531482993198,2416000
2024-07-10,926.8353881835938,932.6639566600536,920.1487478109879,923.6695814326984,2683300
2024-07-11,921.2730712890625,929.8926759735801,905.9668261482823,921.223772033241,2855100
2024-07-12,935.336669921875,937.6937040808474,923.1370603246396,924.0936705566388,2315100
2024-07-15,937.3683471679688,952.7928754272824,935.0309964594314,943.0292745445767,2358700
2024-07-16,928.6302490234375,943.2165680695155,925.4546306362021,942.5853690701874,2111800
2024-07-17,893.1162719726562,912.2588887637529,890.2068937479796,897.4753732677632,4200600
2024-07-18,837.2071533203125,897.3373148733396,825.1356982783221,894.5364671509096,7649600
2024-07-19,845.6590576171875,868.0858841928044,841.250656924996,855.7087015185947,3782200
2024-07-22,854.0419921875,862.375612871185,845.0180615467887,852.8881247680514,2904500
2024-07-23,866.1921997070312,875.4923013857525,852.1779702040949,858.0164098395937,2087700
2024-07-24,848.035888671875,866.2416395319818,842.5031761003147,860.4820540827074,2726100
2024-07-25,809.8787841796875,839.889628682896,795.2727821816129,835.3332702064168,5468000
2024-07-26,793.5370483398438,810.6875305282684,790.2627712543688,800.6871858400011,4173900
2024-07-29,796.6633911132812,813.4095476808344,792.9256166550218,802.7977474586673,2473700
2024-07-30,779.3255615234375,810.5790615558411,765.1238850065726,803.9515924498209,3848600
2024-07-31,793.19189453125,799.9672613982113,781.1796707366711,789.1483323740676,2961700
2024-08-01,820.9738159179688,829.3074360537312,808.882677852814,822.1375551507665,4060700
2024-08-02,793.3792724609375,808.8925858876497,776.179491153284,805.4210516181116,3515900
2024-08-05,764.5814208984375,782.0178857634438,737.2530823976738,747.5591540136642,4661800
2024-08-06,782.2545776367188,795.1642999237554,774.1872577663847,778.2702470501893,3437600
2024-08-07,761.50439453125,775.7454973203335,752.5100201586125,767.5795189008772,4407700
2024-08-08,833.6665649414062,865.689349364839,813.8730050489946,862.9476126279544,9434900
2024-08-09,879.39794921875,895.9764050558482,848.1543182982604,848.1543182982604,6587600
2024-08-12,872.1983642578125,892.2581630090147,870.8373678594189,891.7552384221691,4206100
2024-08-13,895.5424194335938,902.0909738780348,878.0665253208272,881.7648724581234,3506800
2024-08-14,918.8469848632812,921.509806964247,891.3411287013281,897.465613514104,3562900
2024-08-15,920.0321044921875,926.333022514604,908.5956338747667,924.3972970725887,3080000
2024-08-16,910.6893310546875,924.6935475478202,907.9931916150886,916.8816269845554,2364900
2024-08-19,910.3831787109375,914.5212415997288,905.1390042399044,910.6893335189052,2374600
2024-08-20,938.194091796875,955.0130159336348,918.9753575829427,920.5456141013377,4961500
2024-08-21,940.1692504882812,944.6431250639544,927.5279326947314,943.7740288145329,2617000
2024-08-22,942.342041015625,960.4744952901075,936.3868205614278,940.1791859610469,3183700
2024-08-23,940.9297485351562,948.5935645943558,931.4191179689426,943.596291173278,2063300
2024-08-26,938.7471923828125,943.1617530155745,931.0833762425352,937.4336622781029,2166000
2024-08-27,942.648193359375,960.4250643547581,938.1743788370553,940.6927568390224,2912900
2024-08-28,937.1768798828125,946.4603809772216,931.5672967690745,942.3223180811104,1701800
2024-08-29,928.5452270507812,945.6505343519756,924.3972784890287,943.161753159212,1762800
2024-08-30,948.119384765625,949.0872171651694,928.8512256862052,933.2855569418158,2555100
2024-09-03,944.6727294921875,957.6300870436156,939.7840784311505,945.8973486085489,2529400
2024-09-04,934.5794067382812,942.1740828360157,926.382306752547,937.9767664292515,1891700
2024-09-05,901.435546875,931.3105677382908,894.9370957067391,929.4933498640381,3201100
2024-09-06,891.52001953125,916.3977664509968,881.9303630878727,906.3834475253384,3440000
2024-09-09,897.010986328125,904.0822035150288,884.8140423660276,901.2576709135751,2405900
2024-09-10,890.0780029296875,903.766178333131,883.905478637526,902.7785744463852,1930400
2024-09-11,909.4745483398438,910.1164546924649,886.0782100933127,890.9668613379297,2721100
2024-09-12,923.429443359375,925.997189458837,907.2426005246663,912.8521835980977,2510800
2024-09-13,912.2596435546875,930.6685349108876,910.6695554232218,925.3947637056893,2045400
2024-09-16,912.0917358398438,921.0493109543472,909.0203020034851,919.5876763885815,1760300
2024-09-17,894.9468994140625,910.0769984723362,891.1149914403154,910.0769984723362,2248000
2024-09-18,893.751953125,904.1514520644326,892.260721735381,895.0753689930256,1777000
2024-09-19,903.697021484375,905.4450996195054,892.655617475884,901.5341666027676,2446500
2024-09-20,910.067138671875,928.2094181007194,901.8799237667206,910.5609406384273,9921800
2024-09-23,907.1339111328125,910.5707532550931,898.1763369449133,909.5831494012373,2292000
2024-09-24,912.970703125,914.205208050141,897.9295144062223,910.689340434482,2767400
2024-09-25,913.09912109375,927.6563939191789,909.7709005480638,920.2394784842635,1805100
2024-09-26,898.0480346679688,910.4226808665061,894.0778474838231,908.8524243356699,2693000
2024-09-27,866.9088134765625,890.0385404231231,864.7558441886285,882.5426002321487,4377300
2024-09-30,874.9578247070312,876.4293449123622,848.1641253694436,853.8033654878003,3244600
2024-10-01,873.5159912109375,880.2218611379168,867.9755470818891,877.8121048989656,2455200
2024-10-02,880.0242309570312,882.2759365465287,867.8075753065574,869.0914483449915,1751600
2024-10-03,874.5726928710938,880.9427506009952,869.9605991601827,878.5132231086963,1974700
2024-10-04,876.1626586914062,877.9502193582174,866.0200075202831,874.9281538033167,1970500
2024-10-07,887.2633666992188,894.0580863445266,878.5428073957436,879.4711574716594,2915700
2024-10-08,902.3934326171875,910.5411650273294,891.0458731232685,891.8063474373542,2200000
2024-10-09,908.3388061523438,909.9288339729111,900.6947615704272,904.9315606235859,1820100
2024-10-10,899.401123046875,910.5709222964402,893.9298183810828,908.5957142220445,1682100
2024-10-11,920.5061645507812,920.683926034017,899.8849885955595,904.684729478612,2293900
2024-10-14,917.9877319335938,925.3848756708542,914.521232519969,924.3972717480464,1550400
2024-10-15,901.9983520507812,915.0347348764186,896.5467595305836,912.9805019983136,2284200
2024-10-16,905.0599365234375,906.4327203921245,886.7102997181995,898.7491935022532,1645400
2024-10-17,905.7512817382812,918.9753123939066,904.6846526508845,909.583189683227,2191200
2024-10-18,906.5906982421875,909.5041417228571,894.3938145237004,905.8105128829028,2286900
2024-10-21,894.8975219726562,907.469700263693,893.3469766244708,906.6006040140278,1592200
2024-10-22,897.8800659179688,899.8256165721838,889.040999389213,890.5026338006458,1391800
2024-10-23,892.05322265625,896.694973041864,880.6760064393504,894.3938390769162,2646600
2024-10-24,880.2711181640625,888.8435128097339,877.2688239988529,887.1942311695166,1797100
2024-10-25,881.6340942382812,889.7917128431159,878.4243812696542,888.5769189455659,2228300
2024-10-28,884.4882202148438,887.0757376599736,879.7378477762671,883.7771140484133,2084100
2024-10-29,892.379150390625,896.7245713910407,887.0757222606943,887.0757222606943,3187500
2024-10-30,836.3326416015625,849.833170263959,759.4674118919053,788.601727432622,18257200
2024-10-31,819.4544677734375,842.9199465811809,815.010250128897,826.1405656078075,6582800
2024-11-01,808.7784423828125,822.6740362794469,806.6057017799044,817.736016854,5266300
2024-11-04,796.1470336914062,810.0228566272654,793.7175063627076,795.0211507626026,3918100
2024-11-05,796.0679931640625,799.1789695446244,787.6042205507886,793.86565576743,3733300
2024-11-06,766.7559814453125,810.5561937686631,758.0946752670408,807.1983764097979,8257900
2024-11-07,787.5647583007812,792.6015141828991,768.5434971511894,774.9234401766238,4557600
2024-11-08,821.2321166992188,836.7671668728314,791.327502265469,793.5397253337156,7212900
2024-11-11,822.1209716796875,833.5376700574842,814.4077878311746,820.9950887959316,3342800
2024-11-12,808.7092895507812,823.6517409082327,800.6701795917758,819.9087439457052,3378600
2024-11-13,801.7467041015625,818.8322391845533,801.2331307943823,810.1512227721638,3059300
2024-11-14,776.4837646484375,799.159171006142,773.7975110791742,799.159171006142,3998800
2024-11-15,738.170654296875,769.6086596326056,736.1921749556228,766.848702687782,7334600
2024-11-18,719.375,726.1018167442966,703.7450274645608,725.3005351382293,9148100
2024-11-19,721.8777465820312,722.1448605775761,704.7540126456629,708.6021689277734,5832500
2024-11-20,745.3029174804688,749.2203277016117,727.546116463894,727.8725220318646,5158900
2024-11-21,741.8504638671875,744.8973384123258,727.0910275339435,738.0913658685398,4143200
2024-11-22,739.9610595703125,753.0882872606735,737.0625950356151,748.9037630532533,4015500
2024-11-25,746.8757934570312,746.8757934570312,732.0471035892008,741.9295961493688,5690500
2024-11-26,780.82666015625,798.316410199982,765.6220513250922,776.7509975639396,6622600
2024-11-27,779.708740234375,786.2773054796007,771.9036255248399,779.6394862189667,2714700
2024-11-29,786.7916870117188,791.7181412476168,780.8365057125772,782.8149849007661,2206900
2024-12-02,791.1937255859375,796.6839926350689,786.6629918526697,789.5219084463107,2895600
2024-12-03,804.5782470703125,808.3373454106086,792.9843277590163,794.290131254183,2782100
2024-12-04,820.9105834960938,837.3517401622194,811.6710594340333,819.1892559428824,3871100
2024-12-05,816.7359619140625,822.1866815583279,808.6637936589251,818.8727531787458,2423400
2024-12-06,817.814208984375,831.950419706667,816.8051653730403,818.7737423179873,3047100
2024-12-09,794.9331665039062,814.8366622210737,792.6579275229691,814.8366622210737,3176000
2024-12-10,790.9761962890625,805.2410140546959,788.4239412795979,800.5619301860041,2695200
2024-12-11,787.4644165039062,790.8970488851689,777.9083282927184,786.6927806453166,3510900
2024-12-12,773.9315185546875,793.2118476228133,770.0141686762252,788.1567877603825,2823800
2024-12-13,780.628662109375,785.703465527187,764.6722242933268,768.7676902758395,3059400
2024-12-16,770.6176147460938,791.1740417179959,766.907966408099,783.4777289844752,3426200
2024-12-17,770.24169921875,779.5207710958218,764.1183039443717,769.489867494714,3924800
2024-12-18,756.4813232421875,770.6175332781706,754.2950823165662,766.6605754692969,3354200
2024-12-19,749.3884887695312,764.6524474098912,744.3038434936045,756.8671371707532,4032600
2024-12-20,759.49853515625,802.6194515454024,758.360885569446,802.6194515454024,9942300
2024-12-23,787.7117919921875,790.75860669786,764.7515175565684,776.7212933906764,3622300
2024-12-24,787.1082153320312,789.165850500646,778.6304251486231,782.8544973454683,1165400
2024-12-26,785.5947265625,795.2595561035016,782.9831196070459,785.5749224500158,1274200
2024-12-27,774.74267578125,784.7636766620864,770.8351677134963,781.4991984152696,2096500
2024-12-30,765.51318359375,771.3694650047667,762.7037166184424,769.5492376100277,1719100
