Date,Close,High,Low,Open,Volume
2019-01-02,181.85244750976562,182.88755328928664,177.60659654493935,178.1049840590367,4294000
2019-01-03,173.6482391357422,179.71509925343554,173.45655617239797,179.70552022383376,5070900
2019-01-04,181.87156677246094,183.29963191467172,176.77272971425316,177.16568929777375,4452900
2019-01-07,183.2708740234375,184.99604989643498,181.8236508706722,182.7054041780993,4219200
2019-01-08,184.6054229736328,184.8070475757073,180.97629733434636,182.32041251565366,5069700
2019-01-09,187.9561309814453,188.70499725067648,185.56551041443387,186.54480270871957,5471500
2019-01-10,189.08905029296875,189.36748360693593,183.68377277247393,185.32551263162603,3693600
2019-01-11,188.08096313476562,188.84903536127558,186.93847236193318,188.24419075207234,2500100
2019-01-14,187.6297149658203,189.13705794170693,186.2567981760972,186.6216357676639,3336500
2019-01-15,188.6762237548828,189.47309739516587,185.39272932308648,187.42810823817732,3783000
2019-01-16,189.87632751464844,190.49078234143118,188.65701345299436,189.62669562736383,3546300
2019-01-17,191.3548583984375,192.40134927921008,189.23307521079832,189.56909673181465,2764100
2019-01-18,193.93740844726562,194.44625295091438,192.03644191194095,193.15013074743015,4866600
2019-01-22,191.49891662597656,192.97744382932098,189.7611472389276,191.815732373309,4457700
2019-01-23,190.43316650390625,193.0349927610717,188.75301509918225,193.0253971698146,3086100
2019-01-24,191.815673828125,192.20931280586336,190.0299123666671,190.5003600217513,2792000
2019-01-25,194.8399658203125,195.7520451082703,191.81568441317913,194.11990091143667,4677500
2019-01-28,192.17088317871094,192.95814635082382,190.15469602738307,192.72773500764677,3277200
2019-01-29,191.2876739501953,192.66059086032558,189.77073524929838,192.19975335934424,3661900
2019-01-30,195.87686157226562,196.65452933197537,191.92129503373286,192.420544140491,4079500
2019-01-31,202.70306396484375,204.4696195786777,199.6979885833357,201.42614718371982,11316200
2019-02-01,205.23768615722656,206.07295668747398,202.7702569291413,203.52873343456136,6470100
2019-02-04,206.33221435546875,206.37061137350665,204.6904598264908,205.79456820438511,4397500
2019-02-05,207.2442626953125,208.05073180131026,206.37058050560324,206.41858775828908,3091500
2019-02-06,206.70660400390625,207.28264705169502,205.15125408043826,206.65859675415157,2698000
2019-02-07,205.4296875,205.89052486854297,203.15428742745354,204.94004871153282,2742900
2019-02-08,207.93551635742188,207.98352360785498,203.538318843308,203.538318843308,3248400
2019-02-11,208.43475341796875,209.92287554761188,207.70507841271905,208.3291433329855,2974400
2019-02-12,210.17254638671875,210.72939833364885,208.9532323882725,209.8365102403747,3411400
2019-02-13,211.73748779296875,212.44795713569818,210.6814013453942,211.01742285835758,2996600
2019-02-14,211.03659057617188,212.15988991331312,209.89408540897742,210.74856172439712,2875600
2019-02-15,213.24478149414062,213.47520749389986,211.67983604317232,213.32159016072703,2758500
2019-02-19,211.78546142578125,213.10078979266635,211.5646456494928,212.59193050855706,2836700
2019-02-20,212.2847137451172,212.97597715523517,210.6429594836479,212.39032383971178,3103600
2019-02-21,210.55654907226562,212.2078988760272,209.89408710276456,211.42063563456284,3528800
2019-02-22,214.40652465820312,214.7041491298615,210.93100155913328,211.21903043968433,3295300
2019-02-25,214.40652465820312,216.40349169057362,214.09928994568003,216.01946294967715,3359200
2019-02-26,215.0594024658203,216.19229764335407,213.18723649037773,213.2928466043647,2852300
2019-02-27,215.6066436767578,215.64504069288407,212.8895969808833,214.13769777672152,2119500
2019-02-28,215.7986297607422,216.59550325113634,214.73293324343868,215.1457633741365,3240400
2019-03-01,218.17962646484375,219.04369833351527,216.3650638208293,217.82439919768518,3001400
2019-03-04,217.25794982910156,219.37974726605768,214.7425280932289,218.23724208075487,2977700
2019-03-05,217.1907501220703,217.8628076830795,216.29786213763546,217.2003457123147,2779100
2019-03-06,215.5106201171875,217.46919015210776,215.01137102994997,216.83554418918968,2849300
2019-03-07,213.53280639648438,215.48178049471443,211.92946396664638,214.69450266402782,3879600
2019-03-08,213.01437377929688,213.3216084720152,207.3114579810821,209.6636814791569,2691800
2019-03-11,216.6339111328125,217.1043587783888,213.94566607906813,214.04168058624924,2670100
2019-03-12,217.8820343017578,219.0917380269939,217.19077084454935,217.5459981643135,2478700
2019-03-13,219.37973022460938,222.0967763437863,218.70767271185917,219.25491431161467,2690400
2019-03-14,220.3494873046875,221.02155969638355,218.33331407887945,219.57181944260725,2838700
2019-03-15,221.9432373046875,223.46977161852237,219.67743214116592,219.6870423838664,3894200
2019-03-18,221.19432067871094,223.22010371128533,219.96541117219493,223.01847910720147,2734100
2019-03-19,221.78958129882812,222.8360867374978,221.1367294983259,222.2984259815012,3212000
2019-03-20,220.7143096923828,222.68249016842478,218.74612921634085,220.56069231918482,3747400
2019-03-21,226.45558166503906,227.61729269179028,219.07251467082887,219.09172050136988,4441100
2019-03-22,221.5494842529297,226.58034116976248,221.47267559964757,225.46663767180098,3709400
2019-03-25,221.22312927246094,222.68246485241684,219.42777220781446,221.19432784948052,3506500
2019-03-26,223.97857666015625,224.30501720910365,222.21202098832694,223.66176100196225,3046900
2019-03-27,223.2392578125,224.85219567238573,220.48380032723165,224.5833726957381,2640700
2019-03-28,225.4859161376953,225.9371579649995,223.09529547706825,224.10338923274267,2712100
2019-03-29,226.05233764648438,227.19484279480272,224.6314138908958,227.05083569617256,3453900
2019-04-01,229.5086669921875,230.1807245719353,227.48288401267573,228.78860216036705,3475900
2019-04-02,229.71029663085938,230.29594999692955,228.56780597223778,229.68149520709835,3386400
2019-04-03,229.39341735839844,231.31358999800236,228.32773560718272,230.68953975003294,2911700
2019-04-04,226.6380615234375,229.23990289723446,224.4298592081808,229.17268979710113,3096300
2019-04-05,227.18527221679688,228.46218901433755,226.6860231369879,227.7421241423997,2590000
2019-04-08,227.15643310546875,227.16604209722584,224.12792829731572,226.62764515450078,2714500
2019-04-09,226.81031799316406,228.09862705504665,225.93541562881333,226.2142230910771,2491300
2019-04-10,227.9159698486328,228.77163962061226,227.00261678172262,227.8582865537021,1984200
2019-04-11,226.93524169921875,228.81964523249775,225.97381461840993,228.81964523249775,1908200
2019-04-12,229.61764526367188,229.7810861168021,226.9737206326208,227.88707348021384,3452100
2019-04-15,229.9253387451172,230.6079586002859,228.04094940475434,230.2810768308662,3437500
2019-04-16,230.8290557861328,231.6751164270806,229.73302935136633,230.7425308579127,2564300
2019-04-17,231.7039794921875,231.93472732565678,229.73305059150942,231.3867067224984,2829200
2019-04-18,231.5981903076172,233.29029684490527,231.18478366637515,233.17493027901716,3016800
2019-04-22,233.6749267578125,233.7614517008325,229.8484499075693,230.55028778464958,2217700
2019-04-23,234.09793090820312,235.06896716819278,233.09803833355738,234.49210493895748,3108400
2019-04-24,235.8284912109375,236.58802697795653,233.44415566263459,234.23253307445523,3255200
2019-04-25,236.1361541748047,237.32832927998666,234.60748832468258,235.2612518315715,3152400
2019-04-26,237.16488647460938,237.61675849285405,233.8383561316105,236.5591972330904,3349300
2019-04-29,237.59751892089844,238.6358621022952,236.37650221635562,237.3571621104885,3274900
2019-04-30,244.4333038330078,247.50024487055052,240.8471691216234,241.40479876578144,7179600
2019-05-01,239.1549835205078,246.36568654122664,239.07806759452794,245.0677541294121,5146000
2019-05-02,237.6552276611328,238.69357095373658,234.85747056746854,238.01095108416868,4747300
2019-05-03,238.38592529296875,240.21264618879323,237.91483524721897,239.02047090952522,3194200
2019-05-06,239.04930114746094,239.4723315383053,230.7906435442085,232.17510130689274,3022000
2019-05-07,235.60736083984375,238.1743698511044,233.24225800709382,237.73212152898105,4257500
2019-05-08,235.8668975830078,238.00126678632412,234.34784109874226,235.10736200576883,3050700
2019-05-09,235.8477020263672,236.05921718213833,230.7040753533879,232.5596227914902,3891000
2019-05-10,237.88597106933594,239.12622061256167,232.02127281703764,234.46329192251062,2816200
2019-05-13,232.06930541992188,234.5017150957346,231.08864555478397,232.19428098189337,4136900
2019-05-14,236.4534149169922,237.89555575969624,232.56924069865536,232.78075586253584,3862100
2019-05-15,239.53964233398438,241.3567396203521,234.79020307310995,234.905569672175,4186900
2019-05-16,243.64491271972656,245.30817789645803,240.67410578464114,240.77986337797188,4911900
2019-05-17,242.80850219726562,244.48137654904252,241.1644548247686,241.424044340472,3129800
2019-05-20,243.71218872070312,244.5774673415338,239.71264800663678,240.82790709098094,2951500
2019-05-21,245.51004028320312,246.0772787870262,244.00059259956993,245.1639259186271,2881600
2019-05-22,246.99066162109375,248.8750508689055,244.68324202411972,244.92359884339683,2936000
2019-05-23,240.09719848632812,245.836919755593,238.75120634203407,244.92356689552102,5072500
2019-05-24,241.7797088623047,243.5968056888619,240.67407344712575,243.3756815398691,2710800
2019-05-28,243.65451049804688,247.8175070847365,242.90459838720295,242.914222049019,6252100
2019-05-29,243.7794952392578,244.4428824000855,241.57783325483638,242.52002786793145,4014300
2019-05-30,244.38519287109375,246.18305711828108,243.03918593082605,244.46210881084178,2817400
2019-05-31,241.78932189941406,243.87561707748037,241.1643854428985,242.2604118191687,5041400
2019-06-03,232.91537475585938,243.22187668898349,230.9829111447298,242.08739950529394,5452100
2019-06-04,239.5684356689453,239.75110919410352,232.39619658263095,235.6746670335867,4862200
2019-06-05,246.37535095214844,247.05795606902907,240.50101532928042,241.77010631254092,4742400
2019-06-06,247.88478088378906,248.72124725724834,245.02935537962395,246.47148161888464,3443500
2019-06-07,255.54737854003906,256.5761128488447,249.6057645437185,249.97111163211184,3691800
2019-06-10,255.83580017089844,259.44115240177234,255.04742277471044,258.6239333613546,4469000
2019-06-11,253.48992919921875,257.55677730110375,249.18272426876825,257.15296491932304,3119600
2019-06-12,253.67257690429688,254.01867661877947,251.27860318407147,252.3265846694809,2295300
2019-06-13,251.12481689453125,254.9993676534874,250.21144924373192,254.7782288168644,4331000
2019-06-14,250.06723022460938,251.874718124731,249.41346674511925,249.96145797150993,3158200
2019-06-17,249.2019500732422,251.61511247215847,248.09628528497316,250.93250735329957,3332200
2019-06-18,248.82699584960938,252.13430809135016,245.23126715556725,251.60553481532017,3921300
2019-06-19,249.84609985351562,250.56717030570704,248.3366519985579,248.84620727782257,4326500
2019-06-20,256.4991149902344,257.37401707236995,252.37458498600176,253.32638831758493,4667300
2019-06-21,254.2686309814453,257.8066757327356,254.2205713617331,255.5665634583732,4285800
2019-06-24,255.06661987304688,256.79720640642836,254.90319368260327,255.59542242787003,2538100
2019-06-25,249.71148681640625,256.0376646190897,249.12500099181386,255.77808984845743,3138000
2019-06-26,251.22091674804688,252.5188493419411,249.9614494576451,250.81713375288058,3869400
2019-06-27,251.02867126464844,253.41299216575854,250.3556604255356,252.31698031228137,2186900
2019-06-28,254.32632446289062,254.62436453408648,251.24974582679556,252.9418670106907,4400300
2019-07-01,256.47991943359375,259.575716141145,254.6532136512216,259.575716141145,2646800
2019-07-02,260.1333923339844,260.16223397944816,256.15306921738727,256.5857232397766,2649100
2019-07-03,262.5466003417969,262.5466003417969,260.3353288991283,260.54684411593956,1896800
2019-07-05,261.6428527832031,262.24852736697625,258.71048176513216,261.0275251965689,2561000
2019-07-08,261.0844421386719,261.8930177622881,259.38063156029807,259.9967059646025,2291700
2019-07-09,263.1155090332031,263.41391090091815,259.4191506346292,259.7271878451883,2477400
2019-07-10,265.07928466796875,266.73494842397037,263.89528282829866,263.91455351944927,2323000
2019-07-11,267.90936279296875,268.22700611712594,265.7531306985951,267.2162934369306,2583900
2019-07-12,269.08367919921875,269.27618047676617,265.92637036211784,268.7948832188176,2299700
2019-07-15,268.9200134277344,270.0943798607356,268.13067890901755,269.96923787898146,3349500
2019-07-16,266.2728271484375,270.13283964223234,265.0118309817051,268.56380625320213,2976000
2019-07-17,264.9830322265625,268.0537112569401,264.97339688051864,267.0141220461295,2318900
2019-07-18,266.4268798828125,266.8793004309927,264.4631790592165,264.71346300639493,3241000
2019-07-19,265.29107666015625,269.025948394598,265.11781668304644,268.9778010391414,3048200
2019-07-22,268.18841552734375,268.91036133769114,265.7434468670568,266.5520226495198,2092400
2019-07-23,268.5350341796875,269.9308081907721,266.54245617800655,269.5265055070461,2275400
2019-07-24,269.76708984375,269.81520781497886,266.04185408827027,267.76490634860573,2805200
2019-07-25,268.9007568359375,270.3927664350399,267.168069256023,269.5264373331079,2312200
2019-07-26,271.5190734863281,271.730845479309,269.6034902028924,270.10405820960534,2942100
2019-07-29,270.9125671386719,272.7318552579898,269.9403374056311,272.52971866163216,3677700
2019-07-30,267.7552795410156,271.8077940077937,265.1466567697504,268.8911339578999,3957900
2019-07-31,262.0855407714844,268.54456970692775,255.75168317186936,268.2461678225475,5513100
2019-08-01,263.90496826171875,268.8623251250298,261.4792401766966,263.6835609038403,4988100
2019-08-02,259.37109375,262.30699515637525,255.74209376863107,261.8256979175562,4438000
2019-08-05,247.23275756835938,252.8254290305831,244.40272750602307,250.2745595869267,6861300
2019-08-06,254.7794952392578,255.231915811595,250.4478201587727,252.00721848757908,4918500
2019-08-07,259.2363586425781,259.90055129040485,250.515253604918,253.54742082809466,4476000
2019-08-08,267.6398010253906,267.6782836572236,261.44068967792236,261.82572162863585,4135500
2019-08-09,264.66534423828125,266.5423857083098,262.865268019383,265.20439475669406,3410500
2019-08-12,259.90045166015625,264.69418167726445,258.8319861260553,262.64385119177814,3322600
2019-08-13,264.26104736328125,265.06962315834676,257.9753069182626,259.7368417975034,3899800
2019-08-14,257.15716552734375,262.2781763277816,255.90580418091778,259.7273062748003,3750300
2019-08-15,261.7198486328125,262.9326978009061,258.06197168457584,259.20746155937036,3364300
2019-08-16,264.0974426269531,265.63759987541096,263.5487860260367,264.69427595997337,2718100
2019-08-19,267.66864013671875,268.1499373516043,264.91560479202684,266.6386570466114,2502300
2019-08-20,266.6771545410156,269.10288179669345,265.53166488182217,267.9862687937801,2583600
2019-08-21,271.46124267578125,271.5478726423571,268.8429848626442,269.17989876113813,2492200
2019-08-22,270.2676086425781,272.30833336740324,266.407625223826,271.55748156348307,2975800
2019-08-23,261.7198486328125,271.5382955046953,260.1026674485966,269.5264764023898,4415000
2019-08-26,266.0899963378906,266.0899963378906,262.7690628667203,264.59798658105296,2184400
2019-08-27,266.2921142578125,268.6504527823622,264.62681546210496,266.3883501916751,2169400
2019-08-28,267.83233642578125,268.2270037727481,263.1445049982436,264.9349463923844,2306900
2019-08-29,270.8548583984375,271.4324210019836,268.4483720303741,270.4890677703232,2297200
2019-08-30,270.84521484375,272.37573660232414,268.303980591644,272.01958133081393,2600300
2019-09-03,269.63232421875,272.26021771016735,268.08256121492457,269.5168175819496,2350800
2019-09-04,275.3982849121094,275.5041562037542,271.5960249890365,272.1928288628034,2631000
2019-09-05,281.15460205078125,282.4829872243381,278.76738637754096,279.4315789643194,3808300
2019-09-06,280.4808654785156,282.10765297073584,279.20059799890385,281.0199161932804,2783300
2019-09-09,272.7608337402344,282.7044539393985,269.6227948369294,282.51192323934083,4795900
2019-09-10,262.1434020996094,270.97040843667133,260.2278480442148,270.81638975932447,8683800
2019-09-11,259.85247802734375,265.6761648172981,259.1305319272968,264.6365753586977,6342300
2019-09-12,266.0611877441406,268.3425326419371,262.971266767129,263.1637974709683,5497900
2019-09-13,265.98419189453125,267.7457273849049,262.8268822477395,267.5917086977369,4631100
2019-09-16,263.8279113769531,265.44509260828676,262.5091614934446,263.240742779618,2755100
2019-09-17,265.91668701171875,268.20766624614123,263.7027317752531,264.28026487968896,2929500
2019-09-18,264.8097839355469,266.4943245084498,260.32408951343297,266.41730048881124,2975900
2019-09-19,265.5894470214844,267.7456492605657,264.5690992207725,265.6375649951576,2623800
2019-09-20,261.0267333984375,268.1691673144445,260.77644945695414,267.3991035536411,5540800
2019-09-23,262.93267822265625,263.5006054448034,259.90051146411867,260.1892780597689,3092000
2019-09-24,260.9786071777344,267.06221125907393,258.99566492591356,265.31991762398917,4120300
2019-09-25,262.54766845703125,262.7786817530445,256.6373237082163,260.1411820367102,4083600
2019-09-26,263.6449890136719,265.1369985532424,262.4321106937312,263.00967319732433,2924600
2019-09-27,259.0630187988281,265.3198819937202,257.6768806024913,265.08886875301334,3175700
2019-09-30,261.411865234375,261.8931626129222,259.2460270309126,260.85354382466625,3128700
2019-10-01,260.8053894042969,263.4140126063167,259.93906011914504,261.3348046963184,3066400
2019-10-02,254.5870361328125,258.88019992047094,252.70032952344405,258.12937729055704,4308900
2019-10-03,258.2545471191406,258.4951958005058,250.66929598234097,254.3656562029828,3948100
2019-10-04,263.8085632324219,264.21286572054856,259.09185754317656,259.4287713872749,2671400
2019-10-07,262.0086669921875,263.2696637628681,260.2952495145867,261.161578913183,2861900
2019-10-08,257.3921813964844,261.2568508752867,256.92956458637104,260.0425295427704,2818900
2019-10-09,262.374755859375,263.242165844601,259.73405539438346,260.17737801432486,2169600
2019-10-10,263.9071350097656,264.7552509167368,261.4302871503619,261.71940420423647,2194700
2019-10-11,265.9118347167969,269.85362158845146,265.1504537634648,266.19133420300676,3493000
2019-10-14,266.3648681640625,268.4658648042837,265.574575310201,267.50210163958945,2042500
2019-10-15,268.46575927734375,269.81502129521215,265.95997015175607,267.1646736340861,3006600
2019-10-16,268.1862487792969,268.91871787810646,264.84199087373366,267.05866283687146,2689400
2019-10-17,266.4902038574219,270.2777866296146,265.93120466370635,269.22728814482366,2396600
2019-10-18,260.8231506347656,266.65390424298903,260.11959315031544,265.26608335501334,4052300
2019-10-21,264.36016845703125,264.41799188175855,259.73411800857605,262.0760549451673,2921200
2019-10-22,251.792724609375,265.3721414165483,251.5517838652909,264.9384363125122,5619500
2019-10-23,251.39755249023438,254.6165169718332,249.14235088618165,253.16122561499176,5367000
2019-10-24,259.01129150390625,259.5702610709293,254.00935946574046,254.00935946574046,3791900
2019-10-25,260.39910888671875,262.3169877091852,255.93688180676975,256.61152762369,2760200
2019-10-28,265.93115234375,265.93115234375,261.53639484137733,263.3579212674521,3796600
2019-10-29,264.3505859375,268.2056382937976,263.1844114232849,267.5406394093991,4706700
2019-10-30,267.1069030761719,267.4153142874876,263.10729260571674,264.68787800492595,3485500
2019-10-31,266.77923583984375,268.9766143211894,265.09265057617057,266.36482480529514,5356000
2019-11-01,268.9380798339844,270.2295482633008,266.11426102508744,268.88990344393153,2880000
2019-11-04,266.31658935546875,272.01243162686006,265.81544323542147,270.4704345154193,3726600
2019-11-05,259.25225830078125,266.914186249449,258.6932886775694,266.4804811158588,4717500
2019-11-06,260.0810852050781,261.8255234021275,259.13661622995295,260.50514330433555,3742900
2019-11-07,262.90496826171875,265.11196478556576,260.0811197682744,260.23532540774414,4277800
2019-11-08,264.9288635253906,264.9866869608212,261.8544567575572,261.8544567575572,2241300
2019-11-11,266.9624328613281,267.08772679562225,263.16520312400905,263.1844678016998,2132600
2019-11-12,267.09722900390625,269.3716950303722,265.7768492991768,267.5405516441706,2217200
2019-11-13,267.9935607910156,270.29693886341676,265.0348015836172,266.49009299678715,3320600
2019-11-14,269.4970397949219,269.4970397949219,266.67322139576703,267.3960436119698,2365900
2019-11-15,270.6053771972656,270.7210240527736,268.0514110990883,270.470465669744,2544200
2019-11-18,270.68243408203125,271.55946185077875,268.31158558238457,269.85361210532835,2715900
2019-11-19,274.9711608886719,276.1951290509985,270.75952217732913,271.31849165768523,3013800
2019-11-20,275.0386657714844,277.3035145072295,272.6099643988087,274.67243115740087,2903900
2019-11-21,274.1424255371094,276.13739280104113,273.31357397708547,274.2869841197543,2777000
2019-11-22,272.33050537109375,275.0193828402761,271.0197724576363,274.5085896503733,2968100
2019-11-25,277.1878662109375,278.5178638755175,273.4195787102448,273.7086958496261,3760200
2019-11-26,278.8937072753906,280.1176755463339,277.39023953361294,278.04559123403726,5712800
2019-11-27,281.1296691894531,281.4187863148179,278.44076227671377,278.5564091268597,2163500
2019-11-29,281.6404113769531,282.38249813879645,279.71288579238797,279.71288579238797,1754400
2019-12-02,276.0892028808594,280.2141075699083,273.6027071460709,280.05990195207204,3062300
2019-12-03,276.6867370605469,277.1782656394588,271.2993050126151,271.97395092830936,2528300
2019-12-04,276.44573974609375,279.1249993641655,275.75182929909704,278.045589649217,2743300
2019-12-05,279.3466491699219,280.40679411597307,276.02165579633083,277.5155057604004,2580300
2019-12-06,279.8767395019531,281.9006474686856,279.182829039408,281.71753016525633,2425200
2019-12-09,278.5852966308594,280.4164402263741,277.8142980890771,278.71059051153355,1903000
2019-12-10,278.151611328125,279.6551085913113,277.2842305540757,278.5274929968494,2514300
2019-12-11,279.53948974609375,279.7997246199562,277.6697868831377,279.2600196091768,2298100
2019-12-12,281.62115478515625,282.14159499754413,277.82392652516455,279.394864791571,2746400
2019-12-13,285.36053466796875,285.78459266887336,279.2984581924208,280.25260340031,3565400
2019-12-16,286.1990661621094,288.6277678637092,286.1026839750799,287.3073877836627,4210700
2019-12-17,285.2738342285156,287.68324161220244,283.124632254051,287.68324161220244,3354500
2019-12-18,284.0595703125,286.5268018745182,284.0595703125,284.50292258303216,2902700
2019-12-19,286.74847412109375,287.3749143414736,283.45239091637484,283.81862565153466,2536900
2019-12-20,287.75079345703125,289.65902582108635,286.05456076745384,289.65902582108635,5099400
2019-12-23,286.497802734375,288.9650335435662,286.3339795027607,287.9145354531592,3590500
2019-12-24,286.7001953125,287.5001055706257,285.8520792628139,287.1627826765402,641100
2019-12-26,288.3578796386719,288.5217028657697,287.0085880109627,287.3073521655156,1369200
2019-12-27,289.842041015625,290.60342193108454,287.3748103796209,289.1288658915062,2042600
2019-12-30,286.9315185546875,290.14083637018285,284.57993450618807,289.9288073359177,2717600
2019-12-31,287.7700500488281,288.0977260070692,285.0522307689412,285.3702890951613,2478600
2020-01-02,292.39605712890625,292.5309686485597,288.6470051151317,289.57220931694945,3272400
2020-01-03,289.54327392578125,291.46118204996304,287.7796008029522,288.60842275911534,2501300
2020-01-06,290.3143005371094,290.4106532949478,285.2930747972766,286.5845135164242,3307200
2020-01-07,289.3311767578125,292.38631729773584,289.013148024641,290.8057324350116,3182000
2020-01-08,294.4363708496094,296.22171687475486,290.0068007515905,290.2673533040799,3224400
2020-01-09,298.2965393066406,300.07222526293873,297.25427028712943,297.5051923568168,3292600
2020-01-10,300.2943115234375,301.047048568495,297.94922006106464,300.6899556982214,2948000
2020-01-13,304.19305419921875,304.6080476071391,301.96379360599445,302.3112265229795,3236400
2020-01-14,299.78277587890625,305.36075681157945,299.03000953568835,305.12912507099225,4951400
2020-01-15,303.26654052734375,304.69482314235154,300.1687425839742,301.2785426495729,4664200
2020-01-16,309.1051330566406,309.1340833439322,303.9807260493557,306.4030080729144,3323300
2020-01-17,312.34765625,312.70471954595826,308.0821281676743,310.195587112293,4821000
2020-01-21,310.6781921386719,314.27783521714974,310.2535682572606,311.1414262231994,5998600
2020-01-22,312.97503662109375,315.36836872651713,312.7916749563135,313.59268211318675,3518500
2020-01-23,313.62152099609375,313.8820735293496,311.0544880520244,313.6408113667598,4188300
2020-01-24,312.357421875,315.65787295281194,310.41766396636575,315.15605807662433,3634700
2020-01-27,304.7334289550781,308.19795038537217,301.57773018872535,304.0868627940856,4367500
2020-01-28,309.076171875,310.282482887885,304.4342894534947,304.76240251488514,3486200
2020-01-29,309.1243896484375,313.10038536158083,305.69844928131636,311.71071295394563,4389400
2020-01-30,313.1197814941406,313.3514132742827,306.8952332896438,307.8506223484879,3512100
2020-01-31,304.8974914550781,313.11969585281076,303.5078189581445,311.84585393974606,5586800
2020-02-03,313.1776428222656,314.10411092479416,307.30049884819607,307.6575622112534,4240100
2020-02-04,317.6169128417969,320.14533643540256,314.88583721040993,316.76766503457964,4158200
2020-02-05,316.8447570800781,323.29127453085454,312.8398113604074,323.29127453085454,3868000
2020-02-06,317.79052734375,319.6530937304483,316.2271531510094,317.80984716649203,3422000
2020-02-07,315.57098388671875,318.3213790860141,314.48047393972814,316.5360327671063,2584200
2020-02-10,318.7363586425781,318.7363586425781,314.1330858600841,314.2392271056655,3848100
2020-02-11,319.35400390625,323.79320541003256,318.13803283382896,323.29139057029744,3449300
2020-02-12,322.48065185546875,322.7605242028028,317.7133092949775,319.25739298416784,2451000
2020-02-13,324.1020202636719,326.0224581576058,320.52169707744235,320.69539881186796,3001000
2020-02-14,329.0333557128906,329.1202065590494,325.250351969269,325.6653158290103,2716300
2020-02-18,329.3132019042969,331.10820776231134,328.49293408764004,329.6799251145874,3597300
2020-02-19,332.51715087890625,335.10347411793975,330.6546141064569,331.9670660960751,3040300
2020-02-20,332.4110412597656,335.113165878115,326.3505365149395,333.65593289592505,4316000
2020-02-21,327.8271179199219,331.870675102977,323.88004206457504,330.5774836806114,4997100
2020-02-24,313.3223876953125,317.82914882319886,302.8708933378696,306.41263517571736,7816000
2020-02-25,292.3036193847656,311.93270671119717,290.2480609099312,310.10875050362876,12715700
2020-02-26,287.6231689453125,297.1289060557609,287.478417507276,291.44475416424547,9403300
2020-02-27,275.8302001953125,287.053720218037,271.120758276317,275.06780354875923,13814600
2020-02-28,280.1053771972656,280.2404981478728,263.9890525858981,265.2822437239017,12846000
2020-03-02,296.01904296875,296.2313548709403,279.3237114407914,288.4434338722584,9688100
2020-03-03,281.7942199707031,303.59466653637753,280.66510003500565,303.59466653637753,8051100
2020-03-04,291.7921142578125,292.2167380469268,282.5180102772259,288.65570594559733,6463800
2020-03-05,280.5686950683594,288.2697669294734,278.1657031285232,285.37462004611757,6621300
2020-03-06,276.97869873046875,278.75438520131326,268.88192419096237,272.80968034624823,7061500
2020-03-09,252.8524169921875,269.4801870920732,252.0514100860027,255.73790315441863,8498300
2020-03-10,270.7637939453125,271.0532968531113,253.67275564830018,266.75884664899115,8131400
2020-03-11,260.3315124511719,264.4619191651677,254.10693737555613,263.41001975481464,8366800
2020-03-12,233.0592803955078,253.31564486562036,232.50919552261925,235.9833770211898,15031500
2020-03-13,260.5728759765625,260.59216635318575,236.9195168274469,249.73536568390352,9934900
2020-03-16,227.41372680664062,248.72201920813086,221.24706602526814,226.2942814737991,12111500
2020-03-17,229.56582641601562,241.74473825801954,223.85273895956996,232.07494460456522,12665200
2020-03-18,219.96356201171875,221.09268204609737,205.76770266194248,214.56894284958014,11352800
2020-03-19,219.2108154296875,230.16412452032048,204.15606391898936,216.18056297470733,9126400
2020-03-20,204.0306396484375,227.77084882507822,202.66027195749655,227.77084882507822,10518600
2020-03-23,196.19442749023438,208.14172183435673,193.00011826124216,196.17512239075617,11588700
2020-03-24,228.7841339111328,230.10624610021108,207.48549909825948,208.3733422575762,11654800
2020-03-25,247.5156707763672,256.99242546363047,231.95907762983722,239.23553745487192,12642700
2020-03-26,253.98153686523438,256.51961992887624,243.79062386323864,248.8860803642365,9957900
2020-03-27,238.99432373046875,247.12004739111208,236.1474327834543,241.49381125422482,7819300
2020-03-30,244.3986358642578,245.3636847719153,236.09920936821237,237.25727983778353,5765800
2020-03-31,233.11715698242188,244.56263492594732,232.6539377387618,243.6361964386272,10373900
2020-04-01,220.6198272705078,228.81309764549903,219.1626087481853,222.8683929506392,6646200
2020-04-02,230.53086853027344,231.00373303124846,219.40385673182573,220.40750103280214,6446600
2020-04-03,228.7454833984375,231.49587797800376,222.26035520544823,228.69722802019575,4163000
2020-04-06,256.6451416015625,257.7742324750373,241.27190288399655,243.19235575642028,8636700
2020-04-07,250.0248565673828,272.9833781918302,249.4458507869571,271.76740715102574,8627300
2020-04-08,261.8843688964844,262.7832451983951,250.24720374704754,253.72675821823282,5690100
2020-04-09,260.3861389160156,266.76531540098955,258.76235711881947,265.9244294523162,6662900
2020-04-13,254.5289306640625,259.70960631716105,247.19288722784756,259.22633576539596,7114400
2020-04-14,261.6620178222656,266.4174131953769,260.1928859125741,260.8501268066602,6354400
2020-04-15,248.536376953125,254.151978030591,247.06721569593458,251.79361553546167,10240700
2020-04-16,238.50367736816406,249.74456986851197,236.52227990477033,249.74456986851197,11455400
2020-04-17,251.271728515625,251.97731424285797,243.09478309782457,249.60927639520457,10412100
2020-04-20,243.3074188232422,248.04347968215637,241.31634625632364,245.9944022531175,6042700
2020-04-21,237.14085388183594,241.04567325708473,235.9326775623814,238.3973454554718,5964600
2020-04-22,248.31405639648438,249.947513076114,242.6017954423077,243.046410799677,5083200
2020-04-23,247.29922485351562,253.6397473302527,246.7289691016251,250.71112875900386,4270600
2020-04-24,250.1021728515625,251.1363493631648,244.37057672584592,249.78319778535024,3824200
2020-04-27,256.2493591308594,256.8292896616838,250.82707798440725,251.51331387269528,4099900
2020-04-28,255.74673461914062,263.52737726572576,254.1615933440442,261.3526601847747,4344000
2020-04-29,274.1980895996094,275.464256277516,267.01669519055156,269.1334228879829,8505000
2020-04-30,265.76983642578125,272.2070043932542,264.26203450509354,269.11406073740943,5898900
2020-05-01,259.7481994628906,264.82253933315286,258.2693930234166,259.7095590632554,5067800
2020-05-04,260.25091552734375,261.03381160753935,254.21003250330418,256.6167108612018,3747100
2020-05-05,264.81298828125,268.5534982838845,264.15571779905036,267.57728216043256,3926200
2020-05-06,263.3244323730469,267.69318707386776,262.4641967248186,267.69318707386776,3261900
2020-05-07,269.1527404785156,272.9995852352541,267.9638841337113,268.5148197200717,4371400
2020-05-08,272.9898986816406,273.93711967566435,270.14826519606606,273.91776997392117,3215400
2020-05-11,271.8204040527344,273.3475262363338,268.34084968292177,270.14827708566526,4056900
2020-05-12,263.0054931640625,272.8835447089758,263.0054931640625,271.06647215860454,4031400
2020-05-13,260.1542663574219,266.8330704471256,255.35055479635858,263.189190777185,4802100
2020-05-14,268.0315246582031,268.2731599463445,255.12819437215543,261.1594312217805,6294200
2020-05-15,269.60699462890625,269.80031466029226,264.14604295194914,266.8040311527818,3813300
2020-05-18,280.2003173828125,282.3170451926457,275.46427090514675,275.9088716447808,6037800
2020-05-19,281.0025634765625,287.8553377712685,277.87094959904334,279.4947614044791,5211800
2020-05-20,288.8025207519531,291.073898644204,285.50664096590896,285.8545816660842,4592200
2020-05-21,284.4144592285156,289.89473201349733,282.95497239147625,289.35347123217815,3944100
2020-05-22,285.0427551269531,286.8695032098144,283.2063321902839,285.18773045154444,2897000
2020-05-26,293.180908203125,294.79504486988657,291.83743136960004,294.4277545207735,5246900
2020-05-27,289.7400207519531,294.5340859417878,282.3459870876339,293.82850030586803,5147900
2020-05-28,292.1853942871094,299.62777335947567,288.84116997895495,290.90958231465817,4520800
2020-05-29,290.8225402832031,294.2440742402595,288.870108554333,291.8953866519858,4930100
2020-06-01,291.3153381347656,292.9197991099653,287.93244595122474,290.73540786114853,2841800
2020-06-02,293.43218994140625,295.867862736392,291.5957678700406,294.7853414941761,4131300
2020-06-03,296.7957458496094,297.8009272314784,292.0983413479722,295.25894923077146,3429700
2020-06-04,291.2864990234375,296.360840015076,289.3244216865304,295.2203285475427,4147700
2020-06-05,301.44482421875,301.7347747320996,295.4232629219294,296.54445406770054,5058200
2020-06-08,300.0239562988281,303.08787435199764,296.77636362335573,300.65220196775834,3724300
2020-06-09,301.06787109375,302.98163304785805,297.8879721830585,299.41509410858424,3314800
2020-06-10,302.6723327636719,305.484970841042,299.9080394381114,301.9377816017952,4089000
2020-06-11,281.505126953125,296.2352055306087,281.32148176380497,294.804743419901,6505300
2020-06-12,287.8262634277344,289.95263600947,281.1571361772824,288.79280446393005,4512200
2020-06-15,287.22705078125,288.9184978188207,279.0887611991661,280.2969376545737,5932900
2020-06-16,294.29248046875,298.7482213222829,290.06867057199804,295.67462733036024,4013100
2020-06-17,293.5965881347656,297.1921228698952,292.9393176481836,294.7950898809758,2566400
2020-06-18,294.64996337890625,294.89159857447754,290.44550507666935,291.7309913386556,2776600
2020-06-19,286.5794372558594,299.14447160434565,286.5794372558594,299.14447160434565,4533500
2020-06-22,294.2538146972656,294.74676016390777,287.76833129689413,289.575758679252,3489200
2020-06-23,296.6120910644531,300.04329963383464,294.23440858960424,296.75706630746424,3801500
2020-06-24,284.1726379394531,295.29750123289415,283.2544124846056,294.794910692414,5086000
2020-06-25,288.0389099121094,288.40620023330587,280.94450209142025,284.31772094237056,3294800
2020-06-26,279.65899658203125,288.1355513571781,279.49470111409715,286.9467246893833,4922500
2020-06-29,283.12884521484375,283.34148541257343,275.6091574900254,281.59204857981615,3642200
2020-06-30,285.80621337890625,286.67609446446477,281.2731332869864,283.28352578464376,4283500
2020-07-01,291.0931396484375,293.12285196786235,285.24554942886806,286.05744025593555,3801300
2020-07-02,292.30145263671875,296.6218937189411,291.2285763831862,294.14752068729445,3290100
2020-07-06,295.3459777832031,297.0374247470153,293.02628498927385,296.38982921669833,3013300
2020-07-07,289.87542724609375,297.49177799870176,289.3824817060817,293.045681775471,3633100
2020-07-08,290.4947204589844,291.8400208919106,287.83318290273934,291.23028210782945,4115000
2020-07-09,285.113525390625,291.0463381966504,281.21316497931167,289.98171746266996,5042800
2020-07-10,286.16851806640625,287.40734166919174,282.1229879690473,284.5425676257286,3030900
2020-07-13,280.8454284667969,289.0139313331056,280.69057183237834,288.2783697035883,4853700
2020-07-14,289.3333740234375,289.47854290913966,279.3646871908379,282.60693013899356,4795900
2020-07-15,295.8855895996094,296.9018013487735,291.6948901858399,293.25308547267656,5257300
2020-07-16,289.720458984375,293.76598887208746,289.29461062399656,293.2240054199481,3312100
2020-07-17,294.2789611816406,295.42099571962336,289.7785488145232,292.0239258808482,3169800
2020-07-20,301.9248046875,304.8573339050305,292.20779453234024,292.20779453234024,5279400
2020-07-21,297.70513916015625,303.94763804942124,296.4469397961359,302.931426229461,3562100
2020-07-22,303.2893981933594,303.4829763369182,298.2179698195983,298.2179698195983,3303100
2020-07-23,299.93109130859375,307.0349737067327,298.7890567879302,303.46367173519405,3118500
2020-07-24,297.046875,300.7343108758764,294.7434311644918,296.6210267512905,2500300
2020-07-27,298.9245300292969,300.0278725118875,296.17589112865534,297.1824445193879,2311600
2020-07-28,296.4759216308594,300.2214557512401,296.18558388628,298.5761297695984,2116300
2020-07-29,299.3503723144531,301.6344707851202,294.3370105385736,294.7047913586213,3542400
2020-07-30,299.0600891113281,302.75721445368015,293.29181863994165,294.22092909334543,3941600
2020-07-31,298.60516357421875,300.11497891795295,295.7790815378614,300.0278775945703,4684400
2020-08-03,302.53466796875,303.415398827037,299.3504917173885,300.995818294126,3907800
2020-08-04,304.2767639160156,305.534933897073,301.0925878714161,302.447546974684,3409200
2020-08-05,317.4488220214844,319.0747723139584,305.7090178715951,306.19293375882296,5677200
2020-08-06,319.5200500488281,320.56529554562087,315.41642254909954,316.8681704554647,4839800
2020-08-07,317.46826171875,317.76828729450756,313.50983213727693,317.4489157104687,3662500
2020-08-10,312.4935607910156,319.132873281927,311.5063533747113,316.6649138129359,3752100
2020-08-11,317.9715270996094,323.78817721720725,313.17105921115285,314.5453936190638,5273300
2020-08-12,317.0907287597656,320.73944391388926,315.70673641191337,318.0875943052938,3125900
2020-08-13,315.6971435546875,319.2200369116141,315.14547218918193,315.4454977663747,2526700
2020-08-14,316.2874450683594,317.10044983527916,314.36146908778437,315.19381985929374,1444900
2020-08-17,319.607177734375,320.57500975176123,316.1713563511204,316.48106968529737,2904100
2020-08-18,320.3523254394531,320.73945225184093,315.85191348169474,319.57807181467757,3021700
2020-08-19,321.7073059082031,323.7010371865468,319.3845153401787,319.4232368848131,3421000
2020-08-20,326.46905517578125,327.1271737621934,319.56840918103245,319.56840918103245,2966000
2020-08-21,326.2561340332031,327.90143051462144,325.1624792784422,327.12717682170523,2680900
2020-08-24,332.5857849121094,332.7696458092819,327.8530725073967,328.44343581867133,2753900
2020-08-25,336.4764709472656,337.2507247197549,332.28574191837225,333.62135478142113,2862700
2020-08-26,339.7283630371094,340.9575285259155,334.3859412654406,336.80552115882296,3512000
2020-08-27,344.54815673828125,346.4838205401817,339.3024948393413,340.4155251541426,3811700
2020-08-28,354.3426513671875,355.4363062660561,344.7030528015389,345.98059814548566,3544700
2020-08-31,346.66778564453125,354.83629101110796,346.1838695898094,354.83629101110796,3948200
2020-09-01,345.4192199707031,347.87752141455326,342.1866647746562,346.20316149396575,4409600
2020-09-02,349.09698486328125,349.96802768286875,344.8191547871579,345.8934635754952,4127200
2020-09-03,332.7793273925781,347.39359544827494,330.28233400802515,346.9387132595677,6297400
2020-09-04,324.2334289550781,335.8280381696361,316.0455484342881,331.96639768882255,6571200
2020-09-08,319.2684020996094,324.91084926111785,316.38425231253075,318.1844350627141,4425700
2020-09-09,328.7145080566406,331.73413947771155,321.67834979875494,326.5368858353808,3344900
2020-09-10,322.1718444824219,334.02778367077605,320.48782665327246,331.48238138867816,2845900
2020-09-11,319.5296936035156,323.9430046732323,316.7810545713858,323.9430046732323,2920400
2020-09-14,327.7079162597656,329.0628751325455,323.2752292252357,324.1946814259908,3416100
2020-09-15,328.23052978515625,332.8664233915303,327.64013695842675,331.7147010499679,2396400
2020-09-16,330.85333251953125,334.90855044041217,328.8596012190367,330.30166126192944,3049000
2020-09-17,328.51123046875,332.6632382942927,325.19157357709753,326.2949163075331,3713000
2020-09-18,324.475341796875,330.16619826213514,322.6461252748043,327.33042826438714,4006000
2020-09-21,317.3037414550781,321.0008669508687,310.49019559693306,318.87162464023277,4466000
2020-09-22,324.52374267578125,325.2205828910298,314.65184454907535,318.9103289399765,3375300
2020-09-23,314.0904846191406,324.38823018920493,313.0645851703188,324.06882912282737,2893900
2020-09-24,317.65216064453125,320.13949619391866,310.84830226206117,312.80334197855785,3706300
2020-09-25,321.1072692871094,322.7525953452293,311.73866350533945,315.1744549647308,3077500
2020-09-28,327.50469970703125,329.61456647537256,325.00767649218807,325.7819303134118,3122500
2020-09-29,325.41412353515625,329.759679223402,325.0173089201844,327.50464393955474,2679500
2020-09-30,327.2917175292969,332.5954172910366,325.5980117513342,325.86900349437286,3285200
2020-10-01,332.32452392578125,335.54742155744344,329.33392609683744,331.2308688596585,2503600
2020-10-02,327.930419921875,331.58882276732277,325.20115682527955,327.38843650298503,2184600
2020-10-05,332.2082824707031,332.2082824707031,328.06596333465967,330.6887793777821,2081600
2020-10-06,326.5755310058594,335.2182633155916,325.4044626049115,331.0565977040917,2553400
2020-10-07,332.83740234375,333.56327630765867,329.3919229579344,330.78560333151006,3068200
2020-10-08,334.4361267089844,336.8972903612896,333.55437064516093,334.300487852391,1991800
2020-10-09,341.4514465332031,342.3913082940628,336.2287437832962,337.1880036474508,3116500
2020-10-12,341.1123352050781,343.9804455701531,339.93020404030744,343.9804455701531,2942900
2020-10-13,335.104736328125,340.58904715073527,334.3101829477202,340.521212932103,2523800
2020-10-14,332.0622253417969,336.41284132044115,330.59908794698885,335.02723719663527,2234300
2020-10-15,328.0603942871094,329.0680901677832,322.4888810805527,327.7987564811289,3727300
2020-10-16,328.86468505859375,334.2714929427233,328.69997858476,329.446066383916,3324600
2020-10-19,321.3746643066406,330.7057152114975,320.1731349649504,329.56235061804404,2937600
2020-10-20,321.4230041503906,326.34530168774927,321.3842375199398,322.70203682279384,2677800
2020-10-21,323.0703125,325.880287596436,321.01609464639716,322.1691581852906,2725300
2020-10-22,323.2447814941406,324.9695276150838,319.0298032366379,323.02191024217245,2256000
2020-10-23,319.37847900390625,325.26976475606847,318.1188444585536,325.26976475606847,2945400
2020-10-26,308.1870422363281,317.0820771738134,304.4759429388003,316.2778543580999,5173300
2020-10-27,307.2666015625,309.6405631512735,302.66404590407825,309.0010466060902,4314900
2020-10-28,282.3352355957031,292.62557389342624,279.6415311645284,292.32519901432335,11518200
2020-10-29,284.079345703125,286.1335337133227,278.6241027009756,284.0987438049084,9582300
2020-10-30,279.68035888671875,282.79070920759517,272.47130107307845,280.8527910764077,6892800
2020-11-02,280.9689636230469,285.68778789854156,279.1763840616685,285.106406747517,5094900
2020-11-03,286.2207336425781,291.0170616171673,282.72277724836306,285.3099100701384,4097700
2020-11-04,297.6642150878906,303.01285809491327,292.8581571821559,295.61969623192306,4790100
2020-11-05,306.70458984375,309.43706130953973,303.8461489772259,305.357752215757,3794400
2020-11-06,303.9042053222656,306.66571381984375,300.46438437098954,306.1715650158965,2978500
2020-11-09,333.86444091796875,345.9182907251042,330.31804817050516,336.1511990567285,10933700
2020-11-10,324.3880310058594,335.1240816685457,323.0896297417804,329.4362981539345,5330400
2020-11-11,322.0722961425781,327.21746606597856,320.7932631659533,326.93645967635297,2969900
2020-11-12,318.09954833984375,322.7505395647905,316.1712998829719,318.8456361009708,3207700
2020-11-13,324.63037109375,325.6768339269538,317.1790731342796,320.0471838348062,2393700
2020-11-16,325.037353515625,332.01384154227156,322.82812787164397,331.19022036383996,3312800
2020-11-17,326.0546569824219,327.2852240915578,320.45407594425706,322.8280369836815,3412700
2020-11-18,325.5120849609375,330.36657895579214,324.4655926940042,326.0837672157163,3203400
2020-11-19,323.5159912109375,328.6320928453445,321.1323606780478,325.07600079290887,2718700
2020-11-20,312.9737854003906,324.75633145801595,312.9737854003906,324.3881222733582,4142400
2020-11-23,321.7331237792969,322.85711965991794,314.30119595123733,316.084076791791,3219000
2020-11-24,331.7618408203125,333.4284216848616,323.7485320615141,326.4519355813805,3529700
2020-11-25,330.72503662109375,333.04083285993386,328.8064874827143,333.04083285993386,2535200
2020-11-27,328.54498291015625,332.2367148703322,327.13028127423087,332.188249171129,1402300
2020-11-30,326.06439208984375,327.55656761136026,319.93086525729643,327.1786889900322,4276200
2020-12-01,328.3608093261719,331.9944053401915,327.13991160297167,329.1262951661371,4210400
2020-12-02,329.6592102050781,329.6785787384865,323.6322844437045,326.32598910147266,2972100
2020-12-03,324.7369384765625,331.6940571073032,323.7485813562947,328.05076174846073,3080300
2020-12-04,333.6610107421875,333.6610107421875,325.37639421599033,326.46165304778697,4323600
2020-12-07,330.3762512207031,337.1880317843949,329.4944949853109,332.70174689862506,2389800
2020-12-08,330.21148681640625,332.18814153218904,326.2484487638089,327.7793906990065,2224600
2020-12-09,326.3938293457031,331.10295566518744,324.30087445806106,329.84332085396125,2962600
2020-12-10,321.229248046875,325.1244818003484,320.90950461665284,324.26209417443516,3506800
2020-12-11,317.25653076171875,321.27770421564855,315.42518427750497,316.9367577706917,4179400
2020-12-14,320.8707580566406,328.2348521669139,317.4212664777193,318.78750217834596,3552400
2020-12-15,323.2931213378906,324.8143938619582,317.4503005296056,322.8183409536736,3104600
2020-12-16,321.7912902832031,323.63230647183076,319.0297512151206,323.5935398320953,3393300
2020-12-17,326.4422912597656,327.8278955756569,323.0509346551103,324.15556214293383,2725500
2020-12-18,329.7657775878906,330.99637434632683,323.9714221474569,326.06437697169173,8443700
2020-12-21,323.9908142089844,325.715560036113,317.08213184803617,322.86681822710653,3642500
2020-12-22,321.9268798828125,324.8143879102729,321.30676159338947,323.78729389163664,2403100
2020-12-23,319.0103759765625,324.8047317582645,318.81657235223986,323.75826906965375,2760600
2020-12-24,325.57025146484375,325.92876159384224,320.0956385670662,320.3863144634746,1308900
2020-12-28,333.77728271484375,334.86251198167105,326.41318895672754,327.37244883181955,3449100
2020-12-29,335.8992919921875,337.9244125216616,334.0582760172363,336.98452121656806,2822700
2020-12-30,344.5133361816406,346.7128918805816,336.4322222433597,337.85659305512416,4200600
2020-12-31,345.8601379394531,348.253467230258,342.2846777930629,344.00942318200464,2881700
2021-01-04,340.5793762207031,347.0132779245702,336.5775709748729,346.88730852821726,4638400
2021-01-05,336.6357421875,342.04252029051696,334.71719275983264,337.97288074223394,2990700
2021-01-06,336.7616271972656,343.0404910173154,333.864449778195,339.5425638590654,3966800
2021-01-07,339.42974853515625,341.86492837634546,337.9938901364315,338.54690405863914,3100200
2021-01-08,343.3006896972656,344.39700578865865,339.07065881087607,340.8849038366998,3371500
2021-01-11,337.8192138671875,342.88359252009576,337.4214335399022,341.6126199775297,2403000
2021-01-12,332.6965637207031,337.6251010185014,326.01196058364087,336.7325158849463,4858100
2021-01-13,336.00494384765625,339.33270868225105,333.96757426895493,339.18715690568746,4125700
2021-01-14,317.1832580566406,339.1579897117279,316.9504226296496,338.2945385981293,8712200
2021-01-15,313.6226806640625,319.86097639724306,312.2838177747402,317.7750801253358,7911500
2021-01-19,316.22283935546875,319.3177390978031,314.9810008412362,317.2415241400737,4625200
2021-01-20,324.92535400390625,327.8553082860281,319.31767394368336,320.15202060917306,5081000
2021-01-21,324.4693908691406,326.81722717771646,321.85958508266776,324.4402864391256,3484900
2021-01-22,319.18182373046875,325.1581794294909,319.10422179494634,320.54010926806,3846600
2021-01-25,319.37591552734375,320.11326724794895,307.77248531276825,317.7460081944126,6257700
2021-01-26,317.9303283691406,320.6856562136275,316.10637186177695,320.16174688310025,3503100
2021-01-27,306.0843505859375,313.37046594033495,303.7850116566825,310.8091575178267,7449400
2021-01-28,314.6123352050781,319.19162042712753,312.38091626708325,317.33855913858514,6906400
2021-01-29,306.8605041503906,315.97054615777336,303.06706881392677,314.1465895655337,7627200
2021-02-01,311.9734191894531,313.87497796686733,308.112063158717,311.34280337940805,4930700
2021-02-02,324.4014892578125,326.13813263561724,313.8070616164118,313.8070616164118,5686000
2021-02-03,322.897705078125,325.9828932115858,321.19987750931466,323.88728534515116,4036800
2021-02-04,330.6688537597656,333.0167195513881,325.07088489398103,325.3716405240811,4537500
2021-02-05,328.6509094238281,334.0645408970321,327.3314690619267,332.30850445810444,2964800
2021-02-08,326.9822082519531,331.30923510430546,325.52692737442175,329.86366557377585,2652800
2021-02-09,323.49920654296875,326.1963256429814,320.1617603692861,325.9343857705645,2993300
2021-02-10,324.24627685546875,325.4687222812524,322.3447181102897,325.0127330833621,4246300
2021-02-11,332.64801025390625,339.1676680449203,330.106125064129,335.1996067881163,5110800
2021-02-12,330.8338317871094,332.8906238926493,326.66203871325115,331.1539805323907,3025100
2021-02-16,331.0375671386719,333.7443977243426,327.99119471827174,332.96825980529843,2916900
2021-02-17,327.27325439453125,330.2323432932045,325.82768485600604,328.9322959216843,2267000
2021-02-18,328.3695068359375,329.81510570093394,322.9170602495108,324.5178629906017,2393700
2021-02-19,323.23724365234375,328.89342132200085,321.13192465363505,328.3501189238361,4095800
2021-02-22,330.5039978027344,333.860837455096,318.9684569907892,320.16179798753836,4940300
2021-02-23,339.9729919433594,343.71790010654246,328.32103487233286,330.49424459986864,6326600
2021-02-24,356.3691711425781,357.7953475178229,340.11853546356537,342.34995419130934,7467400
2021-02-25,343.9992980957031,356.3691854525592,341.70964080459237,353.6914591855314,5207500
2021-02-26,343.3006896972656,348.6755341838983,336.77132026551624,346.43437488450337,4868500
2021-03-01,352.0809631347656,355.52514579374883,348.4718652161218,349.92714615738515,4382900
2021-03-02,352.0032653808594,355.6802529074997,348.6270038571829,351.20770491028344,3559200
2021-03-03,349.5099182128906,354.5354805070077,344.8530317702997,349.26737142717735,3692300
2021-03-04,339.0804748535156,350.8488520084213,334.4041647754226,349.3644665646179,4572000
2021-03-05,350.1211242675781,351.0039980786911,336.0922271365344,344.3388174602095,4643200
2021-03-08,360.2596130371094,371.05780170265854,351.00404813043696,351.595848132211,7213300
2021-03-09,365.29486083984375,375.7728999903116,361.60816145460814,363.820187007302,5832800
2021-03-10,370.3204650878906,372.55188379878837,361.8798246274689,365.37250445963525,4509500
2021-03-11,372.9205627441406,377.8879164984831,371.1936307028612,374.00716767693257,3729700
2021-03-12,371.3003234863281,372.4839530178659,367.933772822609,369.77715213155017,2467500
2021-03-15,370.3787536621094,376.29687315366084,367.3517736920354,371.882532298598,4216200
2021-03-16,370.9801330566406,373.79366961148986,367.4001404335647,371.29060002196786,3445100
2021-03-17,367.3904724121094,373.61908710453343,364.6642488183202,370.46597878501984,3240900
2021-03-18,356.0587158203125,364.2859142452011,354.1571571268141,363.8493181456398,7205200
2021-03-19,345.8814697265625,355.36018860315943,339.70138161421943,353.92430079877727,12224300
2021-03-22,347.7151184082031,350.86822709701926,343.4463002587438,345.32846596776614,4140400
2021-03-23,344.6783447265625,348.5881973779348,342.97083564127763,348.5881973779348,3756300
2021-03-24,348.9277648925781,354.1085601611331,345.38658809906923,346.4343770804952,3550000
2021-03-25,347.6763000488281,348.7532233275242,343.59181988315675,347.3367581864553,2961800
2021-03-26,355.2243347167969,355.68029425051316,346.6090681505141,349.19945124173717,2741200
2021-03-29,352.09063720703125,354.4578963228238,347.9188145190792,353.3809731442621,4054900
2021-03-30,347.5210266113281,353.7011136219189,346.4538148934471,350.0240962698489,2885800
2021-03-31,345.43511962890625,350.7226513892206,345.17317975969195,348.86959039741384,4372600
2021-04-01,352.4690246582031,352.566049307117,344.6493176015545,346.3956724587061,3701800
2021-04-05,357.33935546875,359.4737495372759,353.4779997662858,355.8646519804905,2180300
2021-04-06,358.5521545410156,359.6969685352768,351.69292270812633,354.0213664817436,2661900
2021-04-07,360.01702880859375,362.8111724929298,357.9990525964409,358.1348930069836,2958300
2021-04-08,366.91363525390625,368.4386448096775,362.06666245751256,362.3094972411863,3528400
2021-04-09,369.1865539550781,369.4488344848734,363.70821681764664,365.30119753539844,2429300
2021-04-12,368.95343017578125,370.02190908537284,365.39832560909434,367.2438639204347,2896600
2021-04-13,367.29241943359375,369.2059584421245,366.0005219684134,368.1957575859022,2652800
2021-04-14,367.4769592285156,370.0315854137066,364.83491609484327,366.1947846982969,2317400
2021-04-15,375.4128112792969,376.2675943664237,370.0510305185669,370.2453101812465,2942200
2021-04-16,375.1019592285156,377.94797511528884,372.67361195797656,377.8508352958851,2725500
2021-04-19,371.20684814453125,376.6269057338412,370.3909270903829,373.86830703374676,3360900
2021-04-20,365.8354187011719,370.38127818625344,362.8534008047999,369.2933832301226,3135900
2021-04-21,372.11993408203125,373.0912729704506,365.8742321437934,367.73918620952867,2466300
2021-04-22,372.3724670410156,378.3365021246718,371.04173748886,372.1004933343189,3713700
2021-04-23,375.9664306640625,378.7056134647149,372.4696047103479,373.3341105562694,2294800
2021-04-26,376.36468505859375,381.67791003140246,376.0052944081827,376.7143528342659,2255000
2021-04-27,377.9188232421875,379.2398298837013,375.0728074524976,377.0931792697864,2270000
2021-04-28,384.31024169921875,389.9925803679063,379.5021317817998,379.5021317817998,4065300
2021-04-29,377.80230712890625,381.14371558270153,372.80961055631326,380.27920966418975,4637100
2021-04-30,371.1097717285156,373.965510727321,364.8446233929315,371.88683106247197,4043200
2021-05-03,368.5259704589844,375.78187318295886,366.0490681364219,374.42200465992636,3344100
2021-05-04,365.1359558105469,367.37002309515447,360.93004239144767,366.26271232615363,3321200
2021-05-05,358.5600280761719,368.75908573830424,357.4818265661483,367.09807500472,2993900
2021-05-06,364.7183532714844,364.96118800475915,355.218659691492,360.5027458589839,3787300
2021-05-07,364.640625,367.7877832610919,362.853364942582,366.44733080730055,2935900
2021-05-10,355.84033203125,365.223470495273,354.936993859484,365.01949760166127,3193700
2021-05-11,357.07391357421875,358.3560881613825,348.9729499164518,350.6630999242272,3073100
2021-05-12,346.3988952636719,354.90783404124755,345.447002054085,354.2958857534202,3293200
2021-05-13,349.7013854980469,352.44056803925986,347.66159772424487,349.03115935194353,2626000
2021-05-14,353.47991943359375,354.25697864537904,351.12926640714375,352.6251365148847,2959700
2021-05-17,352.8873291015625,353.62555598098464,347.7975239255144,351.9159904256508,2511600
2021-05-18,352.66400146484375,359.23995477211463,352.47944471291527,356.4813560102741,3421200
2021-05-19,350.6339111328125,350.79902213840796,345.1846847328819,347.0885005918353,3577900
2021-05-20,357.16131591796875,358.8222970929172,352.1006190402441,352.5377333908195,4087500
2021-05-21,357.0641784667969,361.8528720342542,356.9281767949047,358.56004864306,2708700
2021-05-24,361.70721435546875,363.02822114054766,359.04575503423354,359.4731169142372,2351500
2021-05-25,356.69500732421875,363.0378480046439,356.3064777632965,362.43562273877865,3916300
2021-05-26,352.256103515625,359.30803456364936,351.6732941521418,358.4241124635676,3101900
2021-05-27,351.6247253417969,355.8986111024513,350.2065786722024,354.1016279863482,5416300
2021-05-28,350.2453918457031,354.936975658591,350.090003696672,353.081714673583,3624300
2021-06-01,349.47802734375,354.92722428510035,349.2351926213816,354.03360910681437,3119700
2021-06-02,356.335693359375,360.5318846625822,352.4794766111664,353.1108409887855,3531000
2021-06-03,351.4497985839844,356.1802136201735,351.3623816524032,352.9456389371375,2605900
2021-06-04,355.5295104980469,356.1220427363436,353.2760264174248,353.86852901280605,2295200
2021-06-07,353.64508056640625,360.7067338779594,352.86802124446956,357.25846273494676,2133400
2021-06-08,354.7912902832031,357.14191404765126,352.81947331193874,354.53873265913825,3224200
2021-06-09,352.9166259765625,358.7349674056656,352.9166259765625,356.4231755797992,2520900
2021-06-10,353.8587341308594,355.1603542864082,351.5858047601689,354.23757051409586,2460200
2021-06-11,355.02435302734375,356.33566641580774,353.3730651095876,355.0632148817253,2708300
2021-06-14,356.0151672363281,356.1220299429329,351.721865364374,355.5100816169554,2515300
2021-06-15,357.5693054199219,358.1812537284801,352.34349689384425,356.8116621909721,3562500
2021-06-16,353.39251708984375,358.7931588706402,350.9447241501048,358.7931588706402,3081000
2021-06-17,356.7630920410156,358.56976826344624,350.8767803623235,353.08170911229155,3824900
2021-06-18,356.88934326171875,359.76449803787773,351.6246735050337,351.7412294274184,5009400
2021-06-21,362.3968505859375,365.66056491987143,355.7043405371042,358.0549642303703,3094600
2021-06-22,367.20489501953125,367.9042600779542,361.3574170012741,363.27095544981285,3582700
2021-06-23,364.3880615234375,367.8654414786799,363.5624175925084,367.166076338034,2241800
2021-06-24,364.0093078613281,369.1671158294377,362.21232469580457,368.13749881105633,2788200
2021-06-25,368.7298889160156,368.7687507660565,362.6298827474784,364.6891457989555,3983900
2021-06-28,357.14190673828125,370.00245490734244,354.6552813370244,370.00245490734244,4800300
2021-06-29,357.4526672363281,360.74551989408417,357.3652503042072,358.4337288794189,3394300
2021-06-30,354.6261901855469,359.56060943756455,353.8296850053753,357.40423543936663,2884900
2021-07-01,360.0850830078125,360.57075252213343,355.1215548000516,355.5586395771916,3108500
2021-07-02,364.28125,364.7280576228317,361.48378904452466,362.00832038440444,2786500
2021-07-06,365.3399963378906,367.3992301420076,360.85241519063345,365.85480478891986,2740500
2021-07-07,363.2030944824219,367.3118395099119,361.77522495664294,365.9908326892012,3176600
2021-07-08,360.0035705566406,360.39255791444486,355.5884883670879,357.3875882844948,2809000
2021-07-09,362.6779479980469,363.20309732418934,359.7118856101785,361.61794469305505,2404800
2021-07-12,365.22576904296875,365.72174494583567,361.84151700062665,364.6811808537869,2648300
2021-07-13,373.1515197753906,376.00091810206203,365.2160533145301,365.2160533145301,5161000
2021-07-14,380.04644775390625,380.85362548272764,372.44165118350276,372.44165118350276,4140500
2021-07-15,379.4920959472656,382.47759654963306,376.7885940796884,379.4045760284173,3773000
2021-07-16,376.46771240234375,382.63325266910886,374.726959068527,382.33178523470576,2706500
2021-07-19,355.3940124511719,368.1821611403898,353.371230689414,367.598665259966,6814400
2021-07-20,364.0880432128906,366.2372230331702,355.21897043451736,356.90137725655956,3542200
2021-07-21,369.6020202636719,370.4189027177392,364.7298691748685,365.6829135435319,2393100
2021-07-22,371.6441955566406,372.32491601244004,366.674790807923,369.8353613123837,4180300
2021-07-23,382.438720703125,383.64459027323807,374.4935205662175,374.4935205662175,3720300
2021-07-26,381.991455078125,382.0790046977414,377.58610660821165,380.8925738016715,2285800
2021-07-27,379.5310363769531,384.40318707296706,375.2715845693901,379.26847657718923,2783800
2021-07-28,372.8890380859375,380.9509337993679,371.80956607710027,380.84394519265805,3372600
2021-07-29,378.1112060546875,383.87802454344614,376.83725538490324,376.83725538490324,3774000
2021-07-30,375.3201904296875,378.29598682068263,372.5388728833138,378.29598682068263,2533300
2021-08-02,364.93408203125,379.24903697763835,363.51423508654216,378.58772579773523,3430300
2021-08-03,357.48486328125,366.30529384279146,349.6758236509373,366.2955595129859,6328500
2021-08-04,357.88360595703125,359.09921014054567,353.4296156090458,357.17368242983764,3203200
2021-08-05,361.70550537109375,361.72494435653385,356.9014346395924,358.06842667848747,2562400
2021-08-06,364.22418212890625,365.16749215060315,360.79131714480366,361.1997732035928,2038500
2021-08-09,360.4801330566406,364.19502669999986,358.73940917022975,363.8935592256902,2400800
2021-08-10,357.71820068359375,362.49309654278744,354.09082782625586,362.0457626006426,3225000
2021-08-11,354.21722412109375,359.7798284717665,353.74071691342806,358.4086237809483,3267700
2021-08-12,352.0195617675781,353.22543172075973,348.0032004635819,352.5933234284577,3802900
2021-08-13,352.7682800292969,353.4976424277034,350.70662039825413,352.29177275924417,2304600
2021-08-16,353.5560607910156,353.79918163982,346.80702365397974,350.5802639758774,2937300
2021-08-17,353.235107421875,354.4312428453383,349.8897626123367,352.03894232057763,2812800
2021-08-18,351.01788330078125,355.61771063433,350.66777385607526,351.2415354814462,2774500
2021-08-19,347.4779968261719,350.2301411156735,344.9592687037387,347.0792751218406,2727900
2021-08-20,345.2218017578125,348.4601874342119,343.6074760840671,347.52658219393834,4135900
2021-08-23,351.0762023925781,352.27233784673393,346.93341407587224,347.6336032325291,3537900
2021-08-24,351.8249816894531,356.0261163648633,351.5235142624422,353.04058572670147,3032000
2021-08-25,349.21875,352.42793293647594,348.6352540994132,352.00003792123454,2340400
2021-08-26,343.1504211425781,348.34350775040383,342.1195912844429,348.1489992316551,3946300
2021-08-27,345.9415283203125,346.6903298494299,341.9737794544801,342.7614886291396,3698300
2021-08-30,343.33526611328125,348.1879786526378,342.5572912335671,345.03711213076525,4032100
2021-08-31,336.7029724121094,345.44558956781697,335.19560518253974,343.2283283780712,6780400
2021-09-01,339.95098876953125,342.36272832045546,337.74343272065414,337.82124800297504,4499600
2021-09-02,331.88909912109375,340.8943039674325,329.99274481676406,340.86513065557364,7412000
2021-09-03,330.8680114746094,334.6704248266536,329.603765348748,330.5762486711787,5171000
2021-09-07,335.2247314453125,338.42421001646943,333.581232189109,335.3998010056495,4764300
2021-09-08,341.38055419921875,342.3141298800066,335.50674661534737,335.50674661534737,5054500
2021-09-09,341.7403564453125,343.90900486568444,340.2913658403525,341.059606271288,3716200
2021-09-10,337.8309326171875,345.2315150752736,337.471088925619,345.16343413272034,3437700
2021-09-13,338.2491455078125,342.30438421300795,336.8292985344517,340.3691519601985,3234200
2021-09-14,336.2846984863281,340.2524467954999,335.7498445659735,340.05793827291615,3281900
2021-09-15,335.2636413574219,337.96714393527907,333.32840895062776,337.45172893698447,3833500
2021-09-16,336.7806701660156,338.112967463071,335.205252057736,335.9054411811751,3771100
2021-09-17,333.6007080078125,336.47925051164356,331.39315173462813,334.53428374568034,5527500
2021-09-20,330.3428649902344,331.7237747002842,326.38485071147863,329.01056757558666,3956600
2021-09-21,328.0965270996094,333.73692020101487,327.99927280244486,332.78390525119886,2967300
2021-09-22,333.9604187011719,334.4077526090332,329.22443084099046,329.96349780227695,3238800
2021-09-23,344.32708740234375,345.02727639921585,335.70116732779337,336.2262868170764,4783200
2021-09-24,348.3045654296875,350.02584990567243,343.05316240252995,344.2882053078923,3306200
2021-09-27,346.9527893066406,352.6126481431567,345.3871057411263,347.2250833909835,4158000
2021-09-28,341.5166320800781,346.2040080761481,339.4452381821808,345.7177664917715,3266900
2021-09-29,343.4713439941406,347.35154246762835,342.7128082847859,343.1017956294595,2808800
2021-09-30,338.11297607421875,346.2040440005063,337.8406819458261,344.97870558382226,4393300
2021-10-01,350.26904296875,353.1864929944991,337.6073205410202,340.2038344443485,5227300
2021-10-04,334.7287902832031,350.7261240304766,330.0025056378205,350.0259348118213,7901500
2021-10-05,333.7660217285156,338.9785482212909,333.4937275617329,337.99633048354264,4724100
2021-10-06,339.0952453613281,339.28001958495594,329.7788375982688,330.6540964166486,3712000
2021-10-07,344.60638427734375,348.4914852740441,339.8254552522251,339.8254552522251,3209200
2021-10-08,345.6288146972656,350.89660035834163,344.89853067297224,346.6414835312456,2336700
2021-10-11,338.02410888671875,345.55091321129913,337.7806808910182,344.6453681989727,2769800
2021-10-12,336.2618103027344,340.79931329704465,335.5607362410525,339.4847957169734,3042900
2021-10-13,333.3503112792969,340.31234618084574,328.12148256024176,337.14778216056607,3755700
2021-10-14,335.5216064453125,336.7192826835163,331.87018711395194,334.80106920616186,4083800
2021-10-15,346.64154052734375,347.235490701402,338.59866830844726,339.82555517989596,4053600
2021-10-18,349.0173034667969,350.47787134882554,341.0231369127856,344.6550633616192,3280900
2021-10-19,352.5811462402344,352.76615391063,348.20915884260506,348.9783996976536,2835400
2021-10-20,347.39117431640625,352.96080741992154,346.6414268715337,352.19159643510244,2796200
2021-10-21,346.8459167480469,347.011460850168,338.14092975469254,345.2782548109615,2516300
2021-10-22,349.24127197265625,352.1331976013587,345.5703589686039,347.30356502017884,2774400
2021-10-25,351.3736572265625,354.7232284945645,349.3580962044257,352.9316021885937,2447900
2021-10-26,347.9267578125,357.693087389947,347.43015521379465,353.8274497964226,3320100
2021-10-27,326.89459228515625,341.8897510712891,325.0250521792373,338.85177440008624,9652700
2021-10-28,324.27532958984375,341.27633401732623,320.22468381147513,335.12249631656186,9505100
2021-10-29,326.6998596191406,329.26072709096655,322.4057858694174,322.5323731916497,5843700
2021-11-01,325.26849365234375,331.9384270402197,324.12926721111614,326.4369599813633,5126200
2021-11-02,319.8448791503906,326.9432171410753,318.1116732461941,326.320057009114,5375300
2021-11-03,320.7699890136719,320.91603989427506,314.8400855384863,319.86444383859504,3952500
2021-11-04,326.61224365234375,329.72813426879077,320.67259387961764,322.3668731456532,4819500
2021-11-05,339.6209411621094,340.95492155056075,332.0357180511483,333.43786539609766,7201500
2021-11-08,340.47784423828125,343.8663425438021,338.5206738615903,338.86147896073805,3862200
2021-11-09,335.58978271484375,340.9939013043808,330.7212234712936,340.79914704850785,4247800
2021-11-10,348.53045654296875,350.16628548157627,340.31232533644453,340.89655844747017,6337100
2021-11-11,345.0250244140625,350.18571461525465,343.30156528168607,348.958828278291,4472200
2021-11-12,353.9443359375,354.27539447404985,346.57332846731396,346.6999157903283,4724200
2021-11-15,351.8605651855469,361.37375074424943,351.17898459318855,355.54122518868024,4693200
2021-11-16,359.84503173828125,361.3153464791246,352.48377083508467,355.18094258290466,4969000
2021-11-17,349.72821044921875,358.32607576859186,341.98718687188745,350.1274062863122,11727300
2021-11-18,339.0659484863281,352.9510892584156,335.5216230169409,351.24709348628596,6533700
2021-11-19,330.7894287109375,337.53724547166865,330.214942219559,336.9043386398334,6954800
2021-11-22,312.85357666015625,332.5031025642638,311.3540819445107,330.86724422351233,11378200
2021-11-23,320.3512268066406,321.0230904194189,313.23339493475896,316.41742226659494,7116200
2021-11-24,331.06207275390625,331.4125948028749,316.4758566156413,318.3551433181609,6414400
2021-11-26,315.648193359375,318.2771976073859,310.6140898627175,313.1262534395273,6613900
2021-11-29,314.5186767578125,323.09707584946614,309.88379880488174,321.33465976373293,6362200
2021-11-30,306.6413879394531,312.32786230200753,301.95780600621555,309.64040774475086,10237600
2021-12-01,298.228515625,313.55473327635957,297.95587744862763,312.3473398831866,8008800
2021-12-02,311.7825622558594,313.7299860557952,300.86723046218214,301.4514635452287,6717600
2021-12-03,313.64239501953125,314.2071646866755,305.7456040322504,311.82155811939793,4732900
2021-12-06,324.5673522949219,327.9072064665401,313.53521029920006,316.21291784057524,6055000
2021-12-07,330.5849914550781,333.41849711942297,328.43306640447224,328.43306640447224,4939500
2021-12-08,333.3405456542969,334.9861212282927,325.31716868901344,330.31231575081955,4226900
2021-12-09,335.4632873535156,337.4204582146887,330.0981538032353,331.110793008371,3389600
2021-12-10,340.7212829589844,341.0425948129713,335.7650632117845,337.8780311209166,3405900
2021-12-13,336.2324523925781,340.3415177818474,331.38335645352714,340.0104593030843,4358300
2021-12-14,331.5975646972656,339.05620117054536,328.97827739562496,336.2421893245391,4518500
2021-12-15,337.24517822265625,337.4788596083563,326.70960659244815,331.0621006931151,4918700
2021-12-16,343.6423645019531,344.4699957186801,336.0473950091173,342.4544349762065,5369900
2021-12-17,340.1273498535156,343.5158784456363,335.0737819955482,340.0105091633275,5898200
2021-12-20,328.160400390625,334.4992748813832,327.3911893224281,332.2694661296862,5013900
2021-12-21,341.5197448730469,342.7466315289034,330.448643944308,331.3833991645482,3105100
2021-12-22,348.0825500488281,349.19256619263956,337.4690662817974,337.4690662817974,3456400
2021-12-23,351.10101318359375,352.9413428821619,345.6677140210495,348.1409504923652,2627000
2021-12-27,350.838134765625,351.5878822363505,346.25196000484027,350.5362864517401,2677100
2021-12-28,351.2958068847656,354.5674945888765,348.9881142470852,349.3581295538634,1920100
2021-12-29,351.7924499511719,353.60354017847914,350.7213607071722,352.2695593672256,1535200
2021-12-30,351.50030517578125,355.06409486241677,349.669721758187,352.4837638600988,1558000
2021-12-31,349.874267578125,353.827536650894,347.4010303211335,348.5402866462503,1984000
2022-01-03,361.1985168457031,362.53249767365844,349.8060733433756,350.3318861998015,4708200
2022-01-04,365.521728515625,372.34742880497447,361.8800257622406,362.21108424612476,6854500
2022-01-05,364.07086181640625,372.4447898315004,362.7174177706885,364.1682389463559,5976600
2022-01-06,360.7462158203125,364.8606738503821,357.33375161660683,359.4689815987002,4781100
2022-01-07,360.4048767089844,362.49136860201963,355.00342633818195,357.226431048587,4551200
2022-01-10,354.80859375,361.6335233514299,340.0472317299709,361.6335233514299,6009300
2022-01-11,357.12896728515625,358.854688254368,347.18406095188317,354.43798632935517,4131200
2022-01-12,358.12347412109375,362.81317232600793,357.88948610807813,359.7127121362502,5783100
2022-01-13,360.2782287597656,368.23414928765135,358.67926092195734,359.3909844501282,3892900
2022-01-14,362.83270263671875,365.4066601242592,355.0425142413822,355.2082755920601,4029900
2022-01-18,357.1387634277344,362.8327302283167,356.06629841639386,361.516488004738,4933900
2022-01-19,351.7080383300781,360.06367728275757,350.71352981271525,353.34601385308036,4464800
2022-01-20,354.89630126953125,363.7394662471488,352.62458803737536,352.78056022775064,5043200
2022-01-21,346.1993713378906,358.9230063100346,345.25363002465537,353.43380887631145,4867100
2022-01-24,340.680908203125,341.34389404667786,322.32183580564464,334.00222292219365,7472800
2022-01-25,330.2875061035156,338.3604192825128,325.0518164001441,334.733456564162,6994400
2022-01-26,336.03997802734375,345.8971103296066,332.7152593378732,334.7724734725083,7438600
2022-01-27,341.7631530761719,350.63556567931704,325.96830735389904,340.34940604852886,8416100
2022-01-28,372.943359375,373.1968364910467,346.49188123706625,350.0700771546088,8813400
2022-01-31,376.7165222167969,376.88225380213026,366.8788797882162,369.20908968146296,6345200
2022-02-01,382.2544860839844,385.60845326644574,372.855600192167,376.1120624469574,5841100
2022-02-02,386.8271179199219,389.91784799684166,373.17726372741043,379.5537039456935,6115000
2022-02-03,380.3142395019531,383.11245518086395,376.8237597127797,378.82250645080484,4209200
2022-02-04,372.6410827636719,378.44225374317676,366.99588395550995,377.87677279766496,6045400
2022-02-07,366.7229309082031,372.8361064539094,363.9734524361458,372.64112633976754,4767500
2022-02-08,365.0069274902344,370.2718664712678,361.27272963969904,368.0976582551236,5825300
2022-02-09,371.831787109375,378.73473029050433,371.0810558125402,375.9560039189732,5492800
2022-02-10,365.0263977050781,370.4960754847648,361.2921705976395,362.42316218805917,3995000
2022-02-11,360.52197265625,371.37361404209787,358.44526934695807,368.40963667760013,4345600
2022-02-14,364.80218505859375,367.8539078758867,357.58726653059523,359.5957431267977,3678400
2022-02-15,371.9975891113281,373.4893222048307,364.06115844420685,365.21163918208197,5800400
2022-02-16,373.3528137207031,375.3710496220468,367.3566327750083,370.4570930048743,3424800
2022-02-17,364.35369873046875,371.75386771288,362.8619655325017,369.1311427808364,3972500
2022-02-18,360.69744873046875,365.435884355104,359.77119662063717,365.143399349012,4083800
2022-02-22,359.0789489746094,364.9581354139667,354.7012251833628,355.87122467305824,3897900
2022-02-23,352.1955261230469,364.2171355570248,351.12303154456924,362.6669055658121,3802500
2022-02-24,360.1416931152344,361.2726847156717,332.77372562953263,337.2879326130885,7425000
2022-02-25,359.8589172363281,363.2713809249243,352.6537593775111,358.035691397684,3817900
2022-02-28,351.7958068847656,356.22223890335755,346.76485623072114,353.1315380745444,4952400
2022-03-01,335.86444091796875,352.53673990982446,332.6859651794673,348.90004760601073,5894200
2022-03-02,335.484130859375,339.6083471236583,330.2191935514359,334.382387972305,4997900
2022-03-03,332.46173095703125,340.7589028921848,332.1790053648696,338.9356768992046,3975900
2022-03-04,322.4876403808594,330.3557855660826,315.89669971722617,328.4740623662131,4670900
2022-03-07,305.09381103515625,321.5516133113741,304.30404194976717,321.33711437242334,6874300
2022-03-08,306.46856689453125,316.60848581414444,297.96665364543355,303.6021239183737,5048200
2022-03-09,319.9234313964844,321.2104251683078,313.07898345363344,315.0679711233305,4015900
2022-03-10,316.4718933105469,317.9636263149826,311.75294687981994,313.8881766367625,3771300
2022-03-11,316.6668701171875,322.6922985063004,315.9258685241361,321.7758059320485,2987700
2022-03-14,320.37188720703125,328.45456078839,319.07516389571475,320.86914151461303,4122700
2022-03-15,326.62152099609375,329.9169906551936,322.9263020243607,324.106060881518,3738900
2022-03-16,336.0594787597656,342.1629244588777,328.2595603217755,333.43675380464526,4340800
2022-03-17,337.775390625,338.2043884181953,331.2527079901897,333.0564446541718,3244200
2022-03-18,341.3341369628906,343.91785369023296,333.9242093688658,338.02893738641376,6790800
2022-03-21,336.9369812011719,341.2464494547625,333.9242661179336,337.3659791179756,6053800
2022-03-22,340.7881164550781,345.078064778923,336.8686689429223,338.1068950333849,4669900
2022-03-23,333.6219177246094,338.0581380382998,333.2026793583335,334.81140616808773,2527800
2022-03-24,340.6127014160156,340.7102063494103,332.1790453781206,333.69026770558924,2482700
2022-03-25,340.2908630371094,342.7478558975551,337.0051528114591,341.64611287734846,2173800
2022-03-28,341.7242126464844,341.7924690829439,334.93829103308144,339.7937516188055,3134600
2022-03-29,358.3574523925781,361.48719075320963,348.1688278784865,349.74830643205604,5512400
2022-03-30,353.1802978515625,359.06924461180637,350.6258293201913,354.90604885118427,2614200
2022-03-31,348.44183349609375,355.0132547365783,348.42231465878,350.5867930435151,4095700
2022-04-01,354.86700439453125,358.6889771330013,349.21207600287073,350.2358032921857,3806800
2022-04-04,357.73345947265625,360.5121859525909,354.06748883221906,355.13998340833876,3027200
2022-04-05,354.2332763671875,358.4354797293404,352.87802635841217,354.223516948489,2215900
2022-04-06,344.7076110839844,348.1590830988879,340.8369006214219,347.5545942200632,3864500
2022-04-07,341.2806091308594,344.55136342502647,337.62909664364696,342.87205264028387,2848500
2022-04-08,343.9363098144531,347.47069621433087,337.47292444923886,339.0838843086414,2235100
2022-04-11,339.1522216796875,343.1845225440189,337.6389021329477,342.3448819685685,1809200
2022-04-12,337.6193542480469,346.0940330474995,336.3306042977513,341.72000624118914,4038500
2022-04-13,346.73846435546875,348.55444801803316,334.75871677875915,336.26229332867035,3048500
2022-04-14,349.35504150390625,354.3636856044758,348.42750378319994,348.73016771403627,3358900
2022-04-18,348.3591613769531,352.22550100875065,344.86386663838147,345.61564000230834,1871400
2022-04-19,355.2618408203125,356.04293291778896,347.6463790925226,348.3688632115235,2999300
2022-04-20,356.6483459472656,363.09221576302394,355.2619257650063,357.9859311017215,3377300
2022-04-21,355.8183898925781,366.3433646017144,354.8615631751588,360.7391661890476,3605300
2022-04-22,342.8720703125,353.53374720154847,342.315547744517,351.97159270338057,2968800
2022-04-25,346.2111511230469,346.6602604530757,338.93738559095016,341.01700045187306,3380400
2022-04-26,335.9693298339844,341.7785818138652,335.4518693060335,339.7087397020615,3116400
2022-04-27,353.01629638671875,364.89837235266197,347.5780594848415,348.554402348563,5702300
2022-04-28,369.86798095703125,372.93371207483847,360.065519342451,360.39747236487733,6843300
2022-04-29,354.7834777832031,368.19841931701393,353.1920341336982,363.24835380239455,4741800
2022-05-02,350.5461120605469,356.29675540956725,342.2960038398961,354.4124210381909,3903800
2022-05-03,349.3257141113281,354.8420452147056,345.0786167854998,353.03580499617874,2686900
2022-05-04,359.8018493652344,360.50481739540163,345.2934091980061,350.86831842042164,3346600
2022-05-05,345.0102233886719,359.0695526460244,340.7728995447357,353.53370609008175,3424800
2022-05-06,338.9081115722656,342.95018510914093,332.7181017299222,338.05869809453276,3635200
2022-05-09,320.23065185546875,334.2900114156637,317.20401314033165,332.9328806793271,5777400
2022-05-10,317.6336669921875,325.7861373070556,315.40760606052817,324.4485521141917,5003500
2022-05-11,318.1607971191406,323.1694400356318,311.01396126408173,317.7800389523956,4263900
2022-05-12,313.6404113769531,317.8777363619196,305.37078509136387,314.1578719678549,3891500
2022-05-13,324.9268798828125,327.2994155896116,318.3756278770727,319.9182662244149,3536000
2022-05-16,321.9295654296875,325.6591727821838,317.3407417348175,320.7677149579145,2062300
2022-05-17,330.8435363769531,333.1086590256738,324.6632990125023,332.06396498566636,2802300
2022-05-18,327.9535217285156,333.5186872871893,325.66888328318254,325.7274614641693,4521400
2022-05-19,324.36065673828125,328.25625558255865,316.75493679865286,322.19317419279577,4380700
2022-05-20,328.22698974609375,331.5758391581663,319.93784702994725,327.7583641650745,3428700
2022-05-23,340.1871337890625,342.9892330153857,330.9411657611389,331.009516911932,3420800
2022-05-24,332.6302490234375,335.86194148371555,328.0316825278728,335.7545580717663,2561500
2022-05-25,336.6039733886719,339.513456037439,331.18525264730755,332.522837595985,3033400
2022-05-26,341.6126708984375,344.8931691180857,337.82445524315983,339.7673683031673,2817400
2022-05-27,349.31597900390625,349.32575196799263,343.7801013745474,345.029848952716,2658700
2022-05-31,349.40380859375,352.4304773673574,342.8330403269866,344.7368909942097,3873800
2022-06-01,348.6129455566406,355.81835993520724,346.4552363870959,349.7259906114967,2190000
2022-06-02,354.4905700683594,356.4139667897135,349.2964484403937,351.9618455111024,2484200
2022-06-03,349.35504150390625,352.4109997045655,347.3535205791248,350.9757743763065,2076600
2022-06-06,351.6201477050781,359.59685254422635,350.0482201361092,353.4361312043961,2196100
2022-06-07,355.4083251953125,355.85746437389935,347.9002460487429,348.4860577370934,2158800
2022-06-08,353.75836181640625,358.4350533372174,352.440322544274,356.365210852443,1709600
2022-06-09,340.7436218261719,353.6411012894845,340.68504364446426,351.24907941477943,2250600
2022-06-10,326.8307800292969,336.1646156055579,326.6843345559956,333.2551030882838,3300500
2022-06-13,312.1759338378906,323.07192642955715,310.3990120372742,314.38247878258016,4825100
2022-06-14,314.5190734863281,316.33505673234,312.0977326960289,312.52732589746296,2788400
2022-06-15,317.69219970703125,322.80822647202143,311.8731751348078,319.66440144724385,2357800
2022-06-16,301.47515869140625,308.96372182513494,297.8626780524897,308.61222288832016,4528500
2022-06-17,303.3399963378906,306.70839146493984,296.4665335632458,299.7372884352632,6235300
2022-06-21,309.8912658691406,312.65433327704045,307.43089220675864,308.57319684458366,3193700
2022-06-22,308.6707763671875,311.4924214169034,303.99408591989743,306.05418476237276,2671500
2022-06-23,309.2663879394531,312.41021328351826,306.122562595388,311.3557462611943,2387600
2022-06-24,322.6812744140625,322.983938278729,311.6681295381394,311.6681295381394,4318900
2022-06-27,321.0508117675781,324.1165426711112,319.3812738081871,324.1165426711112,2810800
2022-06-28,310.7601623535156,329.1739735084118,310.5941709652011,324.8292658670802,3394200
2022-06-29,314.9584045410156,318.3951202988929,310.87729899185837,311.5607210403436,3779500
2022-06-30,308.0166931152344,310.7602144969977,302.3636589355409,307.8409287346981,3411500
2022-07-01,310.71136474609375,311.3948167158648,303.9453153869713,306.66932050652747,2287700
2022-07-05,311.7071838378906,312.73233176747544,302.13900738076757,305.67336323170485,2112100
2022-07-06,312.595703125,314.73386655268644,308.2509655279991,311.45336888141264,2219200
2022-07-07,316.8883972167969,317.6608687978247,312.4392103832441,315.206512384134,2202100
2022-07-08,315.9007568359375,317.77822139218125,312.27298144631663,315.62696302995266,1662100
2022-07-11,317.0057067871094,318.99071925807317,312.0773886435392,312.3023024124422,2073800
2022-07-12,315.7052307128906,320.10550824081355,313.11396213692774,313.11396213692774,2761500
2022-07-13,316.2038879394531,317.729314851819,306.85574666981074,308.9483370842,2442600
2022-07-14,317.8271484375,320.32062704511617,308.40079185872094,309.15371747624124,2743900
2022-07-15,325.2000427246094,328.13356080106877,322.45231651362883,326.2365500576552,3387400
2022-07-18,323.6745910644531,330.03054641277816,322.48162594388526,328.0650799020074,2468500
2022-07-19,332.8369445800781,334.4308274082798,324.4275206603339,324.4275206603339,2689800
2022-07-20,333.7071838378906,335.7019842259899,328.8375635627609,332.836922439202,2563600
2022-07-21,339.2320251464844,339.53515294402246,332.5240319902742,334.2939187467206,2230800
2022-07-22,336.25946044921875,343.30967506508233,332.8565681611986,341.14865807156684,2253000
2022-07-25,336.5820007324219,337.88254349475,332.57285430554793,336.81670241719337,2180100
2022-07-26,333.7170104980469,336.99277827235005,331.7808778519083,335.0566456262115,2254200
2022-07-27,335.66290283203125,341.18771903092284,323.8994966486735,335.4086848931831,4580300
2022-07-28,344.63946533203125,345.4315127595967,333.07160996672167,340.2880686101285,3635500
2022-07-29,345.94976806640625,348.8930440142749,342.204626903796,346.2822298414588,3176800
2022-08-01,342.7718200683594,346.9765174100003,337.9999591827288,340.1023078535493,2289400
2022-08-02,341.2757568359375,343.3683177466299,336.3572255839509,339.38850401339823,2878800
2022-08-03,346.2821960449219,348.58012410248267,340.81607857089307,342.243715428263,2921200
2022-08-04,348.1792907714844,350.6629814220436,341.90154854093305,346.81032154651257,2339500
2022-08-05,349.5873718261719,349.90025775334396,342.63491820686,342.63491820686,1848700
2022-08-08,344.3559265136719,351.0443444253902,342.1362418196404,351.0443444253902,2477600
2022-08-09,338.8604431152344,343.3389340284663,337.6968119480964,342.6348885310491,2467400
2022-08-10,345.54888916015625,346.6929445378082,343.2705066654062,346.4876066210253,2443700
2022-08-11,342.81097412109375,347.96420761513576,342.5860901244576,347.96420761513576,2609400
2022-08-12,346.4190979003906,347.572970886593,342.4979828277445,346.87868353828605,2514200
2022-08-15,351.9732971191406,353.92897588109435,343.0456187962154,344.5221359694135,2526300
2022-08-16,351.28875732421875,352.02213677583507,345.2750517892222,346.4191070226233,2448700
2022-08-17,347.4556884765625,349.04957159980006,343.9550362766097,345.666255362563,2439900
2022-08-18,349.4406433105469,351.55277981205836,345.73465379214866,346.46803327845316,1934900
2022-08-19,346.428955078125,348.8637657307767,345.7249094887533,348.72688372685826,1740700
2022-08-22,337.8533020019531,343.22163078033,336.6505487922515,342.24379137639744,2312400
2022-08-23,333.33563232421875,337.5598751550115,331.849297583329,335.09573101694195,2240700
2022-08-24,332.1817626953125,334.7046046671291,330.8519156413981,332.64134833568,2218400
2022-08-25,337.0318908691406,337.48168859986527,329.8447659134996,332.46536812386097,2228500
2022-08-26,324.6035461425781,337.98041128952786,324.3493282006219,337.4034598058114,1925000
2022-08-29,322.0514221191406,325.43473819012246,320.5064191091914,322.67722383663676,2308200
2022-08-30,320.5455322265625,325.591187125682,318.3551815136264,323.66484230862255,2618900
2022-08-31,317.1817321777344,323.84081549085204,317.09373022079785,321.01487540270983,3129000
2022-09-01,318.0422668457031,318.3942747080926,312.13610847708094,316.63417571356416,2493200
2022-09-02,315.4118347167969,322.36428749186183,313.4268221786734,322.11003973069865,1936800
2022-09-06,316.8981628417969,319.74367892607916,313.45617907891744,315.35318980177226,2043400
2022-09-07,321.3375549316406,321.9047184525411,314.91314338999183,316.89815603056735,1998300
2022-09-08,322.75537109375,322.9704968975295,316.3114147622282,317.33813391950883,2114000
2022-09-09,328.4073486328125,329.5514039506251,322.83365245277184,323.21502411956834,1815700
2022-09-12,330.9204406738281,331.95694810626435,328.4953880885534,330.5977369433518,2097800
2022-09-13,318.22802734375,325.42491033949767,317.3870700199182,322.6869722087866,2316900
2022-09-14,318.6289367675781,321.2006588599751,316.1843385567501,319.7925679032352,2657900
2022-09-15,309.9360046386719,318.7170142352991,308.1856933907472,316.419085404419,2486800
2022-09-16,308.1465148925781,308.6354345608388,302.2599029882951,305.917042398961,3650900
2022-09-19,307.0708923339844,308.45943735221715,303.3746607551796,305.03699959994276,2369700
2022-09-20,306.3276672363281,307.40329629577485,302.5825563308038,304.26444090340686,2769600
2022-09-21,297.7520751953125,307.9998420893975,297.47828137729016,307.51092242569416,2366300
2022-09-22,291.7481384277344,296.3635414211826,290.01737349567475,296.23644737049824,3176500
2022-09-23,287.0740661621094,288.0421474205302,283.808086280852,286.6340563549081,3245900
2022-09-26,283.6809997558594,288.79511102485884,282.71294821121603,283.62233177383814,3635600
2022-09-27,280.1313781738281,291.2982848642091,278.4885856770692,288.92214282597314,4073300
2022-09-28,283.74945068359375,286.48741910862356,275.4476031196075,278.7917974010801,5611400
2022-09-29,280.4149169921875,285.5974822938106,278.53748257086033,281.9599195310468,3439700
2022-09-30,278.0388488769531,284.31659089781414,278.0388488769531,280.5029933995945,3804200
2022-10-03,284.04278564453125,286.2624702301814,278.6060012360024,281.4710633747743,5285200
2022-10-04,294.5936279296875,297.2338059113307,289.4208796455137,289.62621753790796,3949200
2022-10-05,297.4587707519531,299.80557944890535,290.66277468076424,291.3766082176308,2845200
2022-10-06,293.07098388671875,298.77116858175583,292.70857445964754,296.3520071962826,2494400
2022-10-07,288.898681640625,291.07298893712135,286.95942489852615,290.55389903653366,2210800
2022-10-10,285.7743225097656,291.131735284849,283.5804377529794,290.92606606125986,1783500
2022-10-11,280.1622619628906,284.412958668698,278.56583712599775,283.8644575700138,3554900
2022-10-12,277.5471496582031,281.57253853465147,277.3806356436,280.64211046777274,2646800
2022-10-13,287.90936279296875,289.34910672772185,271.1711327657435,271.57269725251734,3322800
2022-10-14,282.7478332519531,292.4734347259937,281.9153230091755,289.7702348424332,3106300
2022-10-17,288.9671325683594,292.58118284554763,285.34327855884135,289.33931572375536,3417600
2022-10-18,294.19732666015625,297.44899875350467,290.44614225847033,296.9299088624744,3096000
2022-10-19,291.6311950683594,293.47250368176424,288.72232558642355,289.3785181924019,1914300
2022-10-20,290.181640625,296.498891644303,289.52541814457004,291.6213846769167,2463800
2022-10-21,296.1463623046875,296.4793605528245,287.4589368655418,288.44815776315806,3599600
2022-10-24,299.3098449707031,300.68102281019156,294.31481222951976,298.2520578592155,3184100
2022-10-25,305.000244140625,305.6760442453476,299.5644619891356,299.61345077160536,3012400
2022-10-26,312.9335021972656,317.7718240576239,305.8621110082368,305.8621110082368,5278000
2022-10-27,312.79638671875,316.43001523629454,307.5956851024192,309.67204425530184,4725800
2022-10-28,322.68853759765625,324.97056617944185,311.2783349098556,312.73765675398056,3644400
2022-10-31,321.425048828125,322.65912375492906,317.11562020790393,322.1106526517791,3157900
2022-11-01,326.33197021484375,326.77271984438,320.3575202148534,325.3819344780466,3660400
2022-11-02,313.23712158203125,326.14582921034645,313.0510299790149,324.5983636525303,3074900
2022-11-03,302.8063659667969,310.2499112288345,302.2480911053137,308.6338791624562,2860900
2022-11-04,311.81695556640625,316.4789896033676,306.7925420565509,307.38019817800995,3414000
2022-11-07,318.4378967285156,319.094089468497,311.1706084618522,315.8130659897125,2742100
2022-11-08,319.0450744628906,322.61994038612306,315.626918839864,319.51520536350785,2387500
2022-11-09,309.1431579589844,317.02745187723633,308.6632233635784,315.64647049145185,3001200
2022-11-10,330.32794189453125,330.455270879542,322.384884826777,324.3632962931727,3255000
2022-11-11,332.306396484375,335.5776456204028,329.43668200861856,332.02235719030335,3734700
2022-11-14,332.384765625,337.4189837020578,329.1037124689163,329.808893953539,2348900
2022-11-15,336.4395751953125,343.99087261362007,332.5022993520455,339.4561666905278,2983600
2022-11-16,335.7049560546875,338.02616939345853,333.09970343754486,336.0967168482913,2579600
2022-11-17,334.2455749511719,334.88221981009593,330.06347579550084,332.0223094797471,2004500
2022-11-18,336.61590576171875,341.45422920571406,334.3044655866783,338.54535887512935,2737700
2022-11-21,331.287841796875,337.16434453384835,330.6708042271826,335.94007313031227,1965100
2022-11-22,337.85968017578125,338.212285838522,330.61200034884536,332.83526618012826,2510700
2022-11-23,341.4639892578125,343.5795038735548,337.0663861904815,337.5365171547785,1937300
2022-11-25,344.0594177246094,344.1671392512579,340.9154675298116,341.777359300743,944400
2022-11-28,337.4972839355469,343.0212098922884,336.1652912276262,339.5442617786926,2226200
2022-11-29,336.06732177734375,337.624591043531,333.73630480009933,336.57660779923515,1724200
2022-11-30,349.0642395019531,349.0642395019531,334.4513534831377,335.79315009338495,4252300
2022-12-01,353.3736267089844,354.1375707411191,346.76256223839925,350.62146744645844,3374700
2022-12-02,352.64886474609375,354.8329753055345,348.73119694475787,350.0926008526501,2015500
2022-12-05,348.7606201171875,351.51277968679534,347.15439166835984,348.6724761678101,2202500
2022-12-06,340.3768005371094,347.69304697466066,337.262261543308,346.53734204832216,2353300
2022-12-07,340.26898193359375,340.6901239644843,334.4414402896806,339.7400885172269,2454300
2022-12-08,343.9418640136719,344.9212809651835,340.0731550994278,342.79593302905266,1998600
2022-12-09,341.6500244140625,345.50892984683566,340.2102802054955,341.2288822708021,2301100
2022-12-12,350.79779052734375,351.06222234997557,341.91447140480443,343.0995575736219,2427100
2022-12-13,349.7987365722656,361.6594906623896,348.41775516950213,361.6398831953374,3072200
2022-12-14,350.1513977050781,354.6469183598067,346.48835762795994,349.65188544696286,2587200
2022-12-15,339.1231384277344,346.517724869446,335.5090872833714,344.1867375016024,2774900
2022-12-16,338.7215576171875,341.07215234161805,336.3122002663537,337.67357429727366,5947100
2022-12-19,334.23583984375,338.73136008337093,332.5512414844848,338.25142545029627,2457300
2022-12-20,335.89105224609375,337.2818075657814,333.6089940329378,334.3435567395065,1895900
2022-12-21,338.5746765136719,340.4453666333499,335.3230047907938,336.56688355188663,2087000
2022-12-22,334.49041748046875,338.4864547948605,329.50518951489005,337.1054735089625,2276100
2022-12-23,336.5277099609375,337.44836439442093,330.7393515123313,332.0419630591673,1914500
2022-12-27,339.0349426269531,339.7695052693155,334.77447332336516,337.01734629375215,1637700
2022-12-28,334.91168212890625,342.3160728551921,334.74516807411936,339.41697678087866,1854100
2022-12-29,341.042724609375,342.5216535812392,336.4688647700764,337.29157131717744,1459800
2022-12-30,340.5726623535156,340.73914649476734,336.5472431988731,338.222037792546,1617600
2023-01-03,339.6617736816406,347.36000616506254,336.8606556556644,342.756734715357,2933600
2023-01-04,347.83990478515625,349.6322544436839,342.4922968997519,344.1573175794361,2661000
2023-01-05,344.52947998046875,350.2003123293502,344.03977151934265,348.78994957015243,2608500
2023-01-06,360.68670654296875,361.7167514885043,348.5712691546049,350.5234626908626,4432800
2023-01-09,363.9240417480469,367.87749738913755,362.54081876531,364.57150973600545,3913500
2023-01-10,363.96331787109375,364.6205756174587,360.2354743200498,361.8050910816499,3485900
2023-01-11,370.6831359863281,370.7420239246789,364.208516438158,365.54267103127694,3370200
2023-01-12,372.5960998535156,373.8910357002375,369.7610064575588,370.6831250827699,3291200
2023-01-13,368.38763427734375,370.69300606669987,367.200624523741,367.93637956685785,4261000
2023-01-17,367.8774108886719,371.1441491246695,366.87679510871317,367.8774108886719,2814500
2023-01-18,361.9129638671875,368.67208369543624,361.5009279272475,367.396787105335,2747100
2023-01-19,360.9515380859375,363.75720233744585,356.6939734203548,357.674979931446,3111200
2023-01-20,369.1331787109375,369.4667173772572,362.3838482118988,363.19810049145764,3863400
2023-01-23,371.3796691894531,374.1362952917422,369.2116230864147,369.5844103779035,2743900
2023-01-24,372.79229736328125,382.5925429210399,368.0932677483706,382.5925429210399,2756200
2023-01-25,375.1270751953125,375.29382952852575,367.97552970812296,367.97552970812296,3501900
2023-01-26,370.074951171875,376.81446228776866,365.91549241995244,376.1277755730738,3718400
2023-01-27,366.9258728027344,373.29259562978336,366.28822454306976,369.0448505092371,3405600
2023-01-30,364.0711669921875,366.6413995109907,362.38383443159177,362.4426924329425,2688600
2023-01-31,363.56103515625,365.40533226914107,360.04901492520577,362.96260559015724,3137400
2023-02-01,366.9749450683594,369.6236749307568,360.02943133679287,361.56961892298654,2951900
2023-02-02,367.8185729980469,373.2435376495574,365.7192047549739,372.31156951586763,2761600
2023-02-03,366.8081970214844,371.0363332525316,363.4531411338913,363.7572507978081,2739600
2023-02-06,365.8860168457031,367.2201713933158,362.04045796868587,362.9724261732273,2068300
2023-02-07,367.9363098144531,369.9081425363353,361.8344479494608,364.45374857909445,2309100
2023-02-08,363.3157653808594,368.65244316700966,363.1097623972822,366.08221091209504,2193600
2023-02-09,363.38446044921875,367.45563165561936,362.23666960978414,366.2097341733191,2287600
2023-02-10,359.86260986328125,363.2176653465371,356.0269007015681,362.61926573738083,2270700
2023-02-13,363.7866516113281,364.0907911896254,360.0980872818399,361.5597774846931,2286400
2023-02-14,362.93316650390625,366.31765099870336,360.74554110803,362.56037923341347,1841400
2023-02-15,362.61932373046875,362.7762584539459,358.07725800992966,359.3231257164354,2203300
2023-02-16,360.56890869140625,365.99387316192343,357.96924758671736,357.96924758671736,2792700
2023-02-17,354.2709045410156,359.7351182767073,352.96614904824827,357.14524658269784,2718900
2023-02-21,349.1990661621094,354.89871154520887,348.4437019330279,349.98388932668354,2730900
2023-02-22,348.2278747558594,350.94525195396324,346.50129375429447,348.61045171901304,2109300
2023-02-23,348.7772521972656,350.9452682570302,344.9807616968188,350.9452682570302,1975500
2023-02-24,346.4129943847656,347.27628485470103,342.9500427982802,344.15669151484093,2016100
2023-02-27,348.72821044921875,351.2297651139719,348.08074254986,348.885175085846,2200800
2023-02-28,348.54180908203125,351.0041150485161,346.53072778668167,348.07091518259614,2732900
2023-03-01,346.78582763671875,348.5614471597099,342.75390494445173,347.27633092899134,1968100
2023-03-02,348.8164978027344,349.84654268035257,345.0101876899523,346.91334274634335,2526000
2023-03-03,354.6338806152344,354.8202742614924,350.3076379811507,351.3180735665753,2174900
2023-03-06,359.9607238769531,361.53034033438433,354.3984335396974,354.94779480910677,2789400
2023-03-07,353.10345458984375,362.1385153707316,352.7208477143372,360.19614181182203,1660800
2023-03-08,352.2107849121094,354.83008560649586,350.494023427855,351.79874898319275,1634400
2023-03-09,347.7079772949219,357.10600723118915,347.1880450010252,352.42661658611934,2414700
2023-03-10,340.51715087890625,346.3443318674128,338.6728838120092,345.71650327692373,3176400
2023-03-13,338.1627502441406,343.21492785124855,333.7482208895515,337.10327637173424,3308200
2023-03-14,346.1187438964844,349.3462339441926,341.939646344032,344.33330476076634,3413300
2023-03-15,341.46868896484375,341.7826181928243,337.1130481628537,339.4772472028715,3082600
2023-03-16,341.3902282714844,342.06712508464403,333.8168576421971,340.03643464516506,3768100
2023-03-17,343.0187072753906,345.25540070807625,340.27187134571034,343.59749746872376,8426800
2023-03-20,342.6852111816406,347.11934995758315,340.7428074579339,341.39027536583615,3864200
2023-03-21,347.83551025390625,349.4345557693692,344.1665252869227,347.6392969627293,3766800
2023-03-22,344.3626708984375,353.16229938906594,344.3626708984375,347.87466059189114,2596400
2023-03-23,347.6392517089844,353.0249675519316,345.1573065822008,345.71648744511367,2598100
2023-03-24,344.9513244628906,345.7263279896762,339.7323626360888,343.79374396431257,2971500
2023-03-27,347.884521484375,351.0924319111335,347.55098286573497,348.8164896378858,2420300
2023-03-28,347.60003662109375,349.14022408496936,346.0990978017219,348.80668545154714,1695900
2023-03-29,352.70123291015625,353.19173611448923,349.06170751662864,350.5920751191124,2327000
2023-03-30,352.4364013671875,355.7031398079508,351.435755586566,354.094304731215,2480500
2023-03-31,356.5075988769531,356.7430308720792,353.5351501867085,354.27090510942196,3376600
2023-04-03,359.5094909667969,359.69588461638585,354.8791386035329,355.72278991182355,2978000
2023-04-04,356.98828125,362.10913669148647,356.47816861638336,359.8331942868382,2198700
2023-04-05,357.44024658203125,358.7568539934069,355.29827453913305,357.135659866671,2239600
2023-04-06,355.1607360839844,355.7207942358618,349.7567356361872,354.9052646494627,2357600
2023-04-10,353.8539123535156,354.63010162512927,351.3385685604285,353.43139504584707,1559100
2023-04-11,357.77435302734375,358.81584901957456,354.85619124177634,357.0767540102639,3033800
2023-04-12,355.4653015136719,362.16626886401946,354.7283924058306,359.6902350713316,2268800
2023-04-13,363.19793701171875,363.2961975584121,357.04722258951455,357.469709956896,2611700
2023-04-14,365.929443359375,366.87270870581744,362.66738483564586,363.5418647950726,2254600
2023-04-17,366.25372314453125,367.57033070675624,361.9600034861385,366.8432265418608,2432700
2023-04-18,365.8214111328125,367.4229653728579,363.50258775893707,367.4229653728579,2087800
2023-04-19,366.2929992675781,367.6194418665003,364.68164002478403,366.47968533627375,1795300
2023-04-20,368.4545593261719,368.6412453683565,363.23724516490597,364.966534825181,2124800
2023-04-21,368.69036865234375,370.84214572431114,366.74494772721283,369.1620012930864,3537800
2023-04-24,368.1892395019531,371.0484501439826,367.0985985425641,368.6018917682801,1886300
2023-04-25,362.0975036621094,368.0418921359827,361.89117749619066,366.9807561549193,2245000
2023-04-26,360.35845947265625,365.72315043431036,359.70014068048846,363.1881957994364,2594200
2023-04-27,367.14776611328125,368.43489823512215,354.6989022508949,360.18149258817283,3859900
2023-04-28,373.3967590332031,375.2635894555618,365.02548230525423,366.02766790422777,3107300
2023-05-01,373.229736328125,375.7843607420878,372.34545133461376,373.848744819056,1745100
2023-05-02,369.46661376953125,372.2275644544356,364.46546035846114,371.17623348597283,2478700
2023-05-03,368.3562927246094,372.9251231881649,367.7962346072623,370.095417406381,1970900
2023-05-04,369.55499267578125,370.27226165432006,365.6444809452884,367.9632738322231,2814900
2023-05-05,377.9458923339844,378.4273299531876,371.6379380870109,373.92728551016535,2683100
2023-05-08,378.7811584472656,380.6971043489844,377.0715087379162,377.3073400682919,1719600
2023-05-09,376.2560119628906,379.42964502437286,376.0202106156292,377.17960721954705,2036400
2023-05-10,375.863037109375,380.0093811256571,371.05837428662295,379.25280175308365,1940800
2023-05-11,376.6981506347656,378.98746855970205,372.6402327390827,375.53872410392023,1901200
2023-05-12,375.2537841796875,378.29965119002634,372.18821708443244,377.7789032832676,2044000
2023-05-15,376.7177429199219,376.9633792748172,373.8880073139422,375.2046145779926,1957400
2023-05-16,373.6031494140625,376.9045183995246,370.734132899526,375.92197274675465,2762700
2023-05-17,380.2450866699219,380.7559995060228,372.51245882644173,375.52888053464545,3260300
2023-05-18,385.1775207519531,385.1775207519531,379.07592088564024,380.3532181896969,3729500
2023-05-19,378.840087890625,385.35436956401225,378.4176005083315,385.1578484636892,3369100
2023-05-22,377.8182678222656,380.6086937978974,377.4743708566783,378.2702304137991,1808800
2023-05-23,367.22637939453125,375.3618549078753,363.9741561992212,374.86074710938345,3979000
2023-05-24,362.0679931640625,363.15860420526127,359.19894729759875,362.9228028957928,2655700
2023-05-25,363.5812072753906,364.51460766876716,358.5407432024492,361.4883802055809,3752200
2023-05-26,367.8356018066406,369.1227341800022,363.59099749903396,364.52442783921816,2691300
2023-05-30,361.08551025390625,370.05615643548725,359.8082129598982,369.7122594763582,3430100
2023-05-31,358.6488037109375,359.31695754397293,351.60396816561865,358.6291635924329,10695300
2023-06-01,364.406494140625,364.6128203079488,359.66078239780563,360.75142353776624,3389700
2023-06-02,367.2067565917969,369.2602731785438,365.654317842257,368.05173136604714,2501500
2023-06-05,364.05279541015625,366.29299824332685,362.09753920497377,366.24388295587613,2316200
2023-06-06,373.3279724121094,373.7406547073201,365.3202327422202,366.4403489828576,2758700
2023-06-07,364.9075927734375,373.8585680116565,361.8322205175695,372.669696335699,3714500
2023-06-08,361.17388916015625,363.3158311087854,359.46426962123866,362.91298386405833,2594700
2023-06-09,362.7754821777344,365.6150233268928,361.34097401907496,363.9938291082469,2201800
2023-06-12,368.7591857910156,369.40766948354116,363.4829207301398,364.20018981086776,2407500
2023-06-13,364.8977966308594,370.5965492247369,363.35519281328845,368.759193715553,2444100
2023-06-14,368.2187805175781,371.4808089604005,365.52658531641987,366.4207053665768,2775400
2023-06-15,372.42401123046875,372.94475908526834,364.05270535758484,366.7547051670915,2558100
2023-06-16,369.9578857421875,376.21669628419716,369.594348675464,374.9492040912354,5886900
2023-06-20,368.0811767578125,372.88583846733167,367.2263670021086,368.4643838813531,3961700
2023-06-21,369.57464599609375,371.7853731750896,367.1379225775675,367.43267420747105,2301300
2023-06-22,371.2056884765625,371.87384222411987,367.42291218177064,368.5626386075058,1933300
2023-06-23,373.1806335449219,374.46776585318315,366.70566178472393,368.4349515970066,3739700
2023-06-26,370.8323974609375,373.3575170272533,368.79852074139063,371.46121109333643,3327800
2023-06-27,375.1260681152344,376.1577289327778,372.39459272797296,373.7013650958553,2197300
2023-06-28,373.5932312011719,374.74279247520593,372.0604628458567,374.5364663463878,2012400
2023-06-29,380.9034423828125,381.2375042679581,373.858577673244,374.202474608953,2524600
2023-06-30,386.4351501464844,388.27253549959255,381.3259313127921,381.3259313127921,4407100
2023-07-03,387.08355712890625,387.42745399788845,381.89571888782547,384.509293113224,1304600
2023-07-05,387.8402099609375,388.3511228447488,380.3728578953405,382.0235271983401,2781800
2023-07-06,386.8365783691406,387.88939963228614,383.49106847011996,387.5154875827528,2156600
2023-07-07,382.44805908203125,386.1576316857094,382.1725496868853,384.3963233944523,2654400
2023-07-10,385.87225341796875,387.12187989171764,381.7887990076434,382.25126440046347,2148600
2023-07-11,391.4218444824219,392.0712659472673,386.04939603650286,387.3088719000073,2106200
2023-07-12,394.2655029296875,396.70575043483655,392.3172386291697,392.60259729577194,2273400
2023-07-13,394.1376037597656,396.7746266720988,394.03920110787516,396.53848433018044,2354900
2023-07-14,396.05633544921875,397.0206033279007,393.88174802899,395.6725741297882,1978500
2023-07-17,395.7513122558594,397.5224398279422,394.68861168999166,395.505320647055,2344500
2023-07-18,391.7760925292969,395.4954845774625,388.8733794371872,393.9998663561778,2676200
2023-07-19,391.8843078613281,393.43899167066036,389.9557420241441,391.6186477295793,1809700
2023-07-20,391.67767333984375,393.3110612112661,389.2079080002216,390.7724410432742,2570700
2023-07-21,391.1168518066406,395.07241653001046,391.04799697007826,392.27795514957864,1868100
2023-07-24,398.2997741699219,398.41784533538635,390.2509060609201,391.10698206708156,3029800
2023-07-25,394.8460693359375,398.3686561347676,394.5705599216618,396.9025556832585,2490500
2023-07-26,395.9579162597656,396.84347999987006,389.40469653775915,392.7796940286987,2572300
2023-07-27,388.1747131347656,398.69331549497554,387.63354367022,398.69331549497554,3563300
2023-07-28,386.659423828125,391.6186228367882,382.64485417329274,391.57925577331076,4501000
2023-07-31,387.9582824707031,389.72941003180284,386.17730563626503,387.65325527993895,3578300
2023-08-01,390.7035827636719,390.9298758390713,386.06907895913287,387.4663245922822,2344200
2023-08-02,383.7666015625,387.8894235787344,383.3336539024462,387.56472784783125,2410600
2023-08-03,386.70867919921875,387.1317775824275,380.22434364432246,381.34604982634977,2190500
2023-08-04,385.07525634765625,389.73924747100006,383.81578055776174,385.33106719223366,2215800
2023-08-07,390.50677490234375,391.37267021545244,386.6988294020686,386.6988294020686,1559800
2023-08-08,386.88580322265625,390.0246588628365,383.87486803619424,389.8278535450737,1747000
2023-08-09,387.3580627441406,390.4280330826022,385.5869052216096,387.54498873260775,1806100
2023-08-10,390.7724304199219,394.2064635460872,389.36533564675835,390.10331044658903,2154500
2023-08-11,388.6470947265625,390.3100004956245,386.511874232491,389.4047381130915,1464600
2023-08-14,392.1893005371094,392.8289026969559,388.2829528670496,390.09347740347147,1638500
2023-08-15,388.1255798339844,391.1168162341143,387.27935306874997,391.1168162341143,1753200
2023-08-16,388.046875,392.79945014799904,386.81691683950186,387.13179333537545,2002000
2023-08-17,386.3248596191406,389.8572951764659,384.7209896803641,389.7884403541485,2118600
2023-08-18,385.88214111328125,387.5253482911101,382.59566670107677,383.5698139189406,2001800
2023-08-21,386.8956298828125,388.656908252257,384.7505601463705,386.9054491283338,1869400
2023-08-22,391.4612121582031,392.37629375761674,387.367908088371,388.66675102008446,2422500
2023-08-23,394.62957763671875,395.4758043889898,391.97285624001785,392.86826930293154,1943200
2023-08-24,391.2939758300781,397.52247063526397,391.1266883106867,395.15110773922,1970000
2023-08-25,396.4302062988281,398.1324488195765,392.6025628886751,394.22610131601954,2154600
2023-08-28,400.9072570800781,401.26147055695606,396.68603297766055,397.52241039131616,1901300
2023-08-29,405.0497741699219,405.5811244490754,400.07090644540506,400.8876153966578,2188800
2023-08-30,407.2735900878906,411.0815357549546,406.8898287275692,408.12963616457625,2516600
2023-08-31,406.0238952636719,409.61536649023685,405.17766857507854,407.568699635223,2535100
2023-09-01,408.9069519042969,409.83188278555303,405.8763183700568,407.2046791061821,1841700
2023-09-05,404.9021911621094,408.73965428290006,403.13106357659757,406.7225350867187,2045600
2023-09-06,406.5552062988281,406.75201157869,402.33401230870004,404.1936930818346,2292100
2023-09-07,407.9721374511719,409.4579363005015,405.12849021526506,405.3154462305425,2502700
2023-09-08,408.18865966796875,409.65476014539837,407.2243616868181,408.34609791152036,1868900
2023-09-11,410.0089416503906,410.8945053616084,407.9918226399351,410.1663798701158,1544700
2023-09-12,409.5956726074219,410.95355101109067,408.59203771388314,409.2808261885261,1997600
2023-09-13,409.62518310546875,411.70136773697544,408.3165210608687,409.49729270258786,2142200
2023-09-14,406.7126770019531,411.88834998735894,401.2418261014479,411.59314204398737,3557700
2023-09-15,407.6670837402344,411.59309974898304,404.5479273208747,405.2563542443159,4755500
2023-09-18,410.44189453125,411.18971857750387,406.41747570282905,407.2440038458237,1808000
2023-09-19,406.8996276855469,410.4123949705016,404.5085965197966,410.27462525974806,1730900
2023-09-20,403.93792724609375,409.182485642947,403.50497957260313,407.1358184540322,1580000
2023-09-21,396.8926696777344,402.21593146471963,395.65289244236976,401.7928331227164,2450700
2023-09-22,395.77099609375,400.3267656696746,395.1215746179761,397.9062165532617,1885000
2023-09-25,396.0366516113281,396.7648072123053,393.4291464931437,394.176970613179,1846500
2023-09-26,389.0406494140625,394.4229469529297,387.2990096259878,393.5865694871151,2940400
2023-09-27,389.1390686035156,390.6642046137994,385.2032027413397,389.8573449052677,1987500
2023-09-28,393.03558349609375,394.91496312564635,389.0308326105278,389.4834487952985,2216200
2023-09-29,389.5621643066406,395.7316231931341,387.92877638164094,395.5840342299689,3032300
2023-10-02,389.5031433105469,390.0049458041042,386.15766323097597,387.28921869532394,2856800
2023-10-03,384.7899169921875,391.4808768314441,382.7334307179799,388.1747639776767,2527900
2023-10-04,387.4466247558594,388.14523250182947,382.34965591024513,385.7148342583057,1813400
2023-10-05,388.44183349609375,388.95422689947713,384.30317192358126,384.6874895299689,2116600
2023-10-06,392.1568298339844,395.142569241591,384.795943363694,387.4860769177974,2484000
2023-10-09,388.97393798828125,390.70823891134336,383.88930761350485,388.69802921159425,2475100
2023-10-10,394.521728515625,396.8374077155857,388.09697799249,389.76229430617644,2713800
2023-10-11,393.9699401855469,399.2122377271484,391.55571550744463,397.3596942296046,2055600
2023-10-12,394.05859375,399.41913324681235,391.51629343472655,397.9016198413683,1779000
2023-10-13,392.2159118652344,396.2658920849148,389.3089909513766,392.9845170794492,2235600
2023-10-16,395.3002014160156,398.52242522679563,392.95496160905986,394.3936267576029,2202100
2023-10-17,395.9012756347656,397.7143948752607,392.62979421811326,393.8024141186633,2176000
2023-10-18,387.4663391113281,395.50714889439735,386.8258397318909,393.28015128682864,1951400
2023-10-19,382.204345703125,389.0626719817116,379.8689693025592,388.09700616951784,3472800
2023-10-20,378.7948913574219,384.293370552243,378.55840668248914,382.2043423988572,2652500
2023-10-23,378.06573486328125,382.1945037506026,375.4347223959977,376.7255847837932,1771800
2023-10-24,381.2583312988281,383.74151032534655,378.26272877110625,379.86892384424465,2003300
2023-10-25,380.6670837402344,382.95320221489897,376.6565278946618,378.39082881637995,3504500
2023-10-26,359.2643737792969,370.0642709412747,357.7370268981433,365.600442555932,6920100
2023-10-27,358.7618103027344,362.9103357917196,354.5147695876454,361.13661064480965,3624900
2023-10-30,366.98004150390625,367.7782073568498,359.3925040530887,361.16619926589544,3386400
2023-10-31,370.8526306152344,372.16318996426753,367.659937112848,367.8668912772785,2978800
2023-11-01,372.3011169433594,374.84341714962954,369.56172614729377,373.13870684228704,2354700
2023-11-02,377.10003662109375,377.4449301736071,372.96137413454755,374.7449329975317,2816000
2023-11-03,380.4109191894531,382.76602266837347,378.12483050296504,379.3762686672644,2269100
2023-11-06,380.5193176269531,382.5787851347089,378.59778948486974,381.44558933862567,2020500
2023-11-07,383.189697265625,383.8991812917941,378.68644490607653,380.36162471202647,2324200
2023-11-08,384.0075988769531,385.65318806711707,381.3470262003228,381.45540497743895,2838400
2023-11-09,382.2930908203125,385.73213311765636,381.6131671895035,385.2492700597219,2657100
2023-11-10,388.61920166015625,389.3188220999399,381.090786536195,384.34260068861306,2807000
2023-11-13,388.5896911621094,389.85099285511427,387.27910178165166,388.5896911621094,1614600
2023-11-14,391.84149169921875,395.8126239951161,390.9546440786189,391.37835582031136,2733900
2023-11-15,391.0334167480469,393.4476411685983,388.9936764797229,391.66408258282684,2434600
2023-11-16,391.29949951171875,394.10787509663453,389.7721225793878,392.1962105972492,3060600
2023-11-17,394.4527893066406,395.26081874994213,392.09771577287955,394.1276228618911,2365500
2023-11-20,398.4928894042969,399.28122178055247,392.4425925345373,394.866650688937,2768300
2023-11-21,402.9764404296875,404.35598448198834,399.7640499371974,399.79361052146794,2567500
2023-11-22,404.3362731933594,406.8194826564354,404.15890968079856,406.2381044285042,1967900
2023-11-24,406.47454833984375,406.9376841796122,404.533323233385,406.4646847884221,1053500
2023-11-27,402.99615478515625,406.69137833684357,402.2866706603601,404.99650126493077,2665900
2023-11-28,403.0355224609375,404.6417175512109,401.50814556379686,403.10447710300286,2645000
2023-11-29,403.83367919921875,406.06064644908906,403.4395280987657,405.00629902153247,2151400
2023-11-30,407.78515625,408.1103527676854,402.8089338204136,404.10965974754185,3203500
2023-12-01,408.3074035644531,410.5147041955324,405.5581789177246,406.8589048137846,2171400
2023-12-04,402.2669372558594,408.79023316447143,402.06984665553375,407.7851132033355,3097900
2023-12-05,402.7201843261719,403.0749112983756,398.4140226178229,401.14354983772927,2755600
2023-12-06,404.385498046875,407.7752516508494,401.212532059613,405.4201484478468,2224200
2023-12-07,407.11505126953125,407.52892949945283,404.00120624492286,406.05084021970976,2363000
2023-12-08,406.1395263671875,407.62747921455673,403.2523324933814,406.19864753327334,1959300
2023-12-11,409.6376647949219,410.09096717039205,406.3563197435635,406.4351379421908,2236000
2023-12-12,414.60400390625,414.85035209633094,408.6423897350111,410.90878105503566,2736500
2023-12-13,418.47662353515625,420.14193983835634,413.02740233984457,415.69780851270144,3694200
2023-12-14,412.4460754394531,419.62959854679974,409.8249265540105,418.80187206799786,3989700
2023-12-15,412.4558410644531,413.1357644520032,405.5876525526122,406.5927423085647,5566600
2023-12-18,418.2302551269531,418.8806179777227,413.4018364647201,413.4018364647201,2686900
2023-12-19,419.2550964355469,420.447413362074,416.34817550387965,417.85582535914557,2256200
2023-12-20,413.3230285644531,421.36380747719176,413.11607442146334,418.87076485640097,3058300
2023-12-21,417.2547302246094,417.70800249314243,414.4660517564782,415.6288381166829,2213600
2023-12-22,417.9051208496094,420.93028416810193,416.78175854692336,418.54562019870747,1759000
2023-12-26,417.4813537597656,419.5013968401702,416.77186978685967,418.7919128672642,1258200
2023-12-27,418.16131591796875,418.8018453593533,416.78177187461125,416.8211960106514,1324100
2023-12-28,420.0926513671875,422.1028309588432,417.49120002956147,417.5798817699168,1505000
2023-12-29,420.2799072265625,422.09302643239505,418.07260682971184,420.44740716812265,1706100
2024-01-02,415.7274475097656,418.0825210308561,413.43146508832325,417.8952939639812,2463700
2024-01-03,412.6529541015625,415.18542095024804,411.4015160044759,415.047481588207,3093700
2024-01-04,413.6383361816406,417.26460463972575,412.1701104923246,412.386898117146,2042600
2024-01-05,413.29345703125,416.5846653397834,410.8989296980362,414.34780446151626,2415900
2024-01-08,416.471435546875,416.57010604005245,411.09256842398696,413.9645845646866,2125400
2024-01-09,417.0833740234375,418.16902061708254,413.07637578442086,413.62906311951275,2439300
2024-01-10,422.6793212890625,423.86366844907417,418.61310888912834,420.4389648778132,2709300
2024-01-11,421.1495361328125,426.15335884249686,420.2119255235906,424.3867173300037,2320600
2024-01-12,423.49853515625,425.48227613768677,422.11681677835327,424.337445281145,1892400
2024-01-16,422.75830078125,424.1202910018983,420.9521728384946,421.86017635866017,2398000
2024-01-17,421.8404846191406,424.76183642919057,419.92580691492617,419.92580691492617,2690400
2024-01-18,425.0973205566406,425.5907934849373,421.8700184484915,423.04448642737333,2075700
2024-01-19,431.0782165527344,431.3644392888472,423.73533685917494,426.90342467334204,2400200
2024-01-22,434.00946044921875,435.1839284822557,431.5519747911291,433.249522947512,2715500
2024-01-23,433.0324401855469,434.84841722628687,432.1441646828267,434.52270817683564,2328600
2024-01-24,432.97314453125,435.1740144399162,430.0715214025401,432.80535048891943,2725700
2024-01-25,431.09796142578125,432.9040893077717,428.788511610763,430.3084167454874,2977800
2024-01-26,432.805419921875,434.1476821182637,425.0480389670207,426.90347211150925,2725400
2024-01-29,434.82861328125,435.2036575439706,428.9957894915011,430.0912849881021,2314200
2024-01-30,439.3784484863281,440.39500156054015,434.3055320932321,435.14444213370575,2663600
2024-01-31,443.3656921386719,455.9689797178318,440.78974782503684,444.1256295952907,4740500
2024-02-01,454.9031677246094,455.12029705135933,448.1228233425919,449.0604340988307,3292700
2024-02-02,454.5675354003906,457.7849887152208,452.51470115360263,456.1762620578057,2050300
2024-02-05,450.7974548339844,455.3472613382199,449.58350043736573,453.5115562751976,2438800
2024-02-06,454.48858642578125,454.5478007701771,449.41567004841716,449.41567004841716,2201900
2024-02-07,455.88018798828125,456.2058668854807,453.6200734255375,455.189313804987,2544300
2024-02-08,452.27789306640625,454.73537901970826,451.47846919920676,453.99516950421224,2081300
2024-02-09,451.90277099609375,452.998266433298,450.41247312320075,452.08041402063543,2155400
2024-02-12,452.7219543457031,453.4029494397621,450.1262817580869,453.18582013268247,1794500
2024-02-13,454.4490661621094,455.85054248610504,450.0867824822059,450.79738468099873,2407700
2024-02-14,459.11737060546875,459.37398618039293,453.4424316189759,455.9690107408177,2202700
2024-02-15,465.1278991699219,465.94705107897187,459.15688805246293,459.74903154372754,2354100
2024-02-16,462.0189514160156,467.9801126006467,460.97279125662226,467.9801126006467,2237200
2024-02-20,445.852783203125,449.8992671708112,444.2440566649144,446.88906428740705,5044200
2024-02-21,453.0575256347656,453.6003639779889,446.09956874515944,447.39246552822556,2895800
2024-02-22,465.4041748046875,466.33190629765136,455.5544445441036,455.7814529287042,2572800
2024-02-23,467.2399597167969,468.9671151101318,465.70029634221737,467.54591054836595,1764100
2024-02-26,468.3157043457031,468.8782406129453,465.83846052131287,466.82540641224784,2066900
2024-02-27,468.5525817871094,468.79931827040963,463.8152533554251,468.35518055278936,2011100
2024-02-28,472.5990295410156,472.8852522728559,467.4866572315234,467.9801301599114,1931900
2024-02-29,468.56243896484375,472.14505735383693,465.88779392516784,471.76013400067984,3072500
2024-03-01,470.4080810546875,471.26671926338304,467.7137076073999,468.71053271456236,1748300
2024-03-04,462.374267578125,470.40802153146683,459.6897735687545,469.46056191615907,3212400
2024-03-05,461.4169921875,463.1145405457852,458.5548547548291,461.26895630841744,2015100
2024-03-06,465.44366455078125,467.43728430631063,461.0616226080402,461.0616226080402,1917100
2024-03-07,461.4367370605469,467.0919183126271,459.80828219925473,467.0228549838509,2178100
2024-03-08,463.1342468261719,465.4634247138478,461.0024400487471,461.0024400487471,1596900
2024-03-11,463.03558349609375,463.2428337202653,458.6239337235203,462.87766852365786,1774500
2024-03-12,466.69708251953125,468.1775013048378,462.5913841406441,464.3876328287567,1853900
2024-03-13,469.4013366699219,469.9441749998884,466.60829295617924,468.03937659430983,2103900
2024-03-14,473.2208557128906,475.7079486679938,470.9508619527058,474.74073079252025,2757700
2024-03-15,469.6184997558594,472.2141725429283,466.9043982684104,467.16101386536826,4179300
2024-03-18,472.6385498046875,474.54334821666646,470.42777044543783,472.3918133227462,2072300
2024-03-19,477.6818542480469,478.28387683853964,473.2504764366587,475.33291799692853,2049500
2024-03-20,481.66912841796875,482.0737798873538,477.3265720945993,477.99768813783254,1691100
2024-03-21,482.2612609863281,483.6034929585487,477.0896439683285,482.1526812749051,2580300
2024-03-22,475.3822937011719,482.5080450353642,475.17501335507256,481.9355994878542,2277800
2024-03-25,469.8257141113281,476.02373288735504,468.21698754564903,475.3131306656807,2600300
2024-03-26,470.5758056640625,473.7340446762506,466.14442809263056,471.48380916880643,2515100
2024-03-27,471.7108154296875,475.8658493275979,468.5525764318615,474.22751548290563,2309400
2024-03-28,475.2835388183594,476.13229782536996,471.0495325227416,471.67131325165303,2214500
2024-04-01,472.1549377441406,476.9712388123509,471.0988983461518,474.3854452353692,1648200
2024-04-02,473.17144775390625,474.1386655423211,470.0823023843992,470.7435693648946,3265100
2024-04-03,471.1877136230469,476.99093007688805,470.9804333031541,474.16827932724135,2265000
2024-04-04,463.6375427246094,475.6684150875012,462.87760526037647,473.70440247731136,2552600
2024-04-05,470.9212646484375,473.0530715628613,466.3615790755869,467.8123908596031,2462700
2024-04-08,473.2536315917969,474.0739180165447,468.73703446321696,470.83225295622657,1961800
2024-04-09,466.6418762207031,473.2932336615878,462.36246398078293,472.38397241807627,2217200
2024-04-10,463.686767578125,468.8457620225867,463.370500217634,464.67508045897273,2710500
2024-04-11,462.8368225097656,464.85298931753545,458.76497809317016,462.8071743285154,2299900
2024-04-12,459.9410400390625,464.03263956399735,456.7092377089863,460.5537891817554,2486300
2024-04-15,454.4163818359375,465.495360636606,453.0722606523343,464.744233205742,2070500
2024-04-16,454.446044921875,457.9644364330424,453.6356211052458,454.6239340052572,1787200
2024-04-17,454.7821350097656,457.9941524102763,452.795616135186,457.3616175833954,1735000
2024-04-18,449.3858642578125,456.5115914501322,448.49635856546945,455.1180667144979,1998900
2024-04-19,450.0678405761719,454.4855704276868,447.3005462700496,453.5269358381369,2548800
2024-04-22,451.41192626953125,455.35528516935796,449.8108641646668,452.153160959629,2157400
2024-04-23,457.41107177734375,457.5692054911321,451.96545699727096,453.1217965839452,2029100
2024-04-24,457.0947570800781,462.6787194316834,454.9698901874572,459.85215876244007,4043100
2024-04-25,456.7093200683594,458.5772461733329,451.382328517395,455.5530107127359,2006500
2024-04-26,457.01568603515625,459.38763107480014,455.55297201626564,457.499949727494,1963300
2024-04-29,451.75787353515625,456.19538920654196,450.3544558192541,455.56288457693626,2120700
2024-04-30,445.9267883300781,452.37057751925045,445.61052096644715,450.92764914394354,2698800
2024-05-01,436.90350341796875,443.73274937129673,433.2566262999541,440.589891337252,4979100
2024-05-02,435.94482421875,439.46321571370754,432.9304517910532,437.8226126879372,3866500
2024-05-03,438.39581298828125,440.0562015449953,431.793890204333,439.7102860056417,3711500
2024-05-06,444.1181945800781,445.2349930621185,440.35272457659937,442.00322050758933,2536200
2024-05-07,447.7650451660156,448.0022306132266,442.2996759731426,446.4802504457344,2345300
2024-05-08,449.455078125,449.7911009152027,444.66178435332955,448.6940879966807,2332400
2024-05-09,450.1666259765625,450.7003233790914,448.24929656832506,448.24929656832506,1970100
2024-05-10,451.6392517089844,453.2205282615973,449.66262585730135,451.9851371042954,1729900
2024-05-13,452.41015625,453.35892825918654,450.1864520603665,451.58983959215425,2069300
2024-05-14,448.8916931152344,453.61582716952694,444.0489361878482,452.5682179973848,2991000
2024-05-15,452.64727783203125,453.2402715644307,447.4981764135394,447.4981764135394,2437800
2024-05-16,453.5071716308594,459.49634586785845,453.45776804630043,454.62397012234163,2412200
2024-05-17,454.8907470703125,456.2941645957006,452.7559876834641,455.0686663065693,1985900
2024-05-20,454.2879638671875,456.81804277144954,453.41824358867495,454.1100747631971,1397200
2024-05-21,453.7344970703125,455.00942926496504,450.30504980876293,452.558402206262,2166000
2024-05-22,451.18463134765625,457.09475383353185,449.8504329516879,453.5368210688061,1713700
2024-05-23,445.9366760253906,452.69673295832416,445.1756859147204,451.18461535702215,2084600
2024-05-24,445.9070129394531,449.13881546860733,445.05707831134015,447.2214860041239,2162100
2024-05-28,439.8783264160156,445.36348153346603,437.2296548769766,444.74083953237374,2670800
2024-05-29,437.298828125,439.36439855197506,436.6366451838561,436.9430197826327,1876900
2024-05-30,436.93316650390625,438.9987369750415,435.5198862069587,437.04186645247853,2189900
2024-05-31,441.8450622558594,442.1118958850447,434.1263408006927,437.5162468613528,3917100
2024-06-03,438.0104064941406,439.79925047082276,432.77236006975374,438.2970256866952,2123800
2024-06-04,439.57196044921875,439.68069056247555,436.1622987089789,438.1784355053068,2096600
2024-06-05,441.43988037109375,442.3392488044552,437.1407128651486,441.5782285049624,2157000
2024-06-06,443.43621826171875,444.52336846803576,439.43356313950136,443.248436400586,1887100
2024-06-07,444.5333251953125,447.70580156932226,442.0328944415498,444.19730238518895,1664700
2024-06-10,443.9996032714844,444.9088644777582,439.1766311358547,443.1793167744191,1954500
2024-06-11,443.79205322265625,443.99959049602825,439.90796042690454,442.60606562441006,1777300
2024-06-12,437.8226318359375,447.2116047534124,436.43899975396675,446.2133990338505,2738900
2024-06-13,439.79925537109375,439.94749627892304,434.1856451478985,437.82262950425735,2916600
2024-06-14,439.43359375,439.7597237541551,436.0436875549559,438.1586615937398,2161500
2024-06-17,442.87286376953125,444.08849945226603,436.5180192817294,437.2592539310009,2351900
2024-06-18,444.84954833984375,445.92683604754666,441.4794275636719,441.8352057651407,2636500
2024-06-20,447.22149658203125,449.16847427352496,443.11997376650214,445.78843075962743,3006800
2024-06-21,449.5341796875,449.9789024464938,444.99782658024577,446.90526345540934,5007800
2024-06-24,451.6194763183594,457.65808411492276,449.6132022401547,449.6132022401547,2597100
2024-06-25,450.3247985839844,454.93034064181387,448.4964135579679,453.12174117817796,2299400
2024-06-26,447.093017578125,449.3661253009512,446.11459740817463,447.458688544231,2451400
2024-06-27,437.5755615234375,443.45603567942396,436.8343268060065,443.3275501693224,3313800
2024-06-28,436.004150390625,443.060689262998,433.5926643479528,439.4434903599078,4105000
2024-07-01,432.4956359863281,437.29885283372016,430.4597136261047,435.64835685851193,3149700
2024-07-02,439.4533386230469,439.56206872910553,429.91612487355263,429.91612487355263,2061300
2024-07-03,442.9421081542969,444.0391512557223,439.0876935295295,440.11554748310704,3192400
2024-07-05,444.23681640625,444.6914621181672,439.0877139394724,441.8846265574379,2220700
2024-07-08,441.0247497558594,445.34367240996687,439.7992513810326,444.02922949124945,1802700
2024-07-09,440.15374755859375,443.0042793214318,438.2632702780654,442.083794162424,1608400
2024-07-10,429.2068176269531,432.938265215706,424.6637156231974,430.16687210674365,4760900
2024-07-11,431.95843505859375,433.2946096691228,425.71291521739533,427.5836080010847,4032600
2024-07-12,435.61065673828125,437.70900894522913,432.8492011902874,432.928370044516,2645600
2024-07-15,439.4609069824219,439.8568116683148,434.2546712564355,435.828412771634,1727700
2024-07-16,438.9957580566406,442.58865312499097,435.20492572677347,442.3709009934063,2846600
2024-07-17,446.5476989746094,446.9040041193473,437.5407241692293,437.87724465223414,2925000
2024-07-18,444.1327209472656,450.7741159249122,442.9054071764446,444.16241304799206,3339900
2024-07-19,439.1541442871094,446.62694829521223,439.0353758841317,446.60716362991457,2121700
2024-07-22,443.36065673828125,444.26135732110055,438.71860076830114,440.85652244747774,2111700
2024-07-23,437.2041931152344,444.15241511993986,436.60041358268415,443.4694667367811,2385500
2024-07-24,428.0290222167969,431.40413478388933,424.4756966501354,429.563164292748,3764800
2024-07-25,425.2081604003906,433.2253592960487,425.1685608669995,429.50378850271943,2384300
2024-07-26,433.7004089355469,436.27383476323865,427.692456261397,427.86073161482574,2039600
2024-07-29,436.7885437011719,438.39200768789607,430.9686807711148,434.3141013955781,2248600
2024-07-30,442.87567138671875,444.14258456872795,438.48105967915075,439.2332695585484,2266900
2024-07-31,458.9694519042969,469.15426497492666,452.8625451593133,457.27694181100446,4313600
2024-08-01,457.6827392578125,462.72070004648157,454.4956564364344,460.70154671598516,2590100
2024-08-02,457.2966613769531,461.9783164649544,453.9215189003369,455.5150752382211,3808100
2024-08-05,437.4813537597656,456.58403427382655,435.09598800260363,450.34845239975874,4496700
2024-08-06,443.7169494628906,450.79387809992227,437.5902283492219,438.6888963588626,2758900
2024-08-07,445.24127197265625,452.2489098890997,444.44946247282587,445.92422050363837,2059800
2024-08-08,450.92254638671875,451.60549486352284,446.41907357819906,447.6166951685045,1585400
2024-08-09,452.1102600097656,454.1095983359372,448.82419367893203,450.92251572939944,1760200
2024-08-12,451.0313720703125,453.773042808671,449.249785992885,453.09009443101957,1760000
2024-08-13,454.6639099121094,454.9410764461289,450.2396360922642,453.45641107122424,1816100
2024-08-14,455.45574951171875,455.8318695728759,451.4075655479903,454.56495632800636,1654100
2024-08-15,463.91827392578125,464.2053176543909,459.25643367086866,460.3451941883617,2130500
2024-08-16,464.0865783691406,465.4524752671268,461.2756157149281,463.2155699005354,1921900
2024-08-19,462.2060241699219,465.34360000426057,460.7609281587311,464.205362618915,1690800
2024-08-20,464.3241271972656,464.8685226070656,460.7510471431092,463.34425774745637,1763300
2024-08-21,463.2156066894531,464.2944599265157,459.77117207338915,463.75009469319986,2105900
2024-08-22,464.0271911621094,466.0958211588232,461.9288690680491,464.6903247380436,1538200
2024-08-23,461.6715393066406,465.5316631726305,457.17794372644016,465.49206363909383,1986300
2024-08-26,463.84906005859375,465.71972268923236,462.2258114469046,463.3145720760139,1434400
2024-08-27,470.1340637207031,470.6388595449945,463.43328578479003,466.2640328808463,1635900
2024-08-28,466.9767150878906,471.53960216456215,464.0766761087283,470.14401315347754,1445300
2024-08-29,475.88470458984375,476.9932800512953,469.6194303251168,469.6194303251168,1893400
2024-08-30,478.3987731933594,480.7742317617561,474.7464939397816,476.9141078124121,2982100
2024-09-03,477.1911926269531,481.71447991527185,475.1324701447499,477.53762055289457,2063700
2024-09-04,478.2008056640625,481.19982833552393,476.2608212743913,477.1615218398259,2156300
2024-09-05,472.4798583984375,479.21035904169474,468.27330682349873,478.2007975377226,2293500
2024-09-06,471.2525634765625,475.52840684935455,469.8569744504876,472.2324329223965,2116200
2024-09-09,482.1104431152344,484.20876538223575,474.66733144621935,475.5878167454161,2343600
2024-09-10,483.0309143066406,483.33774273074476,477.39908130071336,482.1203364691685,2234100
2024-09-11,483.18927001953125,484.1097552685707,472.9549807052042,481.54623677409245,2480000
2024-09-12,487.07904052734375,487.8411879854991,478.06218848950664,481.9718188834065,2299100
2024-09-13,488.3162536621094,491.77059513567326,486.4258066087916,488.05893224122906,2204700
2024-09-16,492.6218566894531,493.2256363105685,488.3460434008329,490.2364907152122,1589200
2024-09-17,495.8683166503906,496.6106493211767,492.7604329089415,493.50276557972757,2202800
2024-09-18,489.7020263671875,496.6700339618268,488.9893857943728,496.15536085030266,2193800
2024-09-19,487.9698791503906,496.00686208694276,481.27897818885504,494.8884094486941,3517200
2024-09-20,487.70263671875,488.484568889925,482.7537524554008,484.64422986867123,3470200
2024-09-23,492.05767822265625,492.602043408489,486.2773548316855,488.1183554815202,2191300
2024-09-24,482.4271240234375,488.20741703430707,479.46770099397577,487.6432369969072,4143700
2024-09-25,484.4462890625,484.89167051957395,478.5967042815242,479.80423324113394,3483200
2024-09-26,486.2476806640625,488.5835698255477,484.0008980033774,485.9804517784424,3073700
2024-09-27,488.593505859375,490.92936495199314,485.3767307866049,486.0101723247947,2177200
2024-09-30,488.7518310546875,489.9296680060337,485.09955180313415,486.7524925501341,2862400
2024-10-01,491.3054504394531,492.9385762433943,488.06886072402756,492.1764589230466,3748100
2024-10-02,490.5037536621094,490.8402741889814,484.6739531263936,487.9006355393348,1736500
2024-10-03,489.9098205566406,492.0081425254081,487.95995906574046,490.4838778062581,1382200
2024-10-04,492.6119079589844,493.9480824270896,487.435364604692,490.4937711834754,1935600
2024-10-07,486.2773742675781,493.4334720606009,485.73300905998775,492.24572770964824,1990500
2024-10-08,491.9784851074219,492.4436814412566,486.50502026324347,487.4651050285793,1750100
2024-10-09,495.4968566894531,496.2897188299221,491.17567636036716,493.9408337368871,1707500
2024-10-10,493.58404541015625,496.26000817711804,491.42347027740374,495.54642012231176,1491000
2024-10-11,497.7862854003906,498.440410285757,492.0478495504846,492.08750173177265,1919900
2024-10-14,502.1470642089844,504.25809663886685,497.5781108321364,499.86753270083267,2127000
2024-10-15,502.71209716796875,505.33848748464874,499.5108559920866,501.11642176131147,2885900
2024-10-16,509.4910888671875,510.80925924410485,501.49296261939566,501.8398511525714,2956700
2024-10-17,509.1838684082031,512.4346214758076,506.96379987403583,511.6913018439811,2227400
2024-10-18,511.7409362792969,513.3861238824239,508.014417284443,509.9569206602425,2604600
2024-10-21,510.4227294921875,514.1987907654451,509.36225290212485,512.3850739438235,2217500
2024-10-22,508.45050048828125,509.9668411743872,505.9529270152713,506.5971313531133,1855800
2024-10-23,509.1540832519531,510.1352554423549,507.34039674155105,508.0936067001693,1759700
2024-10-24,506.07183837890625,508.7676424512185,504.9221670158112,507.3404360475363,1911900
2024-10-25,502.8408508300781,510.1452002512729,501.11635896010364,507.93508256636386,1582200
2024-10-28,503.683349609375,506.3097399296519,501.63181014908747,502.8805667236631,2186400
2024-10-29,501.7705383300781,506.83503904058654,501.1957177262786,503.01932512774584,2066300
2024-10-30,509.11444091796875,511.8498666067616,502.48402795196034,507.9548793295461,3121000
2024-10-31,495.14007568359375,523.1979422281431,494.5850661045845,516.6071505473391,5523300
2024-11-01,503.5544128417969,506.00241324976565,494.08948876915633,495.9824796328348,3753700
2024-11-04,501.0766906738281,505.45733421179466,498.54941610107005,504.605008911281,2165100
2024-11-05,501.056884765625,503.6238115456012,499.1242416640577,501.07669573359783,2132900
2024-11-06,516.4881591796875,518.3414977453077,511.344385491771,516.2205447853307,3673700
2024-11-07,513.2671508789062,519.3623958759705,511.9886629269705,519.3227134488842,2382300
2024-11-08,520.0859375,524.129613606598,514.9025408147012,515.7053236712342,2215600
2024-11-11,525.398193359375,529.2734006952671,523.8124688252818,524.1394859470987,2213400
2024-11-12,524.4566650390625,526.171297060569,522.6033259713286,524.3872812701908,2577600
2024-11-13,517.2315673828125,525.7747833396994,511.8201783730041,525.289157497443,2681500
2024-11-14,515.7647705078125,517.7072738815818,513.039265026729,515.9827819103743,2480400
2024-11-15,517.2415161132812,518.7281555437991,513.3861500055083,513.9114583068844,2408100
2024-11-18,516.9837036132812,518.8271215660757,512.3949394515998,513.9708035025366,2493400
2024-11-19,514.8330688476562,517.9946571837595,512.1571062871626,514.1591330272693,2716000
2024-11-20,507.97467041015625,517.845976251138,506.4484093097254,516.8846452928705,2409400
2024-11-21,510.51190185546875,515.4872073101716,507.02326591865693,508.6585630688577,3077300
2024-11-22,516.2205810546875,517.0630462292057,511.5822740117826,512.3255936114438,3130400
2024-11-25,521.909423828125,523.544751080633,516.3791697747558,516.9936424473525,4503900
2024-11-26,523.772705078125,525.9234200141318,520.3831846300947,523.1979148063712,2326800
2024-11-27,527.6380004882812,528.8669459067604,521.8896742290858,524.3376444592006,2086300
2024-11-29,528.1930541992188,530.9978640526223,525.3090004674543,528.2624379614172,1760600
2024-12-02,526.6270751953125,530.0562781872651,521.5427641036789,528.1830982079251,2355100
2024-12-03,521.4932250976562,530.0562817828635,521.2752137080246,529.9075936597462,2319400
2024-12-04,516.4981689453125,521.592400974417,513.554591573756,518.9759011978135,2630000
2024-12-05,520.0958251953125,522.7717275534116,517.5189474361873,519.9272958533815,2538600
2024-12-06,523.8619384765625,526.2702867671944,517.8459978076443,518.272160460735,2122700
2024-12-09,518.1632080078125,526.8551122787704,517.2315782427867,524.3079962138435,2942000
2024-12-10,524.298095703125,524.9422698313012,515.5863498825371,517.8559914722803,2003200
2024-12-11,529.6896362304688,531.1168124900587,522.5735961486907,524.4764776643065,2181100
2024-12-12,527.6676635742188,531.969032718656,527.2315803452504,531.513108277439,1860400
2024-12-13,524.2880859375,529.9174857260149,524.1988609701339,529.4120187244479,1608200
2024-12-16,525.58642578125,530.2346534809582,524.2880966194895,527.2613750502238,2923000
2024-12-17,526.2802124023438,527.0433732373702,520.194887918989,524.6845674668388,4055800
2024-12-18,515.32861328125,532.3456590333153,515.080840091243,525.5963197571828,3190300
2024-12-19,518.6190795898438,524.5061128654424,517.5486824072326,519.4911856187618,3050500
2024-12-20,523.3267822265625,527.3406961370525,514.7934268861798,518.2127092882662,7317100
2024-12-23,524.2484741210938,524.6845573767934,516.4882004875886,521.1463487890381,2270300
2024-12-24,530.9383544921875,530.9680558210993,523.1285382590232,524.5557143344112,955000
2024-12-26,531.3744506835938,532.9106324882205,528.1731796742356,528.876877368003,1109600
2024-12-27,527.4596557617188,532.7718992107535,526.0721014991079,528.8570701405039,1541800
2024-12-30,520.8688354492188,523.8619552148228,516.6864526562952,522.3059321806548,2101600
