Date,Close,High,Low,Open,Volume
2019-01-02,134.62353515625,136.43928787690126,127.55897910736016,127.98563883187403,28146200
2019-01-03,130.71421813964844,136.10193043297755,130.09903544528873,133.6412450754704,22717900
2019-01-04,136.8758544921875,136.92546819706592,132.70856066201134,132.96653073141118,29002100
2019-01-07,136.97508239746094,137.78868962849725,134.8517460247865,136.488892311857,20089300
2019-01-08,141.42019653320312,142.02544740628335,138.45347255860054,138.80075335822818,26263800
2019-01-09,143.10696411132812,143.5733057172067,140.17002031683543,141.83693190722673,22205900
2019-01-10,143.0771942138672,143.43439170578438,139.74335600263245,141.96591985678148,16125000
2019-01-11,142.68031311035156,144.2281638432297,141.45989466942495,142.0353652116674,12908000
2019-01-14,144.25794982910156,145.42876987269327,140.17003421312768,140.8943459779043,20520300
2019-01-15,147.79022216796875,149.50674756683452,144.85327820204645,144.87311157453394,24069000
2019-01-16,146.39120483398438,148.48477637801153,145.8554160895323,147.83984351932185,18025700
2019-01-17,147.14529418945312,147.83984074886803,145.3593065081152,145.8057996434548,15787900
2019-01-18,148.87171936035156,151.24310921857838,147.39333081098312,148.58398408281647,31029600
2019-01-22,146.42095947265625,150.35011661555828,145.23029111179903,148.03825724886107,22378700
2019-01-23,143.1764373779297,147.64139894809395,141.94608696153634,147.12544359412522,20098400
2019-01-24,144.69451904296875,145.2997699777729,141.41029426918743,143.51378237179517,20955500
2019-01-25,147.84974670410156,148.6633691432037,145.3989778409229,146.33166107014597,22237200
2019-01-28,146.32176208496094,147.80016601437944,145.07157821752008,146.8972478734598,15508500
2019-01-29,143.06727600097656,146.94683466399238,142.313184003882,146.9369028387817,17632100
2019-01-30,149.248779296875,149.7746513338501,144.5655295359058,145.0814848865154,44613200
2019-01-31,165.39208984375,170.34322609112806,163.7152464126422,164.31058063740673,77233600
2019-02-01,164.4197235107422,167.78332703355187,164.37010980238654,164.54870098449308,30806500
2019-02-04,167.9321746826172,167.9817883973732,162.34600650864698,164.4098128946608,20036000
2019-02-05,169.8272705078125,170.64087772521418,167.37650189079923,167.83291163373806,22557000
2019-02-06,169.16250610351562,171.1270848386497,167.9520042717718,169.8669692977403,13281200
2019-02-07,165.0845184326172,167.9222501889627,163.96331211917226,166.8903394739392,17517600
2019-02-08,166.02711486816406,166.06679675328965,162.93141306907842,163.18938317234253,12561400
2019-02-11,164.4990997314453,166.98956576367348,163.79463649538135,166.592671206755,12811200
2019-02-12,163.75491333007812,167.0292209870877,163.21912468873836,165.56074921084456,16292300
2019-02-13,162.79249572753906,164.92574895228006,162.45513159071416,164.09229314596084,14205100
2019-02-14,162.67344665527344,163.58628151861365,160.98668625258,161.91936963077,12755200
2019-02-15,161.23472595214844,163.41759306012008,159.60749609275362,163.2290700350716,15504400
2019-02-19,161.02635192871094,162.8718699844177,159.08162158870638,159.25029609799398,14345400
2019-02-20,161.29425048828125,162.44522196991008,159.9944530133293,160.98666667542744,11770700
2019-02-21,158.7938690185547,160.9767512036217,158.34737589523792,160.66915224846838,15607800
2019-02-22,160.6294708251953,161.1454261740566,159.06177140594767,159.32967333669976,15858500
2019-02-25,163.33822631835938,164.77694839988933,161.6316174191484,161.80030708358842,18737100
2019-02-26,162.8520050048828,164.94557607497825,162.52457273629238,163.0603613594554,13784100
2019-02-27,161.5423126220703,162.65358713880127,159.16100576050974,161.6316082228834,12697500
2019-02-28,160.19288635253906,162.22692730701414,159.60748394875688,161.1057210686007,11114200
2019-03-01,161.01641845703125,161.8598060555291,160.4310160787683,161.33393406963486,11097800
2019-03-04,166.06678771972656,166.19578033433132,162.55435818798247,162.62380526816932,18894700
2019-03-05,169.92649841308594,170.54168115014525,165.25318076046253,166.06678805273313,28187900
2019-03-06,171.16677856445312,172.21853779560456,169.936443275903,171.55374129875187,21531700
2019-03-07,167.81309509277344,170.40277325733447,166.304926144912,170.16463653715266,18306500
2019-03-08,168.27943420410156,168.29926757550456,164.67769395731773,164.90589884827753,13184800
2019-03-11,170.73020935058594,172.94284154218153,170.24401921360752,170.26386772572346,18884000
2019-03-12,170.5813446044922,172.44671084570177,169.88679817637478,170.7500190841795,12155300
2019-03-13,172.0200653076172,172.67492991081787,170.77979831972704,170.97825314977177,11973300
2019-03-14,168.84498596191406,169.81735104764905,166.8506420826052,168.43817475360422,18037400
2019-03-15,164.68763732910156,166.27518541732223,161.24465433550773,165.85845745065996,37135400
2019-03-18,159.2205047607422,162.62378986704954,158.0397682495819,162.2963727286391,37524200
2019-03-19,160.3119659423828,162.5444466443645,159.5678057083889,160.2226552079197,25611500
2019-03-20,164.1518096923828,164.82650762915654,159.98451587237324,160.2424859411437,20211500
2019-03-21,164.78683471679688,165.09441850706298,162.47497523708407,163.60609812321184,16223000
2019-03-22,163.0603790283203,166.1163987263316,162.81232562887112,164.36017641903754,16389200
2019-03-25,164.99520874023438,165.243262164075,160.73861864872035,161.7308323440828,12631200
2019-03-26,166.37435913085938,168.1305813359675,165.0547284457532,166.04694198581788,15437900
2019-03-27,164.57847595214844,167.62457917428267,163.50688337595687,166.5430699118225,10620300
2019-03-28,164.260986328125,165.42187457753792,162.05827063232203,163.28862111015164,10443000
2019-03-29,165.39208984375,165.88819665106104,163.52672340346746,165.09442273136773,13455500
2019-04-01,167.38644409179688,167.58488379897565,165.97750248885455,166.52322303858062,10381500
2019-04-02,172.84359741210938,173.5381438692349,168.22981045979668,168.8152128208041,23946500
2019-04-03,172.18873596191406,176.5743332564893,171.6033335902772,173.14126764896554,27391100
2019-04-04,174.64944458007812,176.614023296656,174.16325445881316,174.64944458007812,17847700
2019-04-05,174.35177612304688,175.62180832800595,173.73660853188866,175.5027475400342,9594100
2019-04-08,173.56793212890625,174.1335011948488,172.87338557948675,173.84576588865332,7297400
2019-04-09,176.19729614257812,177.79476067353207,174.1831037087638,174.2525507892514,19751000
2019-04-10,176.43544006347656,177.39787338366907,175.16539265151494,176.79262244624147,11701500
2019-04-11,176.12783813476562,177.01090767051508,175.62181462775595,176.8521649941845,8071000
2019-04-12,177.7054901123047,178.23136219284186,176.56443520662597,176.61404892252165,12329800
2019-04-15,178.25119018554688,179.09457791036886,175.49283723280718,177.1101504542983,10834800
2019-04-16,177.47723388671875,178.76711453729467,176.91168003268325,177.60622649376955,11215200
2019-04-17,177.38796997070312,179.33271554893227,176.97124201964976,178.20159249893595,9973700
2019-04-18,176.891845703125,177.4871799403403,175.95916246347767,177.40780103271302,11655600
2019-04-22,180.02725219726562,180.2554571040603,176.8620881413712,176.8620881413712,13389900
2019-04-23,182.34901428222656,182.78559068882757,180.06691997316187,181.31711879933349,19954800
2019-04-24,181.15838623046875,183.6984509791695,180.23561958067876,183.05351810500008,37289900
2019-04-25,191.75518798828125,196.93454400518095,190.62406513056624,195.446223658715,54148800
2019-04-26,189.9989776611328,191.39798725672486,187.6176560631469,191.00110789371584,22075000
2019-04-29,193.26336669921875,193.8884661213994,189.16551962488455,189.46318673735053,19641300
2019-04-30,191.8941192626953,195.85305728817346,190.7828447881664,192.67797654667706,23494700
2019-05-01,191.52699279785156,194.65245962756978,191.50714428636743,193.26336662324573,15996600
2019-05-02,191.03089904785156,192.48945437207544,188.2725462221717,191.49724068974515,13209500
2019-05-03,193.94801330566406,194.63264318160958,192.2017226426569,192.86650400539224,14575400
2019-05-06,192.3704071044922,192.7672865493453,189.06633349315774,189.75096340451267,13994900
2019-05-07,188.2924041748047,191.39802286100868,186.38735562602093,191.04082531186296,16253000
2019-05-08,188.06417846679688,189.23499850826568,187.08189659113583,187.91535246744812,12505700
2019-05-09,187.18109130859375,188.2923808460176,184.80970138834417,185.74238460333387,12967000
2019-05-10,186.87351989746094,188.52059823139336,183.15271861657817,186.78422430031475,12578500
2019-05-13,180.12643432617188,183.98614428266598,179.43188789569288,182.0711794714898,16833300
2019-05-14,179.32276916503906,182.06128853534085,176.71325755432562,181.09884008128245,17628100
2019-05-15,184.81964111328125,185.82177145095366,178.61830579109815,179.01518519572633,16746900
2019-05-16,185.53404235839844,187.111658483527,183.60914538762196,183.60914538762196,12953100
2019-05-17,183.85719299316406,186.11943891159655,182.8451308275562,183.40076805103382,10485400
2019-05-20,181.29727172851562,182.79550882672874,179.95777730125477,180.4638159310982,10352000
2019-05-21,183.3809356689453,184.25407339341956,182.45816909356114,183.1328822542692,7502800
2019-05-22,183.87704467773438,185.28598627299698,182.1803526396487,183.291627105776,9213800
2019-05-23,179.46168518066406,182.4680914487444,178.27103178122283,180.99961942743286,12768800
2019-05-24,179.6501922607422,182.20018848372345,179.42198737159669,180.91030777380982,8807700
2019-05-28,182.87489318847656,183.2717877276444,180.03716157833563,180.12645717215642,14843300
2019-05-29,180.7714080810547,183.12294959671493,179.93795224512178,182.07120554565978,12797700
2019-05-30,181.58502197265625,182.0513636181961,179.4815337944626,181.65448419815255,8581500
2019-05-31,176.08815002441406,179.1342379247509,175.78056622867737,178.87626783735388,15226500
2019-06-03,162.87185668945312,173.68699403372227,159.75630658520944,173.63738032563361,56059600
2019-06-04,166.19580078125,166.9697262841374,159.58765366584507,162.43531738337296,46044300
2019-06-05,166.86056518554688,167.40628571280695,163.34813557914495,166.17593535498227,19758300
2019-06-06,167.0193328857422,168.37866080138633,165.92789176662538,166.98956768612805,12446400
2019-06-07,172.000244140625,172.51618434341103,167.52535084122192,168.84499682676795,16917300
2019-06-10,173.4587860107422,176.475108644315,172.44672391593448,173.38932379267737,14767900
2019-06-11,176.71327209472656,178.57862361960088,175.4134593855052,177.09030301848856,15266600
2019-06-12,173.67706298828125,177.8741374437899,171.53389310501814,176.99106793976617,17699800
2019-06-13,176.08815002441406,176.64378722187107,173.25041850313457,174.16325320466794,12253600
2019-06-14,179.91810607910156,180.42412959894995,178.59846008500926,179.10448360485768,16773700
2019-06-17,187.53829956054688,188.02448970728005,182.9741257809275,183.56944489654097,29459900
2019-06-18,187.00250244140625,193.01531456485287,185.82176580951244,192.48944255669522,37571400
2019-06-19,186.0202178955078,186.63540067695106,183.11303905828848,185.5439595646964,21417100
2019-06-20,188.0542449951172,189.6715580302563,186.17896187080584,189.46318650978696,14635700
2019-06-21,189.65171813964844,190.50502249182557,187.2803281006879,187.2803281006879,22751200
2019-06-24,191.100341796875,192.46958624375878,190.0783630194278,190.92173547946894,15509000
2019-06-25,187.36962890625,191.63615078576746,186.6651656672942,191.37818067769592,16750300
2019-06-26,186.1988067626953,189.27465982141456,185.8515259486567,188.06415802502235,12808600
2019-06-27,188.0244903564453,197.3314594204653,186.80407178224405,188.40153639562095,11159000
2019-06-28,191.4972381591797,191.6956778650276,188.4610667537676,189.06631769759005,16378900
2019-07-01,191.4972381591797,193.75948411379966,190.43556226592588,193.69003702974348,14181800
2019-07-02,193.48162841796875,193.48162841796875,191.20946621249595,191.49720145983574,9050000
2019-07-03,195.66455078125,195.86299050559595,192.6482276072425,192.6482276072425,10246100
2019-07-05,194.87075805664062,195.53555453641823,192.65812581940315,194.65246983879882,11164100
2019-07-08,194.23573303222656,195.14856774691674,192.13224500011347,193.67017914094146,9723900
2019-07-09,197.65887451171875,197.90692790744453,193.372504566388,193.45188346981755,14698600
2019-07-10,201.15145874023438,201.37967876885,198.1152875488734,198.4427198534289,20571700
2019-07-11,199.6631317138672,202.21312784653057,198.651084776992,201.67732404232368,13678500
2019-07-12,203.27481079101562,203.70147054413573,197.60927918407927,198.12521939439213,15366300
2019-07-15,202.32228088378906,203.73122239343607,200.24855807212413,202.65962987765283,16030300
2019-07-16,202.25282287597656,203.87013593903205,201.51859447874432,202.30243658551404,12132700
2019-07-17,200.22869873046875,202.7687630127222,200.0203272220129,202.59015669976327,12083700
2019-07-18,199.21664428710938,200.89348768416536,197.82755131083823,198.59154487779838,11937900
2019-07-19,196.81549072265625,200.7545799342816,196.52775543963102,200.60573880997634,12098300
2019-07-22,200.74465942382812,200.99271281963257,197.26198005714764,198.3534210546784,13589000
2019-07-23,200.78436279296875,202.64972937383774,199.39526968379784,201.26062112468742,14583700
2019-07-24,203.06642150878906,203.21524747997162,195.68435053859915,196.0911617131338,32532500
2019-07-25,199.14718627929688,207.03528089447204,196.71625099426262,205.09053569444006,39889900
2019-07-26,198.1946563720703,201.30028962459562,194.7219089512831,198.63123275593708,24434000
2019-07-29,194.41433715820312,198.07560780135663,193.77932105342705,197.45050838228804,16530800
2019-07-30,195.5057830810547,197.16279330268497,191.9933532034204,193.86863651283136,11903600
2019-07-31,192.71763610839844,197.21236233773257,191.17970205770425,195.41645821104208,14593500
2019-08-01,191.2293243408203,196.9246358984572,189.39373825086943,192.65811435806566,17777000
2019-08-02,187.54820251464844,191.1201620783803,186.60560270505155,189.61200843901597,15297000
2019-08-05,180.3149871826172,184.22431149023885,177.9435971014936,183.25194632650906,23086700
2019-08-06,183.07333374023438,184.34336599152593,181.66439218458214,182.25972642611572,18035700
2019-08-07,183.70835876464844,184.91886067841867,179.80896622765212,182.1704396561513,15833200
2019-08-08,188.67935180664062,188.8579429969137,182.61692578382804,185.16690699814845,14828900
2019-08-09,186.3873291015625,189.49294734581133,185.66300227944083,188.52058226594917,11058800
2019-08-12,183.9266357421875,186.12935121191248,183.0237328453012,185.39512281532316,10930900
2019-08-13,186.982666015625,189.88985998710254,183.9266460473053,184.07548718412679,13577000
2019-08-14,178.31069946289062,184.5417991965045,177.9138049684069,184.35327620412184,18903700
2019-08-15,181.1682891845703,181.77354012490346,178.62822462841115,179.54105938203216,12925900
2019-08-16,182.26962280273438,183.65873083153832,180.94006030343186,182.3192365073304,12654600
2019-08-19,184.72039794921875,186.0400438101091,183.41068391358388,184.5616401449062,9691200
2019-08-20,182.37879943847656,184.55174988369748,180.9698577884201,184.00602931572288,10083400
2019-08-21,182.12083435058594,184.45252754721943,181.71402308505247,183.55954124042023,8398200
2019-08-22,180.62254333496094,182.67643259782585,178.50913882300034,182.00171952839068,10821400
2019-08-23,176.36598205566406,181.70409651204378,175.2844727753875,179.4319187008426,17323400
2019-08-26,178.95565795898438,179.09456726705497,176.85216982535022,178.0031261750868,8773600
2019-08-27,179.88833618164062,182.60699186900402,179.60058574729803,180.51342048042534,14399600
2019-08-28,180.34475708007812,180.5332801059123,177.52687379913462,179.12433846544053,9386100
2019-08-29,184.12509155273438,184.63111505629817,182.0414368628062,182.3391039813643,10128700
2019-08-30,184.22430419921875,185.3455104540302,182.03152053942938,185.3256619420925,10774500
2019-09-03,180.9698486328125,184.22430822265585,180.69203001953164,182.56731322916687,9779400
2019-09-04,185.68284606933594,186.28809694997892,182.45815198098745,183.21222884048626,11308000
2019-09-05,189.41358947753906,189.8700144416205,186.47664540077176,187.0620478508057,13876700
2019-09-06,186.03012084960938,188.72894287197545,184.89899802699838,188.72894287197545,15226800
2019-09-09,187.2902374267578,187.5085256343164,184.40290729946628,186.26825860954187,14722400
2019-09-10,184.72039794921875,186.63537800629246,183.11301681549222,185.98051341848625,15455900
2019-09-11,187.0223388671875,187.96493871863368,184.63110056048305,185.00814655705247,11761700
2019-09-12,186.0102996826172,189.44335053484764,185.77216294917596,188.38168977071138,11419800
2019-09-13,185.7324676513672,186.50639305418997,185.08751972236277,185.87137695084874,11441100
2019-09-16,184.77003479003906,186.3278024124639,184.3235416569863,185.47449803241622,8444800
2019-09-17,186.6155548095703,186.85369154834166,184.09532352917387,185.20661317012724,9671100
2019-09-18,186.675048828125,187.60773194823412,184.56162921085541,186.62543512471942,9681900
2019-09-19,188.65948486328125,189.61201653828311,186.68497443717115,187.19101304013168,10392700
2019-09-20,188.45114135742188,191.5964721193446,186.6552369772569,189.1754682614503,19934200
2019-09-23,185.3653564453125,188.6198159198237,183.7678919055694,187.86572387623167,13327600
2019-09-24,179.86849975585938,186.57585897083138,178.98543016143273,186.51632857075447,18546600
2019-09-25,181.37664794921875,181.9918155324956,176.4850270596817,180.03715354178527,18068300
2019-09-26,178.70758056640625,179.98752936619795,176.28657711628037,179.9180822914692,16083300
2019-09-27,175.72105407714844,179.35254474895376,174.29226391251302,179.0846579480694,14656200
2019-09-30,176.6934051513672,177.27880755981747,175.47298662494165,176.4850336273538,10740000
2019-10-01,174.44107055664062,178.43969015259512,173.5183191760256,177.7550603463437,17073000
2019-10-02,173.24050903320312,175.1554741070558,171.7422567348218,173.47863061918676,16151700
2019-10-03,177.98329162597656,178.4397014323433,172.27806306653957,174.20295999420713,16086300
2019-10-04,179.04493713378906,179.57080911896514,176.7132443093235,178.15195096952186,10430200
2019-10-07,178.28091430664062,179.76923455575428,176.7032984761745,178.59842989364026,9178300
2019-10-08,176.36598205566406,178.96557705889228,176.33621685638886,176.8720055833215,9466900
2019-10-09,178.4496307373047,179.31285176669965,176.55449903508978,177.7650008974485,7556900
2019-10-10,178.62820434570312,180.19590357282038,177.77490008638557,178.9159547538327,8605000
2019-10-11,182.75582885742188,185.03792320851088,180.72178791101695,180.73170459681214,14930500
2019-10-14,181.85289001464844,183.18245247796935,181.14842690437123,182.76572462259904,7006000
2019-10-15,187.41920471191406,188.89760825602724,182.22993242079562,182.36884170319726,15039100
2019-10-16,188.07411193847656,188.2229379391271,185.4447365204725,186.85369331320297,10516900
2019-10-17,188.9075469970703,189.35404008978063,187.30016580732195,188.81825140652387,9603000
2019-10-18,184.40289306640625,189.99897684465836,182.48791305517258,188.74877809059558,16874200
2019-10-21,188.2824249267578,188.4312660330695,185.2958677958085,185.58360304404914,8122600
2019-10-22,180.9202423095703,189.16553572894009,180.08678643569442,188.52060288034127,19537600
2019-10-23,184.7005615234375,184.92878155956058,180.58288100701617,180.59279769294298,12300400
2019-10-24,184.9287872314453,185.2760529292764,181.37666050347596,183.182481496143,11413500
2019-10-25,186.427001953125,187.52835959124408,183.6488010052593,184.38304447733105,8061200
2019-10-28,187.92523193359375,188.0542245341341,183.63887746152938,185.74236524893286,13657900
2019-10-29,187.83595275878906,191.03088173758235,187.00249697475027,190.19742595354356,13574900
2019-10-30,186.7842254638672,188.96709253425385,184.53189616861468,188.0840229636892,28734600
2019-10-31,190.15774536132812,196.5476038710065,186.78422491161206,195.1684274639781,42286500
2019-11-01,192.11241149902344,192.59860166178294,188.4313071552058,191.34841785180365,21711800
2019-11-04,193.20384216308594,195.83320226631028,192.3009241125528,193.0351676602356,16371300
2019-11-05,192.80694580078125,194.22580392111288,192.09255082803412,193.84875792439152,9942000
2019-11-06,190.05853271484375,192.85656740909667,189.86009300758838,192.5192183927646,10973000
2019-11-07,188.93731689453125,191.93380628501296,187.99471697758543,190.41572064804228,13473000
2019-11-08,189.3540496826172,190.84237016036985,188.22292672512432,188.52059384867061,10760800
2019-11-11,188.13365173339844,188.59999341203036,187.0719757424762,188.45115226396757,8631200
2019-11-12,192.95578002929688,193.54118241978134,188.26261393985592,188.52058402549875,17615500
2019-11-13,191.6857452392578,194.17619589151252,191.23925215323305,193.18398230480068,10860700
2019-11-14,191.64605712890625,192.51920997060702,189.95929698105766,191.42776891848106,9040500
2019-11-15,193.5808868408203,193.7793265404359,191.8742781721648,192.74741587846907,11524300
2019-11-18,195.86297607421875,197.08340981198546,191.5468556127838,193.04509283218158,16167200
2019-11-19,197.76800537109375,198.44270329510826,195.32715345897415,195.86294209628116,19056800
2019-11-20,195.97210693359375,198.03591308312716,193.90830078406032,197.0337827757966,12355400
2019-11-21,196.38885498046875,197.53982653306198,195.32719416935493,195.8828314319917,12131000
2019-11-22,197.27191162109375,197.7481699012133,196.08124321082823,196.8353352226601,9959800
2019-11-25,198.23435974121094,199.4051797284967,197.69857102837094,197.96647295478036,15272300
2019-11-26,197.4207305908203,198.5915353086941,196.49796411963518,198.44270933268547,11735500
2019-11-27,200.42713928222656,201.55826213594298,197.86722647855726,198.34348474854906,12736600
2019-11-29,200.0699462890625,202.2131312621358,199.64330171552228,200.03026440732904,7985200
2019-12-02,198.14508056640625,200.60576639888993,196.5079339537415,200.55616782394503,11503400
2019-12-03,197.27191162109375,197.3810405807244,193.56102737438547,196.06140983997417,11595300
2019-12-04,197.16275024414062,198.47246418469376,196.50788570387584,198.44269899104324,8456300
2019-12-05,197.80772399902344,199.722689174396,196.6666842990841,198.3038308494283,9740400
2019-12-06,199.48455810546875,200.00051344458964,198.502261137908,198.938837567935,12270600
2019-12-09,199.7722930908203,201.55828069269086,198.6511019590734,199.08766324843836,11954800
2019-12-10,199.30593872070312,200.47675862817715,198.59154372562898,200.0897959341768,9475700
2019-12-11,200.6851043701172,201.0522336736749,198.72052580774542,198.72052580774542,8036800
2019-12-12,195.21803283691406,202.07423269365034,192.58867275812622,200.77443525319376,23734800
2019-12-13,192.5985870361328,195.26764410536947,191.66590380777728,194.8707495720382,18798000
2019-12-16,196.37890625,197.56955949565122,193.29312146853317,193.7495463683545,14911500
2019-12-17,196.84524536132812,197.45049623175822,194.60284819119846,197.29173843033917,10175700
2019-12-18,200.92327880859375,202.70926653711055,198.53204010374566,198.53204010374566,23274400
2019-12-19,204.45553588867188,204.6936726076007,200.933174513572,201.20107642986963,16514600
2019-12-20,204.69369506835938,206.09272005811994,201.84603137445345,205.86449999994568,27306900
2019-12-23,204.5745849609375,206.96582327912705,204.07847817990123,205.09054025240894,13348900
2019-12-24,203.5228729248047,205.17986801652518,203.40381212347717,204.69369298445127,6046300
2019-12-26,206.1720733642578,206.2018537033605,203.7113876835131,203.9693729292224,9350700
2019-12-27,206.47967529296875,207.30319933387474,204.98142292895696,207.04522922443257,10284200
2019-12-30,202.81842041015625,206.28123677873702,202.31238169774176,206.24155488951854,10524300
2019-12-31,203.65185546875,203.95943928360214,202.01470897164327,202.41158838306944,8953500
2020-01-02,208.14657592773438,208.15649261372965,204.66391150608143,205.1401698134919,12077100
2020-01-03,207.0452117919922,208.76173709486574,205.33860317480784,205.59658840250805,11188400
2020-01-06,210.9446258544922,211.12321704244698,204.91196510836792,205.09055629632272,17058900
2020-01-07,211.40101623535156,212.9091850683675,210.10121890912478,211.16289467328085,14912400
2020-01-08,213.54421997070312,214.55628211870993,210.95454177490646,211.34150448738282,13475000
2020-01-09,216.60023498535156,216.67961389127672,214.59595924568188,215.84614294905182,12642800
2020-01-10,216.3621063232422,218.16794243532362,215.72709019217615,217.4932292798279,12119400
2020-01-13,220.18214416503906,220.24167456420014,217.50317022293493,217.8901329574613,14463400
2020-01-14,217.35430908203125,220.64846550559204,216.92766450065454,219.88445679338435,13288900
2020-01-15,219.42803955078125,219.95391156667583,218.42590922878898,218.8922508489187,10036500
2020-01-16,220.04322814941406,220.89653250467634,218.67396845051022,220.83700210732903,10015300
2020-01-17,220.4103240966797,220.55915007771634,218.81285962698286,220.30117999726025,15905900
2020-01-21,219.71580505371094,220.63855653131444,217.4138619930568,220.43020013184636,14275800
2020-01-22,219.5967254638672,221.01558367210345,219.55702844071217,220.5790072572682,12212800
2020-01-23,218.04885864257812,219.7653990977893,217.56268366067917,219.03115557209316,11195000
2020-01-24,216.2430419921875,220.0531387162507,214.42728922369366,219.08077359333404,11905800
2020-01-27,213.1969451904297,214.3776818732718,210.84540365097445,211.44073790551,13810700
2020-01-28,216.09422302246094,217.03683818417113,211.8574812681619,214.45707641313922,13413800
2020-01-29,221.4918212890625,222.45426962099896,216.74904184342662,219.7157657381559,33181300
2020-01-30,207.8985137939453,209.78371357248747,203.15573401089648,204.92187300257686,48775500
2020-01-31,200.33787536621094,207.06508316074348,199.4944876502085,206.80709790456496,31359900
2020-02-03,202.60009765625,203.54269754941683,200.92325424778556,201.85593745533228,15495600
2020-02-04,208.1961669921875,208.96017565012505,203.6022134996226,205.01115489661296,19628900
2020-02-05,208.4739990234375,211.07359379720026,207.08490604661267,210.85530559513091,12538200
2020-02-06,209.20823669433594,209.54558567358004,207.7099845183197,208.83119069401755,10567500
2020-02-07,210.6767120361328,211.16290214252007,208.295390351353,208.66251967249352,12242500
2020-02-10,211.40101623535156,212.13525971168318,209.01970977478095,209.87301403214792,11856400
2020-02-11,205.57675170898438,209.21817404336107,204.90203854387963,208.5533927044946,25030800
2020-02-12,209.1189422607422,209.57536719879477,205.7851038096818,206.2316120616819,13813700
2020-02-13,211.48040771484375,212.66114433026516,207.55123516722094,207.88859930018288,15396600
2020-02-14,212.51231384277344,213.2564740857115,210.99422815837812,212.33372265165818,10741700
2020-02-18,216.10414123535156,216.28273242948998,211.7383919855589,211.8872331206534,15609200
2020-02-19,215.7965087890625,216.62004776973424,214.42724938264735,216.2926155142882,12135100
2020-02-20,212.90919494628906,217.0665723300639,211.2918819422964,214.83409174221154,13109200
2020-02-21,208.54344177246094,212.57184160157027,207.2039625311857,211.8177495955409,14092300
2020-02-24,199.1571044921875,202.06428291956448,196.62695691772672,200.2286969404289,23080100
2020-02-25,195.23788452148438,201.91547815950642,194.4242620597452,200.6752110946446,21433500
2020-02-26,195.66455078125,199.6433376552953,193.9678737271147,195.65463409402588,16524500
2020-02-27,188.27255249023438,194.3548274102065,188.0244990613935,190.32644214822724,21682600
2020-02-28,190.97137451171875,191.23927645336616,180.40430452650662,181.2774422985748,32568900
2020-03-02,194.9104461669922,195.03943878253864,187.37954841583093,192.51920770635363,24949000
2020-03-03,184.44259643554688,195.7042275193345,182.53754802737797,194.692165348127,27984100
2020-03-04,190.26686096191406,190.3363231761663,184.9386791534209,187.69703155416585,23062500
2020-03-05,183.7281951904297,187.5184585064804,182.4581629611719,185.32565973285247,19333400
2020-03-06,179.67996215820312,182.3490192383938,174.8875685209055,176.94145799688096,24559600
2020-03-09,168.18020629882812,173.63738113448332,163.90376807728393,168.27943371546766,29949000
2020-03-10,176.8025360107422,176.90174828238088,168.1801977845256,173.3099400535454,24517800
2020-03-11,168.91445922851562,174.51054367524623,166.35454616437582,172.6550938325682,20373900
2020-03-12,153.26724243164062,165.30279874923735,153.13824981343737,158.29775772184547,43266300
2020-03-13,168.9541473388672,169.46017087461817,156.37288491134964,162.2567048752018,35028600
2020-03-16,144.87310791015625,157.89096114274597,141.98577772844195,151.13398868681,39120400
2020-03-17,148.25657653808594,152.74138692213435,138.90992484060837,149.56630595377365,34255600
2020-03-18,145.81573486328125,147.0262216721567,136.03250698448755,138.66186728488157,37553100
2020-03-19,151.9376678466797,158.68470796752493,143.67252704466907,145.4783478577257,39862300
2020-03-20,148.56414794921875,158.02987479986012,146.8476225464844,154.8051803858326,32568400
2020-03-23,146.94683837890625,151.12404910429632,141.1423828354806,148.494689153159,29830800
2020-03-24,159.7265625,160.05399484868934,151.3820565118102,154.001500161345,30440400
2020-03-25,154.9936981201172,161.72090533404412,151.86821609525333,157.68258858451526,35184300
2020-03-26,162.0681610107422,162.72302560102386,155.7973791164667,157.01779756928065,26556800
2020-03-27,155.5691680908203,158.84347609160096,153.54505895105285,156.96819294005962,24879900
2020-03-30,164.6578826904297,165.45165678546272,156.82931614737947,157.94059079643674,22515200
2020-03-31,165.50123596191406,169.59906794500858,162.9214744764971,164.19150670747757,23676300
2020-04-01,158.35728454589844,162.87184396981343,156.80941873029622,160.36154496434824,19507600
2020-04-02,156.95828247070312,160.09368129332805,154.70595320647797,157.86120054164533,20886300
2020-04-03,152.97947692871094,156.68044434817855,149.65557064068878,155.92635236524197,25983300
2020-04-06,164.260986328125,164.9059191978055,157.27579317783702,158.90302309239615,28453600
2020-04-07,167.51544189453125,172.03993397402672,164.71739197485502,170.45238598754636,31411900
2020-04-08,172.92298889160156,173.63738391089035,166.4339184630365,169.91658282708556,21664200
2020-04-09,173.825927734375,175.70121109954832,170.23411883620753,174.53039101220222,23534300
2020-04-13,173.42901611328125,173.63738764003992,168.13059888974578,172.31774167717816,19355400
2020-04-14,176.78269958496094,179.81887085223931,175.24476543964624,177.58639019806657,21011800
2020-04-15,175.59202575683594,176.8025274480345,171.4743457538087,173.82588692344328,17423000
2020-04-16,174.8776397705078,176.66362720467018,171.16675560952473,176.56439979278105,23593200
2020-04-17,177.84439086914062,178.87628646617208,175.28447767999108,177.80469384234343,20974800
2020-04-20,176.85218811035156,179.094585783901,175.39363265481884,176.02864886307944,16110700
2020-04-21,169.47007751464844,174.01441739437823,167.02922551794623,173.88542478797388,24850500
2020-04-22,180.86070251464844,183.34123663421514,176.75293861824514,177.06052242667482,33242000
2020-04-23,183.6885223388672,185.59357077642403,181.72392836327927,182.64669495302132,21426600
2020-04-24,188.59005737304688,188.9274063834041,179.42199771642456,181.80330444127193,28792000
2020-04-27,186.04006958007812,192.2414052327474,185.9507739802748,191.159895928517,29197800
2020-04-28,181.4857940673828,187.7268109792905,181.1385132497502,187.19102229434844,21731000
2020-04-29,192.67796325683594,195.37678548595312,188.52058581051287,189.4433372001853,45954500
2020-04-30,203.11605834960938,208.0572779754261,200.00050816482027,205.30884198802337,46230100
2020-05-01,200.69505310058594,205.6660378850065,197.50012403387927,200.03027179216886,30415600
2020-05-04,203.6617431640625,204.30669104079635,197.21235523658538,198.6411451382997,19250700
2020-05-05,205.45770263671875,208.74192763342248,204.89213354811233,205.40808892263365,21071200
2020-05-06,206.84677124023438,209.95240466559474,205.05086703936345,206.49949042283785,21857000
2020-05-07,209.6150360107422,209.95240013521098,207.41232064616085,209.51582373646835,15152000
2020-05-08,210.69654846191406,211.54985270052043,209.20822817178512,210.5874043683722,12506000
2020-05-11,211.5200958251953,213.32593191135558,208.73197792819232,209.24793325852076,12911900
2020-05-12,208.46409606933594,213.60375556211332,208.36486864732183,211.62924492787246,14704600
2020-05-13,203.50303649902344,209.13880306370265,200.536312077277,207.79930850893902,20684600
2020-05-14,205.19970703125,205.31876782706613,199.12736420496205,200.98279892633244,17178900
2020-05-15,209.2379913330078,209.69440107249156,202.5306182677572,203.6716728964201,19383200
2020-05-18,211.530029296875,212.96873605342822,209.2975485967128,210.49811862818973,20151900
2020-05-19,215.19129943847656,218.77319129030954,211.17283116193593,211.60940758664356,31843200
2020-05-20,228.1793670654297,229.53869487802802,221.4521599429684,221.75974374231737,50162900
2020-05-21,229.5883331298828,235.35309244741924,229.3998100998118,232.89240664960255,47782600
2020-05-22,233.0808868408203,234.15247928323507,226.95893110200655,229.70735171322343,33925600
2020-05-26,230.39199829101562,239.02425371037313,229.8661262864556,237.90306262101706,33178300
2020-05-27,227.35581970214844,228.764761172586,219.4081943562366,227.2863726241577,34697600
2020-05-28,223.70449829101562,229.82645475219894,222.25585968682327,222.5535268126139,29377200
2020-05-29,223.3373565673828,225.71867830178658,221.14457298017828,223.44650066945937,23241500
2020-06-01,230.104248046875,230.63012001725173,221.75972845659172,222.84123759265123,18223800
2020-06-02,230.90797424316406,231.18579286888968,224.79593419724122,229.14183506248852,20919000
2020-06-03,228.3678741455078,230.83847619373373,226.7505612153205,230.30268753868992,15380300
2020-06-04,224.52798461914062,229.82641617695714,222.86107321846228,227.77252697971804,17041500
2020-06-05,228.97312927246094,229.5486149585623,223.55563653087066,224.944744609729,16750400
2020-06-08,229.5982208251953,229.74706194907915,225.63929825351963,227.24667943961484,15466500
2020-06-09,236.81163024902344,237.90307132103038,228.61595094279085,229.71730870091466,27462900
2020-06-10,234.88674926757812,239.33187762584825,233.4480424042007,239.0838241963011,20720700
2020-06-11,222.68247985839844,231.0766131567236,221.80934222919444,228.1495862109166,26708200
2020-06-12,226.80018615722656,229.8562058573406,222.7519528586331,228.10990023443085,22091400
2020-06-15,230.68966674804688,231.94978228517638,223.0496248987954,223.33736018712725,15340300
2020-06-16,233.81515502929688,236.60328827584084,231.1857947501476,235.29355890963686,15236700
2020-06-17,233.69607543945312,235.7400330981517,229.925660611379,233.17020342590362,19578100
2020-06-18,234.10289001464844,234.30132971581455,230.342391818643,233.1602900791253,15782500
2020-06-19,236.9306640625,238.95478815827963,233.71590188916792,235.93845052456254,30081300
2020-06-22,237.3573455810547,238.82581751303113,235.0653345200704,236.7024809522082,18917800
2020-06-23,240.35382080078125,243.28084780615615,237.9923476578794,239.40128911138243,24017900
2020-06-24,232.1978302001953,241.3261922642483,230.86825247388322,239.32191655919164,20834900
2020-06-25,233.8448944091797,235.45229073930926,230.92779913741757,232.79315041364956,18704300
2020-06-26,214.39752197265625,231.2750702886985,213.7228088346602,230.828577185307,76343900
2020-06-29,218.92202758789062,219.03117169920628,205.4973775959621,208.1168211275584,58514300
2020-06-30,225.3019561767578,225.7286007703649,216.76891290483175,218.8724009551295,33927100
2020-07-01,235.7003631591797,237.1390699699134,225.78814302678114,226.72082631014734,43399700
2020-07-02,231.6024932861328,238.13126049483006,230.7988027043592,237.13904690943494,30633600
2020-07-06,238.40908813476562,238.52814892473828,230.46146246454367,231.93985107329897,26206200
2020-07-07,238.9845733642578,245.72169718938696,236.96046423896934,237.5458666417758,27887800
2020-07-08,241.6833953857422,245.0668474636678,234.74781673128183,236.25598567293406,29791300
2020-07-09,242.59625244140625,244.61044506438395,237.37721376974662,243.09235929711465,22174900
2020-07-10,243.16180419921875,243.57853211152505,237.45657576506048,241.79254453022762,22982700
2020-07-13,237.13905334472656,248.2022290661148,236.563567632783,245.08667892902588,24674900
2020-07-14,237.86337280273438,238.45870704554085,230.22333076660445,234.9164970668019,23378100
2020-07-15,238.40908813476562,242.91374646179125,236.1964559945626,239.66920367523048,19133600
2020-07-16,239.0540313720703,239.87757053195742,234.48985759074168,236.1468525967872,18880700
2020-07-17,240.1454620361328,242.25888189855516,236.00793304376865,239.12348321533193,18152400
2020-07-20,243.50906372070312,244.13416314331633,233.80521577145498,238.19079813555464,20872200
2020-07-21,239.86764526367188,244.98747123257405,238.21065031691052,244.30284140487475,19364200
2020-07-22,238.00228881835938,240.01648136267946,236.26591489118834,238.3892515451012,15427900
2020-07-23,230.7888946533203,240.5324245536432,229.94550701818997,237.76415520841277,21771800
2020-07-24,228.9136199951172,231.6719727567298,225.13327323566094,228.39766465309515,18325800
2020-07-27,231.68186950683594,233.12057616100276,229.03266108130668,229.65776047765974,13163100
2020-07-28,228.3282012939453,233.13052688737727,228.04046599577487,232.8030945646447,14170100
2020-07-29,231.47349548339844,231.88030667788055,228.5167033044342,229.3402423786379,13588300
2020-07-30,232.67408752441406,233.06105022002825,227.2169127637135,228.4274145581944,20615300
2020-07-31,251.69482421875,253.85785775778805,247.0611884844534,253.82809256073517,53005100
2020-08-03,249.99815368652344,253.4113558672022,248.38084061958932,250.68276837586004,23124900
2020-08-04,247.8847198486328,250.8315953845901,245.50339817898234,249.6012450982718,17183500
2020-08-05,247.1802215576172,250.30570315752948,245.84074242049172,248.24189726672375,13050100
2020-08-06,263.2144470214844,264.52417636220866,246.7337769905804,247.10089121185337,45241600
2020-08-07,266.349853515625,276.71849900536273,261.37885308703824,262.0237859492798,72766400
2020-08-10,260.95220947265625,271.7276359834202,257.66798446784964,265.9529751211674,30248800
2020-08-11,254.13568115234375,263.84946103998055,253.1434675252499,258.16406605594824,28238300
2020-08-12,257.86639404296875,261.8451497880856,256.10022485521864,256.95354425379196,21415700
2020-08-13,259.265380859375,263.09534079503675,257.5488708476519,259.5134342395619,17374000
2020-08-14,259.20587158203125,260.60489639382604,256.66580718443333,260.2675474028903,14792700
2020-08-17,259.12646484375,262.0435747709625,257.38015950502387,260.4560272157525,13351100
2020-08-18,260.29730224609375,263.08541993318096,257.24129779802496,258.9181411403599,18690400
2020-08-19,260.54534912109375,265.82393240661906,259.3150140244503,259.3547110443287,23291500
2020-08-20,266.9154052734375,267.53057289532575,259.4241740031318,259.4638710277575,20299700
2020-08-21,264.9309997558594,268.38388418339855,264.3455972842934,266.5979115677721,15538600
2020-08-24,269.2768859863281,275.0912436348155,266.67726070148495,268.95937034055146,23685600
2020-08-25,278.6334228515625,280.8857367616059,268.15564994253316,270.28890306860325,42127200
2020-08-26,301.5436096191406,302.2977015717279,281.7886351218951,281.7886351218951,69015200
2020-08-27,290.9369201660156,298.8845620799674,289.74625154101784,297.82288608867316,30301300
2020-08-28,291.37347412109375,294.9156842406994,288.71434871476174,292.70303682425975,17157400
2020-08-31,290.91705322265625,294.5683921740452,289.279876482208,291.66121345742096,17345100
2020-09-01,293.13958740234375,299.1424675498005,290.43083338283753,292.4152605760405,17295900
2020-09-02,300.1445617675781,301.2360025936322,290.7681327673214,296.55275400543263,24341400
2020-09-03,288.8532409667969,295.2827964981779,281.42157021145084,293.6853167317261,32294100
2020-09-04,280.5285949707031,286.74976407245856,269.02884162990455,285.0133900685596,30333700
2020-09-08,269.0486145019531,277.1252165925941,267.3221727130348,269.1676752763678,24864000
2020-09-09,271.5887451171875,276.3116921916663,269.2372034068986,273.622771164663,22918800
2020-09-10,266.0025634765625,276.9863762490286,264.9508193916789,273.3648023507062,24814700
2020-09-11,264.5340881347656,269.2768988349684,260.595028693732,267.95723761672286,18913900
2020-09-14,264.07769775390625,274.4860411433256,263.6312197102945,268.84034217883465,24093800
2020-09-15,270.2988586425781,272.38248310509124,267.2031265875012,268.5624847371786,18478500
2020-09-16,261.4681396484375,270.3186990512302,259.75162935073587,265.2088046240385,29183400
2020-09-17,252.8358917236328,259.4638716951567,248.24193764003047,256.2689425036203,31281400
2020-09-18,250.56370544433594,257.1817836445312,248.10301989417528,256.3879945767653,28130800
2020-09-21,246.21780395507812,248.00379150058308,242.22911610009183,245.61255304076752,24709400
2020-09-22,252.76641845703125,253.33198748485088,246.28726476136234,251.3376284288325,30293100
2020-09-23,247.0810546875,255.9811974630854,246.21781849122172,253.27245835747246,19641300
2020-09-24,247.58705139160156,250.2759568331123,243.70749269177463,244.58064547986274,20006800
2020-09-25,252.8358917236328,253.7586431588387,244.68981092583851,247.4580803714351,18351300
2020-09-28,254.8203125,257.57866518860396,252.83588523395522,257.3802103500167,18826300
2020-09-29,259.75164794921875,261.2796353335787,254.89970814262563,255.80262629518063,20200200
2020-09-30,259.86077880859375,264.00822507608797,258.07480614487656,259.9401728665143,20142500
2020-10-01,264.55389404296875,266.24063884854394,262.73812635584693,263.2838619564372,20009800
2020-10-02,257.91595458984375,263.08537794492855,257.16186271341945,259.176054711808,16367600
2020-10-05,262.5893249511719,262.80761315583914,258.80899353212766,260.1584197827861,12822300
2020-10-06,256.6459655761719,263.6212257600727,256.22922255371117,259.741667068891,18696900
2020-10-07,256.11016845703125,258.1541260416151,252.83587570346262,257.191677642664,23133400
2020-10-08,261.70623779296875,262.5595268534085,257.13211789378187,257.72745203917947,16312800
2020-10-09,262.39093017578125,262.6885821795816,260.1286841070195,262.46036212336156,14107800
2020-10-12,273.6029052734375,277.99840433575406,265.7842571156628,268.09613180330746,31019300
2020-10-13,273.9898681640625,276.92681183583034,271.261280862398,275.4186278390119,18063300
2020-10-14,269.7035217285156,276.5795550588425,269.3860060931865,275.45834878905737,15577800
2020-10-15,264.6431884765625,266.94513108589155,261.616949384437,265.5163412097531,15416100
2020-10-16,263.8594055175781,269.25705094959847,263.234305986008,265.29812762293676,16622700
2020-10-19,259.3646240234375,266.45894507176126,257.8564702810664,263.4624709578556,13587000
2020-10-20,265.4766845703125,267.60003633807696,260.83313190654906,261.011723098242,18763200
2020-10-21,276.55975341796875,280.84609386687896,274.2181131886931,277.3832775191366,28998600
2020-10-22,275.9544982910156,280.25080101860584,272.8984930982408,277.69087244781,16720000
2020-10-23,282.572509765625,283.0189877020772,274.66456643827354,276.6291299185733,17535200
2020-10-26,274.9523620605469,283.0091638587157,272.1245768467652,280.95527394726224,21322900
2020-10-27,281.084228515625,282.2947304449759,274.15856596508183,276.5895016504046,16287200
2020-10-28,265.5858154296875,276.61922530983355,265.17900423878854,276.61922530983355,23121800
2020-10-29,278.64337158203125,281.39182302397495,271.6482768194587,274.39669798144206,32368100
2020-10-30,261.06134033203125,274.54555158800633,257.0825838595243,272.362669266961,47247800
2020-11-02,259.3249206542969,268.3640019017437,255.3362330569995,262.53971316849265,27165700
2020-11-03,263.23419189453125,267.9472053473429,258.84862580679146,261.11087105294314,17961900
2020-11-04,285.1423645019531,286.69021537855144,276.4505632103181,278.81203654973183,35364400
2020-11-05,292.3854675292969,295.0644560969266,286.7001035414794,289.6271152046791,23823600
2020-11-06,291.12542724609375,292.30616397917817,285.8170778605396,291.66123112597086,13891000
2020-11-09,276.5993347167969,290.30180014595857,276.3612131765209,287.6129101538366,25117700
2020-11-10,270.3087463378906,271.8665289718165,261.94439287795456,270.9735427793602,29067700
2020-11-11,274.32720947265625,276.2322425059644,270.3583553266512,271.3406370382021,14957000
2020-11-12,272.9381408691406,277.57179233423875,272.29320799745705,275.02179576839234,12899500
2020-11-13,274.7935791015625,275.5972697257865,270.97355054002895,275.55757270188633,10391200
2020-11-16,276.78790283203125,277.23441107281263,272.491631182549,272.9083439459854,12970400
2020-11-17,272.8587341308594,275.5178592544726,271.16205738974224,275.5178592544726,15040300
2020-11-18,269.85235595703125,275.2301674297236,269.7233633337441,272.3824887308877,12152900
2020-11-19,270.8148193359375,271.34069140444956,267.09401782855207,268.9097556409737,12963700
2020-11-20,267.60003662109375,270.8743295920919,267.3122861808678,270.4377531586311,18114700
2020-11-23,266.3399353027344,268.8403333850211,262.47030765153033,268.78080298115344,20990800
2020-11-24,274.7638244628906,275.65681071523977,265.78427252771075,266.39944016199667,16930400
2020-11-25,273.44415283203125,277.99840979634354,270.5270423142432,275.97431577662064,12467000
2020-11-27,275.6468200683594,276.95654910829825,272.6801114999714,275.23010737016637,7808400
2020-11-30,274.8133850097656,275.53771179376014,268.89980079782725,273.8807018610428,16693300
2020-12-01,284.3188171386719,287.04740475144206,276.7879189610211,276.9863738084787,20738900
2020-12-02,285.2812805175781,289.50812069353924,278.6433682468617,283.1380952289201,17361600
2020-12-03,279.6553955078125,284.4180084423758,278.88147014894713,284.0211290778213,12921700
2020-12-04,277.52215576171875,281.2528583037155,277.12524609814045,278.1174596971742,10880300
2020-12-07,283.3563537597656,286.2436990426754,276.0338426409965,277.01612444035254,13007700
2020-12-08,281.19329833984375,284.1997040175637,279.3576973186722,283.7829913065665,10747700
2020-12-09,275.7560119628906,285.39039736328687,269.6340408403183,281.4513082325447,25189700
2020-12-10,274.96221923828125,276.5596988290288,269.74316617875854,273.39453512334353,20065100
2020-12-11,271.41998291015625,274.32719139327213,268.14569056747416,272.3923630126268,14391400
2020-12-14,272.05499267578125,275.06139804566845,269.44546660714303,271.2413704262534,16376900
2020-12-15,273.4044494628906,273.93032146756855,265.38737677799685,272.69005444899267,23979500
2020-12-16,273.5235290527344,275.69644892052736,270.3881305277646,272.62061106750957,15885000
2020-12-17,272.34283447265625,278.2564198025171,271.4795830956817,274.9126643899615,16377800
2020-12-18,274.247802734375,275.8353503752591,269.02878036440524,273.6227033905307,26693200
2020-12-21,270.6659851074219,272.5313517179054,265.70491658165054,270.85450813379794,16553700
2020-12-22,265.0103454589844,269.38601137682167,262.569508309428,269.38601137682167,17312900
2020-12-23,266.0223693847656,270.05078439204584,264.157033282619,264.8118978814393,14329000
2020-12-24,265.3179016113281,268.29454231066234,264.1272634995675,266.78638859045014,6702000
2020-12-28,274.8431396484375,275.14079158661707,263.59144218595503,266.6474464444262,23299700
2020-12-29,274.6248474121094,278.32581461524416,274.1287406691668,274.793537027889,16383000
2020-12-30,269.7530822753906,275.91471969767804,269.59432448010415,275.785757376464,11803800
2020-12-31,271.0330810546875,274.9324733857731,267.70915931059875,269.88210960073656,12900400
2021-01-04,266.845947265625,272.8587596931947,263.13507782338417,272.64047147424185,15106100
2021-01-05,268.8601379394531,270.27899621280795,266.1216185352488,266.2010125852026,9871600
2021-01-06,261.259765625,265.6651965162372,257.9854727939254,259.9599682063647,24354100
2021-01-07,266.64752197265625,269.49517068100164,262.7183638759823,263.82963846655986,15789800
2021-01-08,265.48663330078125,266.85589308419407,261.13080051963345,266.2208617666856,18528300
2021-01-11,254.8401336669922,261.4185145836699,253.90745047422294,258.45180565260176,30412300
2021-01-12,249.13491821289062,257.6977267357879,248.3510761020939,254.63179023434895,26383500
2021-01-13,249.68063354492188,251.97264457383557,247.25962990122798,249.59133795314094,19528900
2021-01-14,243.7273406982422,253.04422551375964,242.7053619324702,251.42691255007225,29739400
2021-01-15,249.40281677246094,251.88335082886272,245.2355225857016,245.96975097681036,24942900
2021-01-19,259.0669860839844,260.15842713817875,250.75223098015417,254.8996767061357,28028500
2021-01-20,265.3973083496094,268.2151913795209,261.547514682843,266.835999921806,25199900
2021-01-21,270.7453308105469,271.46965766775173,265.40721658830023,267.16345410838227,20838700
2021-01-22,272.36260986328125,276.3016987289684,269.88207607581967,269.89200790055463,21954000
2021-01-25,275.8453369140625,277.9190598870613,269.3959479461869,275.9743295382134,19087000
2021-01-26,279.8538513183594,283.16787159655127,275.6468750801152,275.97432254542565,19373600
2021-01-27,270.0210266113281,281.24296012848583,266.03230851624016,280.33011028325467,35346200
2021-01-28,262.9366149902344,284.55695871630996,262.6389630097755,275.02176987618066,37758800
2021-01-29,256.3185119628906,264.48444034559407,252.8656282026834,263.23424158830284,30389500
2021-02-01,259.96990966796875,262.1130947982749,252.92518665519498,257.49927707444425,22914300
2021-02-02,265.00042724609375,266.75666491120336,261.2200953919856,261.9444223090043,17320800
2021-02-03,264.5737609863281,267.1039239356935,261.7856430809958,263.5517821485724,14223400
2021-02-04,264.41497802734375,266.07198797136226,261.94437598885247,264.93094845012894,16060000
2021-02-05,266.0124816894531,267.0741575464519,263.60140982277744,264.7225857955426,12454400
2021-02-08,264.50433349609375,267.7587934506513,262.9366490626016,266.65745070027987,13755200
2021-02-09,267.3519592285156,271.2612831266557,263.6807568981955,264.3653866856333,14613400
2021-02-10,269.7530822753906,271.6680470836127,265.6354022624926,270.3285830682983,14687200
2021-02-11,268.2846984863281,271.44983258670095,266.39946808051525,269.77301915620467,12828600
2021-02-12,268.393798828125,269.06849685928296,266.2506136586012,268.41363220082087,9097600
2021-02-16,271.8367614746094,274.4462880900078,267.9472708355453,268.6914310362883,15417200
2021-02-17,271.4399108886719,271.8367903151839,267.4809576103231,269.12803599630945,12763200
2021-02-18,267.2924499511719,269.8325144750873,263.95859633855946,267.4710411411446,15249100
2021-02-19,259.5234069824219,268.1655796323252,258.12438206399435,267.75876839108383,25622600
2021-02-22,258.3029479980469,261.0216337980358,255.52476208560068,255.94150511244536,17434900
2021-02-23,263.7899169921875,265.3774649515965,252.97480897112868,257.4794524604842,21924600
2021-02-24,262.2519836425781,264.3058731357695,256.37809587571655,260.2873897430093,15736100
2021-02-25,252.70689392089844,264.8615109881435,252.06194597211868,260.25762517278304,19053100
2021-02-26,255.61407470703125,263.48232165475474,254.47303506981336,254.47303506981336,26619500
2021-03-01,262.84735107421875,264.5737933288639,255.89192291964775,258.7892004251062,22157300
2021-03-02,256.98333740234375,264.6332962265504,256.6360565660787,263.71054479187086,15191700
2021-03-03,253.4212646484375,258.9578028951367,253.11368087250722,258.26327158301694,15513500
2021-03-04,255.63394165039062,264.4150083089608,251.52616256757005,254.47303834612808,31626500
2021-03-05,262.22222900390625,263.3831323276618,253.61973825234838,258.6403521689941,26820100
2021-03-08,253.3220672607422,263.5120906541324,253.06409715938335,263.48232545551326,18391800
2021-03-09,263.6708679199219,266.4391527155024,257.7870477459127,259.1463757163709,22039700
2021-03-10,262.83740234375,266.8757193587203,260.82320974954456,266.548302161812,14210300
2021-03-11,271.7474670410156,275.7361548331948,265.7346550158106,266.0223751597544,21834000
2021-03-12,266.31011962890625,267.63968219657,261.9642192904478,267.04437827071723,20600200
2021-03-15,271.6184997558594,273.8112835494725,266.4093778427333,266.9848484642395,16844800
2021-03-16,277.1054382324219,279.9431851324288,272.6603099988258,273.93034231128775,22437700
2021-03-17,281.7986145019531,284.0013300636442,273.26557087198046,273.5632228614151,21315000
2021-03-18,276.4505615234375,282.9694124523862,276.11321251700224,277.69082858237186,18728300
2021-03-19,287.85107421875,290.520131236803,279.0104776505019,279.0303110218043,38930500
2021-03-22,291.25433349609375,297.37627329260647,284.51719594885765,288.1883976859843,28273100
2021-03-23,288.3670959472656,295.6797066666779,287.55347337985114,290.86746377399635,23000900
2021-03-24,279.94317626953125,289.44856979905677,278.9707959829789,288.73417475341705,18675000
2021-03-25,276.569580078125,285.817017124445,275.58729840705115,278.79215889867044,24505600
2021-03-26,280.8162841796875,282.2847712189747,275.6071627424305,276.1330347429934,17629200
2021-03-29,288.5555725097656,290.89718212081135,282.4832299943889,283.5448755560306,21718800
2021-03-30,285.75750732421875,290.19270318034495,284.46764179897343,287.57324482882785,17474500
2021-03-31,292.2366943359375,294.1913564992557,286.3627760195834,287.732035744542,19498200
2021-04-01,296.33453369140625,300.0454030697104,294.29057598549946,296.0765484516456,17616000
2021-04-05,306.5047302246094,308.3502331272152,298.33880077200007,298.54718744548785,28237000
2021-04-06,303.8753356933594,308.9256990987487,302.87319030448623,306.4352333643989,17335200
2021-04-07,310.65216064453125,311.8031320847076,303.12126285402763,303.9547186665781,22855200
2021-04-08,310.5826721191406,313.4204185957787,307.63579668722434,312.3984398583777,20894100
2021-04-09,310.0270080566406,312.2892535256572,307.91358855006894,308.97526421542824,15988600
2021-04-12,309.1142578125,309.71949362187615,305.53235068829883,308.62805251976675,10881900
2021-04-13,307.34808349609375,311.98170388654387,306.9115071052222,309.7789885616756,14036900
2021-04-14,300.462158203125,305.6315830725214,299.59893713379694,304.9072561748296,17421400
2021-04-15,305.4231872558594,307.7251299969415,301.73215157790185,303.95470027690254,14558300
2021-04-16,303.79595947265625,306.5444105843695,302.23817681915284,305.7704851705201,13059200
2021-04-19,299.8866271972656,305.3041352263425,298.2197156252216,302.635078233983,14553500
2021-04-20,300.2934265136719,302.72436183660926,294.89578234939887,299.6385619334526,16796400
2021-04-21,299.1225891113281,299.62862765893846,295.0743715702996,299.59886246672323,14863500
2021-04-22,294.2112121582031,300.5614044233748,293.73496893428785,298.9837579042729,16375400
2021-04-23,298.7853088378906,300.2339323251979,294.83628751007234,296.4337672726164,17536800
2021-04-26,300.6804504394531,303.4189396821475,299.2119632513711,300.97810243975925,16172600
2021-04-27,301.206298828125,302.96250605186816,298.7654314975515,301.91076202680745,15309300
2021-04-28,304.7088317871094,308.49909536915743,302.9922911939932,304.9667867574344,33907200
2021-04-29,326.9443359375,329.2264152654433,319.1058237242205,327.5495717415354,56526800
2021-04-30,322.54876708984375,327.2518799010745,321.97329655477483,323.60054130902915,26332400
2021-05-03,320.06829833984375,325.991815642022,319.33406985399984,323.6303723508017,18719500
2021-05-04,315.881103515625,319.68129851653737,310.68191400122157,317.5281817062086,24032600
2021-05-05,312.5671081542969,318.5600865999648,312.04123617300195,315.7124384967286,15577600
2021-05-06,317.5281982421875,317.746486454234,310.8307561707074,312.0710232209815,19012200
2021-05-07,316.5954895019531,320.42544959034336,316.2680723502295,319.8698124189637,15916700
2021-05-10,303.58758544921875,312.1305297025952,302.4564474516533,311.9023399620006,24239200
2021-05-11,304.1432189941406,304.4508027729763,297.35648192958325,298.4082258726899,18920100
2021-05-12,300.1942138671875,302.5854522871309,295.86817708684436,298.78528750586537,24645500
2021-05-13,302.8831481933594,306.45509310591166,300.41251561689637,303.69674037279856,18079200
2021-05-14,313.47998046875,314.38289851654434,306.67337913920693,307.1298192160858,19245700
2021-05-17,313.003662109375,313.2219502904879,309.153868886086,311.10853069152074,15401300
2021-05-18,307.5465393066406,314.03562515796114,307.39771331279434,313.13270708868293,14522400
2021-05-19,311.14825439453125,312.2099301973566,301.2062851765557,301.8214527542808,19106200
2021-05-20,316.1291809082031,316.76421218745367,310.7216346081384,311.1383473901833,17320200
2021-05-21,313.76776123046875,317.43893389264736,313.3510181373768,316.8039328459837,13600900
2021-05-24,322.10235595703125,323.4120853801167,315.5537391215647,315.732330330178,16445400
2021-05-25,325.23773193359375,326.6168932086771,322.2709924282731,324.5332384164337,16437000
2021-05-26,325.1086730957031,327.26175939453856,323.28300392269824,325.793302820574,9686900
2021-05-27,330.1590576171875,331.1810363589441,324.2157081628903,325.4460432710368,20477700
2021-05-28,326.1704406738281,330.2781899002935,325.7735309453139,328.4227550113374,12037400
2021-06-01,326.5672302246094,328.8394075910336,324.09662832851154,327.5792770818169,11765900
2021-06-02,326.5871276855469,329.2859501143572,324.5729351203657,327.80756141635504,11654300
2021-06-03,323.5013427734375,324.83090541378255,320.9612782844265,323.2433575381614,12610800
2021-06-04,327.7778015136719,329.871357884137,322.64804336676895,323.36243844123214,13289400
2021-06-07,333.959228515625,335.060601318784,326.36880079638615,326.9145364253234,20136700
2021-06-08,331.08184814453125,335.66587042753156,329.65305804593925,334.0783527890586,14580500
2021-06-09,327.6785583496094,334.17754565379573,327.4305049367785,333.1258016057894,13727900
2021-06-10,329.8713073730469,331.33979432346086,325.9917487704963,328.2143277062519,13240200
2021-06-11,328.6806640625,330.2384162938498,326.3687895778356,329.99036291102897,13587900
2021-06-14,334.1477355957031,334.1973644395812,327.24193798799115,329.31566060726266,12250800
2021-06-15,334.1279296875,337.27326012162166,332.42132108487635,334.3660512618339,15795200
2021-06-16,328.5020446777344,334.92166747666334,326.16043526357373,334.07831019373776,17232200
2021-06-17,333.8898620605469,335.3484174989163,327.5793668014927,327.9167158462907,17794100
2021-06-18,327.0931091308594,333.53256511705314,326.43824458108406,331.9251840766744,23039500
2021-06-21,329.70263671875,330.3277360767431,325.09875148397424,328.51196839114846,11337500
2021-06-22,336.3901672363281,337.2732518527593,330.0102412140811,330.09953680226704,15345300
2021-06-23,337.9380798339844,340.7460617228311,335.56670470053785,336.70774446499763,14817800
2021-06-24,340.50787353515625,342.214482226336,339.1287123056329,339.18824270230544,12329100
2021-06-25,338.71197509765625,341.44056268544,337.035131575858,339.92247698416224,14594400
2021-06-28,352.8708801269531,355.351414273791,339.1088512451318,339.79348109205574,29156100
2021-06-29,349.1500244140625,353.96223568390906,346.33211141668977,353.49589412588824,21417300
2021-06-30,345.0025634765625,350.172017850921,344.46678996348334,349.42785769169,15107500
2021-07-01,351.6305847167969,351.90840330765593,343.80200504587583,344.1195206582734,17137000
2021-07-02,351.93817138671875,353.66461333834536,349.8743501691839,352.3350507654891,11521300
2021-07-06,350.03314208984375,355.9963560178773,346.4611667728856,353.72417820404075,13488500
2021-07-07,347.76092529296875,353.71420672723315,347.2747503320895,352.4938034123803,14218900
2021-07-08,342.95867919921875,345.6178048019369,339.89274232235954,343.03807325659113,14406500
2021-07-09,347.6915283203125,347.97924848366796,342.58160368473915,342.63123253632193,13018700
2021-07-12,350.41021728515625,351.43219625308654,346.9176357291139,348.4952519836882,10018600
2021-07-13,349.3484802246094,355.6986411619793,346.0840890261971,348.7630778385036,11456000
2021-07-14,344.9232177734375,352.4342819743491,344.03023159160176,351.79925073751554,13894200
2021-07-15,341.77789306640625,346.5107713852772,337.57091703181555,346.5107713852772,14781600
2021-07-16,338.5036315917969,343.2960104688672,337.4915845124047,342.2244329895084,11026100
2021-07-19,334.3263854980469,337.1442684957518,331.9351470822577,334.9415530868475,14372300
2021-07-20,338.9997253417969,340.7757962853777,331.89547184743174,336.1619785065814,11024300
2021-07-21,343.5341491699219,343.8218693320699,338.59291420253294,338.84096761953117,9279700
2021-07-22,348.4555358886719,348.80281674381297,342.522086990995,343.9806423586199,12385400
2021-07-23,366.9106750488281,372.40751658266703,354.40877765238,358.09981344980844,33694300
2021-07-26,369.5598449707031,371.52443867186565,365.35286926957764,366.70226514354084,14925200
2021-07-27,364.9460754394531,370.24449233760663,361.7114494701859,369.01415718461413,15705400
2021-07-28,370.37347412109375,374.61021509469094,364.0729119989861,371.6435062586561,29676900
2021-07-29,355.5299987792969,362.67391881987123,353.9622842712004,358.1891240675114,33413200
2021-07-30,353.5257263183594,357.92125598632435,350.1919028478955,351.24364693893176,15976200
2021-08-02,349.2095947265625,356.6015680075973,348.00899444804065,355.3117024170683,13180400
2021-08-03,348.505126953125,351.0154263788304,344.99271229041113,349.9835459423059,12406100
2021-08-04,356.1253356933594,357.67318656110393,348.7730289315938,349.6759469844377,14180600
2021-08-05,360.1438293457031,361.0665808744601,354.1210845608762,356.83977085113816,10247200
2021-08-06,360.6795959472656,362.30681059827253,358.5860093865691,358.5860093865691,8925000
2021-08-09,358.79437255859375,362.9319169074044,357.94108333229246,360.92765618426364,7798900
2021-08-10,358.318115234375,361.2649909446652,356.2443923686089,359.01264661164123,7469900
2021-08-11,357.1572265625,359.53853333042804,355.0239732137303,359.2805783648751,8400300
2021-08-12,359.8262634277344,360.1735442509098,354.3293914916329,355.65898438949955,7170700
2021-08-13,360.35211181640625,361.8205987793182,358.66536694004265,360.14375544814027,7195700
2021-08-16,363.7057800292969,364.09275783068705,354.5972673191107,359.69722899006086,11222100
2021-08-17,355.65899658203125,361.83056672447157,352.30530958489106,360.1537232259015,12328700
2021-08-18,352.6823425292969,357.05797793706466,352.384660276008,353.4761013114874,10042400
2021-08-19,352.3548583984375,354.7857936207644,348.2669435637918,348.6142243498319,12004500
2021-08-20,356.5718078613281,357.1869754679856,350.55899567761094,351.8389597404687,8697700
2021-08-23,360.52081298828125,362.8425891488838,356.3039052424102,356.64125422848525,10942000
2021-08-24,362.66400146484375,365.0949066090898,359.02256424131787,360.82840025472757,9235100
2021-08-25,365.5216369628906,367.97237585036623,362.5548972675981,362.75335212907527,9684500
2021-08-26,361.5428161621094,366.5634148299636,361.29476274855944,365.51167077890847,7888700
2021-08-27,369.72857666015625,370.8299192755366,361.2451317980848,362.2572090986586,11219100
2021-08-30,377.6960144042969,378.5195383294216,367.6349544508704,369.6590785756934,13547300
2021-08-31,376.426025390625,379.7797124259526,375.8505245076621,376.9915944473429,12345400
2021-09-01,379.0752258300781,381.3374718182199,375.86046318376043,376.63438864602057,11567200
2021-09-02,372.3579406738281,378.77756425764454,371.14743879885947,378.5295108429375,14832900
2021-09-03,373.3303527832031,374.22333909627565,370.2048552675086,371.832100341074,7509600
2021-09-07,379.20416259765625,379.9780879459185,370.2444755627935,372.95322942168843,10793800
2021-09-08,374.6300964355469,377.90438920545546,371.8717438371521,377.1999260274363,11067200
2021-09-09,375.0567626953125,376.87250036613216,373.6379044316709,374.69958031283954,9098900
2021-09-10,375.74139404296875,380.8016897745919,375.3147494355466,378.39058756343474,11549600
2021-09-13,373.578369140625,378.77755895045016,371.43518403399025,378.7080967281156,13026300
2021-09-14,373.59820556640625,375.64216326926356,372.1892488559139,374.46142659975425,8711600
2021-09-15,371.008544921875,374.62018689725124,364.80720954935725,374.06454967027025,17940300
2021-09-16,370.15521240234375,370.65131921468594,366.8312907036599,369.8873256244635,11934200
2021-09-17,361.8801574707031,368.518069098452,358.77452395434756,368.518069098452,26299000
2021-09-20,352.930419921875,358.2189055405732,347.0763349554893,356.50236496446865,19822800
2021-09-21,354.696533203125,357.2365976294864,352.4243555514342,355.70858018739267,11751900
2021-09-22,340.5376281738281,347.1160093217714,338.0372607512432,344.52634630694666,43692900
2021-09-23,343.2662048339844,346.94733905140663,340.32926108840206,342.6708706244858,21806300
2021-09-24,350.21173095703125,351.5909225024472,339.70419175115126,340.56741280535164,18801900
2021-09-27,350.8268737792969,352.38465640920737,344.3774853349106,347.0862393823371,15205800
2021-09-28,337.99755859375,346.87788247328035,336.2810484357312,345.26056945182785,21710300
2021-09-29,336.96563720703125,342.5419029260096,336.24134067745075,340.4780817360786,14452200
2021-09-30,336.7473449707031,340.13076626561593,335.516979674419,337.7990888291712,16547100
2021-10-01,340.3392333984375,342.33356235954994,336.0032643427392,338.95010998438113,14905300
2021-10-04,323.6898193359375,333.32420389284897,320.1873069102043,332.9173927263532,42885000
2021-10-05,330.3674621582031,332.5701777639631,323.6204211697277,326.02156134576114,35377900
2021-10-06,331.0422058105469,331.7764342864804,323.26322346461006,327.1725480115366,26443000
2021-10-07,326.6565856933594,336.201676355274,326.4184641021134,334.3760068358188,28307500
2021-10-08,327.4801330566406,330.80405514449114,326.1505702774925,328.9287869198579,15946100
2021-10-11,322.9159240722656,327.8868935538608,322.7769996356763,325.07894242521274,14708200
2021-10-12,321.24896240234375,321.85422839876105,314.89880189213005,320.5147340827116,31658700
2021-10-13,322.0130310058594,324.45386814100897,320.1476644726713,324.42410294228614,14761500
2021-10-14,325.9718933105469,327.9463884457826,324.5530353016082,325.8032036958003,14302200
2021-10-15,322.2313232421875,326.50776176514034,319.9988424702533,326.1207838969584,21596400
2021-10-18,332.72894287109375,333.27467858119854,324.9499909950665,326.3887129908453,21585000
2021-10-19,337.34271240234375,339.79348135249637,334.6538218634987,337.00536339171015,18786300
2021-10-20,338.1265563964844,341.3016520941956,336.8069256043469,340.77578008650755,13639500
2021-10-21,339.218017578125,339.6446621931022,335.1697688091569,337.63046963499943,16354400
2021-10-22,322.08245849609375,327.06339039987455,318.60971071997267,323.80893083802226,35224500
2021-10-25,326.1307067871094,326.9939278171444,317.23054914233694,317.8060197357078,38409000
2021-10-26,313.35101318359375,327.638884727191,307.18937444715965,325.70408613688915,65654000
2021-10-27,309.7889099121094,316.7641698250141,309.6301521135282,311.7435717797062,29971800
2021-10-28,314.45233154296875,322.98534384775115,305.7109023111952,310.5529092792764,50806800
2021-10-29,321.050537109375,323.46160870461625,317.1114482093507,317.6968505547002,37059400
2021-11-01,327.4106750488281,330.8536576667593,323.46165377375024,323.50135079861377,31518900
2021-11-02,325.52545166015625,332.18322727188917,321.27877830987967,328.79977498067046,28353000
2021-11-03,329.03790283203125,329.56377488260455,320.6834804225492,324.9400554002247,20786500
2021-11-04,333.23492431640625,334.64385059003166,330.0598288683122,331.40925503173617,22495300
2021-11-05,338.473876953125,344.08981033823187,336.99548817455815,337.66025442158127,26872800
2021-11-08,335.9833679199219,342.10533921947234,335.70554932019894,341.7382250284052,18342500
2021-11-09,332.7586975097656,338.6524492000935,331.86571125243444,337.3526516997646,17556700
2021-11-10,325.08892822265625,330.59570243398394,322.9755080862131,329.901140695636,21872600
2021-11-11,325.18804931640625,329.8712983414455,324.45382100127904,327.25187039453397,12376600
2021-11-12,338.2356872558594,339.1981053182596,327.2121791111643,327.6090584700832,25414300
2021-11-15,344.853759765625,350.8963370151153,340.5277229617034,341.65883073118636,25076600
2021-11-16,340.28955078125,343.95082120477787,338.2158280944205,341.15277172534195,18181100
2021-11-17,338.1165771484375,344.5957299706385,337.4518110726875,341.55955914001765,13602800
2021-11-18,336.0528869628906,339.7935220059401,332.68926772039174,337.07486594324405,17487200
2021-11-19,342.6113586425781,349.35842957953895,337.2534110290804,339.53552057480016,26488500
2021-11-22,338.35479736328125,351.0749537528082,337.8586905223181,346.3321735643987,27116800
2021-11-23,334.6240539550781,338.741734552648,330.903252762101,336.29096562234207,17225000
2021-11-24,338.4043273925781,339.1187223100648,330.2185661746882,333.3837296013352,13566200
2021-11-26,330.5262145996094,335.1201687600475,329.315712704807,333.18533998164787,14750700
2021-11-29,335.3979187011719,338.01737680141184,332.6990968463574,334.2668110887607,16650900
2021-11-30,321.9336242675781,333.1952549665662,320.9116454450948,332.3915643527665,25390000
2021-12-01,308.1815490722656,327.9265935829965,307.87396527980366,327.7182372061574,30329600
2021-12-02,307.9732360839844,312.1504474345972,304.8080718434129,308.9753513670774,24396200
2021-12-03,304.4508056640625,311.30700500958125,297.167961754166,311.2871716391293,27471000
2021-12-06,315.3949890136719,317.6076366411211,303.9547653556216,305.73083649801384,21758300
2021-12-07,320.29644775390625,323.9974151280257,318.5005436838794,319.0661126641519,18794000
2021-12-08,327.9861145019531,330.15906463751605,320.5544445697957,322.46940948818246,19937700
2021-12-09,327.25189208984375,333.5127573929671,325.4460560967517,326.9740734970569,16879200
2021-12-10,327.18243408203125,332.4213206705392,323.8287472745476,329.97055187122083,14528000
2021-12-13,331.8854675292969,338.4340823617666,327.02362767547663,328.3730537143866,22948700
2021-12-14,331.1413269042969,333.0860871840918,325.09875026625247,325.4956296139819,20461000
2021-12-15,338.9997253417969,339.4462033242894,321.45739496395663,329.9011126857574,24681300
2021-12-16,332.2923278808594,341.7778874543909,331.14135647370017,336.34057631706844,22635000
2021-12-17,331.19097900390625,334.4851050733317,328.1746412454397,330.20866697035297,40012600
2021-12-20,322.9159240722656,327.3312563674149,320.0186470744069,327.2121955817415,17901800
2021-12-21,331.5977783203125,333.38375058647256,321.2291346796741,323.8684263387449,16116800
2021-12-22,327.87701416015625,331.90539917403015,325.7040638349438,331.2009056779404,16764600
2021-12-23,332.62969970703125,334.0485882622083,325.80326484001887,327.52973720926553,13987700
2021-12-27,343.4844970703125,345.1613404781223,335.3781289082556,336.2115846993633,17795000
2021-12-28,343.524169921875,349.963626048627,342.51212302101527,343.93098110318874,16637600
2021-12-29,340.26971435546875,346.9671557608115,338.9798488634585,344.20880332655,10747000
2021-12-30,341.6786804199219,344.52635905092467,340.54757259642133,341.3214980377505,10593300
2021-12-31,333.7310485839844,340.7658393357724,333.6516545396448,340.34909630287945,12870500
2022-01-03,335.9040222167969,338.4242231212458,334.564527714693,335.6658703471166,14537900
2022-01-04,333.9096374511719,340.4185561639644,329.2859184989826,337.30302124422224,15998000
2022-01-05,321.6459045410156,333.1456568355286,321.318457087581,330.4269709092636,20564500
2022-01-06,329.8713073730469,336.5290820753032,320.20715711438896,320.30638452508464,27962800
2022-01-07,329.2065124511719,334.3759361006319,326.3191676482814,330.1490970704281,14722000
2022-01-10,325.5155029296875,325.78338968437043,312.97390926532506,322.7769838731119,24942400
2022-01-11,331.7664489746094,332.02443419427567,322.74723119115595,324.23555155700546,16226800
2022-01-12,330.66510009765625,333.75086972930177,327.46023940386385,332.57013317263903,14104900
2022-01-13,323.93792724609375,333.0166761967169,323.22353219830933,332.37174337245716,14797100
2022-01-14,329.3157653808594,330.1393198196894,318.7089970751844,319.2844980555654,16868500
2022-01-18,315.6727600097656,321.6855721790978,315.1667516493473,320.7727525971954,22645600
2022-01-19,317.1015625,324.5530968357373,316.84357725675176,317.09163067373413,20814700
2022-01-20,314.0951232910156,325.2674577074556,313.5196527472708,321.3779672147133,16925000
2022-01-21,300.8094787597656,315.8315803302447,300.6804861176738,312.3588319414594,28710700
2022-01-24,306.3062438964844,307.1198662942084,286.7596546601461,295.52088719382215,38878100
2022-01-25,297.81292724609375,303.8456033215666,295.2629308448496,297.614502679901,25108500
2022-01-26,292.3359680175781,305.11568709943384,288.58540092007377,304.61958018029327,28348800
2022-01-27,292.3457946777344,299.3607209780765,291.96874871003104,295.43156407033877,21629900
2022-01-28,299.3607482910156,299.54927129206766,290.7483417543587,293.31817127191175,21871600
2022-01-31,310.8208312988281,311.3467032774815,296.98937176977,298.338767684822,21579500
2022-02-01,316.51617431640625,317.17103900031117,309.6897391289893,312.11074301010717,18023800
2022-02-02,320.48504638671875,325.44611521623455,314.4027711569386,325.2675240055626,58458300
2022-02-03,235.90870666503906,246.06897966279848,233.91436272380943,242.74505795410397,188119900
2022-02-04,235.24392700195312,240.72095050433083,228.3182800713967,233.14043894132064,89342200
2022-02-07,223.15878295898438,236.4445235617217,222.26578156076954,235.84918929624516,88613800
2022-02-08,218.46559143066406,224.01207717049772,214.46697168286357,219.13038789094924,94729700
2022-02-09,230.19354248046875,231.55287019256502,220.479778534801,222.45427380011273,86563300
2022-02-10,226.29417419433594,233.1702075147075,224.93483120002207,226.49261389613994,49310400
2022-02-11,217.84048461914062,228.6258408989016,217.0665592731031,226.68111084885035,46156900
2022-02-14,216.00491333007812,219.2792214751233,213.10765122512285,217.60237794732865,38184000
2022-02-15,219.2792205810547,219.4280465752312,213.38546897199984,218.7533485483256,42685500
2022-02-16,214.8539276123047,215.76677745313566,210.70648200582244,210.75609571412514,45817500
2022-02-17,206.09271240234375,215.80647777484828,205.54699184434253,212.35357836964496,38747500
2022-02-18,204.55477905273438,209.10903628047927,203.58239873057371,207.75962504929788,37128400
2022-02-22,200.5065460205078,205.8644939367054,198.5022701102353,200.76451613173913,39852400
2022-02-23,196.90478515625,205.32868403916535,196.5079057737242,202.57033145267047,44481400
2022-02-24,205.98355102539062,206.72771123120492,188.73887367786082,189.5723294747781,49957200
2022-02-25,208.8411102294922,209.67458114367503,201.59794806228433,203.34425365392673,37627600
2022-02-28,209.3868408203125,211.49032886803136,205.21954660842596,206.06291910870078,34239800
2022-03-01,201.90554809570312,210.10122686689581,200.64543260210104,208.23586048014417,27094900
2022-03-02,206.48956298828125,207.52145842115084,200.4469860879729,203.18549004210848,29452100
2022-03-03,201.38958740234375,207.45201285707276,199.85165335697488,207.3924824658934,27263500
2022-03-04,198.50225830078125,204.2868656360038,197.2421427393917,200.7942693856852,32130900
2022-03-07,186.0102996826172,199.3258054429597,185.8217766611403,199.22657801903105,38560600
2022-03-08,188.80833435058594,195.16842766775892,184.66088843878129,186.3873456909563,37508100
2022-03-09,196.9544219970703,197.54975628076116,192.41008137550406,194.21591760004782,31894700
2022-03-10,193.6900177001953,194.75167834752023,189.58225412516933,193.32288838403682,24853000
2022-03-11,186.14920043945312,192.0528685324607,185.2165172013014,191.14003380617865,34694500
2022-03-14,185.17684936523438,190.79276745208614,184.37315868329873,185.57372879286345,31010500
2022-03-15,190.5347900390625,190.7828434568231,184.4624472170767,189.3143714628746,31721700
2022-03-16,202.04446411132812,202.14367638925566,193.00539743531633,193.18398861957286,40640300
2022-03-17,206.2216796875,206.42011938787329,199.5440861170762,200.12948853216994,29499700
2022-03-18,214.80430603027344,215.1118897928269,204.39598096658355,205.0905273884747,52128000
2022-03-21,209.84324645996094,213.03817526135632,206.01330160027447,212.82980375692748,30142300
2022-03-22,214.96307373046875,217.75120670745483,208.54345042733235,209.72418705211007,31998800
2022-03-23,211.79794311523438,215.11193324044734,210.50806227692397,211.66895048940947,23717300
2022-03-24,217.8603515625,218.95177745927012,213.1175565355208,213.325928057074,31502300
2022-03-25,220.09283447265625,223.74417336052977,217.18564066662418,218.79302190096215,40039000
2022-03-28,221.84902954101562,222.29552262165006,217.83056153535037,220.40040620029254,26224100
2022-03-29,228.07020568847656,229.09218442696672,223.5357825280101,224.30972302063074,31417900
2022-03-30,226.07589721679688,229.3501903092489,224.9447742063183,227.12764131461282,25588000
2022-03-31,220.6286163330078,226.7108905356395,220.5293889171824,226.67119351331812,24192300
2022-04-01,223.09925842285156,225.51033046743126,220.96598986548707,222.80159128229144,19544800
2022-04-04,232.06884765625,232.52527259224502,224.10137333817107,224.22043413017906,28054800
2022-04-05,230.0347900390625,235.0157063910786,229.22118278585194,232.25735388242694,29727200
2022-04-06,221.5613250732422,227.20702352088503,219.686041761844,225.14321718167764,28995100
2022-04-07,221.21400451660156,223.76400056777624,216.8581877051978,222.18636954134027,21037200
2022-04-08,220.598876953125,223.37707838161444,218.31678238186655,220.64849066684405,18375700
2022-04-11,214.77456665039062,218.8922471136339,213.54421631232353,216.7192968654244,20516600
2022-04-12,212.47262573242188,220.30119065314656,211.4704954183544,218.5251349202986,20128800
2022-04-13,213.3159942626953,214.92337535155505,209.6844890752935,210.17067915993815,19231800
2022-04-14,208.54344177246094,213.3160017822713,208.36485059628197,213.21677436885344,18379500
2022-04-18,209.12887573242188,211.71855397049873,206.6781068000665,208.36486698096425,16580800
2022-04-19,215.61793518066406,216.7292095688352,207.3726425799073,208.88081149240958,20089900
2022-04-20,198.8594512939453,212.4924718413418,197.37113086850815,211.9467513240192,43036500
2022-04-21,186.60562133789062,201.38959810560033,184.13500399279943,200.03027030150272,49954100
2022-04-22,182.67645263671875,191.21941262522995,181.84299681832218,188.88770453092923,36426800
2022-04-25,185.53404235839844,185.72255024091484,180.24554160198022,181.30720237185403,29281100
2022-04-26,179.5410614013672,185.73248018162553,178.10235460110894,185.17684294621372,31747400
2022-04-27,173.58778381347656,179.7990512660107,167.68411532557215,173.0718284502036,71062900
2022-04-28,204.12811279296875,206.90631407931315,191.39800967095255,201.33999482037984,100890600
2022-04-29,198.90907287597656,210.82555343692744,198.3435038247346,202.86801081473362,49193400
2022-05-02,209.48606872558594,210.23022894872142,199.42502311439333,199.60361430075616,49915300
2022-05-03,210.37905883789062,213.2267071664261,206.4697346374748,208.8113594552885,41556300
2022-05-04,221.6704559326172,222.55352547851587,205.34854436270368,209.00980002605064,41375900
2022-05-05,206.6582489013672,218.4556680856586,204.5547608988458,217.03680989451814,41129200
2022-05-06,202.18338012695312,207.74969932081515,199.454792583687,205.7255749921496,34747200
2022-05-09,194.68223571777344,200.99271477399856,194.0571363094751,198.28396076469102,36303200
2022-05-10,196.11102294921875,201.37969017738874,192.67797217965332,197.95654095400684,34452500
2022-05-11,187.27040100097656,199.10750202518517,186.8040593960686,194.80129861899218,31153400
2022-05-12,189.75094604492188,196.50791865624595,183.3412391310792,185.6034850677345,38262200
2022-05-13,197.07345581054688,198.3335712924769,189.79061178927196,191.0804924673125,24549800
2022-05-16,198.482421875,203.77092271249356,194.4044229626352,195.51571260175743,27112600
2022-05-17,201.04232788085938,203.8602261947691,196.8155031199633,200.54622104854852,24872700
2022-05-18,190.74317932128906,199.43496643804676,190.13792832003207,198.4427526746734,23960000
2022-05-19,189.80056762695312,193.76942275348446,188.1237390535775,189.71127202020156,24446900
2022-05-20,192.03302001953125,196.36900389432037,186.4071705328154,193.45189338862062,31465600
2022-05-23,194.70205688476562,195.45614885766236,189.7509210562927,193.6701614744556,25059200
2022-05-24,179.86849975585938,182.24980659881354,174.738756702844,179.14418798829092,50406300
2022-05-25,182.39862060546875,184.00600172835072,177.92374289893897,178.99532022087533,28030200
2022-05-26,190.13790893554688,191.32856230221216,180.84085662538251,181.4560393911431,23056500
2022-05-27,193.61065673828125,193.80909644271358,188.3221561022746,189.87000699281722,22562700
2022-05-31,192.13223266601562,196.06140501525076,190.51491972252046,193.3724996128733,26131100
2022-06-01,187.17117309570312,197.97637860549406,183.5595161934951,194.97988929114155,36623500
2022-06-02,197.3115997314453,199.3754058637499,186.26825737146237,186.98265238418233,31951600
2022-06-03,189.2945098876953,195.07911700749378,188.30229628512222,194.45401759307975,19465000
2022-06-06,192.73748779296875,195.38669623309409,186.93303229765272,192.47951771272406,30574200
2022-06-07,194.12660217285156,194.99975506385698,189.99900473350633,190.43556603902965,18828700
2022-06-08,195.10888671875,200.45691755476113,192.8962545730106,193.15422466525632,22267200
2022-06-09,182.5673065185547,197.8970039563833,182.24979089220236,192.76726134545828,23501600
2022-06-10,174.20294189453125,181.67430878576448,173.65722140885484,181.61476325461828,27450800
2022-06-13,162.98097229003906,171.236195281082,162.75276744071215,169.26168510827847,31749300
2022-06-14,162.4551239013672,165.4516131279456,160.10358258056343,164.73721814492058,27244300
2022-06-15,168.03138732910156,170.81950525732464,162.70318974465354,165.8981189021135,30008300
2022-06-16,159.6173858642578,163.7946114907579,158.36720226576904,162.44520048319256,26944100
2022-06-17,162.46505737304688,164.60822720386258,158.65494571164365,160.42108467647037,31374200
2022-06-21,155.8271484375,166.45374758302697,154.75555593593816,164.63799488371197,50724900
2022-06-22,154.63648986816406,159.5380121523933,154.22967867369047,157.1467889716582,47267800
2022-06-23,157.51393127441406,158.50614501472532,153.04896944301333,155.05324543763655,40499200
2022-06-24,168.83506774902344,168.92436333833888,160.04405475471546,160.47069933031898,68736000
2022-06-27,168.17027282714844,170.41266990358127,166.70178593534752,169.98602536256894,29174600
2022-06-28,159.4288787841797,169.96619782883943,159.35943170287592,168.57708966300072,27744500
2022-06-29,162.66346740722656,165.03485683038045,159.07165973984894,162.2963532935924,28595200
2022-06-30,159.99444580078125,163.9434517587167,157.25594166723448,160.8874320004222,35250600
2022-07-01,158.783935546875,159.3693379164502,153.79310252765947,159.06175413379128,31423900
2022-07-05,166.88043212890625,166.9399625311862,155.7974064183734,156.90868096754664,28618600
2022-07-06,168.44810485839844,170.25392571345915,164.17166672198726,166.8903222600425,23085900
2022-07-07,170.8492889404297,171.3751610195185,166.47362264614256,168.1306178006273,24083400
2022-07-08,169.54946899414062,171.05762280254982,166.84071489855444,168.65646764813104,19249200
2022-07-11,161.6117706298828,166.18587634519014,160.64932213963525,165.76914841229626,21885600
2022-07-12,161.99874877929688,164.6181925638849,160.83786046862522,163.516834657866,16639700
2022-07-13,162.2169952392578,163.69538370726883,158.36720190354342,158.91292237226227,16555100
2022-07-14,156.81935119628906,161.32399395376947,156.05534254020475,159.96466626461358,23765200
2022-07-15,163.41758728027344,163.6954058947358,158.57559489965857,159.2899748082911,23342800
2022-07-18,165.9278564453125,170.3531352390129,164.35024064167447,165.45159821288854,23574300
2022-07-19,174.4113311767578,175.11580959847797,168.19014674600294,169.04345117373006,25933700
2022-07-20,181.66436767578125,182.17040625480746,175.32412396073522,176.10798111100158,24784300
2022-07-21,181.74375915527344,182.41847226069277,177.47723774446465,179.2235433302716,27195800
2022-07-22,167.95201110839844,174.23272541696684,167.09870675194256,171.72242605878435,42583900
2022-07-25,165.35238647460938,169.24187701783146,163.5267171273681,167.6840944354724,26166300
2022-07-26,157.91078186035156,164.70745079555678,156.7201286175358,164.6479204044126,28468400
2022-07-27,168.25958251953125,169.53953138988183,160.75845019660002,161.32400407048306,43846600
2022-07-28,159.4685821533203,160.25242429053662,153.6442927588761,159.8059311673132,73214300
2022-07-29,157.86117553710938,158.89307092618188,153.9617685690305,156.46215085405942,42065400
2022-08-01,158.68472290039062,163.90377642591454,154.02132174038147,156.02559756676067,40596700
2022-08-02,158.9427032470703,160.97674420933518,156.77966966857088,157.0773367845084,27374500
2022-08-03,167.48565673828125,168.21988510406044,160.31195673384136,161.42323110797926,31721900
2022-08-04,169.24188232421875,170.80956650112654,165.50123278418064,166.98955319565712,23938200
2022-08-05,165.80882263183594,170.27378402922727,164.50902518076973,165.68976183936536,25832700
2022-08-08,168.9243621826172,176.1278273310258,165.82866065437182,166.69188162513768,27299100
2022-08-09,167.21775817871094,168.20997178691073,165.30279318207488,167.63448607735745,18655100
2022-08-10,176.95135498046875,179.0746913011571,172.59553824662777,174.6196622996065,30262100
2022-08-11,176.10801696777344,181.67433649056517,174.99672731657017,178.3107326167913,24079100
2022-08-12,179.09457397460938,180.04710579418173,177.51695781529796,179.40215780114409,21274000
2022-08-15,179.48153686523438,180.0272574321156,176.81247957083508,177.5665716777908,15878700
2022-08-16,178.07257080078125,179.58073966791372,175.66148395043294,178.0428056048491,21156700
2022-08-17,173.48855590820312,176.75293202621683,172.81384278005555,175.38367239848955,20118100
2022-08-18,173.3000030517578,174.3914287516954,170.52180239195886,172.98248748379194,18844500
2022-08-19,166.65220642089844,170.9782584134384,165.74928839232285,168.87475524203418,26240800
2022-08-22,161.7804412841797,164.20144505183907,160.99658400957932,164.20144505183907,19499700
2022-08-23,159.85552978515625,163.76485369577472,159.44871858552835,161.2148575390599,18111800
2022-08-24,161.98876953125,164.17165132937353,158.52595412781807,159.34949314438714,20891500
2022-08-25,167.4658203125,167.565047734485,162.74288874160553,163.89384508074522,15550500
2022-08-26,160.5203399658203,169.5891730748827,160.4111958472438,167.16816909189782,24023600
2022-08-29,157.93063354492188,161.78042707604678,157.77187573869497,159.40903722795167,20052700
2022-08-30,155.9363250732422,160.40128719132827,154.69605781821826,159.10148953046019,19567900
2022-08-31,161.66136169433594,166.53313431830148,160.87751957743515,165.76914071346795,40953000
2022-09-01,164.07244873046875,166.05687601790066,159.10146382584418,162.30630965585266,30145700
2022-09-02,159.0717010498047,166.62243245907325,157.98025996910707,166.14617414203198,22634200
2022-09-06,157.30552673339844,160.43100844381465,156.46215431501463,158.8533925612111,19339800
2022-09-07,159.14114379882812,159.7067128361439,155.58901718018615,156.5316171024006,16831200
2022-09-08,160.79812622070312,160.96680070817172,156.51177153802922,157.47421989709738,22530800
2022-09-09,167.83294677734375,168.21990952737565,161.75068689299516,161.97889181224986,22086800
2022-09-12,167.64442443847656,170.05549633320575,165.9774976389288,166.0866417456848,23220400
2022-09-13,151.9376678466797,160.3714831377137,151.48124294581012,160.28217241060221,44444100
2022-09-14,150.29061889648438,152.34449349948872,147.88946342274005,152.13613708902906,43064200
2022-09-15,148.38555908203125,152.99934664457024,147.54217139684576,148.63361250238236,34606300
2022-09-16,145.1509246826172,147.42310236449293,143.16649743066273,146.89723035392328,40122800
2022-09-19,146.86746215820312,147.4230993550111,143.9702002462915,144.10910954549348,22169500
2022-09-20,144.9524688720703,147.68105604018982,144.08924795822142,144.64488510460586,23217400
2022-09-21,141.01339721679688,148.43516612082303,140.89433642517437,145.25015368511407,38338600
2022-09-22,141.7079315185547,143.45422173181282,139.77310318832625,140.44781620388724,34418500
2022-09-23,139.31671142578125,141.509494943838,137.80854255554897,140.3188416841715,31710700
2022-09-26,135.30816650390625,141.13247074803093,135.12957531950997,139.028967578612,30497000
2022-09-27,133.35348510742188,138.3344009957248,133.07566654536285,136.84608078184743,30826500
2022-09-28,140.50738525390625,140.9241131987942,133.2245401951875,133.57180591260422,32658500
2022-09-29,135.34786987304688,138.7511554817555,134.1472846750604,138.2748971610571,38985400
2022-09-30,134.62353515625,139.89220213583388,134.4449439738801,134.99066448664058,33166400
2022-10-03,137.53076171875,138.53289225222701,135.04031041714856,136.0722061547895,27723100
2022-10-04,139.18772888183594,141.28130027797047,138.25504563332407,139.3961004088353,34670700
2022-10-05,137.89784240722656,139.11827604059891,133.73054829955544,137.1636140300522,27979300
2022-10-06,137.98715209960938,140.3486101635324,135.5363833056393,136.64765768866192,36231100
2022-10-07,132.41091918945312,137.2132300072064,131.4087887729323,135.6951442120901,33214800
2022-10-10,132.7482452392578,135.05018796059127,130.84319702503913,132.51012367496634,24024000
2022-10-11,127.53910827636719,131.6270379238485,126.00118199407298,130.59512747303748,38481400
2022-10-12,126.50723266601562,128.6603343385144,125.2669656790939,127.32085507662566,34605200
2022-10-13,129.2755126953125,130.11890037271309,121.5759400490777,122.56815372132348,34325700
2022-10-14,125.77300262451172,130.76382843262456,125.53486590146892,129.9799863217405,23559400
2022-10-17,132.99630737304688,133.74046759034007,129.1663621824455,129.2854381123977,29612200
2022-10-18,131.76596069335938,136.76671025641883,130.37685265808165,136.02255010394123,25445000
2022-10-19,132.192626953125,135.9332768396588,131.19049656696248,131.85527792886984,30691000
2022-10-20,130.505859375,135.70506431958893,130.28757116213697,131.89495242051143,26356300
2022-10-21,128.99769592285156,129.10684003395843,124.46328724863885,125.32650831104277,46348600
2022-10-24,128.70994567871094,132.44066325636285,123.60004427257866,126.25917694643074,63563400
2022-10-25,136.4392852783203,137.27275620010687,129.57316905393745,129.86091947335717,38433200
2022-10-26,128.80917358398438,134.49455312999504,127.5292095937446,130.65467629925334,82791500
2022-10-27,97.17740631103516,101.70189808643511,95.62954788524887,97.21709576502857,232316600
2022-10-28,98.4275894165039,100.06474342579838,96.75075352345948,98.80463544203202,95928300
2022-10-31,92.43461608886719,98.54664749730443,91.87897136447218,97.45521412829655,121361400
2022-11-01,94.45872497558594,96.73089486642364,92.82157870798524,93.5955040497576,110189600
2022-11-02,89.83502197265625,94.45873350080176,89.77549157791279,93.47644413758876,71821100
2022-11-03,88.21772003173828,89.75564666078411,87.7216132023707,89.37860819566096,60664000
2022-11-04,90.08308410644531,90.67841082153454,87.40410253355893,89.64650764938459,55638100
2022-11-07,95.9668960571289,96.12564628921443,92.37508027008157,94.04199934191713,81987300
2022-11-08,95.7188491821289,97.03849511420917,94.05192999686678,95.17312866285086,52088300
2022-11-09,100.67991638183594,104.0832093724771,99.95559711456131,100.92796978473984,107677300
2022-11-10,110.99894714355469,111.87209245704757,103.79547370477209,106.28593216199393,80671000
2022-11-11,112.13998413085938,114.00535064993957,107.96276554524319,108.37950103418012,59961700
2022-11-14,113.33065032958984,115.36468387805913,109.93728128327324,110.12579673918653,53395000
2022-11-15,116.16837310791016,117.81544379009492,113.51916454422182,115.16623522640658,50670500
2022-11-16,112.34835052490234,115.17615780277245,111.78278906932832,113.60845848030793,33287800
2022-11-17,110.58222198486328,111.45537494999192,108.94507531522775,109.5503263224227,35093800
2022-11-18,111.17755889892578,113.42988088564009,109.7586928674744,112.91393304238072,33357700
2022-11-21,109.00458526611328,111.49504348891325,108.33980397966518,110.65165588402866,24351100
2022-11-22,110.5722885131836,110.75088726803217,107.47657928580465,109.00458917284487,29029000
2022-11-23,111.36605834960938,111.79271052341535,109.86782118321183,110.85011058058302,21343100
2022-11-25,110.54252624511719,111.85224795871838,110.15555595769946,110.43338213815132,12007600
2022-11-28,107.9330062866211,111.16762510453496,107.53611928816707,109.91743370890127,23309400
2022-11-29,108.60770416259766,110.07618368108777,107.6948694302875,108.68708307062184,23899200
2022-11-30,117.18042755126953,117.2399655163382,108.52832353355872,108.65731614954981,43348600
2022-12-01,119.50220489501953,120.25628175847012,117.4780883020962,118.27185461677927,36551400
2022-12-02,122.52845764160156,123.07417815982849,116.69424428941612,116.91253249670689,39950500
2022-12-05,121.47671508789062,123.69927150066809,120.40512255012695,120.80200951633452,35474900
2022-12-06,113.2314224243164,119.61135638173694,112.8543763993124,118.97634026277038,43689200
2022-12-07,113.04289245605469,114.97770589166707,112.00106517842416,112.87421796576824,29461100
2022-12-08,114.43199157714844,116.42633538036192,113.69774809309091,115.48373552730014,30619400
2022-12-09,114.99756622314453,116.62479604138488,112.98337367800491,114.40223953329871,26033400
2022-12-12,113.81682586669922,114.81896376384701,112.25905075290997,114.28316748923302,24747100
2022-12-13,119.21446990966797,122.33994437785942,117.71622519933055,121.1790486702528,44701100
2022-12-14,120.64325714111328,123.17340504101887,118.46039008353992,118.46039008353992,36922000
2022-12-15,115.2456283569336,117.70631421305104,113.12229154157816,117.40865463061223,34531000
2022-12-16,118.50008392333984,122.3498704005859,117.89483295343913,119.29385792091155,67064000
2022-12-19,113.58863067626953,116.88277994358675,113.43979710338073,115.92033141822772,29769900
2022-12-20,116.17828369140625,116.41642039944615,111.58433757114356,112.37811145796563,28742500
2022-12-21,118.8275146484375,119.40299284035824,114.71975054236835,115.79133558352439,20392800
2022-12-22,116.20806121826172,117.69638163953562,113.48939046500924,116.28743255420459,23618100
2022-12-23,117.12091064453125,117.25981996237375,114.640376297358,115.12655890980673,17796600
2022-12-27,115.96992492675781,117.67653356062343,115.14639337715077,117.01175225347482,21392300
2022-12-28,114.71974182128906,117.23004107638656,114.61059771715533,115.34483367860929,19612500
2022-12-29,119.32361602783203,120.0876172098368,114.86857127552733,115.49367072170247,22366200
2022-12-30,119.40299987792969,119.48237879528344,116.82324562385422,117.23998115496636,19583800
2023-01-03,123.76873016357422,125.38604327854202,121.32788546177093,121.86368174801889,35528500
2023-01-04,126.37825775146484,128.04517701826012,124.87008873532221,126.38817443776281,32397100
2023-01-05,125.95160675048828,127.51930617905816,123.5702924084817,125.14790852344242,25447100
2023-01-06,129.0076141357422,129.3151979236821,125.05860074966127,127.96578684693003,27584500
2023-01-09,128.46189880371094,131.91479796779146,128.2733757932046,130.13874224666318,26649100
2023-01-10,131.95448303222656,132.40097609349974,126.15995207065836,126.27901284967068,28684400
2023-01-11,131.8552703857422,132.80780214441828,129.32512256861318,129.94030532233305,25423000
2023-01-12,135.64552307128906,136.60795630012376,130.7340538147821,132.40098047601523,30757700
2023-01-13,135.91342163085938,136.3202328612328,133.79008502400478,133.91907764338632,22423800
2023-01-17,134.3060302734375,135.68520653868867,133.20467259831045,135.11963753309317,21147600
2023-01-18,131.9842529296875,136.1813120791631,131.7659647337358,134.75252212019842,20215500
2023-01-19,135.08990478515625,136.37978577197362,131.11113283949365,131.4584137305534,28625200
2023-01-20,138.2847900390625,138.85035899875172,133.56185925032688,134.83189131351588,28688600
2023-01-23,142.1544189453125,142.64059382476594,137.58031453713647,138.20539868785875,27470100
2023-01-24,142.0254364013672,143.87095407300617,140.25929762463457,140.58672988863236,21970200
2023-01-25,140.39822387695312,142.05521876598272,139.21748727495543,140.12040528118638,26622000
2023-01-26,146.15306091308594,146.36141728300726,142.18420665958723,143.2756324953129,25482100
2023-01-27,150.55850219726562,151.99720893784095,146.24236683556117,147.08575448002523,35771900
2023-01-30,145.91493225097656,149.9433171179442,145.80578814738973,148.24664030943237,28040100
2023-01-31,147.81005859375,148.71297658740454,146.37135192714462,146.79799650042315,29842100
2023-02-01,151.92774963378906,152.38417457555312,145.91493732172768,146.87738577590028,55661000
2023-02-02,187.3001708984375,195.62484263627775,178.75721095112047,181.95214004621323,150475700
2023-02-03,185.07760620117188,195.23787916833177,181.46594921292,182.04143493203435,76809700
2023-02-06,184.6112518310547,189.21512212589636,184.0754631723348,185.07759341363374,42483800
2023-02-07,190.12796020507812,192.27114515851267,182.96417698960028,184.13499687970858,47080700
2023-02-08,182.00173950195312,189.34412947288163,181.49571599932648,188.52059034038672,36139100
2023-02-09,176.53465270996094,185.19667372941453,175.88971988644266,184.6807335265915,37118800
2023-02-10,172.79400634765625,177.49710464211017,172.00024751549427,174.97688855603946,33433600
2023-02-13,178.03286743164062,179.59064994977518,174.45099110237942,176.83229753191048,31463200
2023-02-14,178.08250427246094,180.096696800279,174.51054416410403,175.78057644351702,24034600
2023-02-15,175.78054809570312,176.80252679416841,173.96479556562042,175.04630465196112,25308900
2023-02-16,171.0973358154297,174.48078822465834,170.45238781526533,171.40491964536324,25827500
2023-02-17,171.53390502929688,171.83155701990117,168.37865766907873,168.8946130194248,24171300
2023-02-21,170.7401123046875,176.78268928982402,170.54167261942416,172.95274431832965,34592600
2023-02-22,169.78759765625,171.41482746265243,168.36873938126783,169.7379990849405,22433200
2023-02-23,170.70042419433594,172.33758574816875,168.06114747660433,170.66074231120285,20017800
2023-02-24,169.0632781982422,169.39071050981784,166.35453925336142,167.32690436229686,19791300
2023-02-27,168.2198944091797,171.77202106868893,167.74363609963024,170.54168584068796,19277000
2023-02-28,173.57786560058594,176.16754394080883,170.5317623007158,170.56152750026024,46051100
2023-03-01,172.06968688964844,176.46520116867393,171.70257268922543,173.23057502664264,30998400
2023-03-02,173.17105102539062,173.64730934892816,170.0951825850901,171.03779768581322,17352000
2023-03-03,183.8075714111328,185.16689921321293,175.67142283010665,177.52685743761492,45877700
2023-03-06,183.46029663085938,188.183243263601,183.20232653393649,186.5361649817629,33209400
2023-03-07,183.07333374023438,188.87778960526148,182.57722691894926,187.52837844576686,36701500
2023-03-08,183.5297393798828,183.81747464438317,179.92799939127048,181.44608489358308,19432400
2023-03-09,180.27529907226562,187.45891615214956,178.89612271521787,184.89901827847535,26582800
2023-03-10,178.1122589111328,183.33131216676873,177.40779572946437,179.60057931970218,25665000
2023-03-13,179.49143981933594,182.3490199218457,173.4587942651152,176.57434446133212,24728000
2023-03-14,192.50929260253906,192.8069597193349,185.10737226611835,186.1194344072328,41642600
2023-03-15,196.21026611328125,196.24003131413542,189.35406557024092,191.44763715687185,42123600
2023-03-16,203.33433532714844,204.1578744706101,194.563170324946,196.71627212123454,50447100
2023-03-17,194.08692932128906,200.32794705324463,193.90832297618806,198.9983842818553,50141100
2023-03-20,196.269775390625,197.80770954247785,192.13224637743252,196.9345567047852,25186300
2023-03-21,200.58590698242188,201.9650832943874,196.4086810237472,201.61780247498058,31827000
2023-03-22,198.25421142578125,205.75534436543967,198.1153021172683,200.9232686264753,28477800
2023-03-23,202.6894073486328,206.2613826175449,200.5759873861949,201.26061724106796,27389700
2023-03-24,204.4059295654297,205.96371227058293,201.9650924531236,203.5823904151866,27716400
2023-03-27,201.2606201171875,204.25710968337523,199.79214810341801,203.21528228672267,18527200
2023-03-28,199.11740112304688,199.46468190963645,196.35904875977394,198.59152917076673,19127300
2023-03-29,203.75106811523438,204.1181823011788,200.962935191242,201.9749972989551,18851100
2023-03-30,206.2216796875,206.4697330979613,201.24077810622202,201.7964153232587,22608300
2023-03-31,210.289794921875,210.51799985638456,205.16005139932054,205.62639309591466,25440300
2023-04-03,211.4109649658203,211.8276928727448,206.57887430271677,207.21389041897956,17924600
2023-04-04,213.04811096191406,214.5562799124581,210.885077384689,211.72846502268536,21026400
2023-04-05,209.83334350585938,213.51446289742063,208.3053411097266,212.48255219823199,19396600
2023-04-06,214.41738891601562,215.25084479932204,207.0253846600838,207.6207189424339,26104400
2023-04-10,213.077880859375,213.98079891244384,209.019730673576,213.0381989750547,16106100
2023-04-11,212.1848907470703,214.33799250651626,211.74831432764745,213.80218866814147,16710100
2023-04-12,212.33370971679688,215.15159269813535,210.92476822612764,213.16716550452043,18972200
2023-04-13,218.63427734375,219.42803612820578,214.0105582384014,214.05024012163284,23310400
2023-04-14,219.76541137695312,220.38057900800283,215.85608709194122,216.1835194200745,21591200
2023-04-17,217.15585327148438,219.25934110535243,215.4393281078086,218.07860458502867,15481900
2023-04-18,216.19342041015625,218.7235681147785,214.52650883156815,218.19769611867787,12281000
2023-04-19,214.02047729492188,215.63779035912322,211.27204129636542,211.80784513578433,15898100
2023-04-20,211.4109649658203,215.0623038493368,211.11329784945184,211.8177610468795,16475400
2023-04-21,211.2323760986328,211.74833146698396,207.94815114120425,208.57325062324549,17717200
2023-04-24,211.1331329345703,212.2543391879995,209.0693418949524,212.01620246497654,15750900
2023-04-25,205.93397521972656,209.61507990361775,205.51724724456798,209.178518553438,19198200
2023-04-26,207.76950073242188,212.4428329765016,207.25356061348205,210.8453686367605,41992700
2023-04-27,236.70248413085938,239.8081176766573,234.9264283723866,238.02213009217323,71196500
2023-04-28,238.44879150390625,238.5579204709665,233.91436785871295,237.1489789055397,39554000
2023-05-01,241.28651428222656,242.10013676312872,234.61885231326877,236.76202234544346,29143900
2023-05-02,237.37716674804688,243.01293224532338,237.12911336932922,241.28647527905682,24350100
2023-05-03,235.18438720703125,239.8676365865375,230.93771423171293,237.60539080118016,34463900
2023-05-04,231.7017059326172,236.34525794910945,231.11628844816386,234.22192161729876,17889400
2023-05-05,230.96749877929688,232.85269871171457,228.06031996962398,230.4317100547082,27000500
2023-05-08,231.45367431640625,233.7853672287388,228.47703347004094,229.618073071823,16400500
2023-05-09,231.5529022216797,234.04336825414188,229.2807395505276,229.65778559464076,16865600
2023-05-10,231.2651824951172,234.90660513811633,228.9235574412563,234.3311193467459,19119000
2023-05-11,233.95404052734375,236.35521078761784,230.49122471674158,231.23538492451843,20449000
2023-05-12,231.9894561767578,235.11493805740562,229.64783150762847,234.89664985723425,16161400
2023-05-15,237.0001678466797,238.38926098744537,233.49765465462505,235.07527082306171,20653200
2023-05-16,236.96047973632812,237.77408708598546,233.68617154482772,233.95405833923843,18163800
2023-05-17,240.60186767578125,241.94134687586555,236.28573270445185,236.59331648061985,21193100
2023-05-18,244.9279327392578,245.16605431320838,239.31200014059405,239.42114424198073,22943300
2023-05-19,243.7273406982422,246.7535951143533,241.51470867661695,245.54309334790887,21733600
2023-05-22,246.38650512695312,251.5956268801899,243.21140927966366,243.49915972156407,27738500
2023-05-23,244.81878662109375,249.65086195908967,244.72947589162,244.88823369959792,17748100
2023-05-24,247.26956176757812,247.64659264626343,243.04272207618027,243.37015438607577,17724300
2023-05-25,250.72244262695312,253.62962104103107,247.2298467160668,251.42690576416305,22371400
2023-05-26,259.9996643066406,260.2675510820646,250.7423094564224,250.9605825230714,25727200
2023-05-30,260.4759216308594,266.5581962700264,259.25551819647967,263.18467584953015,23816500
2023-05-31,262.6587829589844,262.93660155320083,256.43761464566063,257.9755335993669,25473700
2023-06-01,270.4873352050781,271.8665266446984,263.81968887583463,263.8295904214734,25609500
2023-06-02,270.4873352050781,273.2060210618952,269.0089466293334,270.5369640530964,19416900
2023-06-05,269.2768859863281,273.4243319144258,267.4611179895091,268.1953464254039,20742900
2023-06-06,269.0089416503906,274.4165177871543,267.5900834945639,268.036591718684,19419000
2023-06-07,261.5475158691406,272.11458484922684,260.75372680643784,269.5546870369073,26163600
2023-06-08,262.5198669433594,265.5659700319198,256.86426746253426,258.5907094762658,20899400
2023-06-09,262.8869934082031,265.8636340720592,259.6622993556924,260.43622471709676,16949800
2023-06-12,268.93951416015625,269.6340758695962,263.2640505240302,265.0897503979936,15442500
2023-06-13,269.2074279785156,273.57316219648015,266.9947805297934,272.73970632322903,16164000
2023-06-14,271.22161865234375,272.8488333609741,266.23078499484023,269.77299514100963,19175100
2023-06-15,279.6355895996094,281.7787749466959,269.3066710434547,270.179793713784,25973500
2023-06-16,278.81201171875,285.60868069386356,277.948790762136,282.53281258688276,43127700
2023-06-20,282.1160888671875,282.5824304857627,274.0692508402336,276.55971674793904,20701600
2023-06-21,279.447021484375,281.78863078326714,276.19253217277145,281.3222892323925,20556200
2023-06-22,282.6618347167969,283.0388807556065,275.6270434409826,276.90697727173125,17563100
2023-06-23,286.48187255859375,287.41455585917544,276.7780237818679,279.31808843197484,51092000
2023-06-26,276.3017272949219,287.5335927129634,275.4385062924321,286.45208350341085,24232700
2023-06-27,284.81488037109375,287.09698964762225,278.46471986414537,279.8141460043459,26108300
2023-06-28,283.06866455078125,287.29547446574816,281.84823075760875,282.60232288476834,16722100
2023-06-29,279.3379211425781,284.33868665809604,278.50446526998496,282.28479703637055,15395700
2023-06-30,284.74554443359375,286.799404110949,282.20547937448003,282.5428284532725,19694900
2023-07-03,283.7929382324219,287.1466252255622,282.6320652147703,284.4676665294726,8629300
2023-07-05,292.0779113769531,295.79871236153565,284.13027078429906,285.41023480138307,33865500
2023-07-06,289.7164611816406,295.79873585225204,289.0417631500449,293.5861187368782,47600500
2023-07-07,288.267822265625,293.89368682314864,286.4123876380687,289.90496868523604,25586000
2023-07-10,291.8100280761719,295.8086477039445,284.8149039740183,293.24871963934146,37058300
2023-07-11,295.9674072265625,297.84267521035605,289.6271477024056,291.6115749292531,27585900
2023-07-12,306.93133544921875,307.0404946851265,297.76329195096815,299.40043824994797,36677100
2023-07-13,310.9696960449219,313.77764746289074,307.87399417862326,311.17805244131847,30281000
2023-07-14,306.46502685546875,312.4282406131699,304.9667745464392,309.36230405201036,23054100
2023-07-17,308.2013854980469,309.2828946951575,302.3373994520956,305.1453809142804,25323100
2023-07-18,309.6202087402344,311.7534919766378,305.2247102283001,308.4593359088423,20731900
2023-07-19,313.5494384765625,316.1986319082592,308.1021650649504,310.59263096242654,21763700
2023-07-20,300.16448974609375,313.0831320210186,299.86683773605597,311.05900751288084,23836900
2023-07-21,291.9687805175781,303.081554551309,288.9326093562947,302.19850020228625,42139300
2023-07-24,289.3393859863281,295.2033718464492,286.0551614764398,293.4769299160423,24915700
2023-07-25,292.1771240234375,295.97728858041813,289.58743092349596,292.89151898756404,19585600
2023-07-26,296.2452087402344,299.42027395208453,289.6271309972358,298.8448034126717,47256900
2023-07-27,309.2829284667969,322.81673806688707,307.4274936654851,322.5885180117678,64229200
2023-07-28,322.9456481933594,323.6600430964914,311.8030801253295,314.4126063726026,39220300
2023-07-31,316.1192626953125,323.1242883704477,315.11711725806254,321.1696263444991,25799600
2023-08-01,320.1972351074219,321.6161235359721,312.2099279207589,315.0675078686695,22817900
2023-08-02,311.8626403808594,315.9108886463333,308.2311351321081,315.5239108250941,20461100
2023-08-03,310.75140380859375,313.4899232457008,307.5167775331678,307.5167775331678,15180200
2023-08-04,308.3105773925781,315.93077142766623,307.7847053368224,312.5076220119246,17612800
2023-08-07,314.0951232910156,314.60116189806973,308.04261449667547,310.79106544719536,16236500
2023-08-08,310.2056884765625,315.41481011229837,307.6953588862012,311.95196390121913,15183500
2023-08-09,302.83349609375,311.1879477003987,300.4918865961825,310.4437875207549,19955800
2023-08-10,303.359375,309.90799078632176,301.5039404211993,305.54225702209254,14358900
2023-08-11,299.29132080078125,302.34732532437346,298.02125834115725,300.2140721691434,14046300
2023-08-14,303.80584716796875,303.8256805367405,295.9276697324113,298.6364234273919,15641900
2023-08-15,299.5989074707031,304.8377940471984,297.6938440429067,303.75628486098515,11623600
2023-08-16,291.9985046386719,298.735612161679,291.9885728145888,297.86248976095845,18547700
2023-08-17,282.87017822265625,293.7448310552386,282.73128406097686,290.76819018544745,23950100
2023-08-18,281.0445251464844,283.4655289505489,272.2435946407065,276.85738220141786,35347900
2023-08-21,287.64276123046875,288.23809553886474,279.6554526227014,281.24300068510377,20181500
2023-08-22,285.3606262207031,290.61934598241027,284.5172386377998,290.27206518004357,12980200
2023-08-23,291.9489440917969,295.08434296040133,285.4301232140553,286.25364724690445,18287000
2023-08-24,284.51727294921875,297.12830035290386,284.4081439787186,296.1757836977918,18360900
2023-08-25,283.2769775390625,286.1444893241868,273.8807137103689,283.9020769402463,23701400
2023-08-28,287.9999084472656,289.1806449684755,283.5746143089688,285.75749618346293,14239300
2023-08-29,295.6697692871094,296.82074088477384,285.93615470302484,286.3330341518841,20844500
2023-08-30,292.8022766113281,295.96744081980256,291.1452663656537,294.8561662914278,17717000
2023-08-31,293.5860595703125,298.7554832952353,293.3578395703433,293.4967337112294,17229900
2023-09-01,294.072265625,299.3905158783328,292.17713405399326,297.038974539007,12842300
2023-09-05,297.81292724609375,299.0432927883047,293.20907155898277,294.70729361157686,14956000
2023-09-06,296.840576171875,300.9383931826944,293.35789651003546,299.3607770852688,15418100
2023-09-07,296.3444519042969,304.6591765120229,289.9446620146728,295.67965546312854,33748700
2023-09-08,295.5705261230469,302.8732037411154,294.4691532729565,296.89015689806655,17548000
2023-09-11,305.16522216796875,306.6337092437882,298.93412177158643,299.063114388511,19489300
2023-09-12,299.3111572265625,306.2566524037513,297.8922990504119,303.94477776656885,13480400
2023-09-13,302.6846618652344,304.7881497375785,298.97379289345565,300.0056731795405,13210900
2023-09-14,309.2928161621094,310.4338557149774,302.65490493687196,304.3515816681793,19343100
2023-09-15,297.9716796875,309.5706597125895,296.42382881133364,309.18368185356906,28131100
2023-09-18,300.1942138671875,301.23605631967,295.4811992467907,295.86817708684436,14234200
2023-09-19,302.6946716308594,303.78611286828567,297.4756173464149,300.1248415190787,15924400
2023-09-20,297.3367004394531,305.6613578506982,297.0985485549638,302.67478484739934,19379500
2023-09-21,293.4273376464844,297.92206402517564,290.98647039875095,293.39757244980257,21319600
2023-09-22,296.7512512207031,303.00221551221176,295.947560570074,296.9695394393899,25369600
2023-09-25,298.4875793457031,298.60667040304367,291.41312239636414,293.33801904399604,18987000
2023-09-26,296.6321716308594,297.9617342313641,293.7051596565991,295.34230605304384,19417200
2023-09-27,295.4216613769531,298.95393929645525,284.55694085285074,298.11058197811235,36429800
2023-09-28,301.59326171875,303.9448032957464,294.3898109917405,296.6123599455331,22167100
2023-09-29,297.8724670410156,308.2212789671032,297.0290793382049,304.9866526085404,25373700
2023-10-02,304.4309997558594,304.78818213594394,299.28140848326984,300.3827511018216,16265600
2023-10-03,298.5968017578125,304.3813944694725,297.30693602326215,301.89095860230594,17362300
2023-10-04,303.2005920410156,304.51032114563077,296.1757336907266,296.40395369954626,16880500
2023-10-05,302.4167785644531,303.82570485884224,297.1679603687021,302.25802076171334,19130000
2023-10-06,312.9739074707031,313.8470602246019,298.5669778712355,299.0928498325672,21803900
2023-10-09,315.881103515625,317.8357654962619,309.392048448092,310.066746421115,22503700
2023-10-10,319.3340148925781,322.1320644548327,315.68267618606524,316.6351927442957,19038000
2023-10-11,325.2674865722656,326.2795335962298,320.4354109332088,320.4949413299151,22036300
2023-10-12,321.6359558105469,327.9662832580327,320.17740064543665,325.4460523014571,20530500
2023-10-13,312.23968505859375,322.5190029215304,309.9377423510793,321.0108492234802,21341000
2023-10-16,318.6493835449219,319.3141799633307,313.0632162730603,316.15894806212225,16536100
2023-10-17,321.4772033691406,321.87408274940765,314.8293601998335,315.70251300439446,16387800
2023-10-18,314.501953125,323.4021105297396,313.1029282837248,318.8875506594912,16851000
2023-10-19,310.3743591308594,319.3836763111059,309.3226150513973,317.3893171227114,18709200
2023-10-20,306.2467041015625,312.8449181089046,304.08368584423033,311.69397704496873,22312300
2023-10-23,311.5649719238281,314.8888629365929,304.86753077519865,307.09007933345515,17796800
2023-10-24,310.11639404296875,315.8712519348251,308.2113606083932,314.313469087205,19525500
2023-10-25,297.1977844238281,308.45941658390853,296.513154511403,307.58626363589036,42192500
2023-10-26,286.10479736328125,292.703011741462,277.22447353914265,292.703011741462,66684100
2023-10-27,294.4195556640625,296.9794534570117,290.6888227974808,292.18707503953055,29596300
2023-10-30,300.3033752441406,306.9908852950392,296.7214683615975,296.7611653844392,28435100
2023-10-31,298.9242248535156,301.31546361894567,294.548558592787,300.94834937710914,19434200
2023-11-01,309.4217834472656,310.3048377093164,299.49964853011716,299.49964853011716,20434600
2023-11-02,308.4494323730469,316.3375424870294,305.92920138835984,314.82935845841877,21631800
2023-11-03,312.150390625,313.0929753347785,308.5982491394363,310.11633466819546,16764300
2023-11-06,313.341064453125,315.85136382365476,312.00160022439076,313.5196859262533,12887700
2023-11-07,316.33758544921875,318.5006040914344,312.66638257356414,314.59127961258827,14055600
2023-11-08,317.2900695800781,318.8279885761275,312.4282289074521,315.66285499199586,13609700
2023-11-09,318.0540771484375,321.6558175852299,316.3177032404489,316.9329011458724,16103100
2023-11-10,326.2100524902344,326.53749993312164,316.9725463498959,317.44881977593377,19096200
2023-11-13,326.6268615722656,329.7423971427356,323.164045117581,323.66015201504126,16908900
2023-11-14,333.69134521484375,335.46741599370006,330.7345378585308,331.9351380866725,17179400
2023-11-15,330.1193542480469,335.7650516417798,327.450297436741,335.2987100726681,14531200
2023-11-16,331.5878601074219,331.97480765966105,323.838674437655,326.8053833646593,18932600
2023-11-17,332.4313049316406,332.8877147805215,326.7856062436665,327.6885243942522,14494400
2023-11-20,337.3228759765625,339.20807585654825,331.58788228778786,332.28244395513093,16960500
2023-11-21,334.35614013671875,337.25338680796017,333.2845325230063,335.69560423392653,12027900
2023-11-22,338.8310241699219,340.2499126792458,335.9436788615161,336.5687782957013,10702700
2023-11-24,335.596435546875,339.1981456805994,334.1477818085071,337.4816354360319,5467500
2023-11-27,332.0939025878906,337.2533951174812,331.59779579004794,333.56235933033327,15684500
2023-11-28,336.3504943847656,336.7374722413347,330.80402373364524,330.80402373364524,12637200
2023-11-29,329.61334228515625,337.2533681940458,328.2043857685814,337.0450118339729,16024500
2023-11-30,324.6026916503906,330.9032544248157,319.88967678227107,329.305804972317,23146400
2023-12-01,322.2908630371094,324.314957194441,318.26247781580844,322.9457277162317,15276400
2023-12-04,317.5281982421875,318.3616540663768,311.2177340247724,314.81947438356156,19037100
2023-12-05,315.81170654296875,319.3737500866392,312.9342928735929,316.4963364172633,16952100
2023-12-06,314.9782409667969,319.74085446043057,314.5714297293888,319.42333881953283,11294300
2023-12-07,324.0470275878906,325.6841739294483,315.29569659562253,315.29569659562253,15905100
2023-12-08,330.1590576171875,330.57580062992184,320.4849755382466,320.5742711238423,14087400
2023-12-11,322.7472839355469,327.3214050196853,317.5083966027991,326.8351996970143,25802500
2023-12-12,331.6176452636719,331.86569867463805,322.0328578303436,322.07255485448627,18485500
2023-12-13,332.1335754394531,335.73531570283495,330.04995107415203,331.32988483456126,16353300
2023-12-14,330.5758361816406,332.0939218599385,326.08110954354635,331.2505341986713,19607300
2023-12-15,332.31219482421875,336.02306402754414,328.64099236363404,329.40498594080213,31776900
2023-12-18,341.9366455078125,344.8537559101192,334.39581610239355,334.85225615932194,18993900
2023-12-19,347.6319580078125,350.8467508068738,342.4327681993937,342.8891779975481,17729400
2023-12-20,346.5603942871094,352.196160744239,345.0820055877461,345.9352948214848,16369900
2023-12-21,351.3328552246094,353.63479768497183,346.4908487665888,350.23151283466564,15289600
2023-12-22,350.63836669921875,354.4186979641028,348.4852499373512,352.81128655167174,11772800
2023-12-26,352.0671691894531,354.2004528401939,350.6979397367357,352.22592701294764,9898600
2023-12-27,355.0437927246094,356.2046960041271,352.5434252578998,353.29751731228595,13207900
2023-12-28,355.5299987792969,359.08211028758853,355.0239601332717,356.8992584473952,11798800
2023-12-29,351.2039489746094,357.1969281361714,349.08062742515625,356.19478262042475,14987100
2024-01-02,343.5936584472656,350.41016108257946,337.3625582064885,348.58449167928967,19042200
2024-01-03,341.7878723144531,345.2407870717122,340.50790809616456,342.29391101748917,15451100
2024-01-04,344.41717529296875,345.43915407584143,340.72613954007755,341.8175805411929,12099900
2024-01-05,349.2095947265625,350.7475137214206,343.56389682163444,344.28819338310336,13920700
2024-01-08,355.86737060546875,356.1848862578455,349.3088222783808,351.9382128171741,13890200
2024-01-09,354.64691162109375,357.8319391849978,352.5930221333329,353.62493279017207,13463900
2024-01-10,367.58538818359375,370.0361570840026,356.28406029694395,357.3655998102049,22117200
2024-01-11,366.7915954589844,369.8773650575961,360.1040555578914,369.2324323076566,17205400
2024-01-12,371.5740661621094,374.1240624141553,366.6626269467996,367.277794541933,19310000
2024-01-16,364.5988464355469,372.6853822277794,364.3706566582682,370.74065180769946,15306900
2024-01-17,365.501708984375,365.6703986149391,355.8176948238154,363.4478196213952,12724800
2024-01-18,373.2012634277344,373.91565834903196,368.06160483615173,368.59737831716046,16354300
2024-01-19,380.46435546875,381.3672432896038,375.02701349065325,376.0489923907014,21670800
2024-01-22,378.8072814941406,387.310558740859,378.19211394834883,384.9292523171683,17680500
2024-01-23,382.20068359375,385.3559155148058,379.10495178521484,381.6251827598736,15506100
2024-01-24,387.6578369140625,393.06538246549474,384.7903252881106,386.9632753335336,15698500
2024-01-25,390.1185607910156,392.4105719303832,382.65712494527804,387.13201825545184,15091100
2024-01-26,391.0710754394531,393.7004353737154,388.5409126393493,391.27943181312344,13163700
2024-01-29,397.89752197265625,399.7926537489581,390.03920652616733,391.91447464954996,18742400
2024-01-30,396.9449768066406,403.1959104756482,396.4588018243719,400.4474896600289,18614700
2024-01-31,387.10223388671875,394.90101835810526,384.0858960218771,385.97109583241945,20180800
2024-02-01,391.7060852050781,397.38154822868097,389.98954477012256,390.87262941167637,29727100
2024-02-02,471.2915344238281,482.176118971358,449.48269858581074,456.0213826629202,84707600
2024-02-05,455.83282470703125,468.2255620956706,455.64430171258823,466.2213016515371,40832400
2024-02-06,451.1793518066406,463.48279391079984,449.47274327000224,460.387092444329,21655200
2024-02-07,465.9335632324219,467.84852814106995,452.62797572422755,454.4338116753669,23066000
2024-02-08,466.3403625488281,466.925764902263,461.4090600570604,464.67345107328936,18815100
2024-02-09,464.4651184082031,469.9024601255168,463.8301174160843,469.26745913339795,18413100
2024-02-12,465.2489929199219,475.4191832366272,462.9470498932434,464.5445296788117,19382000
2024-02-13,456.537353515625,464.2468731870275,451.54651991731083,453.3126590561984,20916600
2024-02-14,469.5948181152344,470.41834202168815,462.46080041444674,464.28646967546143,16858400
2024-02-15,480.26116943359375,484.8154264310746,468.5431287071876,471.5793000388415,24212300
2024-02-16,469.634521484375,475.23059012184814,465.556508076683,474.3872025542275,23324600
2024-02-20,468.0768127441406,472.47231216578257,462.92722122128373,466.0626201453324,18015500
2024-02-21,464.87847900390625,465.8419486389478,458.68050627412106,463.35878260142675,12921800
2024-02-22,482.8565979003906,486.69059163885595,472.8543980185372,477.0062442785985,21625800
2024-02-23,480.7707214355469,491.0311497339842,479.1020412033738,484.76364134369345,18374300
2024-02-26,478.49615478515625,482.8665512765611,477.3638468302636,480.21451660164433,12101400
2024-02-27,483.7703552246094,483.9888750302903,476.68839173449226,476.7479852894886,10809600
2024-02-28,480.7607727050781,487.7434340041243,479.4993353400965,481.73418465032995,12715500
2024-02-29,486.82965087890625,488.3890863550295,479.36026837522473,485.1510282882917,17732000
2024-03-01,498.9176940917969,500.8545756713837,488.5380785343457,488.7963071827619,16273600
2024-03-04,494.8354187011719,501.02347964142564,493.07734798440794,499.6130279349868,12324100
2024-03-05,486.9190979003906,492.24299171468465,484.60480032570473,491.6669104902167,15325300
2024-03-06,492.74951171875,499.583189220119,490.96164437082433,494.2791504217165,11757900
2024-03-07,508.74114990234375,516.349544301287,498.0039419088518,499.89114211794896,18586400
2024-03-08,502.5431823730469,520.0445327158662,495.98761761186836,510.72768838193537,18597100
2024-03-11,480.33367919921875,493.9712373423791,472.7947911045604,493.6633271933071,20428300
2024-03-12,496.3848571777344,498.9276166024425,481.4660075501953,489.9385682821363,15448200
2024-03-13,492.2330322265625,497.6066070345607,487.72359432803495,492.05425155124124,12090700
2024-03-14,488.5181884765625,497.9741037778643,484.8729178506202,496.8914470652399,12620000
2024-03-15,480.84027099609375,488.5182008794358,478.05910688483056,485.71721266457956,29153600
2024-03-18,493.6335754394531,494.0706151061439,483.532042219563,488.59770722014326,11755300
2024-03-19,492.8984375,493.28582588989207,478.03918278790246,484.88280184601786,10903100
2024-03-20,502.11602783203125,504.77800486477514,491.8357446734777,496.136574918537,11711100
2024-03-21,504.3409729003906,511.5719209963109,502.6027566454652,511.24418672335725,9712500
2024-03-22,506.148681640625,506.5360700886192,500.9439753750218,503.5860676514322,8120600
2024-03-25,499.63287353515625,503.80460470631,496.8715940455522,502.3842409725829,8380600
2024-03-26,492.5508728027344,506.56584667768334,491.87542863664703,501.7286443250279,11205400
2024-03-27,490.5345458984375,496.5239715871602,484.78355507786483,495.9379177172375,9989700
2024-03-28,482.310302734375,489.57110826984064,481.88320544172586,489.5214267607809,15212800
2024-04-01,488.0414733886719,494.08052003170116,478.53590624338904,483.91942370792447,9247000
2024-04-02,494.0209045410156,494.17983080247325,481.38655471994537,481.83353672480007,11081000
2024-04-03,503.32781982421875,503.8244530380208,495.3916307675297,495.5704114495978,12099200
2024-04-04,507.47967529296875,526.4311846012982,507.1419380470807,512.9426101041053,26476300
2024-04-05,523.7891235351562,527.1264840478417,510.94613579364227,513.3796505682054,19263300
2024-04-08,515.7536010742188,527.9111726495528,515.3960397041614,525.7160926076674,13260600
2024-04-09,513.41943359375,522.3290042268167,503.3278128790067,518.7134999304255,10863800
2024-04-10,516.3296508789062,519.0412485473654,502.3940952347152,505.86061532238585,11418500
2024-04-11,519.6370849609375,520.332383380869,513.8066175933823,517.600901507259,10369500
2024-04-12,508.4530334472656,516.6872198942802,505.90033167824595,514.26364759941,11984500
2024-04-15,496.8616638183594,515.0384571853876,493.93151580388917,513.2405867962719,13512900
2024-04-16,496.39483642578125,501.3710805844467,493.7626561595775,494.75592258091154,9847900
2024-04-17,490.8424987792969,499.77195453488656,483.8598367935751,499.7123609723866,12193700
2024-04-18,498.42108154296875,508.76101901000555,495.67968681337135,496.45443341487936,14808700
2024-04-19,477.8306579589844,499.41431669209027,472.52661920207805,499.41431669209027,25215400
2024-04-22,478.4862060546875,488.69698284246,470.2122804474179,486.4223944308952,17271100
2024-04-23,492.7594299316406,495.40152199378747,485.6774361839296,487.94208219261503,15079200
2024-04-24,490.17694091796875,506.56583559911667,481.31699178938914,504.63889646618475,37772700
2024-04-25,438.40789794921875,442.7683213792549,411.70889412672494,418.5624257469969,82890700
2024-04-26,440.3050842285156,443.433867420502,429.05135860219434,438.48738968690355,32691400
2024-04-29,429.7068786621094,436.7988148712777,425.6742197513567,436.60014947867506,21502600
2024-04-30,427.27337646484375,436.65972478747483,426.82639450620724,428.14742534435584,18429500
2024-05-01,436.232666015625,446.93013406880516,424.23399111108887,425.71397863682915,20344900
2024-05-02,438.7059326171875,440.97057898429546,429.36923374620153,435.88505944497143,15221300
2024-05-03,448.9166564941406,451.11179697891964,440.86128084790545,442.92726154360383,16489100
2024-05-06,462.54425048828125,463.02102923203086,450.2873477934908,452.51225464015755,15094600
2024-05-07,465.0870056152344,468.3548602507181,458.2036773866879,463.15015450497714,13406800
2024-05-08,469.4176940917969,472.3776084845462,459.8823308455416,460.37896403219986,11683900
2024-05-09,472.21868896484375,472.87421806387255,464.481135815607,466.83517215291295,9437700
2024-05-10,472.99346923828125,474.2847034264408,466.437904971436,473.87746056720033,10750000
2024-05-13,464.85858154296875,470.16262007051995,459.73332367866385,469.56665421428306,14668800
2024-05-14,468.6727600097656,469.3581162552764,456.9819950045203,460.2498499695703,10478600
2024-05-15,478.2975158691406,479.25104313597546,468.02714482052664,471.78169064027946,13100500
2024-05-16,470.04345703125,474.4734165714435,469.5666782594295,471.801527600696,16608200
2024-05-17,468.7322998046875,469.61629104286874,465.2658101431846,467.6595552338534,10807300
2024-05-20,465.6830139160156,470.01367116907085,463.89514652631107,466.78555537893186,11745100
2024-05-21,461.5013427734375,467.53047671083374,459.1572184570371,463.97456625143184,11742200
2024-05-22,464.6301574707031,470.5301623382244,462.51449517924743,464.71954780965524,10078600
2024-05-23,462.6436462402344,471.16585905076363,458.43220618871834,469.6958441033179,11747900
2024-05-24,474.99981689453125,476.61884583287923,463.16006911923665,464.4711879258589,12024300
2024-05-28,476.6884460449219,477.6220886169313,471.64263552507384,473.37090944104057,10175800
2024-05-29,471.1658020019531,476.618854768797,470.5102728984341,471.4638000883628,9226200
2024-05-30,463.905029296875,468.55353877845073,461.5807897121286,468.49394522336104,10719600
2024-05-31,463.6865234375,465.9611118987805,451.3998233629331,462.66346029491183,16919800
2024-06-03,474.2747802734375,476.3705882132415,465.0870657511374,467.68941896049296,11279400
2024-06-04,473.7781677246094,475.6653982828109,470.04350637889246,473.788110089259,7088700
2024-06-05,491.7264404296875,493.30573030037567,480.65152660799043,481.18789892832643,15690500
2024-06-06,490.43524169921875,499.4342331212912,487.5845718978277,489.6604950970564,10667300
2024-06-07,489.6405944824219,495.5505416682554,486.8694030600324,492.57074247783544,9380700
2024-06-10,499.2156982421875,499.2752918011658,490.087577609636,490.53452930197295,11220900
2024-06-11,504.0528564453125,504.18198591577544,494.91479425221536,496.7920821312561,9673700
2024-06-12,505.4136962890625,510.5488971678868,501.0731267567173,510.5290124391708,11983200
2024-06-13,500.7055969238281,505.9301575612256,497.98402638310364,502.3047412736244,9954600
2024-06-14,501.26239013671875,504.2351956755983,497.8719851588786,499.76105901416054,10243300
2024-06-17,503.7181396484375,507.81445501821185,493.1591831477412,498.786655835113,11266600
2024-06-18,496.6192321777344,503.09182645286137,492.174921746173,501.66010025060115,13060400
2024-06-20,498.8164978027344,500.77517646661437,493.9148098546325,499.1147614196994,11801200
2024-06-21,491.936279296875,500.5564623228992,489.56003146184884,500.5564623228992,22359200
2024-06-24,496.0425720214844,504.88146192373665,491.44912982983715,496.33091377345426,13525300
2024-06-25,507.6653747558594,507.77472797570107,492.65215468981233,494.193234056006,12063200
2024-06-26,510.17083740234375,510.856874053988,501.77934388389946,503.7380225205022,8882300
2024-06-27,516.5738525390625,519.8747782877508,510.9464098062174,511.294373925033,10121200
2024-06-28,501.3220520019531,518.8805567277017,500.9442311555743,514.1777613035174,15855100
2024-07-01,501.77935791015625,503.6684316425156,490.335531960126,502.0478255113692,10328200
2024-07-02,506.5716857910156,507.5659383637164,496.57945957224564,497.88192801510917,7739500
2024-07-03,507.029052734375,508.34147346230577,503.111695021788,503.45968950388533,6005600
2024-07-05,536.8069458007812,537.7614502342552,508.65968477780285,508.65968477780285,21354100
2024-07-08,526.2777099609375,539.6901656960439,523.623072932016,539.2327877262878,14917500
2024-07-09,526.9537963867188,534.3907852639005,525.1542018868099,530.6822430592663,8753200
2024-07-10,531.6170043945312,535.7829258371156,525.3233675064212,527.7393944025683,10983300
2024-07-11,509.7533264160156,532.3825255793723,505.44819561353233,527.8387838594573,16458300
2024-07-12,496.0028076171875,505.1698181338821,491.3894911645417,494.89920175558495,19750500
2024-07-15,493.3083190917969,503.7678443636743,490.53434614881763,495.7641239558454,12539200
2024-07-16,486.9749755859375,501.05359564218975,482.9979652991605,498.61766470466665,14075800
2024-07-17,459.334716796875,476.4159983287152,456.4812168894572,476.4159983287152,28076600
2024-07-18,473.1150817871094,476.4855821522594,461.87008787870946,472.2699610515285,19267200
2024-07-19,474.0497131347656,483.9126820908743,472.97590331818924,473.32389780212014,15149400
2024-07-22,484.59869384765625,489.23191443908513,481.11880987205853,483.78339946267863,12023100
2024-07-23,485.88128662109375,492.3737546328562,484.9168604229217,487.024670998181,9455500
2024-07-24,458.61883544921875,473.56244917033604,457.93279880328066,469.5953914420506,17649700
2024-07-25,450.8040466308594,460.88575158232453,440.1058796187656,460.59744019284307,18240500
2024-07-26,463.0234680175781,467.0700532148404,456.7795626327453,461.53208905296344,14222400
2024-07-29,463.0333557128906,471.23593941244997,462.3473190124621,467.1794022788637,11339600
2024-07-30,460.52783203125,470.01300966806275,454.0751428177802,464.3159317450937,11390400
2024-07-31,472.10089111328125,473.761306103278,464.06734443589716,468.31279159678667,24285800
2024-08-01,494.8792419433594,524.1400864636705,489.2716734818862,518.0055653777843,43083100
2024-08-02,485.3344421386719,498.2696468567978,473.4133337307261,486.1894847459628,24044700
2024-08-05,472.99578857421875,480.7012460328518,448.2090488117456,448.7559059334732,21396200
2024-08-06,491.250244140625,499.6715645445627,475.8989821739981,476.24697663872547,20955000
2024-08-07,486.1099548339844,507.2179163887547,484.06176673048657,500.2382746300819,20105300
2024-08-08,506.7008972167969,507.028987185273,491.87658907027446,494.6406097563313,16156800
2024-08-09,514.794189453125,515.3609207187151,502.7935532579475,504.7919803564355,13696600
2024-08-12,512.9845581054688,515.042667936588,506.17392282899993,513.8893011239608,9767400
2024-08-13,525.5022583007812,528.4452679044376,515.1720196917782,517.0213150020412,13743800
2024-08-14,523.7324829101562,530.9308616621455,520.1233412991648,525.0249990881922,11444200
2024-08-15,534.2417602539062,536.667738996692,523.6728503857054,528.7335620768248,13482100
2024-08-16,524.3887329101562,530.5928599406125,521.6445857964466,528.8430261939557,14776700
2024-08-19,526.2380981445312,528.6043637407321,519.7555511220255,523.8419151544666,9879700
2024-08-20,523.7025756835938,528.037562503202,522.8574853714238,525.3132598043475,7944400
2024-08-21,532.0840454101562,536.2997262260856,523.9013682272414,524.1201352937233,13423300
2024-08-22,528.8726806640625,541.1019732510056,525.5519115759549,533.9135476981955,15708300
2024-08-23,524.96533203125,536.7671046219766,522.0422271868836,533.834047542885,11323900
2024-08-26,518.1249389648438,524.9654020892407,511.99041707220374,524.5676767533054,9584000
2024-08-27,516.116455078125,520.9982688988101,512.3482599012927,515.9971496313474,6282700
2024-08-28,513.8098754882812,518.0951016645886,509.5047448414531,514.6947141610383,9106100
2024-08-29,515.2415161132812,524.169945083232,512.7161365376401,516.0667627034325,8317400
2024-08-30,518.3138427734375,520.5310067478107,512.2389736903795,518.3535910327766,9157500
2024-09-03,508.8186950683594,522.4697631708141,505.69672749483755,516.6534100228187,12459100
2024-09-04,509.7929992675781,513.6209076689888,501.1728473864135,503.1613523166981,8335200
2024-09-05,513.8892822265625,518.6318856057995,508.21210950371375,508.77884065529906,8640900
2024-09-06,497.3947448730469,521.5650538628864,495.3863655135682,518.880559665027,14744500
2024-09-09,501.8887634277344,508.39115339074016,499.19431711601146,503.2508845942156,11047800
2024-09-10,501.8887634277344,511.22477928436297,497.15611148388973,505.23938973469745,9899000
2024-09-11,508.88824462890625,510.17083885199577,492.7515459442201,504.0959706304443,10782500
2024-09-12,522.5791015625,523.6827679826088,512.2587555239991,514.07825463183,11970500
2024-09-13,521.604736328125,524.5477455442109,514.1378904204591,517.3493672277767,10321400
2024-09-16,530.7207641601562,531.5367754435251,514.91696903701,522.0226572862116,9527600
2024-09-17,533.7462768554688,539.4985077957741,528.0238703630636,535.0201027147613,11690800
2024-09-18,535.3684692382812,541.5884764077421,531.3379167409221,534.4926873694405,10323500
2024-09-19,556.4168701171875,559.3726487545077,543.8972849270339,547.360565064833,15647000
2024-09-20,558.656005859375,561.790913019,553.630253418371,557.3125089293889,22066800
2024-09-23,561.701416015625,571.2254976602934,559.7110138514457,566.7670162500528,12830700
2024-09-24,560.6266479492188,565.0254197663409,551.5304953936857,563.9605473092387,12993000
2024-09-25,565.5827026367188,574.1115828691105,561.0147031201811,561.3431364723867,16543400
2024-09-26,565.114990234375,574.6291098304922,559.6512854533856,572.967080344701,14400800
2024-09-27,564.63720703125,568.1005477071013,561.8009085673148,567.3640479667661,9398400
2024-09-30,569.6928100585938,571.9220503731812,562.0894605452922,564.9755674746466,12792300
2024-10-01,573.7035522460938,580.2420307996076,567.3641260621707,575.2063156344602,15259300
2024-10-02,570.0610961914062,573.2357898880107,566.6077777940206,572.1012461423841,6524700
2024-10-03,579.9733276367188,580.5604622327534,566.0006662054095,567.4138954120452,11581000
2024-10-04,593.0801391601562,593.9857454241755,578.6397616460487,580.9287120013399,14169500
2024-10-07,581.9736938476562,600.0564797527886,581.2371940539072,595.3491375246505,12014200
2024-10-08,590.0447998046875,590.7115675395601,583.1579643993507,586.8601441089934,7857400
2024-10-09,587.6762084960938,591.5375936051837,578.8188944511467,591.1394888701676,9529700
2024-10-10,581.0283203125,587.3975714014435,579.7246092000134,584.7503629965945,7740400
2024-10-11,587.118896484375,588.3728595792917,579.9136502956993,582.0234717517561,8587100
2024-10-14,587.5865478515625,597.2200860857456,587.1287942740497,591.36829944158,8252000
2024-10-15,583.45654296875,587.7756815393129,577.3559556315927,587.3278289153324,9564200
2024-10-16,574.0219116210938,579.2865633156184,571.275208130062,578.6098339851692,11268400
2024-10-17,574.161376953125,582.1627721197076,572.4396984468079,580.5306884411078,8701200
2024-10-18,573.7035522460938,581.1675605388372,572.4894360534232,578.3113382248611,7694300
2024-10-21,572.3997802734375,574.4698153606886,566.37882637357,573.2656610260642,8171900
2024-10-22,579.2169799804688,580.7297050326658,569.3744268963089,571.5339961936412,8544500
2024-10-23,560.98486328125,582.192594507908,559.8005716422192,577.1867042398765,14248400
2024-10-24,565.0552978515625,566.1499947416787,558.8253293775932,564.4083928532417,7184700
2024-10-25,570.4990844726562,578.500480205373,568.9763974895188,571.1758139955194,11337900
2024-10-28,575.3853759765625,580.9485762210542,571.3647858558778,579.2069744936249,10925100
2024-10-29,590.4329833984375,590.8210656933186,572.6387814957556,577.365987086118,13019100
2024-10-30,588.9598999023438,598.3148129678752,586.5515306527154,598.0958371766848,26864900
2024-10-31,564.856201171875,587.0690948039123,560.3081253081026,582.1925856019707,26838400
2024-11-01,564.438232421875,570.917001339198,559.8603316322354,564.8860850679225,15303200
2024-11-04,557.9893188476562,565.9608889972419,555.2127297782872,561.392889439504,12064600
2024-11-05,569.682861328125,570.727810156648,563.9504942499769,564.5774756955396,9775400
2024-11-06,569.3047485351562,570.2502016811582,552.5057499508582,560.0493909181008,18305400
2024-11-07,588.8605346679688,591.9456339468819,572.4496773656942,574.1216080144851,14653700
2024-11-08,586.5117797851562,590.2536844943522,581.7149037111028,588.7011733753752,9415700
2024-11-11,580.3713989257812,584.1830360838699,573.7433864354757,583.5460928122134,10209100
2024-11-12,582.0134887695312,596.78223842264,577.5947936518803,585.7156075410013,16287700
2024-11-13,577.2166748046875,582.8296239447234,572.409836177361,579.8141352631666,10757600
2024-11-14,574.3902587890625,577.9730193106801,570.2602105353902,574.2310533344881,11053700
2024-11-15,551.4209594726562,569.8222153223612,548.8533240134138,568.4786575942975,17712900
2024-11-18,551.739501953125,557.2131078822542,547.4501877365338,554.3667866349945,14327300
2024-11-19,558.3973999023438,558.7357342533962,547.9576895646346,549.2116526423954,9522400
2024-11-20,562.8060913085938,563.6320644076252,551.5404086524625,560.2284939812367,9797300
2024-11-21,560.3877563476562,567.2645685130409,546.4150954692434,566.7868914718125,11154700
2024-11-22,556.456787109375,561.1242829453168,551.9286340129557,560.8455974662718,9164000
2024-11-25,562.3980712890625,569.842216719163,553.7199469729902,559.4025063006017,13599800
2024-11-26,570.78759765625,574.7286157457173,562.4876547795837,563.2838034841143,10356600
2024-11-27,566.4684448242188,572.2206752566353,561.3928830685265,572.131141178584,7200200
2024-11-29,571.5639038085938,575.6840509462676,564.179528644509,566.2694266604135,7130500
2024-12-02,589.985107421875,591.647076313865,572.8079260678282,574.7286569743601,12522400
2024-12-03,610.7051391601562,611.252487580719,588.4126116889108,592.1446155685445,14907200
2024-12-04,610.83447265625,614.8152764849832,602.1960748947224,610.0184005822902,14697000
2024-12-05,606.0078735351562,616.9252625392952,604.1368903762177,614.1187878008875,8081200
2024-12-06,620.7765502929688,626.7676190380172,605.6096966963446,607.1721088209316,16935500
2024-12-09,610.6255493164062,623.3939965020669,603.2610368421125,620.9258564568023,11426000
2024-12-10,616.3480224609375,622.5879535033304,609.7995814722367,614.5964586074755,10938900
2024-12-11,629.6437377929688,635.3363188855899,618.5472835041938,620.3784192599069,10837200
2024-12-12,627.7628784179688,633.6047040008497,624.2001022233808,628.4694930643976,7474700
2024-12-13,617.3729858398438,628.051535081657,613.9296288656519,624.2100126233092,8453300
2024-12-16,621.7454833984375,628.6279045963112,616.1081279040426,627.4625362287662,10885600
2024-12-17,616.964599609375,629.842921517428,614.0761642573996,623.6676857660912,12897800
2024-12-18,594.8035278320312,624.8529462687603,593.9370093659079,618.5183765194273,17075500
2024-12-19,593.1900024414062,609.0762755305054,592.6222729689903,607.9507863504745,14958100
2024-12-20,582.9112548828125,600.699869104885,577.6822346553289,588.2199724400746,48989400
2024-12-23,597.4528198242188,598.6879155279142,583.9071932608068,587.2437814772281,10205800
2024-12-24,605.3213500976562,605.5603812991077,596.8852265249648,600.311421467438,4726100
2024-12-26,600.9389038085938,603.8771273499036,596.5465535400348,603.0603968908488,6081400
2024-12-27,597.4130859375,599.4449119716119,587.4430773536361,597.0146600682612,8084200
2024-12-30,588.8772583007812,594.5544919388965,583.239903719799,586.3972186440706,7025900
