Date,Close,High,Low,Open,Volume
2019-01-02,94.19315338134766,94.77999501810811,92.16248588194682,92.73070067123591,35329300
2019-01-03,90.72799682617188,93.3268796828803,90.5416927768827,93.24304108400698,42579100
2019-01-04,94.94766235351562,95.48793330274081,92.15316626592872,92.88905108847246,44060600
2019-01-07,95.06873321533203,96.19584553067855,94.06272025150858,94.67750555680239,35656100
2019-01-08,95.75804138183594,96.84789283857305,94.74270439830389,95.98159901498917,31514400
2019-01-09,97.12737274169922,97.69558755479733,96.1679301543678,96.74546194497762,32280800
2019-01-10,96.50325775146484,96.64298396891861,95.36682827277113,96.14929082644984,30067600
2019-01-11,95.75804138183594,96.35419980809056,94.67749979251883,96.12132520074832,28314200
2019-01-14,95.05943298339844,95.82326153514298,94.32354825198587,94.91970677496842,28437100
2019-01-15,97.81665802001953,97.85391881227768,94.9010632100521,95.48791180465614,31587600
2019-01-16,98.16133117675781,98.98105458718067,97.77010342547663,98.04955588026098,29853900
2019-01-17,98.85061645507812,99.32567553993157,97.58377801526416,97.807335649711,28393000
2019-01-18,100.33173370361328,100.50872074767831,98.65504014758938,100.09885900637897,37427600
2019-01-22,98.44075775146484,99.76348386192099,97.67692929687207,99.4374608215648,32371300
2019-01-23,99.40021514892578,99.70761139377449,98.12405950340775,98.85063438398751,25874300
2019-01-24,98.9251708984375,99.6703727900438,98.1240813523309,99.53996352502848,23164800
2019-01-25,99.82869720458984,100.49006031768445,98.92514248028162,99.89390181836622,31225600
2019-01-28,97.88186645507812,99.18596580800073,97.49063878123226,98.98103499595679,29476700
2019-01-29,95.88846588134766,97.77940685736505,95.17120799658717,97.69556828983518,31490500
2019-01-30,99.09281158447266,99.09281158447266,97.18324385198478,97.45337927991883,49471900
2019-01-31,97.2763671875,98.01225169303217,96.11199431927213,96.68952582034963,55636400
2019-02-01,95.7394027709961,96.96898035361252,95.33885818160302,96.67090115500153,35535700
2019-02-04,98.49665832519531,98.5525530728634,95.73010639242624,95.823261936283,31315100
2019-02-05,99.87528991699219,99.92186058707432,98.7015995866497,98.79474803358492,27325400
2019-02-06,98.76678466796875,99.6703393486801,98.30103541867585,99.6703393486801,20609800
2019-02-07,98.05885314941406,98.35693241305287,97.14598851373218,97.98433866358202,29760700
2019-02-08,98.43144226074219,98.53390766165148,97.1180331050029,97.23912534845508,21461100
2019-02-11,98.04022216796875,99.2791169423194,97.77940371163596,98.92514294577926,18914100
2019-02-12,99.56787109375,99.8007457117271,98.25446194387918,98.86924723981868,25056600
2019-02-13,99.49334716796875,100.39690180153033,99.4001987443248,100.13608337261961,18394900
2019-02-14,99.57719421386719,99.94047807179034,98.42213802731075,99.02760638600282,21784700
2019-02-15,100.8067855834961,100.88130718152279,100.00569617163606,100.51802327460611,26606900
2019-02-19,100.76019287109375,101.21663226126545,100.39690901803118,100.40622599309603,18038500
2019-02-20,100.23635864257812,100.97538630444558,99.43184787837421,100.90054643402594,21607700
2019-02-21,102.35049438476562,102.41597745881951,99.9743830536222,100.00244620862819,29063200
2019-02-22,103.80986785888672,104.02502353899213,102.73406804699364,102.94923086422106,27763200
2019-02-25,104.38985443115234,104.94178946368166,104.0811525062045,104.54889091402318,23750600
2019-02-26,105.11019134521484,105.93340849711565,103.99697148371584,104.08116812105814,21536700
2019-02-27,104.93240356445312,105.11014639395592,103.72563795086408,104.48337881439936,21487100
2019-02-28,104.80145263671875,105.59660639729655,104.52081391146109,104.81080940203023,29083900
2019-03-01,105.26919555664062,105.72757715712973,104.46468499579466,105.60596775127947,23501200
2019-03-04,105.01663970947266,105.94275985016593,103.65084428000026,105.72759702095314,26608000
2019-03-05,104.49272918701172,105.13821029908058,104.05306119777269,105.00724415128687,19538300
2019-03-06,104.53954315185547,105.39083055322844,104.24019083055205,104.65180294876512,17687000
2019-03-07,103.26728057861328,104.35243706298319,102.78083579614767,104.21211411936689,25339000
2019-03-08,103.37952423095703,103.56661670183973,101.77986005241297,102.11663220969807,22818400
2019-03-11,105.54986572265625,105.66211838862252,103.8192347968234,103.82858442757211,26491600
2019-03-12,106.28887939453125,106.63500125192128,105.38146573260926,105.54049507990315,26132700
2019-03-13,107.11207580566406,107.57981412795954,106.43853147961931,106.76594687780207,35513800
2019-03-14,107.1962661743164,107.76690750325866,106.95304738341547,107.14949662396798,30763400
2019-03-15,108.43112182617188,109.68465734139798,107.19628556992394,107.89789318618023,54681100
2019-03-18,109.98397827148438,110.02139819013385,108.56205704840298,108.67430966723168,31207600
2019-03-19,110.05884552001953,110.79787303888932,109.44142741420875,110.47045045343856,37588700
2019-03-20,109.93722534179688,111.0878648932349,109.17949145250918,109.81561593275109,28113300
2019-03-21,112.46300506591797,113.02428963378905,109.53495855603762,109.58173524382708,29854400
2019-03-22,109.49757385253906,111.87367889467477,109.48821708515739,111.78948939960675,33624500
2019-03-25,110.06819915771484,110.39561459673766,108.81465658630007,109.0391690106127,27067100
2019-03-26,110.30205535888672,111.05043239750712,109.31044525546203,110.96624292472451,26097700
2019-03-27,109.23562622070312,110.58271513881942,108.06628018403877,110.2740060722308,22733400
2019-03-28,109.38530731201172,109.99336868613277,108.63692298430551,109.86240249935247,18334800
2019-03-29,110.33012390136719,110.6856024767777,109.41335359819583,110.45173330258429,25399800
2019-04-01,111.3404312133789,111.42462782580611,110.47979438145998,111.27494813132247,22789100
2019-04-02,111.49947357177734,111.77076267954062,110.87269873936926,111.37785702929526,18142300
2019-04-03,112.2291488647461,112.65946732105715,111.46205820138789,112.12624584941939,22860700
2019-04-04,111.65850830078125,112.47237566341686,110.74173792204958,112.35075911505533,20112800
2019-04-05,112.15431213378906,112.47237795468953,111.66786734179729,111.68657373732248,15826200
2019-04-08,112.1917495727539,112.2759390714398,110.9849834650645,112.07948977071676,15116200
2019-04-09,111.58367156982422,111.8268975362352,110.92884066462729,110.9756102223576,17612000
2019-04-10,112.43496704101562,112.58463962858177,111.8269056494333,112.03271170231858,16477200
2019-04-11,112.56591796875,113.05236273378559,112.18236907908332,112.76236722792521,14209100
2019-04-12,113.14591217041016,113.17398246861612,112.60334106949091,112.85591665637389,19745100
2019-04-15,113.23945617675781,113.73525768050715,112.79042422523496,113.1365531698905,15792600
2019-04-16,112.9775390625,113.80076328032436,112.35077126910892,113.79140651317941,14071800
2019-04-17,113.91301727294922,113.98785713674188,112.76238469990653,113.41721566528675,19300900
2019-04-18,115.4097671508789,115.55008295117011,113.47333059852848,114.30590432015464,27991000
2019-04-22,115.77461242675781,115.99912486358359,114.66139273491385,114.70816943043332,15648700
2019-04-23,117.3462142944336,117.47718047793992,115.84009604698912,116.09267164743082,24025500
2019-04-24,116.94396209716797,117.7297592191694,116.48557330554524,117.67363289248983,31257000
2019-04-25,120.81680297851562,122.89356227212217,120.51745787475438,121.66809015118803,38033900
2019-04-26,121.50904846191406,122.09840325594456,120.69518843148289,121.33130563360396,23654900
2019-04-29,121.39682006835938,121.78035468182438,121.00392155201622,121.51842233759561,16324200
2019-04-30,122.17327117919922,122.26681029112339,121.0413380132484,121.43423654151226,24166500
2019-05-01,119.62877655029297,122.22004427453118,119.46039043245324,122.10779162071931,26821700
2019-05-02,118.06652069091797,119.74102494306064,117.42103944445549,119.72231854824663,27350200
2019-05-03,120.58293914794922,121.07874064972249,119.03940832533303,119.14231133179021,24911100
2019-05-06,119.88136291503906,120.26491188230264,117.97299625778682,118.23492865634604,24239800
2019-05-07,117.42102813720703,118.97392283071704,116.20491275200963,118.30037848833297,36017700
2019-05-08,117.41170501708984,118.21621570355701,116.70074059104678,117.34622192108075,28419000
2019-05-09,117.40233612060547,117.67362524379291,115.59686564617424,116.27041007103666,27235800
2019-05-10,118.92716979980469,119.675554137351,115.83074369902276,116.85041718050155,30915100
2019-05-13,115.39105224609375,117.44910531703063,115.10105674611523,116.10201655329892,33944900
2019-05-14,116.68202209472656,117.75781468373503,115.71847501461691,115.87751149168133,25266300
2019-05-15,118.32515716552734,118.97302773764963,116.14681772871896,116.67262874004524,24722700
2019-05-16,121.05745697021484,121.47999118632816,118.73828253538441,119.01057583676587,30112200
2019-05-17,120.24998474121094,122.49404950033257,120.1091352245321,120.47532104457021,25770500
2019-05-20,118.5129623413086,119.79930506164433,118.08105096713724,118.7946399347903,23706900
2019-05-21,119.15143585205078,119.74296521710198,118.85097546866184,119.6490726904568,15293300
2019-05-22,119.87440490722656,120.40960730217815,118.79462304356026,118.88852272491032,15396500
2019-05-23,118.47537994384766,118.57866385630554,117.12330484515489,118.4941555808675,23603800
2019-05-24,118.53170776367188,119.63965654140455,118.27819727781417,119.16080260550233,14123400
2019-05-28,118.4566421508789,120.18428785022584,118.35335820542427,119.22657245837775,23128400
2019-05-29,117.31111907958984,117.7336390455667,116.4660719840953,117.72424764352209,22763100
2019-05-30,118.05288696289062,118.08105400660973,117.16088998505239,117.61158417518155,16829600
2019-05-31,116.12802124023438,117.01062653787463,115.7900024949057,116.64444075769173,26646800
2019-06-03,112.52250671386719,116.77590868409635,111.74319236988596,116.28765613046434,37983600
2019-06-04,115.63980865478516,115.75247682609458,113.28306816983752,113.87459755983467,29382600
2019-06-05,118.1467514038086,118.18430984101722,116.62566693278637,117.32048011229752,24926100
2019-06-06,120.01525115966797,120.15609352272283,117.9308042443685,118.71951717935161,21459000
2019-06-07,123.37665557861328,124.17475995566357,120.42838585860932,121.3016071216122,33885600
2019-06-10,124.5033950805664,125.8930216590109,123.94002559702024,124.31559570133028,26477100
2019-06-11,124.0339126586914,126.04324259904969,123.26397539803801,125.70522380875205,23913700
2019-06-12,123.46112823486328,123.91181506727784,122.7287567595361,123.37661281303623,17092500
2019-06-13,124.24049377441406,124.87896582040665,123.52689051467978,123.92124342433658,17200800
2019-06-14,124.36253356933594,125.62070905739449,123.60199486874949,124.18413277249127,17821700
2019-06-17,124.73812103271484,125.56437806836328,124.43765350914808,124.5315531920327,14517800
2019-06-18,126.90706634521484,126.98218322451574,125.41415597769388,125.99629388342612,25934500
2019-06-19,127.40471649169922,127.63005282614675,125.63950546076002,126.75684587599999,23744400
2019-06-20,128.58775329589844,129.25440660145264,127.43286179759795,129.0572230153629,33042600
2019-06-21,128.6065673828125,129.32015637224728,128.1277133102147,128.2403814856301,36727900
2019-06-24,129.3671112060547,129.94924923757614,128.63473938346874,128.63473938346874,20628800
2019-06-25,125.28265380859375,129.1886444197821,124.6253992170658,128.86940852205075,33327400
2019-06-26,125.75218200683594,127.45167482915869,125.44234452632614,126.14654927255833,23657700
2019-06-27,125.95874786376953,126.48456610062782,125.35782706301347,125.94936362505281,16557500
2019-06-28,125.7803726196289,126.38129347415125,125.02921796970516,126.3531264283989,30043000
2019-07-01,127.39532470703125,128.35304716065218,126.72868557936685,128.28732883530088,22613500
2019-07-02,128.24034118652344,128.2497254224983,127.07605120713667,127.8084227713561,15237800
2019-07-03,129.06663513183594,129.32953705617595,127.96806326510324,128.44693159857144,13629300
2019-07-05,128.6910858154297,128.94460357127926,127.43290993053576,127.6394778312896,18141100
2019-07-08,128.59715270996094,128.72860365919703,127.10422810361216,128.07133458593756,16779700
2019-07-09,128.12770080566406,128.60655483152837,127.5079972471943,127.69578229692064,19953100
2019-07-10,129.43284606933594,130.1182680530164,128.65352438286828,128.75680832510093,24204400
2019-07-11,129.94923400878906,130.71917135245343,129.45159717040355,129.7614489555064,22327900
2019-07-12,130.41868591308594,130.63465230545916,129.58303036260477,130.37175040151538,18936800
2019-07-15,130.41868591308594,131.01960659739734,130.0055645833737,130.925721247177,16651500
2019-07-16,128.70986938476562,130.5595819352296,128.18406538958314,130.47508079180764,22726100
2019-07-17,127.94925689697266,129.50788517908353,127.90230706858489,129.2919331609911,20211000
2019-07-18,128.0901336669922,128.27791871447187,126.44698942915373,127.2732608305612,30381800
2019-07-19,128.27789306640625,132.0806004076441,128.11827509160875,131.65808055352386,48992400
2019-07-22,129.97735595703125,130.69095896984672,128.9445313587568,129.0196482194256,25074900
2019-07-23,130.7848663330078,131.44213539281736,129.60180781409218,131.22616900935827,18034600
2019-07-24,132.1275634765625,132.14634627756064,130.3717512508396,130.41868676271594,20738300
2019-07-25,131.62994384765625,132.0242967575044,130.8130709863337,131.85528018066594,18356900
2019-07-26,132.70970153808594,133.02893752007677,131.73321079109064,131.7989291040514,19037600
2019-07-29,132.4186248779297,132.86931178665947,130.85998200668604,132.85992755023454,16605900
2019-07-30,131.78018188476562,132.59705477251788,131.26376222644112,131.5829982599211,16846500
2019-07-31,127.94925689697266,131.9115817180221,126.83191688589376,131.76134799801164,38598800
2019-08-01,129.62998962402344,132.33414006352837,128.56898336714653,128.63471601145017,40557500
2019-08-02,128.54080200195312,129.87410859795295,127.00094191264206,129.6581422139498,30791600
2019-08-05,124.1372299194336,125.75219309899397,122.7945386347674,125.16067080239876,42749600
2019-08-06,126.46576690673828,127.39530786709933,125.07614042140693,125.63011130262333,32696700
2019-08-07,127.01972961425781,127.3671326314653,123.78039132707562,125.62070465437274,33414500
2019-08-08,130.40931701660156,130.50321670494685,127.63004957030374,128.25915169347147,27496500
2019-08-09,129.30137634277344,130.86940372790897,128.12770186344318,130.14641623705882,23466700
2019-08-12,127.49857330322266,129.4421847150664,126.98216810103708,128.7004289018172,20484300
2019-08-13,130.1370391845703,130.3248242462156,126.75685076662751,127.74274024911765,25154600
2019-08-14,126.21800994873047,128.98768653652,125.92597176256544,128.46013182928155,32527300
2019-08-15,125.93537902832031,126.78324707371446,124.58823151561057,126.60425222941613,28074400
2019-08-16,128.24349975585938,128.55438338343822,126.91518272205668,127.06591679145104,24449100
2019-08-19,130.39138793945312,130.52327663422912,128.9594432713212,129.86383316034915,24355700
2019-08-20,129.30801391601562,130.67402153767446,129.28918294004671,130.20298839221715,21170800
2019-08-21,130.74935913085938,131.40881695837308,130.00513317166792,130.52327244694763,14970300
2019-08-22,129.7978973388672,131.13562979776628,128.39421333720122,130.62692030627167,18697000
2019-08-23,125.6622314453125,130.33488692548528,125.10641574171298,129.242086495675,38508600
2019-08-26,127.60287475585938,127.70650262165492,126.14266914684612,127.16953231692578,20312600
2019-08-27,127.87606811523438,128.79928894429008,126.85863491850829,128.48840538072469,23102100
2019-08-28,127.70646667480469,127.89487700281988,125.81291915985409,127.06586868459571,17393300
2019-08-29,130.1181640625,130.41963211192012,128.9782721407511,129.29857116216917,20168700
2019-08-30,129.8732147216797,131.1167343226189,128.37533328483565,131.08847349360568,23940100
2019-09-03,128.15870666503906,129.25150713842604,127.83840753915433,128.69569141266268,18869300
2019-09-04,129.65660095214844,129.7131226351878,128.57321598632237,129.3457173206397,17995900
2019-09-05,131.9363555908203,132.2472391179814,130.7210823142099,131.0508111876561,26101800
2019-09-06,131.04144287109375,132.0588619401179,130.19357448051684,131.9175577290847,20824500
2019-09-09,129.55296325683594,131.6537671077461,128.55437526603893,131.50303304786965,25773900
2019-09-10,128.1963653564453,128.95943664952355,126.71731457867034,128.87465414469017,28903400
2019-09-11,128.2340545654297,128.37537312914318,127.26372746871645,128.03622870093727,24726100
2019-09-12,129.55296325683594,130.40081718775647,128.94061152913451,129.86384686478445,27010000
2019-09-13,129.36451721191406,130.06163689080714,128.65796767263345,129.79785954612535,23363100
2019-09-16,128.43185424804688,128.7804140538481,127.80067177885657,127.96082126732702,16731400
2019-09-17,129.4304656982422,129.55293889571084,128.526075883836,129.02538416013576,17814200
2019-09-18,130.4950408935547,130.6363451027071,128.6203235949755,129.40224042680123,23982100
2019-09-19,132.8972625732422,134.12193691998064,131.95519653742065,132.17186770071928,35772100
2019-09-20,131.36170959472656,133.4436677892611,130.24064854776688,132.84074601292843,39167300
2019-09-23,131.0791015625,131.54071921440732,130.41965804176857,131.16388407771032,17139300
2019-09-24,129.42098999023438,132.539225145808,128.94995714196568,132.22834174097684,29773200
2019-09-25,131.2863311767578,131.8515765819618,128.14924936492994,129.53408767037075,21382000
2019-09-26,131.45591735839844,132.05883917954642,130.41965311490762,131.3617193588757,17456600
2019-09-27,129.75076293945312,132.22840143988893,128.7333298028649,132.03056122939054,22477700
2019-09-30,130.97543334960938,131.154428187552,129.79785086291952,130.05221270498467,17280900
2019-10-01,129.1290283203125,132.12479210777667,129.06307678264102,131.56897646793246,21466600
2019-10-02,126.8492431640625,128.46959862620375,125.84123952615924,128.35655525087083,30521700
2019-10-03,128.38479614257812,128.8275684602126,125.50207552124122,127.13184621978174,24132900
2019-10-04,130.1181640625,130.2406372544254,128.51665458062195,128.82753811604104,22897700
2019-10-07,129.17613220214844,130.1747202246016,129.08193419283285,129.1949775539282,15303700
2019-10-08,127.81011199951172,129.7790267900296,127.7630058173658,129.13842871216846,25550500
2019-10-09,130.23118591308594,130.66452814633456,129.0347582803812,129.49637571341754,19749900
2019-10-10,131.04144287109375,131.57841324781248,130.2406806757921,130.4667817882378,17654600
2019-10-11,131.58778381347656,132.8595787777606,131.41821881812544,132.0022951907184,25446000
2019-10-14,131.46534729003906,132.16246711107746,131.43708645268833,131.59723598927255,13304300
2019-10-15,133.36831665039062,133.5755579861914,131.71027096567093,131.94578751181507,19695700
2019-10-16,132.27549743652344,132.82189747010992,131.4464747131802,132.63347276041398,20751600
2019-10-17,131.5972137451172,133.22698404761675,130.9660311929906,132.78421183757777,21460600
2019-10-18,129.4492950439453,131.88924258175905,128.64853317835568,131.66314156240998,32273500
2019-10-21,130.41017150878906,130.476123019598,129.072439698111,130.42901685113225,20078200
2019-10-22,128.46958923339844,131.8987103241201,128.365961355322,130.91896760168206,27431000
2019-10-23,129.28915405273438,129.486979879743,127.75358174170623,128.95000968878912,29844600
2019-10-24,131.83274841308594,132.2849361712969,130.6363202952217,131.31460911993295,37029300
2019-10-25,132.57696533203125,132.9632159036771,131.13560527178078,131.26749395785637,25959700
2019-10-28,135.8365478515625,137.23080200968738,135.1959352655322,136.03437373306028,35280100
2019-10-29,134.55531311035156,136.1285618930684,134.38573372445262,135.73289582568952,20589500
2019-10-30,136.23220825195312,136.59961353405308,134.51764068562605,135.20535943464697,18496600
2019-10-31,135.06399536132812,136.53361599460894,134.70602006269954,136.50535516510632,24605100
2019-11-01,135.3937530517578,136.05319650529455,134.68720341408505,135.90246246597496,33128400
2019-11-04,136.17567443847656,136.59960136084538,135.80826918911828,136.43945182905225,16912000
2019-11-05,136.09091186523438,136.61846672366852,135.57277249541806,136.5713605309958,18250200
2019-11-06,135.71405029296875,136.14740705653168,134.9038728109251,136.00608850600966,16575800
2019-11-07,135.90243530273438,136.4865259946565,135.4408321649153,135.5067693096953,17786700
2019-11-08,137.50399780273438,137.53225864058572,135.43144052836647,135.63869625580327,16732700
2019-11-11,137.64527893066406,137.9373171227263,136.34522310815422,136.9198840061692,14362600
2019-11-12,138.54966735839844,139.02070040544578,137.59817140349864,137.8054270941825,18641600
2019-11-13,138.77572631835938,138.9170448291359,137.80539958512395,138.2387562268064,16919200
2019-11-14,139.48231506347656,139.81204397344354,138.48372722157296,138.5025725699454,19729800
2019-11-15,141.2816925048828,141.30053785693727,139.68018257525807,140.3019354451368,23485700
2019-11-18,141.63023376464844,141.82807399813032,140.3490231150802,141.37588623204445,21534000
2019-11-19,141.6773223876953,142.56286683531036,141.49832752597038,142.1389399587339,23935700
2019-11-20,141.4315643310547,142.58479709913956,140.33505998777505,142.0838041911342,25696800
2019-11-21,141.2991943359375,141.60168817047122,140.3728322091528,141.22357087730407,18576100
2019-11-22,141.4031982421875,142.07434753406577,140.6753493765547,141.856939069247,15901800
2019-11-25,142.9534149169922,143.06685731305117,141.71511147306902,141.79073492920853,22420900
2019-11-26,143.7096405029297,144.0782958507739,143.0385057427594,143.07631026041267,24620100
2019-11-27,143.98379516601562,144.15393715206415,143.22757490605133,143.99324269067327,15184400
2019-11-29,143.09523010253906,143.96487830859544,143.00069716600424,143.77582685922684,11977300
2019-12-02,141.3654327392578,143.52065177973307,140.20275219935291,143.5017423007938,27418400
2019-12-03,141.13851928710938,141.25194727879412,138.6240930309501,139.41813224384907,24066000
2019-12-04,141.6489715576172,141.96089852915804,141.03453629170258,141.92309400717485,17574700
2019-12-05,141.72459411621094,142.09326396513643,141.2992246907547,141.8380365403815,17869100
2019-12-06,143.44500732421875,143.55843533386508,142.04600898499862,142.726605890285,16403500
2019-12-09,143.07630920410156,143.87979582937618,142.6509398710679,142.80218678796427,16687400
2019-12-10,142.85894775390625,143.57734920985484,142.50918734060494,143.01018029683436,16476100
2019-12-11,143.39772033691406,143.55841480216526,142.10270266631767,143.24647339654746,18856600
2019-12-12,144.85350036621094,145.04255189960267,142.75499517103555,143.35050678003415,24612100
2019-12-13,146.07286071777344,146.413159167457,144.4659014257082,144.62659591254433,23845400
2019-12-16,147.01809692382812,147.36784281482633,146.34696213711803,146.6210845661192,24144200
2019-12-17,146.22410583496094,147.18828716752594,145.99723539679744,146.94250725358953,25425600
2019-12-18,145.92156982421875,146.97082185953417,145.74196591544498,145.85540831365458,24129200
2019-12-19,147.18826293945312,147.24497693373257,145.3355240586829,145.57184198398156,24958900
2019-12-20,148.79525756835938,149.8161529808964,147.73654320144786,148.7385435605026,53477500
2019-12-23,148.79525756835938,149.46639255960463,148.66292007545854,149.46639255960463,17718200
2019-12-24,148.76686096191406,149.0788023457909,148.5210810950226,148.86137947527905,8989200
2019-12-26,149.98626708984375,150.04298108714522,148.7857679267206,148.93701486865942,14520600
2019-12-27,150.26040649414062,150.81811337522475,149.5609001937233,150.7235804290026,18412800
2019-12-30,148.96539306640625,150.3171393638337,148.15245866742518,150.28878236114747,16348400
2019-12-31,149.06936645507812,149.13554240733214,147.8877766537162,148.1902705662426,18369400
2020-01-02,151.82952880859375,151.93350926772743,149.66486306224806,150.09023242281285,22622100
2020-01-03,149.93902587890625,151.19623925114328,149.409675916639,149.6554558446236,21116200
2020-01-06,150.32656860351562,150.3927445508696,147.94447970171677,148.48329153461876,20813700
2020-01-07,148.9559326171875,150.93154722601824,148.71016714066076,150.60071074881336,21634100
2020-01-08,151.32855224609375,151.9997015405678,149.3056712613287,150.23203354534573,27746500
2020-01-09,153.21910095214844,153.34199090041147,152.21711516271918,152.98278300469048,21385000
2020-01-10,152.51010131835938,154.28721636524628,152.35885441570974,153.90911353232073,20725900
2020-01-13,154.3439483642578,154.3723053588524,152.43449566058825,152.90713146876487,21626500
2020-01-14,153.25689697265625,154.64644744971824,152.86933213511907,154.44793405712338,23477400
2020-01-15,154.24948120117188,154.9678971670826,153.67287911610023,153.7201311781048,21417900
2020-01-16,157.0758056640625,157.1419816102334,155.05292468702913,155.35541857174925,23865400
2020-01-17,157.95492553710938,158.30467149192543,156.37630891838617,158.25740501659007,34371700
2020-01-21,157.3877410888672,158.98525260050442,157.32156514521276,157.55788307477562,29517200
2020-01-22,156.6315460205078,158.3235907455817,156.6126365444651,158.2385053152415,24138800
2020-01-23,157.59571838378906,157.6713418599453,156.22507713475247,157.09472547499433,19680800
2020-01-24,156.00765991210938,158.36139201317255,155.44995298181732,158.3424825375192,24918100
2020-01-27,153.39871215820312,154.43851694569852,151.4325450114777,152.33055036956728,32078100
2020-01-28,156.4046630859375,156.68823305925625,154.1454642817214,154.81659911684454,24899900
2020-01-29,158.8434295654297,159.51457873200403,156.6220500121223,158.65437813463538,34754500
2020-01-30,163.32406616210938,164.52456542873182,161.4429700217879,164.52456542873182,51597500
2020-01-31,160.91358947753906,162.96482723403622,160.29916867247016,162.78523773584587,36142700
2020-02-03,164.83651733398438,164.94994534557068,161.07432481438784,161.1026818172844,30107000
2020-02-04,170.2623291015625,170.75387441009062,166.66084633572413,167.44542355504944,36433300
2020-02-05,170.05441284179688,174.11908498739666,168.64596691048436,173.95839049164914,39186300
2020-02-06,173.5802764892578,173.75988045068001,170.20564902136644,171.0658498767549,27751400
2020-02-07,173.8260040283203,175.47078190024337,172.49316753333272,172.8429278537335,33529100
2020-02-10,178.37281799316406,178.5051554921189,173.22108863739334,173.53303011858094,35844300
2020-02-11,174.34591674804688,180.2633124685266,173.45735903159144,180.2160459982191,53159900
2020-02-12,174.6011505126953,175.67875972595644,171.89767274276622,175.42353231595447,47062900
2020-02-13,173.65586853027344,176.03794280419976,172.86182934859667,173.06034274994119,35295800
2020-02-14,175.2061309814453,175.26284498070825,172.65388562499024,173.2210544650253,23149500
2020-02-18,176.9832305908203,177.42750947945905,175.3479144568941,175.4518949292075,27792200
2020-02-19,177.51402282714844,178.3670852904449,176.746263717562,178.25334748549824,29997500
2020-02-20,174.8031768798828,177.4856045751215,171.65631012999017,177.20124557370298,36862400
2020-02-21,169.27719116210938,173.9311563648692,168.00707065761887,173.6183629039544,48572600
2020-02-24,161.9787139892578,165.44786191190894,154.7181513655058,159.0214151505909,68311100
2020-02-25,159.30581665039062,165.72277733069018,158.90770527302703,165.11615139518335,68073300
2020-02-26,161.29623413085938,164.2250980795155,159.43844930371904,160.86022960459255,56206100
2020-02-27,149.93150329589844,158.32001499596967,149.74193543338117,154.80348558750697,93174900
2020-02-28,153.561767578125,155.17313038454182,144.0737575661736,144.4623810412788,97012700
2020-03-02,163.77963256835938,163.9028581761286,153.84612995671205,156.68969102388243,71030800
2020-03-03,155.93136596679688,165.87435387128133,153.79869570273755,164.73693262306887,71677000
2020-03-04,161.65643310546875,161.79860535911507,156.98350737328664,159.7038570188698,49814400
2020-03-05,157.599609375,161.95972690449452,157.0498525958926,157.39108044281798,47817300
2020-03-06,153.14474487304688,154.60443335618072,147.86519228321035,154.1305064578371,72821100
2020-03-09,142.76568603515625,149.52388595235027,142.17802150778155,143.1258749845001,70419300
2020-03-10,152.52859497070312,152.6328594420787,144.62349965654747,149.91252432041284,65354400
2020-03-11,145.61874389648438,149.4765002813039,143.26805670517658,148.93623128461837,56371600
2020-03-12,131.80853271484375,145.4671079518946,131.35356699021355,137.72314498743467,93226400
2020-03-13,150.547607421875,153.46699860222324,133.39144937999532,139.80842308587606,92727400
2020-03-16,128.35833740234375,141.5619460470006,127.96024061156848,132.6995087823673,87905900
2020-03-17,138.9269561767578,139.8084533812109,127.96027936585405,132.6995489719968,81059800
2020-03-18,133.07861328125,138.38659817455317,127.97917175876371,130.80377087731736,81593200
2020-03-19,135.26821899414062,142.32023895199598,131.75167511472426,135.32508790671272,85922700
2020-03-20,130.18771362304688,139.4292873501573,128.77540638008531,138.38664247775617,84866200
2020-03-23,128.88912963867188,133.23978869379377,125.60956425248216,129.86541769841315,78975200
2020-03-24,140.60459899902344,141.79890378670194,133.90328159423055,136.25395446330393,82516700
2020-03-25,139.2586669921875,146.28226653788022,136.90799381312664,141.14490110421414,75638200
2020-03-26,147.96945190429688,148.49077436791936,140.63305855292953,140.66149300884524,64568100
2020-03-27,141.89370727539062,146.81307068348792,141.41978038772191,143.8368104074525,57042300
2020-03-30,151.87457275390625,152.22528840805572,142.18750815722464,144.4907998422536,63420300
2020-03-31,149.48602294921875,156.1873415159035,148.39598244665945,151.08788365564143,77927200
2020-04-01,144.17803955078125,149.52393430986507,142.95531453413534,145.021628839362,57969900
2020-04-02,147.1637420654297,147.3722710107029,142.51926529474,143.94104566900393,49630700
2020-04-03,145.80831909179688,149.1732022198361,144.25383978691568,147.01209719751583,41243300
2020-04-06,156.6517791748047,157.8176351324215,149.3627821810192,151.95990642835253,67111700
2020-04-07,154.96461486816406,161.13513757689245,154.74659809212773,160.74651406806288,62769000
2020-04-08,156.5191192626953,157.9788079061192,154.97411277624386,157.03095400534707,48318200
2020-04-09,156.528564453125,158.64227422215973,154.81295151526945,157.6849471612122,51385100
2020-04-13,156.87924194335938,156.9361253075692,153.83664002908935,155.77974277463417,41905300
2020-04-14,164.6421661376953,164.6895617099437,159.2394035526362,160.1872571452114,52874300
2020-04-15,162.91708374023438,164.51895866137778,160.41475077875486,162.27253576214963,40940800
2020-04-16,167.80799865722656,168.03548873292664,163.88388524576575,165.2108889927018,50479600
2020-04-17,169.2866973876953,170.6136869453631,166.6990460555909,170.13976003718153,52765600
2020-04-20,165.93125915527344,169.42884146949478,165.86491691998498,167.4193963415168,36669600
2020-04-21,159.06881713867188,164.6137526846759,157.4479809248554,164.4526192889561,56203700
2020-04-22,164.4716033935547,164.92656918992733,161.91240090219344,162.45267007355434,34620200
2020-04-23,162.4810791015625,165.93126598218663,161.99767892251862,165.0308078621168,32790800
2020-04-24,165.44786071777344,165.45733404774205,161.8081061021307,163.08769987665707,34277600
2020-04-27,164.97393798828125,167.67531233267164,164.26304771926806,167.3814800022421,33194400
2020-04-28,160.95504760742188,166.50947132086196,160.55695075653242,166.4336412831067,34392700
2020-04-29,168.17770385742188,168.41466732301353,162.9171264917688,164.18724719619559,51286600
2020-04-30,169.86485290527344,170.9927865594313,167.04023871586077,170.61365089823016,53875900
2020-05-01,165.4668426513672,169.32460004626728,164.93603238128148,166.63269876050148,39370500
2020-05-04,169.51417541503906,169.66583549891993,164.73699847760517,165.39101993412743,30372900
2020-05-05,171.33399963378906,174.0732957690794,170.51884501586025,171.2013007175261,36839200
2020-05-06,173.0211944580078,174.59463494769062,172.15865865064302,172.58518988955504,32139300
2020-05-07,174.0259246826172,174.926382699325,173.05910997240878,174.56619370740268,28316000
2020-05-08,175.04962158203125,175.35294172080944,173.79846216732196,175.33398059636073,30877800
2020-05-11,177.00218200683594,177.73201884699927,173.31503217434738,173.5993766766979,30892700
2020-05-12,172.99278259277344,177.28655892042042,172.7937414047397,177.0590832769533,32038200
2020-05-13,170.376708984375,174.45248294032083,167.3340921291514,173.0307023368351,44711500
2020-05-14,171.11602783203125,171.2676878956432,166.51893158760433,168.28194005356912,41873900
2020-05-15,173.6088409423828,177.30546360297237,167.77006023372707,169.72263602178697,46610400
2020-05-18,175.2676239013672,176.49034876011717,174.3671658161669,176.06381750534854,35264500
2020-05-19,174.0543670654297,176.86949350940563,173.9216681354789,175.38135636493746,26799100
2020-05-20,176.4686279296875,176.6492240164961,174.83377793793983,175.6607026476636,31261300
2020-05-21,174.34901428222656,177.42861841763434,174.21594577347696,176.22148762180447,29119500
2020-05-22,174.42507934570312,175.32805988927586,173.5030993721259,174.1209289284326,20826900
2020-05-26,172.58108520507812,177.26701047752772,172.13435216853748,177.1149280601144,36073600
2020-05-27,172.8092041015625,172.98030045667377,167.85714157024967,171.27890913531226,39517100
2020-05-28,172.41952514648438,175.03338242380826,171.45003216242014,171.79221042249597,33810200
2020-05-29,174.17791748046875,175.14742482016004,171.47851967536127,173.68365684604478,42130400
2020-06-01,173.77871704101562,173.94029918509904,172.47654567180405,173.50306582205417,22622400
2020-06-02,175.75570678710938,175.84124769707074,172.37195320601938,175.12837777397453,30794600
2020-06-03,176.1834716796875,176.7347596373877,174.49159444895008,175.67021158300358,27311000
2020-06-04,173.86427307128906,176.63971241141127,173.2749717295189,175.1759587709763,28761800
2020-06-05,177.93238830566406,178.43614872306114,172.99932449815253,173.5791261393768,39893600
2020-06-08,179.0349578857422,179.2155539729429,175.3090250719007,176.73476533500545,33211600
2020-06-09,180.4036407470703,181.25907896079704,177.98937951595948,178.6927498162393,29783900
2020-06-10,187.0951385498047,188.69197518428444,181.55375966025008,181.66782874345716,43872300
2020-06-11,177.0484619140625,186.06863765914875,176.85836607865363,183.5688491419262,52854700
2020-06-12,178.4456787109375,182.2286392845335,176.01240284356672,181.1070492631869,43373600
2020-06-15,179.58627319335938,181.37320590282792,174.90033194035374,175.44212028441342,32770200
2020-06-16,183.987060546875,185.8975475388432,181.98151838971393,183.34071733100382,42556700
2020-06-17,184.62387084960938,186.60089915769962,184.10109650074745,185.37475436642524,25687800
2020-06-18,186.60089111328125,186.76247326807626,184.39573922892131,184.39573922892131,23061600
2020-06-19,185.48880004882812,189.423842544377,184.74741628179572,188.7584999974735,44441100
2020-06-22,190.6405029296875,190.8210845257473,185.56485622646053,186.0971303068874,32818900
2020-06-23,191.9141845703125,193.85318531785475,191.4579371563403,192.08526647301503,30917400
2020-06-24,188.04563903808594,193.1878125857555,186.82900846349898,191.61950404139304,36740600
2020-06-25,190.42190551757812,190.67854287906226,185.7930058119393,188.00765788660826,27803900
2020-06-26,186.6103973388672,189.99415200060372,185.23218461473925,189.84206955429684,54675800
2020-06-29,188.61593627929688,188.7014772152176,183.9680235503295,186.08762003729692,26701600
2020-06-30,193.4349365234375,194.28087520010905,187.9505991998322,188.0836677162733,34310300
2020-07-01,194.56597900390625,196.13430167829475,191.78104054793843,193.0832117505768,32061200
2020-07-02,196.04881286621094,197.72169095393087,194.85119610163304,195.4975248148834,29315800
2020-07-06,200.2689971923828,200.67771697922893,197.78820833392348,198.49157881412916,31897600
2020-07-07,197.9402618408203,204.04242807649197,197.69313876394023,200.03134453942326,33600700
2020-07-08,202.29354858398438,202.70225385814945,198.35850577769656,199.67019154758614,33600000
2020-07-09,203.70974731445312,205.66776134855445,201.00083539138876,205.6202337790769,33121700
2020-07-10,203.09190368652344,203.48160942420216,200.63012949589782,203.0443761203763,26177600
2020-07-13,196.81866455078125,205.11646741866815,196.2768763807483,203.86180923756712,38135600
2020-07-14,198.03533935546875,198.51058613625617,192.02821308469305,195.92524248850216,37591800
2020-07-15,197.7406768798828,200.86780886223525,194.879696441531,199.18543117423306,32179400
2020-07-16,193.82461547851562,195.51649259722572,192.29432049997686,195.23134167200274,29940700
2020-07-17,192.83616638183594,194.88922175003796,191.4199255484645,194.34744788312085,31635300
2020-07-20,201.12442016601562,201.78976268148,192.95967039395572,194.8511575839136,36884800
2020-07-21,198.41554260253906,203.34860679664743,197.731186037843,203.0824697440858,37990400
2020-07-22,201.26698303222656,201.78975731740158,198.07332453951392,198.84322189432683,49605700
2020-07-23,192.51296997070312,200.47811108769793,192.14227804181618,196.932773972612,67457000
2020-07-24,191.33436584472656,192.81713354998143,187.7319869550339,190.4979268301186,39827000
2020-07-27,193.75811767578125,193.87217226170424,190.91613671502756,191.4959383657706,30160900
2020-07-28,192.01869201660156,194.56600751672175,191.75255500922717,193.52997313063014,23251400
2020-07-29,193.9576873779297,194.51847502189628,192.00917294201005,192.4749199448213,19632600
2020-07-30,193.80563354492188,194.33792212812435,189.69000914080848,191.04920798725416,25079600
2020-07-31,194.86065673828125,194.94621217125055,189.15769604486636,194.28085515431556,51044000
2020-08-03,205.81980895996094,206.86535737180193,200.02180864017643,201.04834312542675,78983000
2020-08-04,202.73074340820312,204.1374841693981,199.8982769624529,203.56718229287267,49280100
2020-08-05,202.39808654785156,204.3561008212258,201.09591510463036,204.26104567065477,28806400
2020-08-06,205.63926696777344,205.65826639464163,201.07689543479427,201.8277788907073,32656800
2020-08-07,201.9608917236328,205.021482513169,200.48762362874464,204.21357159256627,27820400
2020-08-10,197.9402618408203,201.3905577207116,196.13433007915847,201.19094771383908,36716500
2020-08-11,193.31137084960938,197.36996761393385,193.08324719054212,196.9042350854853,36446500
2020-08-12,198.83372497558594,199.8697593440699,194.6135317826881,195.12679185865025,28013100
2020-08-13,198.3679656982422,200.8867818597186,197.84519143805818,199.07133602134232,22588900
2020-08-14,198.55807495117188,199.21391774906647,197.23688964214472,198.42500644894537,17958900
2020-08-17,199.86978149414062,200.73473410095306,198.577109692729,199.22345284512505,20184800
2020-08-18,201.0198516845703,201.8467762903715,198.85272792197682,200.10737165135185,21336200
2020-08-19,199.80030822753906,202.08701579049102,199.37155510274798,201.5058125871485,27627600
2020-08-20,204.44993591308594,204.8501064694833,199.04761159406166,199.64786015943778,26981500
2020-08-21,202.96356201171875,206.04107316088508,202.80158927107192,203.76390303789307,36249300
2020-08-24,203.60194396972656,205.34555352569097,202.4014178114079,204.65000551578154,25460100
2020-08-25,206.2506866455078,206.38407681542566,203.03978535206127,203.03978535206127,23043700
2020-08-26,210.70977783203125,211.6054039276982,207.0987054135543,207.59416093128425,39600800
2020-08-27,215.88340759277344,220.2376553277193,209.04235998516526,212.36760613351487,57602200
2020-08-28,218.10342407226562,219.75174867918676,215.8834189640669,217.40787607007542,26292900
2020-08-31,214.8829803466797,217.90332645550527,213.7205740160353,216.28358445756368,28774200
2020-09-01,216.5408477783203,216.7123432061148,213.83490987501472,214.86392605709895,25725500
2020-09-02,220.71408081054688,221.86696458633978,216.61709018577795,217.2078160912499,34080800
2020-09-03,207.04153442382812,218.48455170958857,204.8120064646057,218.44644645781082,58400300
2020-09-04,204.1355438232422,208.0515167973751,195.50325664162827,204.9454222745572,59664100
2020-09-08,193.09268188476562,200.11474887844855,192.65439150452016,196.75139686508913,52924300
2020-09-09,201.3152618408203,204.69767377044025,196.94195338337948,197.79947425284936,45679000
2020-09-10,195.67469787597656,204.60236011002283,194.47418635865475,203.32560902386254,35461500
2020-09-11,194.39796447753906,198.78080929672177,191.73968373953392,197.41831048120244,33620100
2020-09-14,195.7128143310547,199.32388603691476,194.39795802128066,194.59805053998278,30375800
2020-09-15,198.92373657226562,199.87652772915487,197.16106711664477,198.58073117424792,21823900
2020-09-16,195.3698272705078,200.70544896164475,194.97917941167134,200.6768663903581,26328100
2020-09-17,193.330810546875,194.68377191902317,190.52008021903868,190.60582791327076,34011300
2020-09-18,190.9298095703125,194.0359033488756,186.98525496432242,193.22603963005503,55225300
2020-09-21,192.97833251953125,193.1403198251384,187.109149494858,187.88090807777397,39839700
2020-09-22,197.62794494628906,198.27585050912126,192.54004353083127,195.37935717841205,33517100
2020-09-23,191.1204071044922,198.27587921162157,190.58684629223876,198.08530931715242,30803800
2020-09-24,193.59762573242188,195.8652732003476,189.79598401356498,190.4153069509795,31202500
2020-09-25,198.00906372070312,199.17145554804117,192.9783130746284,193.94064144048286,29437300
2020-09-28,199.55259704589844,202.5348382407548,198.2377404994357,200.9246187398699,32004900
2020-09-29,197.47552490234375,200.15288073946687,197.04677171352878,199.4668698219862,24221900
2020-09-30,200.40057373046875,201.97267338638392,196.78948696094645,197.92331080881587,33829100
2020-10-01,202.43002319335938,203.8877925550821,201.34384181524362,203.4113969587429,27158400
2020-10-02,196.4560089111328,201.02940932407267,195.83668594256645,198.18055856092133,33154800
2020-10-05,200.4482421875,200.47682476397242,197.20874298235645,197.4374181325775,21331600
2020-10-06,196.18923950195312,200.2576474587062,195.15070058306898,198.96186538347163,28554300
2020-10-07,199.9241485595703,200.1909288915541,196.96096780077255,197.2849132698332,25681100
2020-10-08,200.6387939453125,201.21999722056478,198.48549083850378,200.5720915757786,19925800
2020-10-09,205.62185668945312,205.6694991548574,201.25807145801653,201.25807145801653,26458000
2020-10-12,210.9479522705078,213.29182486837524,206.5746444335624,208.46116681722611,40461400
2020-10-13,212.3390350341797,214.57810003901824,210.02374499317224,212.20564485549392,28950800
2020-10-14,210.43344116210938,213.634819812789,208.78511664370075,212.47241351746592,23421700
2020-10-15,209.2901153564453,209.9570662787995,205.81241880530467,206.85097224701303,22733100
2020-10-16,209.2901153564453,211.79594628889316,208.96616984250753,209.75697373287338,26057900
2020-10-19,204.10694885253906,211.8055041277788,203.6305532132676,210.01425187181692,27625800
2020-10-20,204.51658630371094,207.10817903708136,203.03023464101497,205.61230469803786,22753500
2020-10-21,204.65956115722656,206.67947393271433,203.05886431483884,203.05886431483884,22724900
2020-10-22,204.74530029296875,205.86006425184692,201.70589404020626,203.83061434447285,22351500
2020-10-23,206.0220184326172,206.06966089598714,203.09695727371624,204.87867200393134,18879600
2020-10-26,200.16236877441406,206.12683620625828,198.27584634708583,203.75439552083563,37111600
2020-10-27,203.18272399902344,204.53568576239945,200.4005754314339,201.60108711313487,36700300
2020-10-28,193.11172485351562,198.9809224817039,192.559118718675,197.86615845641646,51195600
2020-10-29,195.05543518066406,197.57080361928288,193.76916111634387,194.43612665395665,31432600
2020-10-30,192.91159057617188,194.6456625970207,190.1961304721257,193.89296412093262,36953700
2020-11-02,192.7782745361328,195.5890060955772,190.67259926723062,194.64573743039514,30842200
2020-11-03,196.68466186523438,198.29488116733683,193.5309256171822,194.26457884266878,27512000
2020-11-04,206.1744842529297,208.01337880275392,202.39190207967457,203.91637379335975,42311800
2020-11-05,212.74871826171875,213.53953661910697,210.70974588983486,211.5577293870567,36080100
2020-11-06,213.158447265625,213.7682330487648,207.73706304101447,211.7673657242911,25231900
2020-11-09,208.080078125,217.35073281065687,207.5941598268988,213.84446802922895,44395000
2020-11-10,201.0484619140625,206.27929073276394,199.81936768721027,204.37370837033654,44045100
2020-11-11,206.32691955566406,207.74656901719345,202.1822723760831,202.36330501469286,29440800
2020-11-12,205.2693634033203,208.76610578771405,204.33563198459447,206.95580810306,21593900
2020-11-13,206.288818359375,207.15586184430438,204.04976775287432,206.1459054941405,18621100
2020-11-16,206.97482299804688,207.4607558021883,204.3927670537816,204.72623524216695,24953300
2020-11-17,204.3356170654297,207.40359150295538,203.97355173955768,205.8981941277248,24154100
2020-11-18,201.64170837402344,205.54882340937317,201.49840677236205,204.0967850562555,28372800
2020-11-19,202.92176818847656,203.5044929955361,200.54310176428234,201.92827756449884,24792700
2020-11-20,200.98251342773438,203.75283551495997,200.6099526701213,202.7115778304131,22843100
2020-11-23,200.71502685546875,202.79754214361827,198.85222313980768,201.51746313659982,25683500
2020-11-24,204.29739379882812,204.66995462675723,199.5209654528128,200.21831990991032,33979700
2020-11-25,204.3069305419922,205.66343437093508,202.95998889819435,205.49148995634454,21012900
2020-11-27,205.60610961914062,206.59961477704968,204.46931745600483,205.2431110137325,14512200
2020-11-30,204.49801635742188,205.15715124474664,201.41243305795305,204.52667376224022,33064800
2020-12-01,206.54232788085938,207.60269559230667,203.8102101922251,204.91833052753248,30904500
2020-12-02,205.73983764648438,205.83537202902343,203.2847614414329,205.27175707094355,23724500
2020-12-03,204.66038513183594,206.70469566225796,204.0967555691371,205.01383612716327,25120900
2020-12-04,204.7750244140625,205.74941981992606,203.6477798118867,204.64128501141468,24666000
2020-12-07,204.70811462402344,205.90222144794012,203.46625518834955,204.78453920993402,24620000
2020-12-08,206.3512725830078,207.2492435331861,203.37078566454701,204.40249603859206,23284100
2020-12-09,202.32949829101562,205.60612098805632,201.76588327062407,205.53925857408703,32440600
2020-12-10,201.1067352294922,203.55226411394892,200.95388603008814,202.30084226889505,26733300
2020-12-11,203.7242431640625,203.78157255596147,199.75981294989188,200.65778392841838,30979400
2020-12-14,204.6221923828125,206.54232595336725,203.36122284871206,203.57138686714595,28798400
2020-12-15,204.55532836914062,205.78764048898248,202.749839007766,205.54881906776095,27000600
2020-12-16,209.4750213623047,210.2679101449516,205.11892143839012,205.14757883974474,35023300
2020-12-17,209.60877990722656,211.01305100787835,208.17585140260252,210.03865554331327,32515800
2020-12-18,208.8158416748047,209.86666149364936,206.3607656638663,208.8158416748047,63354900
2020-12-21,212.63699340820312,213.9839494454833,207.56442979599882,207.82236095933965,37181900
2020-12-22,213.92665100097656,215.54108593235114,211.93010767555515,212.73254404895405,22612200
2020-12-23,211.13720703125,213.5636258075844,210.9270430533982,213.13375024434208,18699600
2020-12-24,212.78985595703125,213.6114021119119,211.3091604413567,211.51932442817505,10550600
2020-12-28,214.9010467529297,215.92319472597202,213.04779042772108,214.41384178664234,17933500
2020-12-29,214.12728881835938,217.02180339074613,213.58278353644175,216.190709476844,17403200
2020-12-30,211.7677001953125,215.54108989426393,211.5670983865259,215.1589669166923,20272300
2020-12-31,212.47463989257812,213.02870733797383,209.85715187326116,211.78683303460437,20942100
2021-01-04,207.9561004638672,213.0286640789787,205.20487359065424,212.5796787329613,37130100
2021-01-05,208.15673828125,208.74902529905103,206.0551127566878,207.54535604544097,23823000
2021-01-06,202.7593994140625,206.8098162211592,202.46326316529786,202.6829748052678,35930700
2021-01-07,208.529296875,209.53234971678856,204.15410145154507,204.46933288683374,27694500
2021-01-08,209.79981994628906,210.71690054092753,207.3256337272198,208.90184914517474,22956200
2021-01-11,207.76504516601562,209.12154880413732,207.03901886920423,208.70122085893067,23031300
2021-01-12,205.31951904296875,207.392501541839,203.78152328009872,206.81932437348303,23249300
2021-01-13,206.66651916503906,207.06773743766976,204.36427697009498,204.45026376719755,20087100
2021-01-14,203.4949493408203,207.73641987769744,203.22747053007149,206.25572423330087,29480800
2021-01-15,203.1414794921875,204.91831131296394,202.54920707742923,203.97258788636626,31746500
2021-01-19,206.7620086669922,207.2778564550541,203.12237302041416,204.1922881817282,30480900
2021-01-20,214.30874633789062,215.69390740254323,207.5739806235108,207.9656511782712,37777300
2021-01-21,214.91058349609375,216.18111498034452,212.47460251731223,214.6526523255992,30709400
2021-01-22,215.84678649902344,219.7825732306377,215.70349948425073,216.92626393198466,30172700
2021-01-25,219.2667236328125,219.505545055719,214.1941589425185,218.87505300088512,33152100
2021-01-26,221.94154357910156,223.70881349882717,219.79215060739182,221.4925581033352,49169600
2021-01-27,222.4860382080078,229.6889006948132,219.8494548701194,227.3580012073378,69870600
2021-01-28,228.24636840820312,231.79048419595736,224.5780754115442,225.0748279766649,49111200
2021-01-29,221.58804321289062,227.37707132988027,221.0053184426969,225.43784282406364,42503100
2021-02-01,228.93421936035156,231.65678952141076,222.03705522373815,224.54946135808032,33314200
2021-02-02,228.80043029785156,231.4752326767527,228.01710374900568,230.51039954635098,25916300
2021-02-03,232.13441467285156,234.13095819780892,228.5616410677944,228.85779186575422,27158100
2021-02-04,231.1886444091797,232.36365609874676,229.62197673292388,231.80958874566235,25296100
2021-02-05,231.37017822265625,232.40188845915685,229.66977095597062,231.39883562562832,18054800
2021-02-08,231.6280975341797,232.78398493204895,230.04231996079577,232.27768473686635,22211900
2021-02-09,232.8699951171875,233.81571861476473,230.58686291698683,231.0549435728777,23565000
2021-02-10,231.96250915527344,234.9238864430231,230.1187999480879,234.045025240281,22186700
2021-02-11,233.5577850341797,234.18826246133182,231.32240561908912,233.8348114486024,15751100
2021-02-12,234.035400390625,234.33153656401527,231.87644582707026,233.02278551420997,16561100
2021-02-16,232.80311584472656,235.12446761239,232.05799418510682,234.07364754036084,26728500
2021-02-17,233.81802368164062,233.92334770145064,230.69662531011264,231.0604745803787,21653500
2021-02-18,233.4254150390625,233.55946244270447,230.61998915924417,231.5200279880137,16925600
2021-02-19,230.72532653808594,233.492459581592,229.96890466577148,233.3871355719054,25262600
2021-02-22,224.54000854492188,227.8146085025634,222.51971275294736,227.32629596320396,36446900
2021-02-23,223.35276794433594,224.84644379771035,219.00577323251326,220.53775670832545,30228700
2021-02-24,224.5783233642578,225.20068336242525,219.26427363578588,220.23132914634272,26339700
2021-02-25,219.25469970703125,224.6166119371233,218.19188978232248,222.21332760741032,39542200
2021-02-26,222.5005645751953,225.36343789150433,219.78129368104075,221.6866957656996,37819200
2021-03-01,226.86671447753906,227.37418084242998,223.23783468700705,225.87092094675552,25324000
2021-03-02,223.9271697998047,227.2113532573463,223.52502757011894,226.93367423037418,22812500
2021-03-03,217.88548278808594,223.6495518308172,217.59823410434785,222.28992364520352,34029500
2021-03-04,217.09075927734375,222.60588703735615,214.72576809610288,217.1003434861413,44727800
2021-03-05,221.75367736816406,223.35267661428756,216.83220182288616,219.762105508003,41872800
2021-03-08,217.72268676757812,223.44844753169778,217.47374572916362,221.53347600830642,35267400
2021-03-09,223.84103393554688,225.37301709229348,221.82073826999846,222.97930254117327,33080500
2021-03-10,222.53884887695312,226.92413561375264,222.17499959610404,226.92413561375264,29746800
2021-03-11,227.048583984375,229.00184834323582,224.34846735381257,224.97084181188526,29907600
2021-03-12,225.72726440429688,225.794295419288,223.3143962358568,224.06123394821893,22653700
2021-03-15,224.82725524902344,225.1911045555788,221.95479763324937,224.9708868958571,26034900
2021-03-16,227.60397338867188,229.85405642506078,225.90921930197513,226.23476099250502,28092200
2021-03-17,226.96241760253906,228.40823044727705,223.3143992028997,226.11025586249227,29562100
2021-03-18,220.9111328125,224.23360982563509,220.53771392160374,222.67290324082728,34833000
2021-03-19,220.5568389892578,222.586704017824,219.59935327992318,221.1983526613033,46430700
2021-03-22,225.95706176757812,226.8283626746955,220.35576442572489,220.48024224534427,30127000
2021-03-23,227.47947692871094,230.8019538061581,226.99116443288878,227.39330671357888,31638400
2021-03-24,225.44961547851562,227.881623009937,225.31556804938333,227.73800598232168,25620100
2021-03-25,222.4622344970703,226.86667476830124,221.72498099263913,225.29639873083224,34061900
2021-03-26,226.42623901367188,226.6464712680149,221.70584100914797,221.70584100914797,25479900
2021-03-29,225.23892211914062,226.7325973461477,222.02176985709806,226.53151893786395,25227500
2021-03-30,221.9930877685547,223.90805936160643,221.27497342116027,223.60165689388273,24792000
2021-03-31,225.74647521972656,228.93490530927735,222.510167908816,223.00806471281993,43623500
2021-04-01,232.04669189453125,232.51585059097783,227.92949998956965,228.33164227655556,30338000
2021-04-05,238.48098754882812,239.333149299018,232.38179326413973,232.4392400726803,36910600
2021-04-06,237.32241821289062,238.79693983718127,236.38408627016022,237.0830467757603,22931900
2021-04-07,239.2756805419922,240.26188968522158,236.68090236866658,237.27453885214405,22719800
2021-04-08,242.48326110839844,243.33542282364596,241.28640394596803,242.02367204884553,23625200
2021-04-09,244.97274780273438,245.10679523034713,241.70771771793406,242.11942959914686,24326800
2021-04-12,245.03018188476562,246.71536615587158,243.79501708514152,243.8812019063308,27148700
2021-04-13,247.50051879882812,248.17077061108847,245.91108871216403,246.32282985291565,23837500
2021-04-14,244.7238006591797,247.82604540903546,244.31208876364178,246.53346291002805,23070900
2021-04-15,248.46754455566406,248.87925640278655,246.77280534904537,246.9642849611244,25627500
2021-04-16,249.6548614501953,249.90381713188594,246.64837095197575,248.43886488991882,24878600
2021-04-19,247.73989868164062,250.36342998370014,246.85902799464517,249.12826495981687,23209300
2021-04-20,247.2803192138672,249.1378442074656,245.9206763716912,246.85902307799017,19722900
2021-04-21,249.5016632080078,249.59741764213118,246.31324801477044,247.93140152495766,24030400
2021-04-22,246.23658752441406,250.6505821670098,244.77162109780306,249.1473227443765,25606200
2021-04-23,250.04742431640625,250.3921344174807,246.33237453675008,246.91645610073897,21462600
2021-04-26,250.43045043945312,251.28262700113714,249.1091443105685,250.53578909343992,19763300
2021-04-27,250.83258056640625,252.00071452471136,249.06122582026688,250.45914704245152,31014200
2021-04-28,243.73756408691406,245.63339634375507,242.19601148356284,245.1929318712651,46903100
2021-04-29,241.77476501464844,245.21215057985066,238.41399468652585,244.59936017389475,40589000
2021-04-30,241.458740234375,242.3204861426284,238.98843995023714,239.12248736573355,30945100
2021-05-03,241.15237426757812,243.53651917014565,240.4438295156719,242.62689597172758,19626600
2021-05-04,237.2554168701172,240.5300313964655,235.31172172633566,240.3002295284538,32756100
2021-05-05,235.99151611328125,238.89269679330795,235.36915621416165,238.47140072187236,21901300
2021-05-06,239.11293029785156,239.23740812996687,234.28720818218096,235.9723779697014,26491100
2021-05-07,241.72686767578125,243.4886380135176,240.49170283166248,241.43003481001085,27032900
2021-05-10,236.6713104248047,241.02787332068948,236.6138636199037,240.20443502693968,29299900
2021-05-11,235.76173400878906,236.11601370401354,232.25734694226097,234.1531648123597,33641600
2021-05-12,228.839111328125,233.9903897227852,227.948656527006,231.8743396289335,36684400
2021-05-13,232.6977996826172,235.1585454856775,231.15624678215937,231.52009610340892,29624300
2021-05-14,237.60009765625,238.58630687070132,235.05319650799913,235.13936672439027,23901100
2021-05-17,234.75636291503906,236.10642140799038,233.16694758064864,236.06812840418084,24970200
2021-05-18,232.7456512451172,235.9340807291474,232.5732962029695,235.80003330084318,20168000
2021-05-19,233.32150268554688,233.4270699289617,228.98368329605674,229.66505988588793,25739800
2021-05-20,236.54603576660156,237.95679107071055,234.0316351278429,234.12761065425127,21800700
2021-05-21,235.28884887695312,238.3214941013183,234.87618630622384,237.59212984793598,21863100
2021-05-24,240.6727294921875,241.0374189124444,237.53451728413617,237.80323117996468,21411500
2021-05-25,241.57484436035156,242.56333074837534,240.71112322411236,241.62283212210016,17704300
2021-05-26,241.35415649414062,242.74571394261974,240.64397558156952,241.29656238462576,17771600
2021-05-27,239.26197814941406,241.34451819821592,239.20439869133438,241.04701456893127,24426200
2021-05-28,239.61708068847656,241.920361705306,239.50192176296875,240.88388744430432,18270200
2021-06-01,237.42893981933594,241.16215911508314,237.00668560397568,241.10457966043438,23213300
2021-06-02,237.3330078125,239.22361157042198,235.9318441224372,238.1295578675878,19406700
2021-06-03,235.80706787109375,236.4116667965383,233.20628353326998,235.3368112456959,25307700
2021-06-04,240.68235778808594,241.50769763472985,237.53455340642336,237.77447761017086,25281100
2021-06-07,243.5806121826172,243.84932608170533,239.74182545986196,239.90497213832194,23079200
2021-06-08,242.3905792236328,245.69193789696416,242.3329851263749,244.8761899229369,22455000
2021-06-09,243.36949157714844,245.23130558654012,243.00481677554484,243.58062603040793,17937600
2021-06-10,246.8723602294922,247.08349466686664,243.44625075720447,244.0412580022731,24563600
2021-06-11,247.4962158203125,248.07201045627983,246.26777582992523,247.59216206789282,18999700
2021-06-14,249.41555786132812,249.4731373130328,246.45006966046063,247.50574175440525,19150500
2021-06-15,247.94725036621094,249.5115608310335,247.29466357340826,249.30042636423005,18038900
2021-06-16,247.00672912597656,250.07774084164856,244.16602059107635,248.94530582063734,27220000
2021-06-17,250.38487243652344,251.2006205192293,245.6919706294516,245.74955009057246,27565500
2021-06-18,248.97415161132812,251.72847693840555,248.32156476965892,249.16610270011282,37202200
2021-06-21,252.045166015625,252.8992809067008,247.52500245412696,249.34842044965174,26696100
2021-06-22,254.80906677246094,255.07778066280747,251.82439496305233,252.1315049199105,24694100
2021-06-23,254.57872009277344,256.0758445254743,253.77257842036667,255.26970285306749,19518700
2021-06-24,255.94149780273438,257.0547494132898,254.77066673711718,255.43285975794427,21446900
2021-06-25,254.33883666992188,256.478971088215,254.0893354162517,255.5000908908424,25611100
2021-06-28,257.8897399902344,258.0624783950666,255.19299417128897,255.46170811912478,19590000
2021-06-29,260.4617004394531,260.7016246346419,257.17955385033815,258.03366875564717,19937800
2021-06-30,259.98187255859375,260.42332491203257,258.73427836023995,259.780344419271,21656500
2021-07-01,260.6535949707031,260.8839127760859,258.7342018255398,258.7437788756873,16725300
2021-07-02,266.4598083496094,266.7957080842182,261.517375730034,261.8244857323976,26458000
2021-07-06,266.4693908691406,268.11046403566195,263.244794707822,266.8244739642971,31565600
2021-07-07,268.6479187011719,269.37729764258523,265.9799627636496,268.13928056771834,23260000
2021-07-08,266.2390441894531,267.4962443949508,263.7918002820035,265.7399832123837,24618600
2021-07-09,266.7381286621094,266.8436812511514,264.2237277535544,264.6076006127589,23916700
2021-07-12,266.14300537109375,268.4942439139836,265.43281013901475,267.9088431841063,18931700
2021-07-13,269.65557861328125,271.4502066850758,266.21027111145844,266.33500707591065,26120100
2021-07-14,271.1239318847656,272.2275772639754,269.24290521159406,270.97037689383615,23113700
2021-07-15,269.7035827636719,271.12394453030225,268.5519349217963,270.634489804362,22604200
2021-07-16,269.4347839355469,272.64977296736697,268.1967672887934,270.70159030489407,26186800
2021-07-19,265.8455810546875,269.0701477729701,263.38875994905754,267.688182240101,32935600
2021-07-20,268.0625305175781,269.6460244586933,265.1258605067467,266.8245133835614,26259700
2021-07-21,270.0586853027344,270.1738442376785,266.1143453427813,267.65944319932055,24364300
2021-07-22,274.6076354980469,274.8763494100788,271.9972592293282,272.4003154535662,23384100
2021-07-23,277.995361328125,278.30244201944714,274.9531098439966,275.78804130305343,22768100
2021-07-26,277.4002990722656,278.01451897326893,275.08745596802055,277.35232595583216,23176100
2021-07-27,274.9915466308594,277.9090039999305,271.5462384158954,277.7650553283684,33604100
2021-07-28,274.68450927734375,278.45611190820995,272.3908191156786,277.3428597408999,33566900
2021-07-29,274.95306396484375,276.9876159825094,274.5499785237899,274.70353348763825,18168300
2021-07-30,273.4272155761719,275.10668495635474,272.4675187874959,273.6767461132666,20944800
2021-08-02,273.3408508300781,275.212242025892,272.30436188036447,274.8187628216139,16267400
2021-08-03,275.548095703125,275.6536775635122,272.55384686025644,273.91662898110934,17879000
2021-08-04,274.9627380371094,275.99919768889043,273.1776867693029,274.6844177660965,16191300
2021-08-05,277.85137939453125,277.95696126160766,274.56923306560276,275.317795323746,13900200
2021-08-06,277.7937927246094,277.83218879233317,276.02795434835366,276.8820984514025,16589300
2021-08-09,276.7093505859375,279.7995752873609,276.2103188203015,278.07213285524966,16117600
2021-08-10,274.8955078125,277.592253026987,273.70549335133626,277.1603778240849,18616600
2021-08-11,275.38494873046875,277.0260217019049,274.33885367231096,275.6344499287566,13955900
2021-08-12,278.12969970703125,278.2832546943312,274.7995509694879,275.0778712144452,14561300
2021-08-13,281.0472412109375,281.09521434057825,277.640299665323,277.8130673648045,18249000
2021-08-16,282.7266845703125,282.93781903888737,278.3312568029692,281.3735085609403,22507600
2021-08-17,281.2679138183594,281.60381354222284,279.3485202964206,280.60574999790174,20075300
2021-08-18,279.5467224121094,283.4793919946404,279.10439575220477,280.8063292983416,21813000
2021-08-19,285.35443115234375,286.0275166816487,277.53718447593633,277.5852494378773,29850500
2021-08-20,292.6524658203125,294.0755466635113,286.5948135303095,288.190963446094,40817600
2021-08-23,292.93133544921875,293.6524859694501,290.23905191116444,291.5851936801916,22830200
2021-08-24,290.9793701171875,293.892816520206,290.3832238228718,293.2870454973741,18175800
2021-08-25,290.39288330078125,292.8736280290071,288.86404781166596,292.5947749618287,20006100
2021-08-26,287.5851745605469,290.79669430920046,287.4505750714238,289.4120831267804,17666100
2021-08-27,288.19091796875,289.29667599402853,285.41207114143054,287.48898771577944,22605700
2021-08-30,291.9120788574219,292.51784992119383,289.4793992168539,289.5370889044811,16348100
2021-08-31,290.26788330078125,292.78709763966935,289.9024956924805,292.71018783230056,26285300
2021-09-01,290.2197570800781,293.450526164361,289.89283908325706,291.21976052803296,18983800
2021-09-02,289.5659484863281,291.69093033858195,288.6332593639689,290.5755767585639,16285600
2021-09-03,289.5563659667969,290.96019740569926,288.7102113426839,289.4121123902904,14747900
2021-09-07,288.63330078125,289.50830033860336,286.7294820320938,289.43139052137866,17180400
2021-09-08,288.6621398925781,289.04674765844067,286.02754588554353,288.2486872778682,15046800
2021-09-09,285.8160095214844,290.5179253274323,285.57562599791714,289.2486932805111,19927000
2021-09-10,284.3352355957031,288.38331521441347,284.01794225939454,286.9410140892641,19633400
2021-09-13,285.5660400390625,287.0564356937497,282.7679719235952,286.10449685746556,23652900
2021-09-14,288.2582702636719,289.7967304480166,286.6332755453167,288.0371068920759,21853400
2021-09-15,293.0947570800781,293.5755240081629,290.21015551156955,291.59476661194844,28356300
2021-09-16,293.4793701171875,293.565904644582,289.19093725653136,292.07553887775646,19550800
2021-09-17,288.3352355957031,292.78714332382805,288.0083175119213,292.4698499713523,41372500
2021-09-20,282.9794006347656,287.2293931677513,278.3832700003604,284.9313131787065,38278700
2021-09-21,283.460205078125,286.09482813249366,282.7583040538949,284.3159844038209,22364100
2021-09-22,287.0948486328125,288.6717786965253,283.1814270111703,285.3160339610174,26626300
2021-09-23,288.037109375,289.32556135418525,286.085196618995,287.35442848279695,18604600
2021-09-24,287.8352355957031,288.26790832981595,285.5083101876047,286.7583221103223,14999000
2021-09-27,282.8544921875,285.06600882591306,281.6717947097084,284.7487154919009,23571700
2021-09-28,272.6141357421875,279.59488265396965,271.87376505360436,278.6525686782069,43186200
2021-09-29,273.07568359375,275.7391224791571,272.1237742275419,274.1333769693656,26353700
2021-09-30,271.0757141113281,276.7583549818857,270.78723626688867,274.71990732676227,32343600
2021-10-01,277.9794616699219,278.8256162130786,270.46988411493584,271.2679443559621,30086300
2021-10-04,272.21990966796875,276.68144205400307,269.4699361794418,276.3448992444517,31350700
2021-10-05,277.6525573730469,279.22945781834716,273.12371126636924,273.12371126636924,24993000
2021-10-06,281.835205078125,282.3352215175468,274.5275704532508,274.7871740588591,28002600
2021-10-07,283.50830078125,285.22945482720434,282.6140812194665,283.825594084445,20430500
2021-10-08,283.50830078125,285.22945482720434,282.46023226093035,284.82559764308587,17685700
2021-10-11,282.9121398925781,286.5082674148435,281.4890591068928,281.6525327868535,19298600
2021-10-12,281.614013671875,284.07553776176377,281.1044019503828,283.9793785165672,17974100
2021-10-13,284.9120788574219,285.8447678202036,282.20054649011644,283.565937401779,23416300
2021-10-14,291.1044006347656,291.60438772035315,286.37364073387175,287.7005622674281,27262900
2021-10-15,292.50823974609375,292.7390278517721,288.9601770620516,290.71017592364666,25384800
2021-10-18,295.4697265625,296.35432121688916,291.0466652595065,291.89281968974484,22729300
2021-10-19,296.3736572265625,297.4024763811832,295.4024984250073,296.48903662007575,17682100
2021-10-20,295.5851135253906,297.7870341774877,294.3351019599555,297.31586265453666,16537100
2021-10-21,298.80633544921875,299.0563143524255,294.5755620879851,295.3544316768825,16918100
2021-10-22,297.2678527832031,299.1236063471209,295.96015129406624,298.4601455444869,17449300
2021-10-25,296.2774658203125,297.4986033941539,294.67169118488476,297.4601338192577,17554500
2021-10-26,298.1812438964844,300.3831645978906,296.729347757345,299.03702309577824,28107300
2021-10-27,310.7389221191406,313.5562093922769,303.8447111727647,303.8447111727647,52588700
2021-10-28,311.87353515625,312.37352223466706,308.9985287602132,311.8542856977465,26297900
2021-10-29,318.8638610839844,319.22924865393935,311.4408183451514,311.6619817016203,34766000
2021-11-01,316.7003479003906,318.7387946354113,313.8157468201886,318.6137905602805,27073200
2021-11-02,320.3158264160156,320.62352433879016,317.30622029819705,317.60429349098206,26487100
2021-11-03,321.15234375,322.01771844825345,317.9311991041292,321.0561844849301,21500100
2021-11-04,323.49853515625,323.59469443504923,316.8351108815185,320.0851008365663,23992200
2021-11-05,323.133056640625,325.7580545608874,321.55615641775836,325.4888262621695,22570100
2021-11-08,324.02740478515625,324.66202088646315,321.57550428148005,324.325478043448,20897000
2021-11-09,323.0273132324219,325.6907514710201,321.6619222348102,324.1426666918192,21307400
2021-11-10,318.075439453125,321.75813115179415,317.22931417120816,321.7004414585655,25500900
2021-11-11,319.6426696777344,320.9311214307009,317.796541239689,318.5080668518854,16849800
2021-11-12,323.7677307128906,324.2581224444753,320.95044312615977,321.07544724155895,23831000
2021-11-15,323.1427001953125,324.88307418193443,321.18116285112575,324.5561561818509,16723000
2021-11-16,326.4504089355469,327.5657918667416,322.60427303916015,322.7677173822912,20886800
2021-11-17,326.6719665527344,329.62928356256526,325.59308293416547,326.4985808420445,19053400
2021-11-18,328.74298095703125,329.879689002484,324.74532101503996,325.76640921041985,22463500
2021-11-19,330.51544189453125,332.43241492443923,329.638871148073,330.06272241316236,21963400
2021-11-22,327.3558654785156,336.8346949958714,327.0861445993955,331.9700474366429,31031100
2021-11-23,325.2847595214844,326.98980687418253,321.31599723176595,324.6778802533964,30427600
2021-11-24,325.50634765625,325.74717091105794,321.65317557932343,323.9361753313232,21661300
2021-11-26,317.5784606933594,325.5256287318422,316.0757258160542,322.07705238453224,24217200
2021-11-29,324.2734375,326.58533560623965,322.45279900050696,322.645469424935,28563500
2021-11-30,318.45513916015625,325.38122057037424,316.9138639491805,323.0115272044594,42885600
2021-12-01,317.9637756347656,326.8260839728482,317.2991304369134,322.82842346064837,33337600
2021-12-02,317.3953857421875,321.2485575549812,315.76741829949276,318.17565068248877,30766000
2021-12-03,311.1533508300781,320.48766443659116,306.35614003561716,319.8037050877299,41779300
2021-12-06,314.216552734375,315.43031134746263,307.51204154241043,312.058785775437,30032600
2021-12-07,322.6260986328125,323.4737717636202,317.9830194018074,319.4664988261164,31021900
2021-12-08,322.67425537109375,323.1847994820111,318.6573106513333,323.0017714613644,24761000
2021-12-09,320.8728942871094,324.1384421698019,319.9288565931606,322.13480572641566,22214200
2021-12-10,329.9664611816406,330.4095678226741,322.5009388766094,322.6839669365227,38095700
2021-12-13,326.941650390625,331.17052092748463,326.63338956387594,328.17466430025087,28899400
2021-12-14,316.28765869140625,322.3564229704473,312.2129182210804,320.9885338086704,44438700
2021-12-15,322.3660583496094,322.88624490056276,312.5886384053127,316.54775928331173,35381100
2021-12-16,312.9739074707031,324.39857838163,311.1629118249928,323.3871030361662,35034800
2021-12-17,311.914306640625,312.993219650069,305.6047483392989,309.101507137352,47750300
2021-12-20,308.1671142578125,310.9510161666708,305.9130118209808,308.3019600117902,28326500
2021-12-21,315.2762145996094,315.7000659257097,308.06112911488344,311.42304210587787,24740600
2021-12-22,320.9692077636719,321.3641319851116,313.7926638611622,316.2490490104151,24831500
2021-12-23,322.40460205078125,324.0422122425746,320.51655561829773,320.53581089915843,19617800
2021-12-27,329.8797607421875,329.908658361648,323.1174238146764,323.14632143413695,19947000
2021-12-28,328.7237854003906,331.18981349731865,327.827929831812,330.5540364945737,15661500
2021-12-29,329.3980712890625,331.6617864461058,327.2113772440582,328.77190728660776,15042000
2021-12-30,326.8645935058594,330.53473754796454,326.3829469974742,329.35951889161,15994500
2021-12-31,323.9747009277344,326.90309041033254,323.52195205286245,326.0843148981623,18000800
2022-01-03,322.46240234375,325.5931052791262,317.67483390975656,323.04038414975616,28865100
2022-01-04,316.9330749511719,322.89586164300437,314.1491437576021,322.5394184991603,32674300
2022-01-05,304.76666259765625,314.1009746877151,304.3813512536725,313.89866197929246,40054300
2022-01-06,302.3584899902344,307.0015705102463,300.0562050121712,301.65527533473295,39646100
2022-01-07,302.5125427246094,304.88223527940386,298.70752360593445,302.6184908441429,32720000
2022-01-10,302.73406982421875,303.16756341784094,293.5057361453158,298.1295306229004,44289500
2022-01-11,303.4181213378906,304.98826465644487,298.51496217670007,301.8768462438373,29386800
2022-01-12,306.5872802734375,311.53862085227667,305.4409591479046,307.9359141133859,34372200
2022-01-13,293.6116943359375,309.10146222236773,292.8410716956861,308.7065085650938,45366000
2022-01-14,298.8135986328125,299.41083578565286,292.6003449804489,293.0819916388529,39846400
2022-01-18,291.5406799316406,298.4282204045511,290.6640795954702,292.9085692050015,42333200
2022-01-19,292.1957092285156,302.3873676008085,291.58885921501854,295.0470782257124,45933900
2022-01-20,290.52923583984375,300.21032076889657,290.0861291978272,297.725037240553,35380700
2022-01-21,285.1636657714844,292.94706137271686,284.7590697196657,291.5792015826187,57984400
2022-01-24,285.4911804199219,286.20400792942536,265.9170569502406,281.4742645277423,85731500
2022-01-25,277.900390625,284.16179518047517,274.70228017866594,280.8191672649652,72848600
2022-01-26,285.8186950683594,297.17592925056107,282.27378342148563,296.6846403493407,90428900
2022-01-27,288.8338317871094,296.0199908832467,286.9939382332395,291.55032568742257,53481300
2022-01-28,296.9447021484375,297.1566277790234,283.6416285034805,289.20946072810676,49743700
2022-01-31,299.5648193359375,300.91342343863073,295.1240240366035,297.6093360376911,46444500
2022-02-01,297.4263916015625,299.2277450230752,293.9296328904505,299.01581936187534,40950400
2022-02-02,301.9538269042969,303.55289687211734,297.5419577332225,298.26442751039235,36636000
2022-02-03,290.1920166015625,299.80569133626227,288.9493603987936,298.12954152402045,43730000
2022-02-04,294.7098693847656,297.4648733158477,288.95900886982764,289.1901897878569,35096500
2022-02-07,289.9031066894531,296.54018169712276,288.8916311687313,294.9314984801919,28533300
2022-02-08,293.3804931640625,294.3437860965417,288.9397268560699,290.1919959093459,32421200
2022-02-09,299.7864685058594,300.4800407856737,296.1067108242928,298.4956591456946,31284700
2022-02-10,291.2805480957031,297.7731336434456,289.6622228774468,292.8796180366124,45386200
2022-02-11,284.2099914550781,293.12045222250043,283.4200840938403,292.06082398149493,39175600
2022-02-14,284.17144775390625,285.866852917156,280.65543402557785,282.9865867276755,36359500
2022-02-15,289.4406433105469,289.7585170595813,286.11727076561556,288.9975367703456,27058300
2022-02-16,289.102783203125,290.42521859996504,283.48481887693396,288.0120067201393,29982100
2022-02-17,280.63720703125,286.49646226252435,279.9325386565947,286.07173467480726,32461600
2022-02-18,277.9344787597656,283.65861124098427,276.37072190934305,282.876732815773,34264000
2022-02-22,277.73175048828125,281.4191455825817,274.6235321794877,275.106174591051,41736100
2022-02-23,270.5403747558594,281.5736029979626,270.37629282765295,280.10635117029534,37811200
2022-02-24,284.36334228515625,284.91356187800335,262.09420731516445,263.0498596233105,56989700
2022-02-25,286.98883056640625,287.2977287820881,281.5253148914239,284.8941789810283,32546700
2022-02-28,288.4175109863281,288.7553666251348,282.8285026347826,284.0930236175549,34627500
2022-03-01,284.7108154296875,289.55653540384833,282.0079998222269,286.1104609698699,31217800
2022-03-02,289.76885986328125,291.00442328606925,283.504170648304,285.10651756719705,31873000
2022-03-03,285.6471252441406,292.60682123875046,283.84201770674827,292.37516228556973,27314500
2022-03-04,279.79754638671875,285.39621807063804,277.20095637025474,284.0737820956071,32356500
2022-03-07,269.2275695800781,279.63333786848386,268.8607566666478,278.5136040383842,43157200
2022-03-08,266.2738342285156,274.1022802945537,260.6269119121218,268.1561220285429,48159500
2022-03-09,278.4847717285156,279.5465913078485,271.03276903287826,273.6004311217502,35204500
2022-03-10,275.6757507324219,276.6506980483507,270.83966326078166,273.1949611124185,30628000
2022-03-11,270.347412109375,279.459706048747,269.72961548927185,277.9634964296521,27209300
2022-03-14,266.84332275390625,275.49226599874805,266.244850912999,270.6079274452205,30660700
2022-03-15,277.1815490722656,277.82830290735563,269.053866830209,270.61762363193617,34245100
2022-03-16,284.1702575683594,284.34400179367987,273.3687163552092,279.0735246270153,37826300
2022-03-17,284.97137451171875,285.34782025844737,279.32445264555935,283.1083819524722,30816600
2022-03-18,290.0005187988281,290.5507382302181,282.5678431701578,285.1161798417101,43390600
2022-03-21,288.774658203125,289.72064808863075,284.66253476098274,288.5140418634162,28351200
2022-03-22,293.5044860839844,294.41185612837654,288.3981213802289,289.3923635193199,27599700
2022-03-23,289.0931701660156,292.7033557846491,287.3846264690427,290.0777796338965,25715400
2022-03-24,293.5430908203125,293.63962518446135,287.9637462870707,288.7552868316787,24484500
2022-03-25,293.1377258300781,294.8945515047454,288.9001402281707,294.6339351738191,22566500
2022-03-28,299.9140625,300.01056743386323,293.7651722801995,293.7651722801995,29578200
2022-03-29,304.46051025390625,304.8562805932184,298.3212830440557,303.01258292097964,30393400
2022-03-30,302.96435546875,304.9818271718414,300.763506705358,302.86785052906407,28163600
2022-03-31,297.6069641113281,304.19987600855126,297.20156097857216,303.0029027856713,33422100
2022-04-01,298.678466796875,299.36381082776825,294.9331566706007,298.6301848769681,27110500
2022-04-04,304.0357666015625,304.17089116064096,298.9583589270999,299.3251718788428,24289600
2022-04-05,300.0877990722656,303.9392767129868,299.1128518165804,302.3948148545048,23156700
2022-04-06,289.102783203125,296.3424188426022,286.40963049695665,294.5952557982606,40110400
2022-04-07,290.90789794921875,293.1087462850132,286.06217848359114,286.36141443806906,31411200
2022-04-08,286.6606750488281,290.6666017314044,285.99462607140345,290.01021503016705,24361900
2022-04-11,275.35723876953125,282.4520607322384,275.106255215354,281.6605493335074,34569300
2022-04-12,272.26824951171875,280.6469151575573,270.75274518786716,279.1989878449197,30966700
2022-04-13,277.63525390625,278.5619192143064,271.53464592371415,272.91502579688114,21907200
2022-04-14,270.1156311035156,278.3012567664223,269.6233558898287,278.0888929332903,28221600
2022-04-18,270.7817077636719,272.65436281401867,268.67739376545774,269.2276132247998,20778000
2022-04-19,275.395751953125,276.23557450537356,268.74495475070785,269.68128222004106,22297700
2022-04-20,276.4189453125,279.64302251578187,275.46332277285063,279.35341939656814,22906700
2022-04-21,271.0616455078125,283.1180442640561,270.33768184591173,278.5618984401678,29454600
2022-04-22,264.51702880859375,273.36870459899797,263.8895994942571,271.90145264874303,29405800
2022-04-25,270.9747619628906,271.35120773294403,261.37016600391445,263.80270265842034,35678900
2022-04-26,260.83929443359375,268.6966984296061,260.6269305710984,267.86656753140664,46518400
2022-04-27,273.3879699707031,280.86892738240044,269.46891592845344,272.30685567741426,63477700
2022-04-28,279.5754699707031,280.87861047579827,271.68907938541145,275.2896026631033,33646600
2022-04-29,267.8858337402344,279.8167694826113,266.9012538247318,278.5908389029638,37073900
2022-05-02,274.5946044921875,275.0482895864189,266.63100384066234,268.06926895596354,35151100
2022-05-03,271.9979553222656,274.2663805402377,270.4245363528179,274.10226915929724,25978600
2022-05-04,279.9133605957031,280.78211122173315,267.1233340856761,272.77989016075946,33599300
2022-05-05,267.72174072265625,276.40930377828715,264.8162240963305,275.6274254599327,43260400
2022-05-06,265.1926574707031,269.55573340103416,261.8527514351685,265.26986727965317,37780300
2022-05-09,255.3950653076172,262.90498063444784,254.17882636789196,260.6848371526901,47726000
2022-05-10,260.144287109375,264.24674803781596,255.86808196451094,262.25826345033016,39336400
2022-05-11,251.50497436523438,261.93970200384274,250.298368214071,256.45689072291424,48975900
2022-05-12,246.4855194091797,250.8582590815856,241.3405488261486,248.7442826712676,51033800
2022-05-13,252.05523681640625,253.90859714218703,246.4855524779226,248.41612264895286,34925100
2022-05-16,252.4219512939453,256.59198830497184,246.90052158253565,250.93540459444807,32550900
2022-05-17,257.55731201171875,259.0148721108303,253.34865472681068,256.87193855498094,28828800
2022-05-18,245.83087158203125,255.04179306698887,244.5634052750467,254.46126716050742,31356000
2022-05-19,244.92135620117188,249.30429522500646,243.70226967132928,245.65667612599017,32692300
2022-05-20,244.3601837158203,250.14604290717048,238.43888522978867,248.88823202551862,39199300
2022-05-23,252.1875457763672,253.00995497705824,245.20195425137902,247.19508522720383,33175400
2022-05-24,251.19100952148438,252.84548332147156,245.2697100042458,249.51719568368034,29043900
2022-05-25,253.99679565429688,255.98991161054977,248.78180725280606,249.75902519728396,28547900
2022-05-26,257.2670593261719,258.43776617311875,252.9421849537325,253.7549092585627,25002100
2022-05-27,264.36871337890625,264.4654725864212,258.8731329025277,259.7632762741946,26910800
2022-05-31,263.04327392578125,265.84911459447005,260.1987236575402,263.68184944791426,37827700
2022-06-01,263.5754089355469,268.6742983008573,261.27267518128724,266.2651500668014,25292200
2022-06-02,265.66522216796875,265.7329565705162,253.10666158963318,255.86413679429918,44008200
2022-06-03,261.2532653808594,264.571926206195,259.6955513321792,261.53385823484007,28059000
2022-06-06,260.0245361328125,265.2782340927179,258.5442115825969,263.2270685226695,22400300
2022-06-07,263.65277099609375,264.26232157625736,257.3057561922374,257.9830411761452,22860700
2022-06-08,261.6305847167969,264.13649147734486,260.85654065208814,262.8883657226509,17372300
2022-06-09,256.19317626953125,263.85602423310576,256.03836738291267,259.086091675852,26439700
2022-06-10,244.77622985839844,252.11978854806873,244.33115809000796,252.11978854806873,31422800
2022-06-13,234.39459228515625,240.93512629318718,233.6882971691395,237.15206786424903,46135800
2022-06-14,236.5522003173828,237.76161683238632,233.66894071597716,235.9426496695378,28651500
2022-06-15,243.58615112304688,247.01122689050288,238.4195274205562,240.24816456305055,33111700
2022-06-16,237.0166015625,239.38705487358806,235.12991483585378,237.99380474825406,33169200
2022-06-17,239.6095733642578,242.3670486857971,236.10710816342058,236.75535358790026,43084800
2022-06-21,245.50189208984375,246.47909535720655,241.40921581403924,242.13486575130284,29928300
2022-06-22,244.9116668701172,248.82050899795738,242.24126597240473,243.71192046945043,25939900
2022-06-23,250.45562744140625,250.94907881697276,245.3954477538114,247.2724645049341,25861400
2022-06-24,259.0086975097656,259.27960567496183,253.2228372705622,253.30991173150647,33923200
2022-06-27,256.28985595703125,259.58911783064,254.73211231864522,259.50204339521724,24615100
2022-06-28,248.15293884277344,258.24430356414223,247.99812997940293,255.40943822517565,27295500
2022-06-29,251.81021118164062,253.46468475908262,247.45629682631295,249.22688443197563,20069800
2022-06-30,248.4915313720703,251.10388274506582,244.68913309560924,248.70438985080898,31730900
2022-07-01,251.15223693847656,251.33607059535083,246.343610863831,248.0658334178518,22837700
2022-07-05,254.31605529785156,254.4418393123032,246.4693620667488,247.84325715699325,22941000
2022-07-06,257.56695556640625,259.2891631514389,253.88065714267475,255.18683261782502,23824400
2022-07-07,259.6858825683594,260.324457968474,256.4156159102422,256.5123751272476,20859900
2022-07-08,258.9699401855469,259.3956571562315,254.74182482043682,256.19312462228805,19658800
2022-07-11,255.92221069335938,257.87661708581794,253.66784185070392,257.02518316379025,19455200
2022-07-12,245.43411254882812,257.3057474734128,243.8570289175313,257.2476978512468,35868500
2022-07-13,244.51499938964844,245.31805374321544,240.05467060292142,242.06714149558593,29497400
2022-07-14,245.83087158203125,246.85645455521302,237.95515082394874,242.4348348902598,25102800
2022-07-15,248.38510131835938,251.91659126646923,246.4984147054872,247.41756820782146,29774100
2022-07-18,245.9952850341797,252.37132447376123,245.07613156293314,251.31671696215605,20975000
2022-07-19,251.1038360595703,251.28766969006466,245.44376215491982,249.2171349157656,25012600
2022-07-20,253.7549285888672,256.2705208821731,250.50403112190256,251.46187956720985,22788300
2022-07-21,256.2415466308594,256.28994101777835,248.68511300576577,251.35551468541888,22404700
2022-07-22,251.9069061279297,256.7155468615233,250.65880967638628,256.628472424911,21881300
2022-07-25,250.42660522460938,253.00993186101113,248.4721987897753,252.52616526089446,21056000
2022-07-26,243.72157287597656,251.44249735505653,241.46723382900603,251.4231277966496,39348000
2022-07-27,260.01483154296875,261.2822975208546,250.44594469622396,252.68094375810006,45994000
2022-07-28,267.43585205078125,268.81941742326114,259.17311035737987,260.99207747518795,33459300
2022-07-29,271.625244140625,272.8443453449876,267.64869711004144,268.6839646557535,32152800
2022-08-01,268.9838562011719,272.1476784512212,266.88429661951363,268.80002257079224,21539600
2022-08-02,265.8974914550781,268.8678255810628,263.53670799309106,267.0391735890701,22754200
2022-08-03,273.299072265625,274.29563016416313,267.6293130218933,267.77446660635644,23518900
2022-08-04,274.4407653808594,274.58588944445677,271.0737689983291,272.65082319177765,18098700
2022-08-05,273.72479248046875,274.4407575248996,269.63211684357026,270.08685858100347,16774600
2022-08-08,271.2188720703125,276.6370630638141,270.25133901885744,274.82775145511005,18739200
2022-08-09,273.1346130371094,273.8892877589125,268.5968799256363,270.5610006852255,23405200
2022-08-10,279.7719421386719,280.4008328998237,277.6240169581476,278.8140935874834,24687800
2022-08-11,277.70135498046875,281.7553212542064,277.20793315057733,281.40702349193015,20065900
2022-08-12,282.4325866699219,282.4325866699219,277.62394605155976,279.11395527145453,22619700
2022-08-15,283.9419860839844,284.62892642888846,280.6910589868737,281.55217775836655,18085700
2022-08-16,283.2065734863281,284.4934088991559,280.9909441965349,282.50994855184035,18102900
2022-08-17,282.4600524902344,284.42831264174936,280.6663108728771,280.9280886741136,18253400
2022-08-18,281.3450622558594,283.0321341039528,280.28818642679033,281.36444334293145,17186200
2022-08-19,277.44732666015625,280.45305241376826,276.87527385505905,280.1136910305551,20570000
2022-08-22,269.30279541015625,273.86954199957296,268.7889154719794,273.5010941968334,25061100
2022-08-23,268.0326232910156,270.37900717902073,267.02424456116967,268.0326232910156,17527400
2022-08-24,267.40240478515625,268.7986124206689,266.7430631426748,267.03395699391723,18137000
2022-08-25,270.3693542480469,270.5341674761129,266.17102576018783,268.89556299786517,16583400
2022-08-26,259.9365539550781,271.813993730699,259.82991359676106,270.59230474229855,27549300
2022-08-29,257.16357421875,259.2675614677576,255.82553940593357,257.76471343275216,20338500
2022-08-30,254.97227478027344,258.9281764138231,252.7325313512988,258.55975823755864,22767100
2022-08-31,253.5178985595703,258.9863535184162,253.38214218494335,257.3186923863377,24791800
2022-09-01,252.4803924560547,252.9555101006961,247.64216387595837,250.9969258611679,23263400
2022-09-02,248.2723846435547,256.68839066109626,246.73074523815598,253.7408682003107,22855400
2022-09-06,245.54786682128906,249.98856152174304,244.27771043015858,248.408159830305,21328200
2022-09-07,250.2406768798828,250.95816170983366,245.51879346007277,246.95377791469627,24126700
2022-09-08,250.65760803222656,252.5095226601968,247.04105284590432,249.67834533210234,20319900
2022-09-09,256.4169616699219,257.1635625736853,252.37380057718096,252.57740555573184,22084700
2022-09-12,258.5403747558594,259.31606213090066,257.09569955467623,257.69683877692836,18747700
2022-09-13,244.32620239257812,252.48041678186516,243.9383587650543,250.96786362132625,33353300
2022-09-14,244.5491943359375,246.49805856116708,242.26096879830945,245.8193507310912,23913000
2022-09-15,237.91720581054688,243.75410750034436,236.59856721458627,242.1736911292833,31530900
2022-09-16,237.29673767089844,237.83970404654346,234.6982367085234,236.83132523915344,39791800
2022-09-19,237.08338928222656,237.68452841666505,233.52500718935042,235.09573320886867,26826900
2022-09-20,235.07630920410156,236.10406881216943,232.3517727501466,234.7078762922614,26660300
2022-09-21,231.68280029296875,240.12790919362467,231.63431798619996,236.84101000293197,28625600
2022-09-22,233.6510467529297,236.44346175605514,230.3447666716902,230.6356309055808,31061200
2022-09-23,230.68409729003906,233.79647753038185,228.04681992346752,232.25482322354088,34176000
2022-09-26,230.2283935546875,234.106740937524,229.69511783060327,229.84056473429231,27694200
2022-09-27,229.2200164794922,234.44608868363423,227.36810216062796,232.6814336251009,27018700
2022-09-28,233.73831176757812,234.95998588678188,227.5911198226186,229.60786226959718,29029700
2022-09-29,230.27688598632812,232.6523709038743,227.28086605201818,231.6246111693645,27484200
2022-09-30,225.8167724609375,233.224415436406,225.65194447106404,231.0428450141116,35694800
2022-10-03,233.41835021972656,234.26188606885609,227.52326022905194,228.25045038719026,28880400
2022-10-04,241.31077575683594,242.74576012730563,237.529378230904,237.63603337433412,34888400
2022-10-05,241.6210479736328,242.95908260476142,236.67616375353109,238.50868236825332,20347100
2022-10-06,239.28431701660156,242.72635307461078,238.5959186818319,240.38964536366748,20239900
2022-10-07,227.11602783203125,233.98070446797666,226.07856280672056,233.57346497384196,37769600
2022-10-10,222.27781677246094,227.426321306338,219.83445342266862,225.96225028205052,29743600
2022-10-11,218.5545654296875,222.09355135270334,217.2940996232981,220.69734398530096,30474000
2022-10-12,218.8842315673828,220.93006041435294,217.14867761413385,218.54487025171542,21903900
2022-10-13,227.11602783203125,228.91945995498912,212.46557001660585,213.163673728378,42551800
2022-10-14,221.60877990722656,230.02480190806705,221.3954696052538,228.37649233923707,30198600
2022-10-17,230.30596923828125,231.6924861628052,227.98865719878884,228.64798396705297,28142300
2022-10-18,231.24649047851562,236.51134058165383,228.21167855259944,235.84233800532098,26329600
2022-10-19,229.2878875732422,232.3226990610641,227.1644900654512,229.83085382652337,19985700
2022-10-20,228.96792602539062,233.97099766347205,227.72685605551754,228.59949308712024,21811000
2022-10-21,234.7563934326172,235.60963470412872,227.36814542435465,227.60085162423684,26299700
2022-10-24,239.73036193847656,240.30241466092306,233.96132282043843,236.34649831848267,24911200
2022-10-25,243.03660583496094,243.40503872064642,238.35350029739558,239.7400021772855,34775500
2022-10-26,224.28485107421875,231.05256356203466,223.06316209926047,224.13940416091688,82543200
2022-10-27,219.85385131835938,226.58278743700097,218.9133507487669,224.0133730210549,40424600
2022-10-28,228.69644165039062,229.40425069094275,219.17510664004706,219.3593305055409,40647700
2022-10-31,225.07022094726562,227.7753619981535,224.12001509457988,226.65063759786585,28357300
2022-11-01,221.23065185546875,228.57043214353084,220.41620237096575,227.46510361607025,30592300
2022-11-02,213.40609741210938,224.26546848649176,213.34790976650638,222.4814320174644,38407000
2022-11-03,207.7340087890625,213.7066680884104,207.47221616405207,213.39639315584648,36633900
2022-11-04,214.65684509277344,214.8507595155396,206.93892679101333,210.93363491466297,36789100
2022-11-07,220.9397430419922,221.46332820770985,214.5501694748692,215.23858262395112,33498000
2022-11-08,221.90933227539062,224.6047824698309,218.97148537429405,221.74450429023085,28192500
2022-11-09,217.6819305419922,221.6766382807976,217.5074120167321,220.45494942509427,27852900
2022-11-10,235.5902099609375,235.92957127818485,227.85291099807793,228.2698262443954,46268000
2022-11-11,239.5946044921875,240.44784564522814,234.5721369704996,235.59991144789905,34620200
2022-11-14,234.20367431640625,236.4918995590069,231.93484495065587,234.63029483879743,31123300
2022-11-15,234.61094665527344,239.4879676468522,232.72994567583086,238.18872473342853,31390100
2022-11-16,235.03872680664062,237.05143476413045,233.76499097023776,236.06938283193108,24093300
2022-11-17,234.9901123046875,236.51666066871482,231.0522311596021,231.19807311445172,23123500
2022-11-18,234.54287719726562,236.99312613856966,232.41349542511938,236.76948200355858,27613500
2022-11-21,235.34991455078125,237.8973866399334,234.51371927043422,234.74706643193417,26394700
2022-11-22,238.2473907470703,238.51963895713513,234.04697919434565,236.8472486173572,19665700
2022-11-23,240.72682189941406,241.40744246425524,237.50844728562427,238.3251919634337,19508500
2022-11-25,240.6393280029297,241.81582614094168,239.90035578095558,240.46430280009824,9200800
2022-11-28,235.06788635253906,239.8225266855465,234.1344682213795,239.2683124519981,24778200
2022-11-29,233.677490234375,236.06938731272962,231.61617814466862,234.71786413074798,17956300
2022-11-30,248.07754516601562,248.2622882065125,233.22050747543122,233.9108607052224,47594200
2022-12-01,247.6400146484375,249.03042418074372,243.97436658880594,246.84270566954237,26041500
2022-12-02,247.96087646484375,248.9720820268652,242.77841272299736,242.9048189819058,21528500
2022-12-05,243.27430725097656,246.7941135147601,241.19354435975268,245.03420296466012,23435300
2022-12-06,238.33489990234375,244.8883372658951,237.03199561292425,243.87713173110765,22463700
2022-12-07,237.6056671142578,239.3461270027659,235.5054686619729,238.0529405287907,20481500
2022-12-08,240.55178833007812,241.85470746474556,236.33192613856002,238.06265330165112,22611800
2022-12-09,238.6265869140625,241.43658893378702,237.40147000859437,237.92651587196235,20609700
2022-12-12,245.5203399658203,245.5495083577721,240.32815848858516,240.6004067044122,30665100
2022-12-13,249.8082733154297,256.61450802590645,246.06483829010176,254.44622542877917,42196900
2022-12-14,250.10000610351562,255.32135671859504,247.27055298866887,250.01250091515968,35410900
2022-12-15,242.1172332763672,247.16357301987648,240.49346176051932,246.69686389132764,35560400
2022-12-16,237.9167938232422,242.92423190340745,236.76944942143655,241.66994662968148,86102000
2022-12-19,233.79417419433594,238.42242358687312,232.1023480969562,238.08210589515767,29696400
2022-12-20,235.1068115234375,236.18608654823132,231.82036751639754,232.77323628356203,25150800
2022-12-21,237.66400146484375,238.82106381583225,233.4635897668888,234.99985605475112,23690600
2022-12-22,231.59674072265625,235.29155709825014,227.39631414751827,234.58175331390822,28651700
2022-12-23,232.12179565429688,232.25791977065128,227.46439246807083,229.57432368977197,21207000
2022-12-27,230.40077209472656,232.31622733519188,229.30204661323555,232.0925980656862,16688600
2022-12-28,228.03807067871094,233.08441080456333,227.68803509667444,230.33274508619087,17457100
2022-12-29,234.33863830566406,235.22345231293474,229.12700695021965,229.12700695021965,19770700
2022-12-30,233.18165588378906,233.31778001231856,230.1091228839325,231.61622098749143,21938500
2023-01-03,232.94827270507812,238.94748134129327,230.82860879757206,236.3513904454424,25740000
2023-01-04,222.75836181640625,226.42399496515415,219.70527974958796,225.85033012794412,50623400
2023-01-05,216.15631103515625,221.2512697398711,215.62153242856337,220.910952034835,39585600
2023-01-06,218.7037811279297,219.51080795719037,213.2782522890228,216.82721193090404,43613600
2023-01-09,220.8331756591797,224.8391416447206,220.14283719895346,220.18172344662707,27369800
2023-01-10,222.51527404785156,224.90717117777552,221.03734458217542,221.4554347527597,27033900
2023-01-11,229.24374389648438,229.41875426303784,224.71273203443783,224.88774240099133,28669300
2023-01-12,231.90786743164062,233.25939064495995,227.09488993594465,228.74782975392716,27269500
2023-01-13,232.6079559326172,232.74408004932297,228.41726187215806,230.4396879177981,21333300
2023-01-17,233.6969451904297,234.24144161412062,230.52717483814848,231.38282055332843,29831300
2023-01-18,229.28260803222656,235.67075285086767,229.0006419678325,234.883176604496,30028700
2023-01-19,225.51004028320312,229.00067834361187,224.29464098489822,227.30883717926125,28623000
2023-01-20,233.57054138183594,234.07615156759218,228.0185916995672,228.35890938614477,35389800
2023-01-23,235.86520385742188,238.38350713722812,233.01630075916648,234.42617553130606,31934000
2023-01-24,235.3401641845703,237.19729766623655,233.7844621578948,235.78743760454404,40234400
2023-01-25,233.94973754882812,236.56527872989417,224.50851101400366,227.98941574229838,66526600
2023-01-26,241.13516235351562,241.43657893263136,235.30124713528542,236.9055678857333,33454500
2023-01-27,241.290771484375,242.91454300523202,239.9975849790759,242.0977983186481,26498900
2023-01-30,235.9916229248047,238.80162509755758,235.4957305884033,237.74178578895192,25867400
2023-01-31,240.950439453125,241.08656355946167,236.22496713827303,236.7111267803919,26541100
2023-02-01,245.75367736816406,248.1164058985338,238.6751947915154,241.13516117627967,31259900
2023-02-02,257.2757568359375,257.363262034007,250.12920226522084,251.65575106816502,39940400
2023-02-03,251.19873046875,256.88680506414505,249.98333118224824,252.3557929633264,29077300
2023-02-06,249.66241455078125,251.1500618843591,247.72750865015405,250.31388153410032,22518000
2023-02-07,260.15374755859375,261.33024559426707,252.88078856760495,253.31834411841427,50841400
2023-02-08,259.3467712402344,269.09913389839613,258.8411461479816,265.63767911484825,54686000
2023-02-09,256.3228454589844,266.39609026500864,255.5255363984652,266.2210502148411,42375100
2023-02-10,255.8172607421875,256.7798475306488,253.44479884068832,254.2907120393768,25818500
2023-02-13,263.8096923828125,266.9988986544617,259.7551076492649,260.23156430688056,44630900
2023-02-14,264.63616943359375,267.3586517330217,261.8261522809417,265.12232910655104,37047900
2023-02-15,262.5208740234375,263.8952813592712,259.4601307903443,261.5461195793408,28922400
2023-02-16,255.5319366455078,260.00605711365523,255.2882479724247,257.354723160625,29603600
2023-02-17,251.5452117919922,253.52396277124762,249.53721935972925,252.84165228535363,30000100
2023-02-21,246.291259765625,249.04007506409081,245.23852294112166,248.0555633319736,28397400
2023-02-22,245.16055297851562,247.91911060638247,244.0200917469653,247.6754219276689,22491100
2023-02-23,248.33824157714844,250.3559759296498,244.15653587973247,249.10829119149065,29219100
2023-02-24,242.92837524414062,244.66343747539474,241.83665470499022,243.64969909955178,24990900
2023-02-27,243.84461975097656,246.43747061453573,243.09405452761465,246.08655835575647,21190000
2023-02-28,243.12330627441406,245.14105556625483,242.4507231771338,242.7821510664902,22491000
2023-03-01,240.05282592773438,244.59517118131993,239.58493299824488,244.42946467971646,27565300
2023-03-02,244.77066040039062,245.0533327272031,239.4095093951341,240.32578121944115,24808200
2023-03-03,248.84512329101562,249.16679413004076,245.04358587267618,245.82339261513917,30760100
2023-03-06,250.38523864746094,253.55319146823706,249.51770754686837,249.9563441934913,24109800
2023-03-07,247.73390197753906,251.18454195758378,246.99309375726955,249.82961864090797,21473200
2023-03-08,247.2952423095703,248.11403261472034,244.47820207332853,247.62665530828698,17340200
2023-03-09,245.95016479492188,253.00738078877714,245.228840810657,249.3618069627826,26653400
2023-03-10,242.3142547607422,246.40822131411622,241.34925717678098,244.74139919259653,28333900
2023-03-13,247.50970458984375,251.3989810865607,239.5264614444424,241.15429996225072,33339700
2023-03-14,254.206298828125,254.47922896742975,249.40075019061067,250.26828132059583,33620300
2023-03-15,258.7388916015625,259.7526448252449,252.66615907277222,253.41673923474747,46028000
2023-03-16,269.2272033691406,269.57810070864684,256.6333622072751,258.51463124296953,54768800
2023-03-17,272.3757019042969,276.1772393298442,269.3442290300633,271.23525555020916,69527400
2023-03-20,265.35748291015625,270.47494508940247,263.0375619626868,269.98756773899805,43466600
2023-03-21,266.86834716796875,268.0575491212291,262.7158825243108,267.94058331388436,34558700
2023-03-22,265.41595458984375,273.9450578612845,265.3087161087697,266.4979179833595,34873300
2023-03-23,270.6504211425781,273.9645815107582,268.2525326655101,270.9233512964952,36610900
2023-03-24,273.48687744140625,273.54536033168523,268.330417802735,270.2409282951902,28172000
2023-03-27,269.4027099609375,274.35445077052975,268.56440544663616,273.41869458351096,26840200
2023-03-28,268.28173828125,269.1687685997756,265.18199582572424,268.8275985161655,21878600
2023-03-29,273.4284362792969,274.0425364680911,271.3814455656998,271.9175487241211,25087000
2023-03-30,276.8790588378906,277.27871183195333,274.3739618829966,277.054537290587,25053400
2023-03-31,281.0218505859375,281.9673641123146,275.85566105861596,276.56724290742727,32766000
2023-04-03,279.9787902832031,280.99251370652144,276.781596204477,279.2866930601582,24883300
2023-04-04,279.9300537109375,283.1175206876223,278.4581943099055,279.9788092952923,25824300
2023-04-05,277.1617431640625,279.90080144519544,275.77760817176124,278.6336322553814,22064800
2023-04-06,284.23846435546875,284.7063275533511,274.91005513471964,276.0602584923825,29770300
2023-04-10,282.0842590332031,282.28894917802717,277.52238471849756,281.90878059048885,23103000
2023-04-11,275.6898498535156,278.7603508575734,274.5299191651681,278.5361465748028,27276600
2023-04-12,276.33319091796875,279.7643463826104,274.8418174679427,277.6003898328518,27403400
2023-04-13,282.5228576660156,282.58134055975376,276.021261419223,276.4306416753899,24222700
2023-04-14,278.91632080078125,281.197243201843,276.5281599154827,279.75459555412215,20987900
2023-04-17,281.5091552734375,284.23848637686285,278.93581824426053,282.6106328823751,23836200
2023-04-18,281.0899353027344,284.39436715882044,279.7642835325909,284.20916143399967,20161800
2023-04-19,281.16802978515625,281.75285885875036,277.3567350040731,278.7701115947992,17150300
2023-04-20,278.8870849609375,281.73338210050423,277.88308869454204,278.0488101013178,23244400
2023-04-21,278.5459289550781,279.0430336532182,275.9140792116014,277.81486288712955,21676400
2023-04-24,274.6565856933594,277.75632784748706,271.6835961405842,274.9685142964532,26611000
2023-04-25,268.4669494628906,274.49092630001803,268.41819388016194,272.45369257019934,45772200
2023-04-26,287.9132995605469,292.0072813214267,285.3399625443694,289.20974000859206,64599200
2023-04-27,297.1344909667969,297.495175228431,287.79635312272336,288.4981777647632,46462600
2023-04-28,299.50311279296875,301.1309363430766,295.65282016140077,296.33516029137365,36469600
2023-05-01,297.8460693359375,300.8093322076719,297.4464163049507,299.2204771506516,21294100
2023-05-02,297.6997985839844,301.37461262601437,296.23766672018985,299.9904777866923,26404400
2023-05-03,296.71533203125,300.819041090019,296.4131604465873,298.8792887083803,22360800
2023-05-04,297.6997985839844,299.9904777866923,295.7405323674121,298.50883179320516,22519900
2023-05-05,302.80755615234375,304.09423955747224,296.58861610804354,298.00202238980415,28197100
2023-05-08,300.8580017089844,302.36888918912433,298.36263230970064,302.3006492277248,21318600
2023-05-09,299.24969482421875,302.2129574604757,298.5771116971217,300.22444953048654,21340800
2023-05-10,304.4255676269531,305.0981505942969,299.90272233266535,300.8287212353829,30078000
2023-05-11,302.2811279296875,303.26563957263573,298.52834660179957,302.27140061196803,31680200
2023-05-12,301.1699523925781,302.8075331032812,298.8597885779878,302.71005168658775,19774700
2023-05-15,301.64752197265625,302.07641633631226,299.8247358006917,301.29662462810876,16336500
2023-05-16,303.87005615234375,305.7903243255261,302.0082708882203,302.0082708882203,26730300
2023-05-17,306.7420654296875,307.1621190650021,303.5574089684494,305.0715994717328,24315000
2023-05-18,311.1576232910156,311.6656229362175,306.468583842939,307.2598588771496,27276000
2023-05-19,310.98175048828125,311.38227715164794,309.05728471229986,309.4187276052405,27546700
2023-05-22,313.7560729980469,315.1334851097125,310.659362704621,311.2357215634577,24115700
2023-05-23,307.97296142578125,315.26051959828607,307.9631830299581,312.63269496953484,30797200
2023-05-24,306.59552001953125,309.18426063109985,305.384161727715,307.4551840291494,23384900
2023-05-25,318.3865661621094,319.3438949651791,312.6033903237595,315.7684901108892,43301700
2023-05-26,325.1954345703125,325.69362591247574,316.3936865085404,316.53043497879963,36630600
2023-05-30,323.55426025390625,327.9795506793169,322.88020682779495,327.4813593124993,29503100
2023-05-31,320.79949951171875,328.1749743960477,319.76397327421006,324.60934766264484,45950600
2023-06-01,324.8925476074219,325.8206007034054,317.2142423331167,318.39626537207107,26773900
2023-06-02,327.6474609375,329.6989268894717,324.86333070355175,326.52404833423975,25873800
2023-06-05,328.17498779296875,330.7344235831456,326.924575276692,327.4716288893014,21307100
2023-06-06,325.9671630859375,327.6181020499909,324.4920861780968,327.57901828059016,20396200
2023-06-07,315.9052429199219,326.7584266923508,315.04557889593144,323.9840754044963,40717100
2023-06-08,317.7418212890625,319.0899281933469,315.8759662068324,316.45232513607897,23277700
2023-06-09,319.2364196777344,322.3624353785323,316.9114274266321,317.47800789711727,22529000
2023-06-12,324.17950439453125,324.4237258036258,317.6441371021866,320.9850692837771,24260300
2023-06-13,326.5631103515625,329.1909351194717,322.7532623015664,326.7389426125968,22951300
2023-06-14,329.5426025390625,331.2033200737011,325.1173117243528,326.61194558065387,26003800
2023-06-15,340.05389404296875,341.7536655006573,329.40584662971514,329.679373413851,38899100
2023-06-16,334.4172668457031,343.3460164076844,334.0460753238459,343.19948951587423,46552000
2023-06-20,330.2361755371094,334.1730234363889,328.0967936208768,331.4670609717045,26375400
2023-06-21,325.8499755859375,329.92360187076076,324.39442550484875,328.59502188215436,25117800
2023-06-22,331.85772705078125,332.2582536376129,325.6349718946558,326.39694130536145,23556800
2023-06-23,327.2762145996094,330.14826075055646,325.7425268104143,326.6314665032556,23146900
2023-06-26,321.00457763671875,328.3409673865728,320.89710473059927,326.00622657027685,21520600
2023-06-27,326.83660888671875,328.3800749537934,321.6884029069419,324.1892275549751,24354100
2023-06-28,328.0870056152344,330.1677765285819,326.0941508206252,326.924509469394,20259500
2023-06-29,327.30548095703125,328.3409772213773,324.93165630266327,326.97334345829574,16997000
2023-06-30,332.6686096191406,334.80799133337183,329.40581549810116,329.94309061938924,26832800
2023-07-03,330.17755126953125,333.02029191600536,328.7903904255227,331.3498259032752,12508700
2023-07-05,330.3338623046875,333.7529619318794,326.99293022093957,327.3445947298887,18172400
2023-07-06,333.3817138671875,335.0619581701481,327.7450950952517,329.5034771232006,28161200
2023-07-07,329.4254150390625,333.88979008817773,329.21049898077155,331.47688108416946,21214800
2023-07-10,324.159912109375,327.4813467591402,320.017927004541,326.86590410565805,32791400
2023-07-11,324.7851867675781,325.1661566846007,319.4416208471581,323.4077743662795,26698200
2023-07-12,329.40582275390625,333.75294560855826,327.91118903960694,328.8196854554752,29995300
2023-07-13,334.7396240234375,335.7946473564409,331.18374612162296,331.711272694216,20567200
2023-07-14,337.2599792480469,343.3069035731136,336.35148278353853,339.55566639937143,28352700
2023-07-17,337.7386474609375,338.9695029653532,334.29024270759476,337.689785296776,20363900
2023-07-18,351.18060302734375,358.30210756551196,334.2609666964125,337.8363418414127,64738600
2023-07-19,346.87249755859375,354.0819174710134,344.29353528638507,353.38833709875524,39732900
2023-07-20,338.8522644042969,349.6956992819866,337.3869361725058,345.3974090978353,33778400
2023-07-21,335.8238830566406,342.2029435229438,331.97495219760316,341.0795312759444,69405400
2023-07-24,337.1330261230469,338.9012167538276,334.3977579540035,337.8559418487268,26678100
2023-07-25,342.8672790527344,343.75624842360725,337.0938822455354,339.0867071747874,41637700
2023-07-26,329.9626159667969,336.70314999869004,325.41032580255074,333.5477989926325,58383700
2023-07-27,323.07562255859375,333.4403649695194,321.444210409782,332.61003601882766,39635300
2023-07-28,330.5487060546875,332.1508124109677,325.46891989231955,325.95736258940354,28484900
2023-07-31,328.1554260253906,329.8942812123279,325.6545714457516,329.13231163180893,25446000
2023-08-01,328.5657043457031,330.7148646247149,325.98674182307207,327.44229185029457,18311900
2023-08-02,319.9300231933594,325.9183364890345,318.8163593371292,325.9183364890345,27761300
2023-08-03,319.10943603515625,322.25500868577666,318.415855644904,318.46468799733185,18253700
2023-08-04,320.2035217285156,327.3934143700841,319.67599522143337,324.20875816253636,23741500
2023-08-07,322.4796447753906,323.45653023504116,319.94951501235715,320.7798736154958,17741500
2023-08-08,318.51348876953125,321.15109140709956,315.53400007450387,319.40245810571645,22327600
2023-08-09,314.7818603515625,319.5490370786911,313.629112676302,318.92384579160165,22373300
2023-08-10,315.46563720703125,320.6724537793776,313.75608752866935,318.4842099187915,20113700
2023-08-11,313.59002685546875,314.9576606059445,311.83161505156005,312.8573627235517,24355500
2023-08-14,316.5499572753906,316.5694842512484,312.68146957881606,313.96121689583384,18836100
2023-08-15,314.42034912109375,317.5756999823602,313.48254739923874,315.53401288819225,16966300
2023-08-16,313.6568298339844,317.5922437105838,313.0694515072215,314.0484054267254,20698900
2023-08-17,310.2109680175781,315.09593922797745,309.555055650753,313.7939434703547,21257200
2023-08-18,309.8193359375,311.679342341884,304.99307058455463,307.8711973932979,24755000
2023-08-21,315.10565185546875,315.9769051965937,310.3675190796091,311.23877242073405,24040000
2023-08-22,315.6734313964844,319.21723934340076,314.6944776045053,318.6494592891844,16084600
2023-08-23,320.1179504394531,322.27166113870885,316.652444996216,317.00488396305076,21166400
2023-08-24,313.2358703613281,325.97206974501347,313.22607126255105,325.8448009621162,23281400
2023-08-25,316.1824951171875,318.5123799630537,312.09044570865603,314.70426538436715,21684100
2023-08-28,316.8873291015625,319.2857477751521,314.94898999316615,318.8060700154935,14808500
2023-08-29,321.49822998046875,322.0562408320529,315.1056626837717,315.1056626837717,19284600
2023-08-30,321.8702697753906,322.86879202505213,319.57952117301215,321.7528000842896,15222100
2023-08-31,320.8619384765625,323.94563727355137,319.9025529034829,322.2716344766663,26411000
2023-09-01,321.7429504394531,325.00285335659055,319.9025125671937,324.33717196139406,14942000
2023-09-05,326.5300598144531,327.80271780347465,321.7429908017799,322.0758315411327,18553900
2023-09-06,325.8741455078125,327.42087936565457,323.23095829944674,326.3636224074877,17535800
2023-09-07,322.96661376953125,326.0698802204904,322.10512974677425,324.3175746347369,18381000
2023-09-08,327.2348937988281,329.0851309217736,322.5261281543159,323.14287386196446,19530100
2023-09-11,330.8276672363281,331.29757584054045,328.37048350695864,330.1423875895978,16583300
2023-09-12,324.7874755859375,329.70184254177326,324.5036005080368,328.7522562072044,17565500
2023-09-13,328.9872741699219,329.7606561840055,324.2002047131797,324.3372427360716,16544400
2023-09-14,331.5716552734375,333.68616913545833,329.4864789543326,332.01216654665086,20267000
2023-09-15,323.2701110839844,330.2989918946616,322.7121002719872,329.8291132111252,37679800
2023-09-18,322.1345520019531,323.4463465779978,319.4913646526402,320.90106058890035,16834200
2023-09-19,321.7331237792969,322.4575698240528,317.6802710436974,319.30533775178856,16505900
2023-09-20,314.0190734863281,322.65345520205574,313.7645657537052,322.5751520247809,21436500
2023-09-21,312.8051452636719,318.50266425545,308.3704851953978,312.540838460042,35560400
2023-09-22,310.3381652832031,314.68472270748657,309.49624944861836,314.5574539286877,21447900
2023-09-25,310.8570251464844,310.98429393163934,308.3704739123921,309.92700700519936,17836000
2023-09-26,305.5706787109375,309.23195666524725,303.49527138826676,308.4977412546043,26297600
2023-09-27,306.20697021484375,307.6851701509051,303.1722074325514,305.7272625333357,19410100
2023-09-28,307.03912353515625,308.8403951730469,302.9373041972711,304.44487173232886,19683600
2023-09-29,309.1047058105469,312.74641565358826,308.3509220336715,311.0626136858314,24147300
2023-10-02,315.0273742675781,315.11550641477425,308.5467037935523,309.6235591310726,20570000
2023-10-03,306.7943420410156,314.6259723470464,304.66020007739525,314.0777307403494,21033500
2023-10-04,312.2471008300781,313.3043876816742,307.3914982671209,307.420865686593,20720100
2023-10-05,312.638671875,313.24564832750764,308.27254628304615,312.3743651035606,16965600
2023-10-06,320.3724060058594,322.26177952741045,309.6430516561737,309.88779008773105,25673600
2023-10-09,322.8785705566406,323.3484492911128,316.37830256029935,317.9152672966711,19891200
2023-10-10,321.47869873046875,324.1316555430621,320.7738506985827,323.99458765130214,20557100
2023-10-11,325.42388916015625,325.81546476985574,322.2129213601342,324.23933335603755,20063200
2023-10-12,324.19036865234375,326.6083859172805,321.8017188086289,323.6127894514465,19313100
2023-10-13,320.8326110839844,326.80420669372097,319.4914189840269,325.38474129276136,21072400
2023-10-16,325.63922119140625,329.06555964733286,323.6421469834392,324.0826582883067,22158000
2023-10-17,325.0714111328125,326.4419405397074,320.51928173209353,322.65339394249423,18338500
2023-10-18,323.1624450683594,328.5271229876209,321.3905409680336,325.4923600401383,23153600
2023-10-19,324.3470153808594,329.7899967094516,323.9456406942705,325.15953397789394,25052100
2023-10-20,319.79486083984375,324.934368448125,318.6005359720502,324.73856573197526,25027700
2023-10-23,322.38909912109375,325.7273354388913,317.56286365993043,318.620120705819,24374700
2023-10-24,323.5736083984375,324.8560355263617,320.70528084515973,324.3273920928105,31153600
2023-10-25,333.500244140625,338.91385810810175,330.5144167677778,337.7586697804962,55053800
2023-10-26,320.98919677734375,334.4400133073603,320.0591786565096,333.37295718073534,37828500
2023-10-27,322.8687438964844,329.63331810351394,321.4884154812009,323.47569046023347,29856500
2023-10-30,330.2109069824219,332.3058824741977,324.84622935304117,326.39299310170355,22828100
2023-10-31,330.99407958984375,331.865362876774,327.64607407506094,331.71852577091533,20265300
2023-11-01,338.78656005859375,340.1081537078223,332.5016633074158,332.6387311841403,28158800
2023-11-02,340.98919677734375,341.4884429030558,337.51389284186956,339.93190993700205,24348100
2023-11-03,345.3749084472656,346.93147136857294,340.02002965992455,342.2716414539088,23637700
2023-11-06,349.02642822265625,350.0151812088652,345.91336203130555,346.0112633950899,23828300
2023-11-07,352.94232177734375,354.8316960272255,350.10336085195377,351.8360988602219,25833900
2023-11-08,355.5559997558594,356.2118820120091,352.96174852168724,354.067970995073,26767800
2023-11-09,353.098876953125,357.1125938314782,352.77580544293505,354.67497835793193,24847300
2023-11-10,361.889892578125,362.31083557483976,353.47088326732273,353.88202716517856,28042100
2023-11-13,358.9627685546875,360.715104203908,358.19918579348337,360.4703657564029,19986500
2023-11-14,362.47723388671875,364.1218990717547,359.61870535436486,363.20168005612413,27683900
2023-11-15,362.6244201660156,366.0184671527949,360.1131840283514,364.20372057822027,26860100
2023-11-16,369.00048828125,369.17705042836303,363.12463294088235,363.88976551430744,27182300
2023-11-17,362.8009338378906,367.2347751466243,360.00524677898665,366.4892506146671,40157000
2023-11-20,370.2463073730469,371.64904556813445,363.9290460653395,364.1448542442713,52465100
2023-11-21,365.9595642089844,369.0495215118682,364.04671781694736,368.51001608638865,28423100
2023-11-22,370.6484680175781,372.5514954656195,367.8233538705503,370.7956031427492,23345300
2023-11-24,370.2364501953125,370.7661665682208,367.9901174917075,370.1383501357465,10176600
2023-11-27,371.39398193359375,373.38532049617334,369.02994094912424,369.5988734413345,22179200
2023-11-28,375.4060363769531,375.70030662709087,370.9525569972749,371.1389381343408,20453100
2023-11-29,371.62939453125,376.9755034472532,370.24626453575155,376.4458170169272,28963400
2023-11-30,371.6883239746094,372.84582706432604,368.3138848477526,371.2763156204023,30554400
2023-12-01,367.3721923828125,370.95262074245636,364.2331694742271,369.5793094459282,33040500
2023-12-04,362.1044921875,362.47722453595185,355.9834013927852,362.0652461744231,32063300
2023-12-05,365.4200439453125,365.9693683802573,358.65155863650625,359.46575623768496,23065000
2023-12-06,361.77093505859375,367.04840106048385,361.0156214613024,366.4206145498899,21182100
2023-12-07,363.8799743652344,364.3704447283438,359.3382140130918,361.21181439248187,23118900
2023-12-08,367.0975036621094,367.3231008977417,361.2118585847211,362.16337240300305,20154400
2023-12-11,364.2232666015625,364.51756677042914,359.1223929698161,361.45703660419446,27708800
2023-12-12,367.2445983886719,367.28384440026525,363.3992975227853,363.7818787799653,24838300
2023-12-13,367.23480224609375,370.4424978188213,363.70340938140794,368.8533485777596,30955500
2023-12-14,358.9556884765625,366.6364723191659,357.1900068696794,366.19503694947514,43277500
2023-12-15,363.66424560546875,365.30240021178247,359.2990464463836,359.85818996702847,78502300
2023-12-18,365.54754638671875,365.89088161939304,361.65321060475327,362.4085541038235,21802900
2023-12-19,366.14599609375,366.14599609375,362.7911651705603,364.4097116072821,20603700
2023-12-20,363.55621337890625,368.8631058069324,363.46793231406207,367.8527381502504,26316700
2023-12-21,366.420654296875,367.27406804850153,362.9873613143247,365.45932148482285,17708000
2023-12-22,367.44073486328125,368.0293052394396,365.60638064073504,366.5578942670101,17107500
2023-12-26,367.5193176269531,369.75586165985493,366.3814226016606,367.8528339374102,12673100
2023-12-27,366.9405212402344,367.9116430236214,365.70452628978785,366.5677589576593,14905400
2023-12-28,368.1274108886719,369.2849136866252,367.028762135636,368.215691956048,14327000
2023-12-29,368.87298583984375,369.9716347431921,366.361779793351,368.8337398258849,18730800
2024-01-02,363.8014831542969,368.7356138207432,359.779620180644,366.73448635273246,25258600
2024-01-03,363.53668212890625,366.1459883616317,361.4865193608946,361.9769897820248,23083500
2024-01-04,360.9273681640625,365.98902639400353,360.17205450864094,363.6053473830013,20901500
2024-01-05,360.7409973144531,364.9688499798779,359.51482125288123,361.93774634798484,21004600
2024-01-08,367.5486755371094,368.04896487668356,361.9769395114855,362.26139076236115,23134000
2024-01-09,368.6277160644531,368.8238862439724,364.11538283242464,364.9197613954772,20830000
2024-01-10,375.47467041015625,376.8480113734613,369.14762069750896,369.1966557593691,25514200
2024-01-11,377.2992248535156,383.23390409247884,373.1302268937335,378.6431088178606,27850800
2024-01-12,381.0660705566406,381.27205974083927,377.31886954764786,378.14285622037966,21661200
2024-01-16,382.83172607421875,386.5200727807335,380.2322391394401,386.1571295021332,27202300
2024-01-17,382.0469970703125,382.67478358686355,377.47580955942465,380.58540492477397,22234100
2024-01-18,386.3631591796875,386.4808672893111,382.68463107425833,384.2541423864291,23392100
2024-01-19,391.07171630859375,391.07171630859375,386.00023875466667,388.21717473718036,29331100
2024-01-22,388.95281982421875,392.98447186970276,386.088459710553,392.3959014424087,27016900
2024-01-23,391.2972717285156,391.7681340805433,386.4219948473302,388.2073142541726,20525900
2024-01-24,394.8874816894531,397.8989767917514,392.8177112032317,393.8869329627974,24867000
2024-01-25,397.15350341796875,399.25273113363767,394.858105500646,396.613997943498,21021200
2024-01-26,396.2314147949219,398.4287425690661,394.7600035777077,396.6630311468464,17803300
2024-01-29,401.91107177734375,402.16612596865383,396.6237864171102,398.3208248033987,24510200
2024-01-30,400.8025817871094,405.1775691973873,398.7033841260815,404.40264755037606,33477600
2024-01-31,390.00244140625,407.404352059521,389.6394980894709,399.20367116692984,47871100
2024-02-01,396.0842590332031,400.2238302394902,394.1419855506921,394.17141257606636,30657700
2024-02-02,403.38250732421875,404.78524558913676,395.86849663854684,396.11373185699847,28256700
2024-02-05,397.91864013671875,403.3236336682533,396.29027477301287,402.087638647816,25352300
2024-02-06,397.76165771484375,400.1944015675409,395.23084373526007,398.14423897907153,18382600
2024-02-07,406.1585388183594,406.4037740259386,399.6352882839393,399.67453429921477,22340500
2024-02-08,406.2173767089844,407.6397528307197,404.66750343056947,406.15852265638233,21225300
2024-02-09,412.5346374511719,412.79951062359436,407.17870911735395,407.3356632361391,22032800
2024-02-12,407.34552001953125,412.7210568909958,406.8452305904798,412.5444947169564,21202900
2024-02-13,398.5758972167969,402.25442543992307,395.70174768308635,397.22219404093613,27824900
2024-02-14,402.42822265625,402.7721928081846,397.5930862054174,401.03272774217567,20401200
2024-02-15,399.5487365722656,402.0744232742021,397.31789426635277,401.1015057472966,21825500
2024-02-16,397.0919189453125,401.2489827226472,396.48261574205486,400.92465682975353,22296500
2024-02-20,395.84381103515625,397.51447618664315,391.1462443294289,396.2860326967427,24307900
2024-02-21,395.2442932128906,395.3524118295115,390.3698381114288,393.2689765841808,18518900
2024-02-22,404.5509948730469,405.710638303165,401.52412337910727,403.1161813071161,27009900
2024-02-23,403.26361083984375,408.6884066709004,401.9172415297094,408.5017108463529,16295900
2024-02-26,400.51190185546875,405.05222425854834,400.3349831970826,404.3642838981377,16193500
2024-02-27,400.4530029296875,401.2785134992588,396.88559761708564,400.9541875664943,14835800
2024-02-28,400.68878173828125,402.24152110085487,398.33017625490425,401.1408405413653,13183100
2024-02-29,406.5067138671875,407.05705416129825,398.9198455368932,401.59293981884394,31947300
2024-03-01,408.3345947265625,408.6982091819838,403.79427262351686,404.17753137688453,17823400
2024-03-04,407.7646789550781,410.15276617969135,405.2095102002069,406.3101908967546,17596000
2024-03-05,395.7062072753906,407.1061687535314,393.7308905561475,406.8211614689715,26919200
2024-03-06,395.1558837890625,398.17294829822555,391.5197089331465,396.02071283324057,22344100
2024-03-07,402.08428955078125,402.71323699020854,395.30325783772497,399.11635103541613,18718500
2024-03-08,399.21466064453125,403.3422428484954,397.35723965535834,400.92464441897226,18002200
2024-03-11,397.5439758300781,398.68397503984977,394.34021545583295,396.7971025481086,16120800
2024-03-12,408.118408203125,408.4034154899357,399.7748296289143,400.5905029088669,22457000
2024-03-13,407.9414978027344,410.968369200055,404.35444900675975,410.88976201717287,17115900
2024-03-14,417.886962890625,420.4421311587594,410.7816354740665,412.9928335922281,34157300
2024-03-15,409.23876953125,415.31218703472393,405.67136478668334,412.05927102600424,45079900
2024-03-18,410.12322998046875,413.4744273628243,406.6442696787311,407.10616562272253,20106000
2024-03-19,414.14263916015625,414.39816496544705,408.38368133647776,410.6243607307359,19837900
2024-03-20,417.89678955078125,418.6141812833587,413.40559339888034,414.72248109059194,17860100
2024-03-21,421.9654235839844,423.3904300401875,419.7935438740281,422.41748239432127,21296200
2024-03-22,421.3462829589844,422.446963535343,418.7223444405752,422.2897491598315,17648500
2024-03-25,415.56768798828125,420.03924040543956,414.3392444656493,417.9066492539799,18060500
2024-03-26,414.3785400390625,418.64369211377476,414.08372560652526,418.2702405050307,16725600
2024-03-27,414.162353515625,417.13029224439015,411.7841036640323,417.12045509904823,16705000
2024-03-28,413.46453857421875,414.5947004262664,411.8921251320564,413.70039009359095,21871200
2024-04-01,417.2481689453125,420.5109217375922,414.93868940887074,416.6388658317179,16316000
2024-04-02,414.1721496582031,415.0959414899842,410.6342266844982,412.8650690915943,17912000
2024-04-03,413.19927978515625,415.960818454912,411.86271762245,412.49169510873463,16502300
2024-04-04,410.6736145019531,421.27754806630895,410.368962888124,417.66098731056826,19370900
2024-04-05,418.1818542480469,419.1548019931233,411.1060369628787,412.7668951431704,16554800
2024-04-08,417.2678527832031,419.91146556821536,416.00009070624833,417.8378673566601,14272400
2024-04-09,418.9287414550781,420.3635551563133,414.3491001983128,419.08598583198443,12496900
2024-04-10,415.9607849121094,416.7174952724338,412.4621804028437,414.90923013212864,16216600
2024-04-11,420.5502624511719,421.96543178968227,415.076310912024,418.4766641791292,17966400
2024-04-12,414.624267578125,417.84770230483133,412.53099493709567,416.73718451939897,19253800
2024-04-15,406.5067138671875,419.4594150607099,406.30031376342345,419.2432078029309,20273500
2024-04-16,407.43048095703125,411.1846115754289,406.59516335126955,407.42067380289205,16765600
2024-04-17,404.73773193359375,411.65633410094387,403.25376259314334,410.0544389834795,15855500
2024-04-18,397.29827880859375,404.78689570186344,396.98382006074763,403.54861503604855,21029900
2024-04-19,392.2370910644531,398.48742718931453,390.91036608589934,397.0624207324797,30565800
2024-04-22,394.0453186035156,395.9027393940693,388.9251749817352,393.1804896634458,20286900
2024-04-23,400.5413513183594,401.1604915950337,396.10911790196513,397.26876128202184,15734500
2024-04-24,402.00567626953125,405.3568737379943,399.76499652417516,402.4970536697523,15065300
2024-04-25,392.15850830078125,392.99385593125254,381.3383676792714,387.2348968478242,40586500
2024-04-26,399.31292724609375,405.8777219430486,398.7625869715763,405.0620486762338,29694700
2024-04-29,395.3131408691406,399.3129603314087,392.3059134087563,398.2614054374624,19582100
2024-04-30,382.6158447265625,395.2246033529048,382.4586303789925,394.56614455838,28781400
2024-05-01,388.1291809082031,394.7922572147303,383.57902141142335,385.8393454420747,23562500
2024-05-02,390.9791564941406,393.0331103770738,387.84416635932274,390.80226783236736,17709400
2024-05-03,399.64703369140625,400.1285739017596,394.9297930918896,395.3425632659736,17446700
2024-05-06,406.40838623046875,406.79164496723695,399.3620218492585,401.71081997342634,16996600
2024-05-07,402.2808532714844,407.5189532422579,402.03516456718575,407.50911609687097,20018200
2024-05-08,403.46014404296875,405.1210019721616,399.6961765499289,401.1310200807253,11792300
2024-05-09,405.20947265625,405.60256858412407,402.04500095122404,403.48965172941627,14689700
2024-05-10,407.5877380371094,408.2167155386998,404.6984363706866,405.81879129865774,13402300
2024-05-13,406.5852966308594,411.13545592488975,403.7353138522874,410.8013229086305,15440200
2024-05-14,409.3763427734375,410.29029755221785,404.45273155985166,404.91462752191757,15109300
2024-05-15,416.5338134765625,417.25252925056685,410.81371203905996,411.43396907005973,22239500
2024-05-16,414.4761657714844,418.8376448328751,413.8460838814957,415.2736305334928,17530100
2024-05-17,413.708251953125,416.37634285020215,411.56198942365705,416.00221762948183,15352200
2024-05-20,418.7589111328125,420.1667782061981,413.49168315107727,413.7082803966284,16272100
2024-05-21,422.40167236328125,426.27085809319817,418.27649987771593,420.2258450310574,21453300
2024-05-22,423.8587341308594,425.71950537683756,420.5212017999642,423.43539455106486,18073700
2024-05-23,420.39324951171875,426.89113712917566,418.8377092557477,426.27087998656725,17211700
2024-05-24,423.5043029785156,424.39037161476875,417.84327052223153,420.58025544710625,11855300
2024-05-28,423.66180419921875,424.15406785996925,419.9993613614193,422.98247794375186,15718000
2024-05-29,422.5296325683594,424.27223522977,419.1034664398289,419.1034664398289,15517100
2024-05-30,408.2539978027344,417.7349716036768,407.8306281783295,417.7349716036768,28394500
2024-05-31,408.7068786621094,410.3018082986228,398.25120211572766,410.3018082986228,47995300
2024-06-03,407.12176513671875,409.9867435149057,402.5929630717942,409.1006748520027,17484700
2024-06-04,409.6323547363281,409.9966250957063,403.3412097338974,406.0486602967713,14348900
2024-06-05,417.449462890625,417.5183569725432,409.8587351784671,411.3453811328119,16988000
2024-06-06,417.9515380859375,418.7293231019465,414.0724979392672,417.44944957036887,14861300
2024-06-07,417.29193115234375,419.6843254469309,416.45507688003147,419.60557647742206,13621700
2024-06-10,421.249755859375,421.45649821147657,417.3313558315188,418.1288206635897,13982900
2024-06-11,425.9853210449219,426.1231693068597,418.670289453605,418.89674157876317,14551100
2024-06-12,434.23565673828125,436.53944727057524,426.54650007534946,428.5844790234761,22366200
2024-06-13,434.74761962890625,436.52964196122593,432.57182236972,434.0289338170149,15960600
2024-06-14,435.7222900390625,436.2834778568933,429.96279885352675,431.49865916361745,13582000
2024-06-17,441.4325256347656,443.9627681496181,433.9008973733048,435.741958721063,20790000
2024-06-18,439.4339294433594,443.17515136355723,438.00638282722565,442.7517817727517,17112500
2024-06-20,438.80389404296875,439.62103860195157,434.442414629224,439.3945864733692,19877400
2024-06-21,442.8207092285156,443.6083190884872,439.6013156180092,440.4578496032106,34187100
2024-06-24,440.74334716796875,445.74473260427544,439.5028331623204,442.8403650672186,15913700
2024-06-25,443.97259521484375,444.4353242448053,439.837568562192,441.31435950308355,16413400
2024-06-26,445.1639404296875,446.58166237734525,441.2553652071883,442.05283004707155,16507000
2024-06-27,445.8432312011719,449.1118693221635,444.7799248025884,445.18358463488477,14806300
2024-06-28,440.0345458984375,448.3341049043701,439.50289267468526,446.059848949654,28362300
2024-07-01,449.6632385253906,450.2933204774516,438.76451231040363,441.71809469633655,17662800
2024-07-02,452.1737365722656,452.4789376582484,446.09918938158694,446.18782328625804,13979800
2024-07-03,453.6406555175781,453.88678735468443,450.79538710423196,451.1005881786126,9932800
2024-07-05,460.3256530761719,461.1034381760004,451.86856586852235,452.49864781422883,16000300
2024-07-08,459.02606201171875,460.4634937005408,457.27360437796756,459.33126311315795,12962300
2024-07-09,452.42974853515625,460.09919566591896,450.9135678636905,459.77431483044427,17207200
2024-07-10,459.035888671875,459.24263100795065,451.76021694759896,454.0837171765978,18196100
2024-07-11,447.66461181640625,457.5886345893225,444.5633265323156,455.81649732303464,23111200
2024-07-12,446.5323791503906,449.29889867197954,443.67725577045155,447.3003093014831,16324300
2024-07-15,446.93603515625,450.1849934949163,444.44518211930125,446.28624348851673,14429400
2024-07-16,442.56475830078125,447.27079820143007,439.7490242805094,447.19204922721934,17175700
2024-07-17,436.6575927734375,437.9670310742686,432.38474735385836,435.74198947896895,21778000
2024-07-18,433.5563659667969,437.7701424222079,427.67873564964367,437.46494130393756,20794800
2024-07-19,430.3467712402344,434.3144456334854,425.31585048613374,426.39883667006126,20940400
2024-07-22,436.0865478515625,437.72086686190295,432.1189038234256,434.95434740544323,15808800
2024-07-23,437.96697998046875,441.4522150715158,436.24405718750495,437.03166701756135,13107100
2024-07-24,422.2638244628906,434.6491968195245,420.9740958851319,433.6351347306288,26805800
2024-07-25,411.92626953125,423.14987619224735,411.05005574464656,422.1653487650477,29943800
2024-07-26,418.68994140625,422.28349032231534,410.8137224917234,411.7293557750341,23583800
2024-07-29,420.1274108886719,425.46353285919287,418.12882136064246,424.9023450000168,15125800
2024-07-30,416.3763122558594,422.41143955979663,410.9023126509883,421.1020314288797,32687600
2024-07-31,411.8770751953125,415.25399722383173,405.83206207673004,413.99380325758636,42891400
2024-08-01,410.6562194824219,420.8460843318748,406.69843005351635,414.27930323794226,30296400
2024-08-02,402.1695556640625,408.57883813707474,398.08377329176966,406.10766494731143,29437900
2024-08-05,389.03594970703125,394.8348298232827,379.6140164017355,383.1484957861814,40709200
2024-08-06,393.427001953125,399.3932659734361,392.33419089963513,393.8109820824443,24946500
2024-08-07,392.2652282714844,403.73496598996115,391.3200904199489,402.31727423535324,20650900
2024-08-08,396.4593811035156,399.58031645092876,393.75193048039444,396.21324922868644,20203000
2024-08-09,399.73779296875,401.73638233312255,396.03599047899144,397.77859311198716,19276700
2024-08-12,400.51556396484375,402.4354042920839,397.98532149531104,400.7616957993417,16762900
2024-08-13,407.6042175292969,408.52967573215994,403.23291326546496,403.2525929980432,19414300
2024-08-14,410.41009521484375,411.2568044389076,406.0683556338293,408.38197108714223,18267000
2024-08-15,415.2626953125,415.34158622213624,411.9388626649199,414.0495331175792,20752100
2024-08-16,412.7377624511719,415.5684441235936,411.5837759699612,414.83859034033384,22775600
2024-08-19,415.7558288574219,415.97281647426513,410.7552711189502,413.22102581055816,15234000
2024-08-20,418.9810485839844,420.0265262237166,415.86436096713305,415.92353667507666,16387600
2024-08-21,418.33013916015625,420.55916118279697,415.9432751081222,418.2709333493598,16067300
2024-08-22,409.85772705078125,420.94378045645306,408.9306008917766,418.5470440541718,19361900
2024-08-23,411.0807800292969,413.51694694228206,406.4451490290269,411.2681797994915,18493800
2024-08-26,407.82598876953125,411.56408163461276,405.7054455704439,410.6665432369522,13152800
2024-08-27,408.17120361328125,408.68406980179446,404.6303831532702,407.2046168469379,13492900
2024-08-28,404.9755554199219,409.315277644923,401.73061382710534,409.19692623598894,14882700
2024-08-29,407.4610595703125,416.26872882049446,404.975589475056,409.2561363555491,17045200
2024-08-30,411.4259948730469,411.7711764633265,406.4846126518204,409.90708149754283,24308300
2024-09-03,403.83148193359375,414.1284769320411,401.4544905684809,412.1854608426902,20313600
2024-09-04,403.298828125,405.60677088600426,398.8308818633999,400.3497951691964,15135800
2024-09-05,402.7958068847656,407.4412799387572,400.5667551830583,402.036335234427,14195500
2024-09-06,396.197509765625,405.0248942566708,395.30981392110493,403.4566777506577,19609500
2024-09-09,400.1623840332031,403.0522412027111,396.641279237834,401.66155199530795,15295100
2024-09-10,408.5262756347656,410.627073483588,402.11531302402886,402.6084639940855,19594300
2024-09-11,417.24517822265625,418.1821469994098,403.9695325309428,409.8084532189213,19266900
2024-09-12,421.1509704589844,421.5158973973183,414.00028067952854,417.511513528787,17395700
2024-09-13,424.69171142578125,425.914716092092,419.63197810212404,419.9969049719398,15874600
2024-09-16,425.4314880371094,427.5914917589124,422.3542307072933,424.7016342113202,13834700
2024-09-17,429.1893005371094,435.79753584231287,426.34874601904636,434.1997314507894,18874200
2024-09-18,424.9087219238281,430.05721907964937,424.5142071811442,429.04132931995406,18898000
2024-09-19,432.6807861328125,435.452292084435,430.91529729082623,435.1860014052933,21706600
2024-09-20,429.3076171875,433.22323693457605,428.27201223229315,431.23091793236443,55167100
2024-09-23,427.57177734375,430.48135010026584,424.4945200082598,428.33121902605126,15128900
2024-09-24,423.29119873046875,427.4139334394583,420.2632446802758,427.0687217553129,17015800
2024-09-25,426.19091796875,427.1870925626301,422.69943076362244,423.94215074360574,13396400
2024-09-26,425.4018859863281,429.3372210826113,423.251754987828,429.1301061037402,14492000
2024-09-27,422.1569519042969,425.9345052473445,421.61449786891575,425.60900874647825,14896100
2024-09-30,424.40570068359375,424.52408219664926,419.54323948144145,422.3443332995087,16807300
2024-10-01,414.9273376464844,422.6106376703255,413.07308530803846,422.5810498180969,19092900
2024-10-02,411.4161682128906,417.02822913913116,411.00190811888234,416.7914961856054,16582300
2024-10-03,410.834228515625,413.8029769595959,408.6150490966078,411.9092940444477,13686400
2024-10-04,410.36077880859375,414.00023534021534,409.28571331626097,412.5109097932594,19169700
2024-10-07,403.9300842285156,411.3963666559109,403.3974727803463,410.30158600641573,20919800
2024-10-08,409.029296875,409.9662958214234,402.57890342121186,405.2714886364785,19229300
2024-10-09,411.7415771484375,414.6215919010832,408.62485957486433,410.16348810998284,14974300
2024-10-10,410.1437683105469,411.63309377445904,407.49061385739407,409.5421386142519,13848400
2024-10-11,410.61724853515625,411.4161507329335,407.58929422530787,410.4397214022164,14144900
2024-10-14,413.39862060546875,418.2314942204609,411.8007861364326,412.0473616280092,16653100
2024-10-15,413.0040283203125,416.692817718463,409.5717171353566,416.3969091028174,18900200
2024-10-16,410.41998291015625,410.6566857580044,404.8572552888869,409.4830140710585,15508900
2024-10-17,411.0117492675781,416.7125733271007,409.89722324961605,416.57447660649984,14820000
2024-10-18,412.4320068359375,413.9015870376485,410.55803924257515,411.42598973201757,17145300
2024-10-21,413.04351806640625,413.22104518863654,408.08242059822123,410.4199513395574,14206100
2024-10-22,421.6539306640625,424.68185459098345,412.31365056093216,412.75746835174544,25482200
2024-10-23,418.7838134765625,425.17503084101816,416.74216121867397,424.9580432083023,19654400
2024-10-24,418.9119873046875,420.14486459281426,416.61388718387514,419.5037443233538,13581600
2024-10-25,422.28515625,426.5952907757042,420.72681247783265,420.9142122484759,16899100
2024-10-28,420.74652099609375,426.02324214447043,420.46048501920137,425.7470788183642,14882400
2024-10-29,426.03314208984375,427.2364316805858,419.9673609785876,422.1372373224,17644100
2024-10-30,426.605224609375,432.49344905360795,426.1811219516409,431.44797128826104,29749100
2024-10-31,400.7838134765625,410.4594334413064,400.73448031809437,409.6703738017444,53971000
2024-11-01,404.7486877441406,409.8084210802644,401.91800623395363,403.40733166804887,24230400
2024-11-04,402.8648681640625,404.7980415718176,400.01447130701087,404.18650910637746,19672300
2024-11-05,405.82379150390625,409.21667261639857,402.49008610038965,402.7761220934701,17626000
2024-11-06,414.4243469238281,414.69066771455005,404.8966664565658,406.77066424480597,26681800
2024-11-07,419.6024169921875,421.0029789570154,414.12845339700306,415.5092700597973,19901800
2024-11-08,416.7520446777344,420.65779206836214,416.00244554535874,419.4939629624982,16891400
2024-11-11,412.2840576171875,418.9908983471605,410.3015812107333,416.7322586188732,24503300
2024-11-12,417.2352600097656,418.62594919557404,411.4851336112788,412.52073848816826,19401200
2024-11-13,419.3756103515625,423.44901221052845,412.481339102593,415.8643777407356,21502200
2024-11-14,421.0424499511719,422.30491523139983,414.24681513135374,419.17832483529844,30246900
2024-11-15,409.3153381347656,417.0084818478404,407.9739818358906,414.0693210931382,28247600
2024-11-18,410.06494140625,412.66876311229754,406.45507236642675,409.1871181522339,24727000
2024-11-19,412.0671081542969,412.2150474297726,405.9125633985823,407.45119206262405,18133500
2024-11-20,409.798583984375,411.57394553855335,404.9558378403451,411.1596854793811,19191700
2024-11-21,408.0295715332031,414.85856338751086,405.47983232208855,414.5818472703372,20780200
2024-11-22,412.11114501953125,412.50644943843054,406.2407824115055,406.547145598137,24814600
2024-11-25,413.8801574707031,416.14328803070504,409.9863472135053,413.4749606494442,27691100
2024-11-26,422.9722900390625,424.0099980685231,413.93946191933657,414.6707766023476,23458900
2024-11-27,418.0309143066406,422.22122564388053,417.07228524559736,420.12605489536344,18332400
2024-11-29,418.49542236328125,419.8987878079345,412.90177557031507,415.16493646523105,16271900
2024-12-02,425.9272766113281,427.92358362660957,416.37063273208213,416.62759418862754,20207200
2024-12-03,426.1446838378906,427.3997836787713,422.72522667678595,424.80061260374794,18302000
2024-12-04,432.2917785644531,434.5153999624501,427.55792723241916,427.95323167121506,26009400
2024-12-05,437.4308166503906,439.4469085884485,431.0564531129943,432.7859365018672,21697800
2024-12-06,438.36968994140625,440.87002757046025,436.5907746503493,437.1145598403157,18821000
2024-12-09,440.7908935546875,443.0738089240489,435.3356203613735,437.4110061952819,19144400
2024-12-10,438.1324462890625,444.34871163189086,436.42274787532307,439.1800467406791,18469500
2024-12-11,443.7261047363281,445.0701760009867,438.84401807874156,438.84401807874156,19200200
2024-12-12,444.2893981933594,450.81202644259827,443.8446618873549,443.8446618873549,20834800
2024-12-13,442.0262451171875,446.13747735633456,440.3560560775405,443.1825414368637,20177800
2024-12-16,446.29559326171875,446.87867253224385,440.0595735829624,442.0262333394617,23598800
2024-12-17,449.1319885253906,449.9522746519603,444.2993336430134,445.7224537683285,22733500
2024-12-18,432.2621154785156,447.34318887069384,431.89642797238076,446.0287948744165,24444500
2024-12-19,431.9063415527344,437.98423408144293,431.2046739034814,436.4425256398133,22963700
2024-12-20,431.48138427734375,438.5376604876813,423.6048219518138,428.03227991601136,64263700
2024-12-23,430.1471862792969,432.51904296318025,427.7555447705133,431.61970806424813,19152500
2024-12-24,434.1793212890625,434.4461751355928,429.09959787026054,429.5541964268554,7164500
2024-12-26,432.9736328125,435.7704710980457,431.51100346947777,433.9322618472237,8194200
2024-12-27,425.4825744628906,430.11759250731205,421.35158695918557,429.5048660553498,18117700
2024-12-30,419.849365234375,422.5374777077036,416.9537232035626,421.0649558192297,13158700
