Date,Close,High,Low,Open,Volume
2019-01-02,3.373051881790161,3.4290135007628106,3.220271688741212,3.234881152570605,508752000
2019-01-03,3.169262409210205,3.34680449917898,3.161833936081145,3.3128808158221736,705552000
2019-01-04,3.372309923171997,3.4104429320170873,3.211605786577287,3.242310320941079,585620000
2019-01-07,3.550841808319092,3.5877369282498313,3.3782519546193495,3.4295090569356015,709160000
2019-01-08,3.462442636489868,3.6345373165933417,3.3898905036888123,3.632308561774112,786016000
2019-01-09,3.5305373668670654,3.577832398815382,3.463185196648294,3.513699147202186,617260000
2019-01-10,3.596155881881714,3.6048224734389516,3.450804153386844,3.5112230484738736,523156000
2019-01-11,3.6852989196777344,3.7080797783897244,3.5461375306410936,3.57387062673555,874764000
2019-01-14,3.7251648902893066,3.750421983358888,3.609527289244213,3.6330510639730837,730168000
2019-01-15,3.7110509872436523,3.797221943267232,3.692727166916526,3.7578505840273353,617012000
2019-01-16,3.685546398162842,3.77122215927641,3.6800989606620003,3.7382891076955467,470104000
2019-01-17,3.7568604946136475,3.7967270572444844,3.6253752950622045,3.6526134277595066,493436000
2019-01-18,3.885868549346924,3.9118685575601817,3.7551262986202842,3.8066308788815384,651336000
2019-01-22,3.683811902999878,3.867296832296205,3.6536025798186964,3.8556588066068365,661552000
2019-01-23,3.696688652038574,3.8276786281555033,3.6654889238183594,3.7390314439548784,591020000
2019-01-24,3.908402919769287,3.9259835875739695,3.7764225172060657,3.781127272802894,708972000
2019-01-25,3.965601682662964,3.9836777833396004,3.7464599562394896,3.848973687391146,1154572000
2019-01-28,3.4173758029937744,3.507261112893083,3.2437957746546737,3.3812235989990995,2511528000
2019-01-29,3.2586522102355957,3.4196040207088623,3.2440427472905946,3.3713183594934417,1153932000
2019-01-30,3.4020230770111084,3.4163848216897934,3.255185531395992,3.3346709174990994,974228000
2019-01-31,3.559508800506592,3.595165806236764,3.377014216677439,3.3988046746644693,842852000
2019-02-01,3.5837748050689697,3.63478418856549,3.530537139421069,3.578079650274053,625048000
2019-02-04,3.693964958190918,3.7311075595030876,3.577584445320874,3.5996223824688434,528592000
2019-02-05,3.713031768798828,3.7496791731204335,3.672174809486618,3.7058507771176155,542424000
2019-02-06,3.78855562210083,3.8529363617477665,3.740765385567621,3.7462128231283276,702464000
2019-02-07,3.6503844261169434,3.744479293492757,3.6075466655780306,3.7422507749665708,637120000
2019-02-08,3.6689560413360596,3.679603434088364,3.5689182983735197,3.583280046178188,461604000
2019-02-11,3.6263654232025146,3.6791078903680257,3.5780797566191254,3.6248795868615664,495180000
2019-02-12,3.74324107170105,3.758841173246999,3.6503843252168604,3.664746308472057,591060000
2019-02-13,3.78558349609375,3.8586308150604207,3.7590882867916373,3.7727073505082047,605372000
2019-02-14,3.8264410495758057,3.8546695815008256,3.741507971816293,3.784593687951043,827264000
2019-02-15,3.8960211277008057,4.057715393110544,3.873240272941682,4.034934774498316,1516748000
2019-02-19,3.8786869049072266,3.9591629160735407,3.8663061980941125,3.885372694395532,551892000
2019-02-20,3.925983190536499,3.9930876443945174,3.8967644957676106,3.907907088268035,540988000
2019-02-21,3.857145071029663,3.9631254384785057,3.8425356068869903,3.9386115010375433,448548000
2019-02-22,3.941831111907959,3.960650134003871,3.895278992952339,3.908898059387055,401740000
2019-02-25,3.929450273513794,4.0926304027463685,3.9207834448772534,4.025278463314607,656020000
2019-02-26,3.8900787830352783,3.9807070143369634,3.856650296415104,3.924745387991044,488464000
2019-02-27,3.848231554031372,3.9022121456582624,3.7912792893798266,3.875717168040082,500256000
2019-02-28,3.8236916065216064,3.8643429349671288,3.801383218768535,3.8420343108237707,324944000
2019-03-01,3.877976894378662,3.92011512705966,3.815264901312797,3.8735150267277207,357188000
2019-03-04,3.8861560821533203,3.939200883740636,3.8296408345573885,3.9163965477958653,409992000
2019-03-05,3.8797109127044678,3.917883213973388,3.816255253406574,3.8705394428962467,362924000
2019-03-06,3.768911838531494,3.87921533253882,3.7661853128661065,3.8707877821229424,403524000
2019-03-07,3.6997556686401367,3.7550315283201217,3.6536512809246053,3.745364345836841,450104000
2019-03-08,3.733962059020996,3.7446206618690914,3.58920395909673,3.61052116479292,422416000
2019-03-11,3.994227409362793,4.017031501185779,3.7104125824304037,3.7575086061262772,859728000
2019-03-12,4.028434753417969,4.074786629138914,3.9458927102492316,4.021989809263708,579576000
2019-03-13,4.179637908935547,4.208886955020743,4.058427830892932,4.065864197328034,768900000
2019-03-14,4.103786468505859,4.20070502378306,4.096102369329187,4.188807033265609,519384000
2019-03-15,4.20913553237915,4.251769474433468,4.143448805085043,4.146919015168309,661484000
2019-03-18,4.1878180503845215,4.294403607702958,4.16079958269572,4.240614882158362,486992000
2019-03-19,4.355380058288574,4.39974957567434,4.265402338243507,4.282257440795719,854972000
2019-03-20,4.3229079246521,4.4376730319595605,4.2882053617096085,4.3843802661933795,719148000
2019-03-21,4.5593791007995605,4.585653881326078,4.341003170959589,4.345960748082415,824312000
2019-03-22,4.399748802185059,4.580696104244209,4.385867965071541,4.532113174346897,747644000
2019-03-25,4.3075408935546875,4.423297453120556,4.241358694459646,4.359098568846415,525212000
2019-03-26,4.384133815765381,4.505095692844781,4.327866298455655,4.449076385380852,703508000
2019-03-27,4.3749613761901855,4.456015819945909,4.305557190848552,4.409663941641556,474372000
2019-03-28,4.393551826477051,4.459238062152531,4.340506796604897,4.400987718648294,480264000
2019-03-29,4.45081090927124,4.47510284912212,4.409912078172584,4.460230117103884,456896000
2019-04-01,4.5182318687438965,4.548472328288547,4.470888101591923,4.542523331173803,483824000
2019-04-02,4.536078453063965,4.580447958692014,4.499393521901843,4.542275660034518,440920000
2019-04-03,4.675383567810059,4.734377597306607,4.580696025319537,4.585653602140534,783504000
2019-04-04,4.666460990905762,4.708847191535176,4.603749006002984,4.660016045538845,457376000
2019-04-05,4.733138084411621,4.750489603716596,4.673153105395864,4.709590303097136,481744000
2019-04-08,4.753960609436035,4.778995762583968,4.678606940157051,4.70265067230615,424192000
2019-04-09,4.691246509552002,4.731649851943021,4.649108062999045,4.720495543361932,439972000
2019-04-10,4.761642932891846,4.7874217629055575,4.686042020097901,4.6905036497578685,444772000
2019-04-11,4.747763156890869,4.795602881676551,4.698436537073652,4.764122784482669,374600000
2019-04-12,4.709838390350342,4.79039736695356,4.701162866442991,4.786431210547088,471708000
2019-04-15,4.57821798324585,4.707112164920692,4.538558307773687,4.702154587291515,440092000
2019-04-16,4.665221214294434,4.684059630158757,4.584662709190543,4.617381963527399,394964000
2019-04-17,4.642417907714844,4.720993584395809,4.62010927842184,4.70017232313052,351004000
2019-04-18,4.617877960205078,4.683068739221043,4.590116280118214,4.649110323083455,380988000
2019-04-22,4.671666145324707,4.687282088559057,4.56285001675358,4.594329640256938,279936000
2019-04-23,4.726198196411133,4.757430556442091,4.6751364719379405,4.684803417118198,346856000
2019-04-24,4.738590717315674,4.779241800499194,4.675878751823912,4.736607403242486,318204000
2019-04-25,4.632998466491699,4.720745611248034,4.553431372698059,4.698436983070616,499296000
2019-04-26,4.414372444152832,4.483777088681596,4.295641195734314,4.479314986685953,868988000
2019-04-29,4.445110321044922,4.472871998947083,4.350174554563525,4.422305747924848,391920000
2019-04-30,4.486505031585693,4.512035657356276,4.393800318272996,4.412886471536055,362920000
2019-05-01,4.473368167877197,4.580945147868897,4.473119958040308,4.53880668205535,354280000
2019-05-02,4.5407891273498535,4.582431642632066,4.439904838935968,4.483034721987003,394684000
2019-05-03,4.536327362060547,4.559131460862227,4.474854539101852,4.549216779186023,336824000
2019-05-06,4.457998752593994,4.470144483988638,4.312992714045154,4.3501735919769935,422176000
2019-05-07,4.290932655334473,4.409663926602469,4.242845199780026,4.409663926602469,555220000
2019-05-08,4.311009883880615,4.391072900167956,4.251520384477504,4.2634183789142295,419168000
2019-05-09,4.218553066253662,4.2517682624256565,4.099822273281469,4.2421013189180234,660248000
2019-05-10,4.184596538543701,4.253257540268882,4.065121535355851,4.187819012087087,569500000
2019-05-13,3.9275505542755127,4.075778844553139,3.911686638804407,4.052726536980217,656912000
2019-05-14,4.016537189483643,4.051735230769413,3.9285420862692155,3.9672101006105938,524880000
2019-05-15,3.9555599689483643,3.991997164948317,3.90177149084388,3.961013019664122,502320000
2019-05-16,3.9706802368164062,4.013314643034374,3.9077207575150528,3.9501069539339073,781088000
2019-05-17,3.8799586296081543,4.0579316645712655,3.8405469343425804,3.9287897680294255,1022068000
2019-05-20,3.7614755630493164,3.836333274940559,3.7366881504321063,3.78130539858697,572064000
2019-05-21,3.8435215950012207,3.8593855113872992,3.7835363753950677,3.8222046272629533,361848000
2019-05-22,3.772629737854004,3.8308798480781565,3.761723163231834,3.804853278528092,325868000
2019-05-23,3.651667833328247,3.7104136568987665,3.5919303524941824,3.7104136568987665,591844000
2019-05-24,3.5978798866271973,3.705704605345006,3.5911872037597283,3.670506558806422,357584000
2019-05-28,3.5527658462524414,3.6481970641758896,3.5507827684198823,3.6154778164753076,428356000
2019-05-29,3.4786527156829834,3.540125071095557,3.4439503813001386,3.5051749996643733,559800000
2019-05-30,3.452099323272705,3.5176125138521255,3.413883216548016,3.4818780247487977,394300000
2019-05-31,3.361523151397705,3.470463735406527,3.3597860658893692,3.403213440257919,389720000
2019-06-03,3.3198325634002686,3.4114020408869172,3.2905501343227805,3.3726896529546333,478644000
2019-06-04,3.5486323833465576,3.553843638882873,3.361770770092565,3.3838566011741076,641836000
2019-06-05,3.5059494972229004,3.627794187677335,3.469718728804367,3.6223346757717674,511616000
2019-06-06,3.567988395690918,3.592555843398238,3.507686457076579,3.5101680748232,408140000
2019-06-07,3.6106717586517334,3.644917189289571,3.554836534431191,3.5739447099018427,348856000
2019-06-10,3.6833813190460205,3.7518724125005205,3.666754762775281,3.666754762775281,402780000
2019-06-11,3.740952730178833,3.7809059201648365,3.701496053023524,3.74318609127667,383872000
2019-06-12,3.628041982650757,3.7037296653156537,3.6129044934497947,3.6975256211119234,358892000
2019-06-13,3.6791632175445557,3.697526625391042,3.6325096917693487,3.6501288034373007,308080000
2019-06-14,3.589329957962036,3.6104232370452425,3.5446620185259192,3.5861040439813654,394428000
2019-06-17,3.5990078449249268,3.6359831440619303,3.5647621832656573,3.5875925454851405,276040000
2019-06-18,3.7938103675842285,3.849149070172521,3.6493835766947877,3.6603023633506604,581920000
2019-06-19,3.7997663021087646,3.8404637930278342,3.7737097883346435,3.829048729718864,331644000
2019-06-20,3.8240857124328613,3.9042401265985758,3.809692754251881,3.8903434446776135,350168000
2019-06-21,3.7660176753997803,3.8583319362723727,3.759565609765141,3.8091970295147672,434428000
2019-06-24,3.788351058959961,3.8178817434588725,3.7402087138632987,3.7873585064817115,282948000
2019-06-25,3.7590689659118652,3.868257794693554,3.7563393280233672,3.793314632724528,311868000
2019-06-26,3.952134132385254,4.013180844258709,3.873468785349139,3.886372914472934,584072000
2019-06-27,4.050652027130127,4.0697599636115775,4.001765150254064,4.037747898512495,445440000
2019-06-28,4.075469017028809,4.103758900994328,4.02881572346617,4.094576959535593,397668000
2019-07-01,4.123610973358154,4.316676431741512,4.0861391515964955,4.282430761166285,709756000
2019-07-02,4.0258355140686035,4.1280759700225715,4.012683368306694,4.10698245953639,400228000
2019-07-03,4.038741588592529,4.054871872238148,3.978936144492796,4.049164102336375,246636000
2019-07-05,3.976205587387085,3.984891013500101,3.9129255133405683,3.980424290544868,396552000
2019-07-08,3.901262044906616,3.935507708463473,3.8712353210074615,3.9166477915283986,329788000
2019-07-09,3.903743267059326,3.931784883171469,3.8464192260403345,3.859075097090213,342860000
2019-07-10,3.971986770629883,4.02931058133632,3.933274383924666,3.947171065308045,452076000
2019-07-11,4.126339435577393,4.1670369236067675,4.007720668204289,4.044943986198475,682560000
2019-07-12,4.159345626831055,4.230318592995096,4.154134369803797,4.154134369803797,506392000
2019-07-15,4.150907516479492,4.1965682493733905,4.1226181107263224,4.180438441294544,289840000
2019-07-16,4.14619255065918,4.173241382538583,4.090605348098259,4.136018058733451,341444000
2019-07-17,4.211456775665283,4.218405115242195,4.118646270379244,4.1479286938305515,348204000
2019-07-18,4.223121643066406,4.285905218880551,4.165301304283338,4.221881070468805,442192000
2019-07-19,4.179941177368164,4.2677884566092805,4.173985389511124,4.261336629200927,344896000
2019-07-22,4.251411437988281,4.264315570009257,4.19383912025467,4.201283975646884,315940000
2019-07-23,4.359109878540039,4.361094983373158,4.274984789744258,4.290619028595652,428176000
2019-07-24,4.43355655670166,4.439264324799109,4.326353321613568,4.402289025354331,366236000
2019-07-25,4.302531719207764,4.404772228978653,4.279205072186886,4.392116116025074,392700000
2019-07-26,4.3444695472717285,4.39112283356102,4.3295803113607425,4.3295803113607425,274160000
2019-07-29,4.338265419006348,4.354395699492456,4.2501701091487964,4.337272866461397,248160000
2019-07-30,4.3538994789123535,4.366059076714903,4.277467247976056,4.291860444144905,197772000
2019-07-31,4.186890602111816,4.32337677198391,4.144704036634304,4.322383745983711,359416000
2019-08-01,4.09259033203125,4.287640842295191,4.040477307617723,4.197311947079872,421212000
2019-08-02,4.000028133392334,4.069263993496458,3.952630557717164,4.000028133392334,428348000
2019-08-05,3.74194598197937,3.817881688657887,3.6950444464837853,3.8166408797478337,589156000
2019-08-06,3.780658006668091,3.862053222534789,3.7330121767256927,3.816640753892801,361272000
2019-08-07,3.8188741207122803,3.8307856965451412,3.702488946544037,3.7198597974168814,372560000
2019-08-08,3.927318811416626,3.928559620416878,3.819122775191908,3.8764468257068865,309300000
2019-08-09,3.826070785522461,3.8898468953295846,3.775695080435501,3.8863727250932496,341816000
2019-08-12,3.75832462310791,3.8260711864760557,3.7364868102909505,3.7739583908097614,279200000
2019-08-13,3.872476100921631,3.918385086800619,3.717875040369741,3.7568354485894377,351956000
2019-08-14,3.724078893661499,3.795547882888534,3.6804035054272526,3.784380838530552,419880000
2019-08-15,3.6918182373046875,3.7627909438749896,3.657572811239916,3.7429384749498853,477200000
2019-08-16,3.9595789909362793,4.0087136529243805,3.8930730035786243,3.954367735321479,1007960000
2019-08-19,4.238008499145508,4.253890754055309,4.056606689483732,4.072736964109604,815112000
2019-08-20,4.165796756744385,4.233047039437114,4.144703241392675,4.23255052653228,463188000
2019-08-21,4.249176025390625,4.304266701141818,4.210215626109679,4.231805176878109,427244000
2019-08-22,4.255380630493164,4.301289372684599,4.216171735153766,4.258854800460947,303488000
2019-08-23,4.031047344207764,4.233294687427818,4.011194876201635,4.178948538511534,568056000
2019-08-26,4.105742931365967,4.133784788125039,4.067527056360016,4.109713614737591,318208000
2019-08-27,4.015165328979492,4.146687744486093,3.9858829048499236,4.1439581072062435,290968000
2019-08-28,4.004734039306641,4.0573951981108545,3.9495888054715174,3.9888365276554643,255612000
2019-08-29,4.148309230804443,4.180601248407322,4.092667010059698,4.096144619244449,357976000
2019-08-30,4.1609787940979,4.244193651042647,4.142845472418264,4.194513097004988,290616000
2019-09-03,4.078011989593506,4.121233846385008,4.055159260760922,4.088196553572964,296140000
2019-09-04,4.192027568817139,4.199479791476243,4.138621157565341,4.138621157565341,227728000
2019-09-05,4.464773654937744,4.470983604443548,4.292382765536366,4.294121570349542,695676000
2019-09-06,4.43769645690918,4.498306344795361,4.399691025904709,4.4414223309170975,376976000
2019-09-09,4.483652114868164,4.570096305349643,4.467257600537183,4.468748140146039,417524000
2019-09-10,4.550221920013428,4.57680051169391,4.441173319404587,4.450860874470558,352812000
2019-09-11,4.578789710998535,4.62697971233285,4.535816123801105,4.564879273300177,361512000
2019-09-12,4.577298641204834,4.679888581131553,4.56934988826807,4.6252403716790145,327840000
2019-09-13,4.519423007965088,4.547740896509325,4.475704137557027,4.510728981717589,324592000
2019-09-16,4.476447582244873,4.51097540777467,4.43397100364255,4.444403830885622,231832000
2019-09-17,4.4978108406066895,4.502033719880627,4.436703934474506,4.483155132699058,223048000
2019-09-18,4.470734119415283,4.506504218565795,4.384290423817927,4.490854977858208,258152000
2019-09-19,4.395221710205078,4.495079344485876,4.384540140464228,4.4766972844811965,245476000
2019-09-20,4.289649486541748,4.4178249719627845,4.279465397875577,4.394226976885047,350244000
2019-09-23,4.343055725097656,4.388513382593779,4.286171705354058,4.289898053534859,249712000
2019-09-24,4.285675525665283,4.403914718861197,4.250154162024822,4.374355039009405,317268000
2019-09-25,4.427265167236328,4.44688902648033,4.2404668170869675,4.2851792158550435,308432000
2019-09-26,4.405156135559082,4.426270529177949,4.354233799381316,4.417576506449211,234564000
2019-09-27,4.266547203063965,4.414097759939409,4.2059368510732735,4.363423702100451,362056000
2019-09-30,4.323929786682129,4.3341143508758595,4.261084070387128,4.2923830327616175,186184000
2019-10-01,4.322190284729004,4.496071696407756,4.3174708751842825,4.347030554081502,366008000
2019-10-02,4.298344612121582,4.312255051152552,4.226059603195252,4.300331682329208,293372000
2019-10-03,4.5037713050842285,4.509981252762404,4.272509385416176,4.302814328068124,450588000
2019-10-04,4.520166873931885,4.549478288687561,4.440926653211985,4.506007697163168,265524000
2019-10-07,4.578789710998535,4.6783985839980335,4.576305636582578,4.584999660144053,480984000
2019-10-08,4.402424335479736,4.487129238036931,4.38429101816831,4.487129238036931,444436000
2019-10-09,4.4888691902160645,4.538301479609977,4.450367210369543,4.479181628910667,292412000
2019-10-10,4.546497344970703,4.597419687455007,4.481416299085726,4.486632713369001,309124000
2019-10-11,4.620024681091309,4.703239045355618,4.611578922491844,4.630457509788729,446404000
2019-10-14,4.6334381103515625,4.65430376772576,4.5802799580793065,4.611330178825796,200040000
2019-10-15,4.877864837646484,4.950398575300106,4.709696845354287,4.723607756181353,664124000
2019-10-16,4.824211120605469,4.948660756655363,4.812784755588602,4.843834979818206,428944000
2019-10-17,4.826198101043701,4.913635344117551,4.771797674871035,4.868674685329174,263436000
2019-10-18,4.731804847717285,4.859235065815484,4.657532778080499,4.826694307935425,307440000
2019-10-21,4.868924140930176,4.882338051767345,4.774282916524699,4.793161508330924,261868000
2019-10-22,4.858986854553223,5.030880725953008,4.851286366161707,4.92580670192421,328720000
2019-10-23,4.846069812774658,4.860228515074197,4.745218670685841,4.777014158325373,279916000
2019-10-24,4.890036582946777,4.923570399024333,4.853272949352469,4.8873037697684545,232020000
2019-10-25,5.080810070037842,5.101675728362133,4.962819131070851,4.970519620279404,423092000
2019-10-28,5.13670015335083,5.18911256029062,5.095216631561461,5.124528046514247,330792000
2019-10-29,5.040567874908447,5.12924737996355,5.021192759747854,5.122788692384218,211236000
2019-10-30,5.042556285858154,5.073109979768941,4.974494151837034,5.0673965602975635,205960000
2019-10-31,4.993371486663818,5.0425550187031005,4.9136347421803634,5.021689363981352,209732000
2019-11-01,5.032371520996094,5.064663541790093,4.933010436546448,4.958098972971242,283640000
2019-11-04,5.228856086730957,5.2412764571710255,5.090248258656079,5.1133492474760995,376716000
2019-11-05,5.206748962402344,5.254690221348743,5.158807229667227,5.228608152456501,300868000
2019-11-06,5.157566070556641,5.208239675335266,5.070128351893522,5.182654607627181,269012000
2019-11-07,5.175201416015625,5.2586645050238925,5.130489029983029,5.244008799548261,280340000
2019-11-08,5.161290168762207,5.192837383571177,5.120800667667969,5.158309564596656,189100000
2019-11-11,5.171226978302002,5.194327965803184,5.074349989554942,5.1605454129544865,243436000
2019-11-12,5.206748962402344,5.262639448449089,5.174456471002572,5.209481301935524,283504000
2019-11-13,5.180914878845215,5.203022332992698,5.11459156882538,5.175449726285449,300188000
2019-11-14,5.211219787597656,5.2134555964181795,5.129992507282294,5.189857129426733,518080000
2019-11-15,5.072114944458008,5.260651571996702,4.983931972589848,5.208983968056477,1053628000
2019-11-18,5.273072719573975,5.299651321277817,5.061682863543426,5.064663468615245,574588000
2019-11-19,5.166506767272949,5.2656190846197255,5.108380956750247,5.24202109431378,414564000
2019-11-20,5.245748043060303,5.329459404346898,5.130986463740042,5.14365510051986,472588000
2019-11-21,5.2209086418151855,5.296919527552921,5.199297713003257,5.241277770166367,288388000
2019-11-22,5.238546371459961,5.289965258457579,5.21494789436599,5.24351404798442,224100000
2019-11-25,5.494894504547119,5.4998626526423084,5.3535538656231445,5.366470766397429,506476000
2019-11-26,5.390317440032959,5.481977544592898,5.383858752821202,5.477257661816818,385244000
2019-11-27,5.4251203536987305,5.4701141901312225,5.3987705869446065,5.435809803647838,215784000
2019-11-29,5.387832164764404,5.422633919033561,5.363967833757931,5.3942956186363,141556000
2019-12-02,5.20164155960083,5.394295337032082,5.186478142091579,5.380871533007133,372036000
2019-12-03,5.1621174812316895,5.166094553868876,4.980898951860107,5.018186615594766,465232000
2019-12-04,5.20586633682251,5.268012579745433,5.17727912197455,5.245639894362124,273424000
2019-12-05,5.188964366912842,5.243404457640698,5.15838813326808,5.227743668078507,184884000
2019-12-06,5.274229049682617,5.307042744570594,5.24812773184507,5.258071361957496,232236000
2019-12-09,5.274229049682617,5.3289180670241985,5.242659019766264,5.251359459045446,211880000
2019-12-10,5.319223403930664,5.370929143014458,5.251607951361957,5.304307958637612,256388000
2019-12-11,5.40274715423584,5.408216340025426,5.327177562670897,5.329663470004647,233796000
2019-12-12,5.570044994354248,5.588191691238599,5.364962616953304,5.373911504079874,404348000
2019-12-13,5.568056583404541,5.692100660056325,5.514113388523606,5.573028398203756,454704000
2019-12-16,5.596891403198242,5.669229732850712,5.587445146174056,5.6155354687860095,320976000
2019-12-17,5.674947738647461,5.697568877641855,5.606089579480036,5.6155358371238275,321196000
2019-12-18,5.705275058746338,5.7656812284331656,5.701297512416588,5.709749502030859,343548000
2019-12-19,5.853183746337891,5.86660755208629,5.734857298669903,5.739829113698079,445360000
2019-12-20,5.950380325317383,5.9757358217799785,5.900414677876029,5.91955564300487,603044000
2019-12-23,5.936708450317383,6.011035330842272,5.9260194747075206,5.978967929874309,355060000
2019-12-24,5.931735992431641,5.9488884205613335,5.886990610204326,5.921295466463711,138864000
2019-12-26,5.945906639099121,5.973996494995526,5.916324669629933,5.935217188670649,182852000
2019-12-27,5.888233661651611,5.974492697227238,5.861883424733075,5.961068893221164,254644000
2019-12-30,5.775127410888672,5.871578522349653,5.743805834166592,5.86635825956264,258056000
2019-12-31,5.849207878112793,5.858654138956179,5.720689325413626,5.739830295661453,231004000
2020-01-02,5.963803291320801,5.963803291320801,5.884505079799994,5.934967621143992,237536000
2020-01-03,5.868345260620117,5.9120963616801605,5.81937389813855,5.844232489062169,205384000
2020-01-06,5.8929572105407715,5.898177473983396,5.749026818972195,5.775128136185318,262636000
2020-01-07,5.964301109313965,6.010040762284661,5.876301978898439,5.921295812236685,314856000
2020-01-08,5.975487232208252,6.0167524399804355,5.920052874364095,5.96007489141587,277108000
2020-01-09,6.04111385345459,6.113452193523961,5.987419581657777,6.061746457974927,255112000
2020-01-10,6.073429107666016,6.178580656241072,6.059259958542958,6.148253347803174,316296000
2020-01-13,6.263845443725586,6.288952489506994,6.133835297475145,6.156456910250187,319840000
2020-01-14,6.147010326385498,6.246444236201566,6.133834971804429,6.221088269155128,359088000
2020-01-15,6.104503631591797,6.182062245072599,6.078650760431529,6.15968954987089,263104000
2020-01-16,6.188027858734131,6.1939939419440035,6.134582032493706,6.157948994174717,284192000
2020-01-17,6.196728706359863,6.214626957169051,6.149248960200199,6.20716923413062,253792000
2020-01-21,6.163417339324951,6.196976374999237,6.129360932560053,6.160185612581765,217916000
2020-01-22,6.217360019683838,6.303867502720389,6.189767066563044,6.208659581685237,239240000
2020-01-23,6.285720348358154,6.294172337265106,6.168637116635187,6.257382051881622,244516000
2020-01-24,6.226558685302734,6.450782516313014,6.172367039643706,6.40106531450616,373512000
2020-01-27,5.971013069152832,6.0219729859012325,5.772890562498944,5.92229013718489,470536000
2020-01-28,6.164163589477539,6.196479436751818,5.9836904141412175,6.036887788328454,310976000
2020-01-29,6.103757381439209,6.185790426975521,6.063983338200734,6.149745481810295,258848000
2020-01-30,6.11046838760376,6.123892191463495,5.9511256737179945,6.006062657393327,290504000
2020-01-31,5.877295970916748,6.076661182932319,5.835533866568299,6.064729017650381,370420000
2020-02-03,5.974244117736816,5.993633529611149,5.852934409802068,5.859148940575211,255564000
2020-02-04,6.143282890319824,6.162424332080712,6.065973200110566,6.115938854061318,271544000
2020-02-05,6.233518600463867,6.2742864375752365,6.15024236438546,6.264094359762809,208220000
2020-02-06,6.320274829864502,6.320274829864502,6.1867849664456935,6.26782374742976,218284000
2020-02-07,6.254151821136475,6.302377384992771,6.228795848351484,6.2802531394695045,189752000
2020-02-10,6.537040710449219,6.537786055878757,6.2718001514092725,6.276771965769414,529608000
2020-02-11,6.65934419631958,6.7739420040767095,6.583277238541487,6.645175046983783,638556000
2020-02-12,6.774937629699707,6.781401084473175,6.673266234387665,6.712045540613247,374644000
2020-02-13,6.731185436248779,6.7983035102749065,6.689671780436804,6.717016286330041,528016000
2020-02-14,7.203746795654297,7.332513775197744,7.109533125809277,7.1408547082051,1041924000
2020-02-18,7.372287273406982,7.39068289468149,7.081194275806796,7.100583691147785,620164000
2020-02-19,7.822971343994141,7.840621144248622,7.49459070572819,7.49459070572819,694332000
2020-02-20,7.673820495605469,7.863242082400725,7.366817815393153,7.774994505818821,810052000
2020-02-21,7.310140132904053,7.5868154972700355,7.225372733301837,7.561708450077723,768180000
2020-02-24,6.793332099914551,7.006866948451461,6.662079222439039,6.716519314840207,856916000
2020-02-25,6.514171600341797,6.930302945472241,6.412500210276758,6.868405127821072,1055496000
2020-02-26,6.653378486633301,6.847274989769168,6.512928279510308,6.5144194445871815,747732000
2020-02-27,6.283013820648193,6.6411905100878075,6.190733538467209,6.340222462355224,906416000
2020-02-28,6.717552661895752,6.777000110355166,6.0141338073688475,6.0307988288926,1133252000
2020-03-02,6.87574577331543,6.904599164176833,6.491949845703625,6.887436477672803,890744000
2020-03-03,6.613581657409668,6.991159391430268,6.528265881212004,6.931463350129404,652792000
2020-03-04,7.076722621917725,7.086174529178954,6.646164359026675,6.720784754418788,597408000
2020-03-05,6.797643661499023,7.044138573937588,6.753120114977706,6.877486969671298,540328000
2020-03-06,6.617311477661133,6.675764049860248,6.417329367295338,6.618306340364054,515412000
2020-03-09,6.104919910430908,6.452152122735641,5.924339291244582,5.967121232107211,614160000
2020-03-10,6.4939398765563965,6.4939398765563965,6.118600976007037,6.381014650643406,580648000
2020-03-11,6.130540370941162,6.3825077726804995,6.033534363514282,6.354152046429975,499964000
2020-03-12,5.380359649658203,5.8731009372494505,5.367674080920537,5.607950774664352,816540000
2020-03-13,5.990503311157227,5.99498043118963,5.4624417815793365,5.733312524970292,634836000
2020-03-16,4.885131359100342,5.623871000175394,4.825435307954628,5.283354104977248,726972000
2020-03-17,5.404237747192383,5.493533447583742,4.7508144907275,4.997309431523579,833632000
2020-03-18,5.044816970825195,5.221915344621923,4.494120840313374,4.977161561552436,874268000
2020-03-19,5.29728364944458,5.390807416150543,4.810262851935263,5.023427318961028,765512000
2020-03-20,5.117696285247803,5.728834719934263,5.102274726874198,5.447268167132194,804636000
2020-03-23,5.290318489074707,5.384588993045585,4.937862771944734,5.116702323787023,643876000
2020-03-24,6.197946548461914,6.284506249716404,5.6723724650335825,5.6960019972439735,1101644000
2020-03-25,6.109397888183594,6.512346261387869,6.060645815672692,6.312861800383095,793432000
2020-03-26,6.398427486419678,6.522296697989874,6.218344012305379,6.316344890012129,696108000
2020-03-27,6.2862467765808105,6.544680972514538,6.185509460524416,6.21834230027914,638828000
2020-03-30,6.606119155883789,6.615322467118645,6.307638489346079,6.351664371055623,602252000
2020-03-31,6.556621551513672,6.850127441216497,6.41111206661912,6.646165375488359,949960000
2020-04-01,6.045971870422363,6.505134601171152,6.001448785113921,6.358879299861873,656912000
2020-04-02,6.354401111602783,6.36758387464943,6.027067511719613,6.075072846746822,675764000
2020-04-03,6.066864967346191,6.358380662536107,5.929563928559885,6.316842172617156,663212000
2020-04-06,6.676012992858887,6.712825761305832,6.291221713068466,6.348679425541923,727884000
2020-04-07,6.4429497718811035,6.921016220631699,6.399918753132553,6.897386212673465,784520000
2020-04-08,6.639947414398193,6.664820884410163,6.482001425407464,6.551895643674328,542444000
2020-04-09,6.540452480316162,6.788439907863823,6.477522791428222,6.765556643407409,525564000
2020-04-13,6.712080001831055,6.720785644616619,6.392457189784047,6.480757551993029,398408000
2020-04-14,7.062795162200928,7.096871470661911,6.812568872966926,6.840178335247063,530948000
2020-04-15,6.985437870025635,7.0682662463296895,6.849629373283734,6.894898714057057,366148000
2020-04-16,7.330183506011963,7.437139095357745,7.12746583956745,7.140648603185694,745620000
2020-04-17,7.270983695983887,7.433655370807423,7.137164937154515,7.412264162275912,539120000
2020-04-20,7.139901638031006,7.300335006334705,7.095627159726841,7.144627829354325,449388000
2020-04-21,6.703622817993164,7.083190258887159,6.64392677965587,7.022002163547339,735160000
2020-04-22,7.1175150871276855,7.16029750557425,6.850126632313321,6.89564456745756,483356000
2020-04-23,7.064286708831787,7.291380639717549,7.039164642874313,7.159552061322838,424160000
2020-04-24,7.2030792236328125,7.205068949035195,6.979467582590378,7.054087978242391,352328000
2020-04-27,7.389380931854248,7.549068019332365,7.312770810511695,7.33739567875183,479388000
2020-04-28,7.247106075286865,7.566480291999541,7.241634092483355,7.536632034839591,442904000
2020-04-29,7.423707485198975,7.476439012322255,7.306553724860844,7.381671326882136,379160000
2020-04-30,7.269989490509033,7.423706940505074,7.2560604626028455,7.3697314829466665,375916000
2020-05-01,7.033690452575684,7.1859153320275295,6.985436061497825,7.072741534972961,342096000
2020-05-04,7.245365142822266,7.259045574623268,6.98643322473106,6.98643322473106,317556000
2020-05-05,7.306305408477783,7.468728519073253,7.245365430153509,7.349336431311147,368896000
2020-05-06,7.407041549682617,7.511758806368057,7.3478431802598525,7.38565081334239,323464000
2020-05-07,7.583144664764404,7.646322956404003,7.494844309602577,7.546083299397135,373732000
2020-05-08,7.772928714752197,7.779146962839616,7.620952397339861,7.6547801034035805,339216000
2020-05-11,8.02464771270752,8.071409584799568,7.739349814452519,7.7679541359634445,469060000
2020-05-12,7.762978553771973,8.131104316123853,7.753278049532233,8.08235272343663,493060000
2020-05-13,7.740593910217285,8.037581571057249,7.556281934861087,7.877397272370404,625852000
2020-05-14,7.989824295043945,7.995296277020211,7.6485612498649145,7.80203008648483,602312000
2020-05-15,8.447742462158203,8.457442491393842,7.834116221625606,7.849786375477367,987660000
2020-05-18,8.705928802490234,8.871336954115424,8.636532261563676,8.716126976105572,774460000
2020-05-19,8.760897636413574,9.0414688152822,8.718363820712609,8.745724677106145,717320000
2020-05-20,8.924567222595215,8.997197432107013,8.843728564013752,8.945460766522393,587536000
2020-05-21,8.730802536010742,9.006647564701275,8.693243502257346,9.00565317637838,761068000
2020-05-22,8.980527877807617,9.04694028285371,8.669113636587102,8.780545820499967,1038764000
2020-05-26,8.673591613769531,9.13524201478955,8.628073685053018,9.110368077882535,770780000
2020-05-27,8.482069969177246,8.589024607829826,7.956246272031052,8.581314301909094,1175892000
2020-05-28,8.444013595581055,8.71612780265419,8.336808463910437,8.369641310493597,734896000
2020-05-29,8.830544471740723,8.830544471740723,8.442022323211523,8.511170268712194,745256000
2020-06-01,8.76164436340332,8.79596973608388,8.645485958689513,8.788508028577247,389876000
2020-06-02,8.780549049377441,8.792488351879058,8.614146503329726,8.751696604772091,391320000
2020-06-03,8.725079536437988,8.821339725699485,8.655931605904515,8.777562925778758,365440000
2020-06-04,8.72607707977295,8.902011297144291,8.637486770862257,8.687753825722185,424280000
2020-06-05,8.87886905670166,8.955513667793715,8.667846716392749,8.753948023245258,481748000
2020-06-08,8.76440143585205,8.848759888492882,8.645700988059112,8.836317714446977,387736000
2020-06-09,9.00428581237793,9.0677421085264,8.710895726334888,8.759420850072939,468488000
2020-06-10,9.32356071472168,9.456196549107496,9.111293827443436,9.125478874094505,632180000
2020-06-11,8.755692481994629,9.218547656773927,8.745489651692493,9.107810685610414,583652000
2020-06-12,8.891310691833496,9.144886249217148,8.663117846022635,9.12025061846293,570908000
2020-06-15,9.131449699401855,9.139910604567905,8.703432128605263,8.774603216221042,400004000
2020-06-16,9.02668285369873,9.22401944930365,8.797992597026973,9.182462012681775,535716000
2020-06-17,9.193413734436035,9.256122973976474,9.028427490860382,9.07172781257394,408304000
2020-06-18,9.175495147705078,9.239697586467326,9.072472033633701,9.184453472998934,254408000
2020-06-19,9.218545913696289,9.40144879419368,9.184703242099346,9.1998831293818,524160000
2020-06-22,9.482823371887207,9.48730301044965,9.23049223290919,9.257119455133502,398468000
2020-06-23,9.406425476074219,9.598037964663789,9.364121900954425,9.506959593896607,375108000
2020-06-24,9.192914962768555,9.51243491377942,9.102334014129077,9.432554214069048,449372000
2020-06-25,9.44624137878418,9.461172555518514,9.1399106647532,9.312610716944958,376072000
2020-06-26,9.112786293029785,9.456195773769487,9.082924887962797,9.456195773769487,592084000
2020-06-29,9.15757942199707,9.162059060199192,8.858962505668218,9.127469304571116,342248000
2020-06-30,9.453956604003906,9.48232479694981,9.22377307669493,9.271053714697091,367892000
2020-07-01,9.486056327819824,9.531595986934233,9.369596194012617,9.476849291492085,326648000
2020-07-02,9.567928314208984,9.692600650706597,9.534084693053664,9.594554582855501,364056000
2020-07-06,9.793878555297852,9.863058044346857,9.667713036457133,9.696828302232177,315892000
2020-07-07,9.826231002807617,10.023566685048234,9.805327925441164,9.90038756505966,357800000
2020-07-08,10.168895721435547,10.177854998888963,9.919550999022553,9.947670485855047,365480000
2020-07-09,10.460542678833008,10.521261277875176,10.186312717025418,10.332386498774396,494548000
2020-07-10,10.430929183959961,10.606117275097947,10.330892492239586,10.539924201198593,497676000
2020-07-13,10.005899429321289,10.742487094268514,9.978774789284222,10.546147190037164,457076000
2020-07-14,10.32914924621582,10.354780666830045,9.740376500694476,10.028541788495506,542676000
2020-07-15,10.180092811584473,10.384893623623142,10.009383383606286,10.36623083826327,403984000
2020-07-16,10.088019371032715,10.159686933380636,9.849872362524458,9.96882151149735,344964000
2020-07-17,10.154459953308105,10.201243163954526,10.041234957876577,10.178349454335393,266284000
2020-07-20,10.462284088134766,10.482689743606029,10.109916313278463,10.226874817153762,284852000
2020-07-21,10.28087329864502,10.51130643491116,10.239315860666807,10.464522279095037,277036000
2020-07-22,10.390615463256836,10.553610081158391,10.24404428269113,10.319694046760755,367292000
2020-07-23,10.08304214477539,10.49836789312907,9.984996075999454,10.401815036980182,411660000
2020-07-24,10.147491455078125,10.316956343600856,9.731917071829855,9.82946475245161,473292000
2020-07-27,10.373445510864258,10.393601505544966,10.170634417210804,10.185068171231439,292132000
2020-07-28,10.168397903442383,10.334130290706716,10.162177290721331,10.326416465135027,271636000
2020-07-29,10.417244911193848,10.467760689758531,10.299291541254295,10.34283962622385,284508000
2020-07-30,10.565057754516602,10.574016079653706,10.247777173412945,10.32715949631909,308880000
2020-07-31,10.565802574157715,10.716853377958804,10.38489037384847,10.514539734909425,386080000
2020-08-03,10.95948314666748,11.047575106546473,10.665843280404173,10.683013803473292,412720000
2020-08-04,11.175978660583496,11.175978660583496,10.855712561468552,10.999048630506225,310336000
2020-08-05,11.234707832336426,11.319315944315017,11.114763832371981,11.192155540405041,249924000
2020-08-06,11.283230781555176,11.305627070056174,11.127203842921766,11.297414876107878,244316000
2020-08-07,11.147859573364258,11.45170224316212,10.986606845979392,11.260338450705653,342516000
2020-08-10,11.113519668579102,11.355647969659833,10.80644183145694,11.2819897659241,427796000
2020-08-11,10.799970626831055,11.085398252455002,10.745970061739232,11.022688071909158,354512000
2020-08-12,11.387497901916504,11.414124166853671,10.907720117790364,10.940070521825936,464412000
2020-08-13,11.390235900878906,11.667700995815364,11.303388455676876,11.492760654115996,374460000
2020-08-14,11.510679244995117,11.650780187159281,11.387748824908543,11.47683562197929,366436000
2020-08-17,12.28011417388916,12.352528815873693,11.762761090180327,11.79660376231853,621300000
2020-08-18,12.204215049743652,12.43838077420562,12.030520161674376,12.392592403457424,503448000
2020-08-19,12.08253002166748,12.258215556136781,12.042216127810235,12.239801481703257,622624000
2020-08-20,12.085016250610352,12.317937454799441,11.823975568616628,11.91978228041564,921388000
2020-08-21,12.625017166137695,12.749689506590398,12.139017738747308,12.145488010516427,999868000
2020-08-24,12.661596298217773,12.85296007261866,12.449826868277539,12.824342222900356,490564000
2020-08-25,12.691208839416504,12.702406509210157,12.515771085101091,12.572508413508759,289076000
2020-08-26,12.714101791381836,12.809161420800041,12.619290872485081,12.740230635286169,321244000
2020-08-27,12.570023536682129,12.790751345600363,12.508557844715538,12.72256667034822,317604000
2020-08-28,13.08712387084961,13.087372581370376,12.584203668831243,12.616554072790118,537160000
2020-08-31,13.31282901763916,13.512404027360901,12.977631777675004,13.121962673479885,500840000
2020-09-01,13.761384963989258,13.933389350143239,13.378542954721397,13.421855269799934,511316000
2020-09-02,14.284621238708496,14.66323112605834,13.840046302454015,14.640329615319995,874012000
2020-09-03,12.959360122680664,13.8246113357648,12.823199748148971,13.769101909402469,945128000
2020-09-04,12.5680570602417,13.118173789760052,11.654265141820803,12.72861072124861,1463684000
2020-09-08,11.861616134643555,12.495868665952957,11.653766757408798,11.683885878412541,795728000
2020-09-09,12.66015625,12.75399944583385,12.178990048023763,12.346514414990567,736200000
2020-09-10,12.258646011352539,13.008895916801286,12.114519770501584,12.933223515687224,698684000
2020-09-11,12.112030029296875,12.59792501247705,11.844439062362628,12.431645530559448,636928000
2020-09-14,12.816727638244629,13.25756789875659,12.576767920086505,13.024577957063135,1201744000
2020-09-15,12.934966087341309,13.241388418414578,12.7724202640412,13.222719102887627,727556000
2020-09-16,12.46052074432373,13.036276504289093,12.459774389516712,12.901361003410214,556384000
2020-09-17,12.409743309020996,12.535449042053106,11.982842526145728,12.079921843900053,792512000
2020-09-18,12.136674880981445,12.578012742879299,11.937040148177086,12.539430184632225,698460000
2020-09-21,12.463260650634766,12.468487983542184,11.85315351112342,11.873565272826937,721044000
2020-09-22,12.58323860168457,12.59344448097838,12.103069452829205,12.520759401296207,646452000
2020-09-23,12.071456909179688,12.672105439487142,12.027149449148329,12.5212581987383,647012000
2020-09-24,12.29473876953125,12.515283765429503,11.962179781141215,12.020178955986067,731240000
2020-09-25,12.818220138549805,12.827928447559664,12.192929643192095,12.39380921782391,588016000
2020-09-28,12.978776931762695,12.995455019452848,12.695006353439096,12.984004264530533,573808000
2020-09-29,13.16870403289795,13.384768065727984,12.877466113660384,12.88169735695408,621460000
2020-09-30,13.472138404846191,13.563741582725115,13.09352858524547,13.100747146215685,689184000
2020-10-01,13.55577564239502,13.70338581276722,13.402688405534297,13.698657000160974,525004000
2020-10-02,13.005908966064453,13.461186360734684,12.994706996717781,13.167957222470799,552496000
2020-10-05,13.583657264709473,13.585399709035006,13.165717512425775,13.178910712130937,479820000
2020-10-06,13.677249908447266,14.081001268617563,13.606058485331335,13.770346750045336,784420000
2020-10-07,13.903769493103027,14.058350407618336,13.803702868616245,13.939365681751335,418084000
2020-10-08,13.779058456420898,14.023748875043747,13.69865724594298,14.014289350540002,378900000
2020-10-09,13.703389167785645,13.764624457346555,13.601829820935107,13.707621361148332,346892000
2020-10-12,14.16463851928711,14.285116896035671,13.852491292566945,13.929158832555586,434744000
2020-10-13,14.186795234680176,14.286613084948678,13.958285283848605,14.234837322926795,344604000
2020-10-14,14.034454345703125,14.280886294295177,13.899787616295503,14.228861750713278,276100000
2020-10-15,13.909744262695312,13.945339502121929,13.70836613749125,13.751180888345079,267224000
2020-10-16,13.75192642211914,14.060589716200548,13.73300832168819,13.976205093854658,242392000
2020-10-19,13.439532279968262,13.923186408800927,13.348924223292842,13.843033967891985,298068000
2020-10-20,13.586644172668457,13.740229003199504,13.448741340593111,13.524911318681056,229212000
2020-10-21,13.466414451599121,13.732014232770208,13.419368456639658,13.56623229376561,219596000
2020-10-22,13.30337142944336,13.553039484968712,13.174678386058064,13.464174825263315,290480000
2020-10-23,13.531631469726562,13.534618788168892,13.233921352971006,13.391986202058305,233484000
2020-10-26,13.08456802368164,13.633689579571246,12.982261385916676,13.369085896916106,336896000
2020-10-27,13.338967323303223,13.384022089343704,13.134601874770123,13.248608056703024,250520000
2020-10-28,12.57253646850586,13.20280655451587,12.554614456414914,13.141073702441242,376520000
2020-10-29,12.967826843261719,13.135848824080346,12.695008455218971,12.783126771991721,320080000
2020-10-30,12.479937553405762,12.880700654470314,12.246946659369481,12.79457453694031,416820000
2020-11-02,12.526485443115234,12.781380795725333,12.341536637952245,12.603152981885287,299652000
2020-11-03,12.963345527648926,13.04847652311516,12.548393052742664,12.653687027224992,272900000
2020-11-04,13.734752655029297,13.767860047508005,13.279475206935611,13.331499752886495,410228000
2020-11-05,14.09892463684082,14.277152471503854,13.930653897861085,14.1014143855421,319028000
2020-11-06,14.499191284179688,14.525825518344906,13.835068378723031,14.048891455608413,383348000
2020-11-09,13.571952819824219,14.628127232195892,13.55203958454034,14.489726876032819,582976000
2020-11-10,12.714920043945312,13.54781121416907,12.573781115211155,13.54781121416907,644068000
2020-11-11,13.360126495361328,13.37705336947428,12.89240219069717,12.99744737462769,404744000
2020-11-12,13.398706436157227,13.706622415545912,13.25856360652643,13.420860639156922,365812000
2020-11-13,13.239646911621094,13.609793346805214,13.002922328890708,13.568472254694553,346312000
2020-11-16,13.456954956054688,13.590625584856218,13.099254438617393,13.115682790684902,413776000
2020-11-17,13.364356994628906,13.537606285755135,13.246368351488899,13.49404517800945,312028000
2020-11-18,13.370827674865723,13.547064264555475,13.128129424028948,13.40717021625731,510924000
2020-11-19,13.382278442382812,13.429324433422689,13.043496030611196,13.15575975818555,565936000
2020-11-20,13.031299591064453,13.436294899913538,13.008646866876623,13.395969898317098,341088000
2020-11-23,13.083325386047363,13.324778798429607,12.959362101310216,13.114440599717943,361356000
2020-11-24,12.901859283447266,13.105227670734758,12.829422986955962,13.08581200094348,346500000
2020-11-25,13.17766284942627,13.212262943124284,12.96383981580718,12.976285708229922,259916000
2020-11-27,13.204047203063965,13.349667076024788,13.113688911053883,13.317306998748977,167276000
2020-11-30,13.343696594238281,13.354649779706577,12.916298264592438,13.20778593658098,286952000
2020-12-01,13.33224868774414,13.470400328906482,13.171195532515174,13.434057777788148,296948000
2020-12-02,13.486076354980469,13.614519626778788,13.17716433256019,13.292912927938184,283360000
2020-12-03,13.34216022491455,13.605099125266102,13.275430066021904,13.532890281081619,199520000
2020-12-04,13.503759384155273,13.505502343250445,13.33494026054711,13.394449728247713,202244000
2020-12-07,13.552063941955566,13.676063849403539,13.445743434248142,13.546586206055725,223244000
2020-12-08,13.296345710754395,13.544095699558415,13.22812050077017,13.53040088587082,271920000
2020-12-09,12.87878131866455,13.360088806654998,12.816532505636271,13.24704531933605,401300000
2020-12-10,12.920111656188965,13.016224196578298,12.79785473430957,12.817277088994722,207764000
2020-12-11,12.96094799041748,12.96767096745661,12.77146224084269,12.915132393146711,209264000
2020-12-14,13.255261421203613,13.334939820019592,13.024941019943634,13.035398774169177,270156000
2020-12-15,13.306801795959473,13.409885223527201,13.133750208165058,13.385732658762745,193016000
2020-12-16,13.189275741577148,13.38324283069944,13.159395634385488,13.368551635520681,223116000
2020-12-17,13.287630081176758,13.325726318719184,13.12553395287217,13.31302693964413,231384000
2020-12-18,13.218660354614258,13.351125252225733,13.017970240699636,13.325229723016056,342064000
2020-12-21,13.278667449951172,13.316265976199928,12.915383468107274,13.022202644085827,302332000
2020-12-22,13.224884033203125,13.283646925526869,13.001535460648212,13.265719617640173,185580000
2020-12-23,12.956962585449219,13.221644408013391,12.95273009268442,13.20272072009753,179144000
2020-12-24,12.941524505615234,13.079716910827763,12.886746210192788,12.984849615100142,97884000
2020-12-28,12.848152160644531,13.009999423359698,12.711952513384338,13.009999423359698,212564000
2020-12-29,12.891228675842285,13.01995972337383,12.790634778448547,12.873052511880598,170372000
2020-12-30,13.092917442321777,13.160643991606976,12.844918572910682,12.938041984526887,225396000
2020-12-31,13.002532005310059,13.098145898291843,12.863094326087117,13.083704508417757,192424000
2021-01-04,13.060797691345215,13.597632008988445,12.910404523673787,13.051585177793282,560640000
2021-01-05,13.350874900817871,13.389468856919152,13.03440199119971,13.047100420987022,322760000
2021-01-06,12.563801765441895,13.191767596146791,12.53541670344203,13.169357986731624,580424000
2021-01-07,13.29036808013916,13.323982965116926,12.834707343598083,12.915381167862042,461480000
2021-01-08,13.223388671875,13.367058829260577,12.989582367036666,13.3087946092629,292528000
2021-01-11,13.566755294799805,13.904891272024647,13.308796388895459,13.364819940572676,518344000
2021-01-12,13.430554389953613,13.699220853511294,13.291366518342056,13.697228086074581,291476000
2021-01-13,13.477363586425781,13.570239074194301,13.331203898280512,13.435781431552286,210028000
2021-01-14,13.147197723388672,13.545092022114554,13.12752745599619,13.520441735796062,283120000
2021-01-15,12.807815551757812,13.271693369926739,12.79686008165752,13.174834248372443,277780000
2021-01-19,12.972901344299316,13.0413744649296,12.79237922661994,12.963936740649542,226188000
2021-01-20,13.312029838562012,13.376519310088362,13.004271775829071,13.059050070436864,258572000
2021-01-21,13.811762809753418,13.942983374771993,13.199732617428268,13.364567113503249,337780000
2021-01-22,13.657387733459473,13.78611878930567,13.572480460380298,13.68477736022851,246820000
2021-01-25,13.598377227783203,13.772922949913667,13.183302194742383,13.726360770124714,251112000
2021-01-26,13.381255149841309,13.589912548799784,13.33369658192378,13.525920771704282,163980000
2021-01-27,12.865833282470703,13.179566863996952,12.742331097480742,13.176827521248605,371272000
2021-01-28,12.998544692993164,13.286134786684336,12.908408554743174,12.944015254863068,228316000
2021-01-29,12.937541961669922,13.281155615738037,12.859606529711234,13.022449229079449,271552000
2021-02-01,13.18380069732666,13.217414637475345,12.850893606397493,13.00078904025559,217204000
2021-02-02,13.502265930175781,13.517453895988597,13.232105357802928,13.344900937302837,220440000
2021-02-03,13.476120948791504,13.875758199731045,13.462177275976654,13.58119621183441,245408000
2021-02-04,13.609332084655762,13.618544596229361,13.284144388776067,13.476617397100561,201340000
2021-02-05,13.536377906799316,13.682040855642152,13.49130982557148,13.66984014110473,169152000
2021-02-08,14.380719184875488,14.415578363671342,13.672078622183603,13.672078622183603,434624000
2021-02-09,14.205923080444336,14.524636623191277,14.165336362512926,14.28311098229264,287560000
2021-02-10,14.70490837097168,14.845092591051662,14.283857993918451,14.405118526839988,485352000
2021-02-11,15.189454078674316,15.210868251404307,14.86501392689341,14.920042034364652,450828000
2021-02-12,14.90112018585205,15.229793821020415,14.71561805135183,14.989513380553097,374756000
2021-02-16,15.268637657165527,15.310718485509026,14.889915901123095,15.003706913820904,321960000
2021-02-17,14.846091270446777,15.162315316732863,14.720597275681127,15.11002559817303,274756000
2021-02-18,14.769403457641602,14.813475155569702,14.516423609919197,14.669804972731484,233868000
2021-02-19,14.866508483886719,15.116001413378493,14.787078950270823,14.964114181705161,271724000
2021-02-22,14.298051834106445,15.072427078711511,14.26742515013621,14.715367473678917,325884000
2021-02-23,14.085163116455078,14.181524533940966,13.335686902429352,14.018680862200867,391780000
2021-02-24,14.44072437286377,14.448443732727759,13.70071065129924,14.06598730264104,448320000
2021-02-25,13.254016876220703,14.316977835811675,13.163134143029106,13.989050761356713,824436000
2021-02-26,13.659380912780762,13.798817635314652,13.307301288699822,13.69722734472465,500932000
2021-03-01,13.786120414733887,13.869035880161727,13.498780057911683,13.819236639241204,353184000
2021-03-02,13.352367401123047,13.864550322327341,13.342158506890337,13.844132533861924,264116000
2021-03-03,12.75328540802002,13.397435479736185,12.747309006591404,13.372287481607765,377592000
2021-03-04,12.320535659790039,12.922855895335568,12.035187081032344,12.749305578383757,573344000
2021-03-05,12.411416053771973,12.499560385516855,11.632309598213094,12.499560385516855,542840000
2021-03-08,11.54665756225586,12.421128231216294,11.520014506906492,12.399963861900977,543112000
2021-03-09,12.474233627319336,12.570378398131114,12.014927537191268,12.085666683941009,521824000
2021-03-10,12.4224271774292,12.93229567297207,12.411716868075333,12.79330869541298,384376000
2021-03-11,12.945745468139648,12.998302184299803,12.687697531280483,12.902405394482225,299916000
2021-03-12,12.80875015258789,12.841379915385886,12.543727990467413,12.601763379126412,243964000
2021-03-15,13.142768859863281,13.158211962080784,12.720327373768852,12.817468886000968,221988000
2021-03-16,13.242402076721191,13.462838518161057,13.068542937398949,13.307411714289238,272128000
2021-03-17,13.292216300964355,13.403804172306538,12.941758742191908,12.991824107730828,243864000
2021-03-18,12.675741195678711,13.135545224725465,12.670261569305001,13.088220142222372,293896000
2021-03-19,12.798537254333496,12.874009196386721,12.56614486370807,12.703139313327759,299208000
2021-03-22,13.137786865234375,13.34527153839692,12.859314092199842,12.8652925575449,297804000
2021-03-23,13.022711753845215,13.29545500368924,12.973393215824773,13.205536681234243,222048000
2021-03-24,12.59653377532959,13.110887048313957,12.590307315590085,13.102916077650947,245840000
2021-03-25,12.489177703857422,12.66801854798427,12.226895852352571,12.453559661763387,295144000
2021-03-26,12.792060852050781,12.808998568705801,12.328022905586126,12.508357423671487,363968000
2021-03-29,12.90066146850586,13.014491751038356,12.653323847339317,12.773131644958724,273520000
2021-03-30,12.824442863464355,12.927562839023832,12.658305758509186,12.794802331642357,200204000
2021-03-31,13.299192428588867,13.420992735807696,12.934786334230242,12.967665043865257,314776000
2021-04-01,13.760987281799316,13.819022667690524,13.461590860385282,13.522367484481046,308276000
2021-04-05,13.936092376708984,13.962494731258166,13.682527344785477,13.816533522907958,255672000
2021-04-06,13.810551643371582,14.002593165153923,13.72287574236104,13.948293853158676,191744000
2021-04-07,14.091520309448242,14.191152220575374,13.661107830911533,13.829735341708554,251284000
2021-04-08,14.264378547668457,14.41831069368707,14.196627689733756,14.20036470482768,244416000
2021-04-09,14.347074508666992,14.355045478293736,14.122902033632048,14.161758253910516,195172000
2021-04-12,15.15310287475586,15.29607580434181,14.087284632452857,14.237231804937178,869324000
2021-04-13,15.621871948242188,15.642296785961808,15.070157136320923,15.17551855147795,676212000
2021-04-14,15.220852851867676,15.66272242258447,15.171534315585967,15.56757342143402,385500000
2021-04-15,16.077943801879883,16.154660479530673,15.574051864074454,15.604938070709537,598480000
2021-04-16,15.85401725769043,16.10633661100152,15.806940170418816,15.993999997068041,335208000
2021-04-19,15.305290222167969,15.749402181564943,15.177013572325267,15.479398285932946,404420000
2021-04-20,15.11549186706543,15.440044046604253,14.908007196915346,15.266932701181231,334132000
2021-04-21,15.304045677185059,15.306038182131777,15.046744591326041,15.063183469763409,216776000
2021-04-22,14.795669555664062,15.38175765812385,14.729164364474554,15.318490643488769,277788000
2021-04-23,15.209146499633789,15.278639983279946,14.845488196208844,14.879362682597167,227500000
2021-04-26,15.421113967895508,15.422110695504312,15.069411647383998,15.129191549679522,197796000
2021-04-27,15.325220108032227,15.612908608923208,15.298069966592816,15.521246713685633,164572000
2021-04-28,15.220603942871094,15.47516571048191,15.15957931715517,15.308031874143953,209416000
2021-04-29,15.268427848815918,15.37976679134769,15.016108481125764,15.343400960325498,173196000
2021-04-30,14.954337120056152,15.308530818333795,14.94188324968784,15.118731629527714,201912000
2021-05-03,14.782221794128418,15.190714804224188,14.733153148096715,15.069412383191088,203912000
2021-05-04,14.298502922058105,14.583700949045891,13.958756633234461,14.583452004723556,405324000
2021-05-05,14.40536117553711,14.75905695265572,14.334622020113388,14.654940249491606,292024000
2021-05-06,14.469624519348145,14.517697387535478,14.16574610808728,14.441976491548107,193380000
2021-05-07,14.757811546325684,14.915728739355696,14.617827849292928,14.7538265361417,229328000
2021-05-10,14.2133207321167,14.75158504127591,14.197628684614322,14.732903760867538,268904000
2021-05-11,14.253669738769531,14.301991547121727,13.69946450914894,13.774188670983172,285584000
2021-05-12,13.70793342590332,14.20783933441675,13.658864784297744,13.958010377250185,303408000
2021-05-13,13.615026473999023,14.029000041847352,13.409534306407398,13.98217189732555,285404000
2021-05-14,14.190652847290039,14.275340485481827,13.697970119526413,13.83895053700073,258616000
2021-05-17,14.113434791564941,14.117170856518369,13.802582215308902,14.104965934258251,216980000
2021-05-18,13.96423625946045,14.351308574282077,13.952529225125941,14.214563077949034,186256000
2021-05-19,14.014054298400879,14.027753839066552,13.493474603613123,13.516638780467643,344000000
2021-05-20,14.558794975280762,14.629783072668266,14.218051917786887,14.249933897946976,321592000
2021-05-21,14.936651229858398,15.16605535919213,14.814850925300101,15.108019017237964,672992000
2021-05-24,15.554622650146484,15.687133265807587,15.120224232908976,15.156590063922868,554816000
2021-05-25,15.590237617492676,15.760359702554151,15.425595157911804,15.708052890917713,435408000
2021-05-26,15.642298698425293,15.735704145609564,15.52896724992977,15.676423080242675,370440000
2021-05-27,15.431078910827637,15.692116100366094,15.403181937159781,15.642050724360203,581476000
2021-05-28,16.184797286987305,16.21767694767889,15.44403099782794,15.44403099782794,644536000
2021-06-01,16.204721450805664,16.32801730667741,15.844799257771454,16.210202026757546,472804000
2021-06-02,16.716581344604492,16.856565955945943,16.17582681316416,16.192515583059503,594168000
2021-06-03,16.907384872436523,17.195573188555496,16.522056925487203,16.639374356269755,580008000
2021-06-04,17.51364517211914,17.596089458232893,17.032669494095202,17.049605310936567,617120000
2021-06-07,17.554244995117188,17.747034348298172,17.12956302093456,17.5066719180592,575756000
2021-06-08,17.392841339111328,17.556736040763386,17.18759717009018,17.462832709701473,323848000
2021-06-09,17.298418045043945,17.514422030951746,17.19627233755803,17.455376379612076,381656000
2021-06-10,17.364933013916016,17.431703394406398,17.11679270243008,17.290192689067965,287772000
2021-06-11,17.763809204101562,17.877416579612827,17.38362394384522,17.419250155413216,416308000
2021-06-14,17.956645965576172,17.977324494417083,17.601873955828864,17.84428546595554,321376000
2021-06-15,17.727182388305664,17.954148103362822,17.66689173938309,17.853247418996794,243032000
2021-06-16,17.748865127563477,17.892867828663768,17.523893220266373,17.729433506479154,307124000
2021-06-17,18.592939376831055,18.7700763215897,17.69504598066055,17.71323258774539,809656000
2021-06-18,18.57450294494629,19.308215040452524,18.519941225336265,18.71925259251508,968856000
2021-06-21,18.363731384277344,18.472605819565104,17.76131527148521,18.371703230531587,672384000
2021-06-22,18.82164764404297,18.898383795362612,18.32262411331532,18.407830114038756,580144000
2021-06-23,18.991559982299805,19.086731742850937,18.842575405432253,18.942231092149555,332356000
2021-06-24,19.13929557800293,19.3530565919672,19.022449314340957,19.161470004367036,320924000
2021-06-25,18.96540069580078,19.278817427102744,18.829371801358914,19.21404094846536,278364000
2021-06-28,19.916112899780273,20.009539746281707,19.25240821728546,19.294512263445398,495436000
2021-06-29,19.957721710205078,20.02947213929642,19.589245203319127,19.813968049037626,367632000
2021-06-30,19.933551788330078,20.093000115257194,19.795279984425818,19.93031286945108,326568000
2021-07-01,20.142330169677734,20.38548859722356,19.949994640023817,20.055630160644014,480136000
2021-07-02,20.4163818359375,20.434570343264514,20.21781937074688,20.369793862838424,342764000
2021-07-06,20.627153396606445,20.77015813867355,20.280104352666278,20.666018525350328,446708000
2021-07-07,20.301528930664062,20.8030443612869,20.261916799534852,20.78161883623467,418428000
2021-07-08,19.834148406982422,20.063604178875657,19.63284500333484,19.78805843161137,503300000
2021-07-09,19.981138229370117,20.011035507147476,19.68615897824223,19.89369121039719,296624000
2021-07-12,20.44179344177246,20.461972057856865,20.118161969430805,20.170231770581537,321984000
2021-07-13,20.180200576782227,20.390722726429324,20.04466967248551,20.33018116670877,290708000
2021-07-14,19.77310562133789,20.34736936190273,19.684662607285635,20.287576714298133,380100000
2021-07-15,18.900875091552734,19.778589906396334,18.793496553631783,19.743461697812513,550564000
2021-07-16,18.098398208618164,19.09096527868611,18.01070219908961,18.96490214619044,688224000
2021-07-19,18.71501922607422,18.976364277481892,17.803919215628007,17.853499010534822,749060000
2021-07-20,18.5478458404541,18.77306667414846,18.101390096554123,18.665439136855753,434687000
2021-07-21,19.343095779418945,19.45969307152444,18.67739902955173,18.81691585718277,371017000
2021-07-22,19.526458740234375,19.818448030291623,19.209554105329772,19.574293617288724,323826000
2021-07-23,19.49057960510254,19.63209029588204,19.183640789836186,19.588241350622972,195672000
2021-07-26,19.227497100830078,19.37498578095671,18.848805839371344,19.24443870206173,203943000
2021-07-27,19.141786575317383,19.55435899807369,18.676395454611008,19.19858929482004,248863000
2021-07-28,19.435773849487305,19.57828058191226,18.92952549207066,19.2524080782056,202191000
2021-07-29,19.594223022460938,19.78456460385741,19.26137283079654,19.451714412193017,190781000
2021-07-30,19.43178367614746,19.562330709731967,19.196597153535997,19.351061621688924,183497000
2021-08-02,19.681921005249023,19.892194121271995,19.294261963742557,19.63209411744404,217444000
2021-08-03,19.746694564819336,20.152291150026606,19.153744423297773,19.67195234337209,301811000
2021-08-04,20.204120635986328,20.247969602176056,19.759656839937854,19.92109911933117,231309000
2021-08-05,20.565860748291016,20.661530493054816,20.271877575083252,20.42933387160919,211435000
2021-08-06,20.295799255371094,20.499096555119213,20.140336838007727,20.453255584823058,178497000
2021-08-09,20.22504425048828,20.4373093965313,20.073567760929837,20.37552283364435,146443000
2021-08-10,19.867280960083008,20.35957761344973,19.766627375953473,20.25195008967123,179238000
2021-08-11,19.63109588623047,19.979889797414497,19.363024040976125,19.97390996272921,185925000
2021-08-12,19.836381912231445,19.95995309202653,19.55236454859542,19.801502720260242,151652000
2021-08-13,20.118410110473633,20.14432145963521,19.782571882288952,19.836386591609863,183063000
2021-08-16,19.88123321533203,20.21707147166275,19.385944729446937,20.0655949890892,210876000
2021-08-17,19.390926361083984,19.701851137196797,19.200584773858555,19.617143152947893,204585000
2021-08-18,18.9743709564209,19.566323330393175,18.934507922108054,19.432784446374054,285913000
2021-08-19,19.729755401611328,20.424353301221036,18.697325356525393,19.426802456904166,766555000
2021-08-20,20.744247436523438,20.79307832111632,19.86429170671667,19.922090443139417,675741000
2021-08-23,21.88231086730957,21.921175993171637,20.877786025238045,20.89871354691562,575807000
2021-08-24,21.717878341674805,21.88330650113912,21.460768250925426,21.678017210916853,297299000
2021-08-25,22.13643455505371,22.392548685209118,21.647127731975118,21.66207542103675,347701000
2021-08-26,21.991933822631836,22.262995617571487,21.71489219229339,22.12347879676051,237940000
2021-08-27,22.557971954345703,22.643675947875877,22.090588763919488,22.10753036152277,304722000
2021-08-30,22.609798431396484,22.963574356571417,22.473271511539938,22.75130918162133,262580000
2021-08-31,22.31177520751953,22.620760614168464,22.047642674505877,22.620760614168464,259850000
2021-09-01,22.367586135864258,22.622749170441693,22.283861299830416,22.411442817119134,201767000
2021-09-02,22.322736740112305,22.51909280352411,22.222067304803737,22.444337387679806,187834000
2021-09-03,22.768272399902344,22.9108042435258,22.12737624359529,22.25196732176619,280532000
2021-09-07,22.587871551513672,22.82409582004607,22.44832820926423,22.75831172620733,198107000
2021-09-08,22.26592445373535,22.53603785625392,21.905107228441466,22.439355044930288,254434000
2021-09-09,22.10445785522461,22.464277065145424,22.058608795237394,22.239016490910437,196856000
2021-09-10,22.404470443725586,22.55198511877038,22.197150672313043,22.2748946360381,248376000
2021-09-13,22.079540252685547,22.888884438479984,21.78650131614353,22.60979964648237,297500000
2021-09-14,22.16924476623535,22.336694491367744,22.013754920994057,22.202135861768,199755000
2021-09-15,22.26791763305664,22.29383355511717,21.894144334606132,22.236022722228473,166538000
2021-09-16,22.16924476623535,22.204130125637935,21.855274630502613,22.11043774594107,156033000
2021-09-17,21.828359603881836,22.247981943060058,21.758588894411496,22.227050730218956,294503000
2021-09-20,21.04393768310547,21.36289062011508,20.594412745883098,21.07682877794372,349440000
2021-09-21,21.176496505737305,21.354909878936546,20.881465306301873,21.346936627930145,204688000
2021-09-22,21.869226455688477,21.888163405452396,21.12666266761119,21.296106638649068,268726000
2021-09-23,22.408458709716797,22.46128483770894,21.81839426303045,22.067576479469295,248555000
2021-09-24,22.008766174316406,22.076544517927047,21.78948654099759,21.997802477816837,217655000
2021-09-27,21.58914566040039,21.7276909027937,21.255242424863432,21.638981339967028,245215000
2021-09-28,20.63128662109375,21.348932496688196,20.58344330923957,21.144603190689022,343069000
2021-09-29,20.44988250732422,20.94824684688675,20.400044932702517,20.87149907318932,218394000
2021-09-30,20.64823341369629,20.997088873720934,20.620325128983062,20.70006335689361,221009000
2021-10-01,20.674148559570312,20.79076450155357,20.13691029679446,20.68212181172919,240978000
2021-10-04,19.66745376586914,20.474803591708355,19.491032716054217,20.436927789431792,345635000
2021-10-05,20.384098052978516,20.58045410102996,19.789050920867343,19.884737541485297,279282000
2021-10-06,20.63228416442871,20.65221729292301,20.01431155448803,20.054181613694748,297202000
2021-10-07,21.00605583190918,21.252247535524535,20.9033921481847,21.022998514575608,256919000
2021-10-08,20.76285743713379,21.136630744836808,20.707040866525467,21.03197467494621,151258000
2021-10-11,20.627304077148438,20.994100339135553,20.44390594615488,20.507697674953654,163388000
2021-10-12,20.603378295898438,20.988115251158046,20.460846442919173,20.759864289713306,162134000
2021-10-13,20.870506286621094,20.92134005530111,20.645245715278612,20.849575070301597,180652000
2021-10-14,21.674861907958984,21.68383134051635,21.052902671473788,21.218359995410317,243589000
2021-10-15,21.790481567382812,21.859256088546132,21.591136975232704,21.738651631224155,226994000
2021-10-18,22.149309158325195,22.218083693968943,21.573198850194263,21.677856826800955,189494000
2021-10-19,22.21708869934082,22.305796372358465,21.964916022213767,22.20313265408627,161473000
2021-10-20,22.030696868896484,22.359617290338466,21.910092397516213,22.23203574791411,146276000
2021-10-21,22.617767333984375,22.63670618326787,22.010760294577082,22.024714435687386,187590000
2021-10-22,22.651657104492188,23.054334844956028,22.48719785150225,22.748339913629675,249384000
2021-10-25,23.09021759033203,23.278598494667374,22.695513113631097,22.897848159028317,230235000
2021-10-26,24.63614273071289,25.176371413393948,23.845737588941468,23.910525487792796,485898000
2021-10-27,24.37101936340332,25.00792909100821,24.202571550095367,24.39394484368864,245990000
2021-10-28,24.859411239624023,24.868382573846535,24.442779360511576,24.79661760339399,234204000
2021-10-29,25.483362197875977,25.62489787147844,24.91821758575926,24.91921376694326,292503000
2021-11-01,25.74251365661621,25.809293921603484,25.144476013269458,25.565096437115333,265740000
2021-11-02,26.31463050842285,26.59072475298332,25.715596794688107,25.7375260859474,294112000
2021-11-03,26.5109920501709,26.696384427226477,26.14918053197211,26.582757025267508,239910000
2021-11-04,29.70351219177246,31.2623950368217,27.029288562062703,27.139925507145282,1153631000
2021-11-05,29.654672622680664,31.29728030818793,29.313790454475946,30.088249068059874,851260000
2021-11-08,30.703231811523438,30.998263036065406,29.809164902811037,30.05037382681619,503101000
2021-11-09,30.556713104248047,32.204307519629445,29.86598118563401,32.17639923609389,646746000
2021-11-10,29.362634658813477,30.749085226450433,28.683862559196594,29.259972850188642,636206000
2021-11-11,30.290590286254883,30.489936824221612,29.679596512350646,30.36833615848351,332172000
2021-11-12,30.290590286254883,30.57964257619569,29.533076103534594,29.91183414544948,413054000
2021-11-15,29.926776885986328,30.543751393956548,29.15132212961867,30.45205330248559,384909000
2021-11-16,30.10420036315918,30.29058893056083,29.60882638673667,29.66165441463244,264484000
2021-11-17,29.165281295776367,30.409199941675634,28.705788874793846,30.31849611458015,428508000
2021-11-18,31.571382522583008,32.65283230814321,31.21854045241291,32.26112015873358,781711000
2021-11-19,32.877098083496094,32.97976178244582,31.800631120790957,32.137524780788404,533867000
2021-11-22,31.851465225219727,34.533662437419686,31.795648655207987,33.40735781762492,754335000
2021-11-23,31.64215087890625,32.25414264484403,30.77898266433961,31.431840673643133,532163000
2021-11-24,32.56711196899414,32.74751961280794,30.82682344260041,31.35808076043458,435162000
2021-11-26,31.399946212768555,32.60299664841291,31.2474468349952,32.493355877058754,283069000
2021-11-29,33.26681900024414,33.30270053648563,31.931202291527786,32.26012461188157,454964000
2021-11-30,32.56910705566406,33.24389436052743,31.759764944757165,33.06049435573746,622066000
2021-12-01,31.33600616455078,33.184169646455935,31.281179063188567,33.114390390664795,484368000
2021-12-02,32.024837493896484,32.37573026318309,30.927304613724342,31.115710549250643,472890000
2021-12-03,30.596343994140625,32.027822639120906,30.035115336865402,31.899227266863253,544325000
2021-12-06,29.942407608032227,30.14576373785318,27.94970234622703,29.78590054452752,658938000
2021-12-07,32.32487487792969,32.34680875654143,30.554469012712545,30.859506976245633,593053000
2021-12-08,31.72577667236328,32.188316185516875,31.322051376993954,31.898232211155804,475551000
2021-12-09,30.393983840942383,32.10358519509752,30.332178811088614,31.634065848603957,488507000
2021-12-10,30.102901458740234,31.206415682530494,29.766962833942674,31.051903118678588,488825000
2021-12-13,28.072315216064453,30.19859933646938,28.02745685315274,30.153740973557664,598344000
2021-12-14,28.247756958007812,28.58768263653052,27.164180400436194,27.611765752164207,667035000
2021-12-15,30.363082885742188,30.403954139971678,27.75033624261141,28.31056675334451,698297000
2021-12-16,28.297605514526367,31.06187376372511,28.004532628837605,31.053899534566042,707366000
2021-12-17,27.713449478149414,28.830919505652275,27.67257823059536,27.896870039197612,713758000
2021-12-20,27.631704330444336,28.055365116089646,27.059512623643005,27.219008583039486,461847000
2021-12-21,28.983436584472656,29.028294944690636,27.314706725168943,28.284643989318436,524385000
2021-12-22,29.30741310119629,29.46192565947625,28.359407778692482,28.800017170257917,395184000
2021-12-23,29.54665756225586,29.964338677580162,29.338316106879212,29.661295177874464,343022000
2021-12-27,30.847551345825195,30.98910437388651,29.54666059393546,29.56659806861277,403686000
2021-12-28,30.226512908935547,31.231338018752773,29.917487766927692,31.213395052745707,420591000
2021-12-29,29.90651512145996,30.451793296805008,29.273514744975753,30.17765975457117,343139000
2021-12-30,29.49282455444336,30.361081782631796,29.446969894859603,29.733064791719407,308864000
2021-12-31,29.31838035583496,29.935432431024672,29.23863236196779,29.580552622443367,266530000
2022-01-03,30.02614402770996,30.614286167328913,29.691201708964883,29.72110791823675,391547000
2022-01-04,29.197763442993164,30.372053287940535,28.25972677192673,30.18165478340745,527154000
2022-01-05,27.517070770263672,29.323364772152377,27.446295212189224,28.857834470045624,498064000
2022-01-06,28.08926010131836,28.348441526045892,26.979766244192536,27.552954288101756,454186000
2022-01-07,27.161191940307617,28.33249270432617,26.971789766731415,28.052377508601495,409939000
2022-01-10,27.313711166381836,27.382494114013422,25.5632406683439,26.497290128969677,594681000
2022-01-11,27.72939682006836,27.976616901866414,26.754478046594247,27.236953065488187,404089000
2022-01-12,27.91082763671875,28.504949514228787,27.52105820708782,27.978612384474925,383413000
2022-01-13,26.491310119628906,28.390309630110426,26.41455104320911,28.289627869102336,540171000
2022-01-14,26.857152938842773,27.11135095047714,26.127457823826212,26.21717454542164,395832000
2022-01-18,25.821422576904297,26.554108421926475,25.68884201686206,26.177298613096262,424270000
2022-01-19,24.988056182861328,26.459407663390692,24.97310403064186,25.996870135634115,488315000
2022-01-20,24.073944091796875,25.49844459786639,24.00217033924269,25.224311034871068,435181000
2022-01-21,23.300390243530273,24.74482640351697,23.189739748176777,23.432970816782724,718958000
2022-01-24,23.298397064208984,23.30637129274654,20.82222037714528,22.259678694181396,913982000
2022-01-25,22.25369644165039,22.87074846480711,21.930717378924925,22.47499743870543,664616000
2022-01-26,22.700286865234375,23.98124005243623,22.22977314342867,23.16681347265323,755959000
2022-01-27,21.874895095825195,23.919436763705882,21.606741215717612,23.493781409014357,573353000
2022-01-28,22.768068313598633,22.786011274912312,21.228930332631833,21.942674981094438,543774000
2022-01-31,24.408885955810547,24.43181423649078,22.979402057018028,23.108991809594748,564680000
2022-02-01,24.56041145324707,25.065814798100266,23.814765930647102,25.02494354865154,518925000
2022-02-02,25.162508010864258,25.735696069563566,24.475676742278374,25.712769688020778,543419000
2022-02-03,23.872581481933594,24.998025678674647,23.705111287686467,24.38097558762337,410178000
2022-02-04,24.242414474487305,24.55741930721573,23.557577711661764,23.89650713053911,354829000
2022-02-07,24.65013313293457,25.10270207486209,24.12578851289725,24.295253265592574,376868000
2022-02-08,25.028932571411133,25.1505481244359,23.90448448091836,24.28229068862886,410359000
2022-02-09,26.620899200439453,26.64083667175982,25.27315770145827,25.541309655752155,524282000
2022-02-10,25.74267578125,26.84020840080806,25.519382164128384,25.913138706568642,513200000
2022-02-11,23.873579025268555,26.069642339244744,23.698134593993387,25.834385491481136,605472000
2022-02-14,24.190576553344727,24.796661591695667,23.680187951780663,23.858625081970295,440424000
2022-02-15,26.411561965942383,26.461403743864466,24.705949858768733,24.870429246985168,699869000
2022-02-16,26.427509307861328,26.498286759029188,25.471529825588878,26.176304019794223,732676000
2022-02-17,24.42982292175293,25.703798143147747,24.088900885684307,25.549285582156386,810595000
2022-02-18,23.567546844482422,24.9073141846699,23.027253892651444,24.590314838865833,761255000
2022-02-22,23.316341400146484,23.988218678165815,22.92757016662024,22.9624597952012,633422000
2022-02-23,22.316495895385742,24.078929495655366,22.230768194872702,23.727040557473366,566511000
2022-02-24,23.6732120513916,23.72504833875335,20.82421265561137,20.94881900592277,735801000
2022-02-25,24.080923080444336,24.140733592878306,23.30736782876033,23.646297234789348,528866000
2022-02-28,24.308204650878906,24.58732353254716,23.63234037536328,23.916442673962294,477319000
2022-03-01,23.403066635131836,24.300233919081215,23.059153777179308,24.214504305072836,412056000
2022-03-02,24.147836685180664,24.336274646536083,23.345236751503386,23.68522035856199,389642000
2022-03-03,23.643348693847656,24.253524852561736,23.39907779476586,24.189714450005976,365095000
2022-03-04,22.867666244506836,23.609449084190494,22.415018401859665,23.314331446054602,431415000
2022-03-07,21.288381576538086,22.96437474060364,21.266447763904743,22.749016800661877,450821000
2022-03-08,21.449901580810547,22.306341548855194,20.588475444727642,21.24551242955818,557467000
2022-03-09,22.9454345703125,23.150820212926504,22.1807194875951,22.320301778530236,492742000
2022-03-10,22.59049415588379,22.720105999777736,21.816805180949956,22.46387173081111,428066000
2022-03-11,22.034154891967773,23.076041459647897,21.980314929450074,22.9534068346535,367209000
2022-03-14,21.266447067260742,22.195669376851416,21.095957034349265,21.80384067249969,385354000
2022-03-15,22.90455436706543,22.96936124008591,21.258474245006287,21.45388943534592,491996000
2022-03-16,24.423019409179688,24.523718332751294,23.10296459283885,23.429986500774472,671422000
2022-03-17,24.692214965820312,24.76798684900342,23.834776570421486,24.04813969626861,471941000
2022-03-18,26.37418556213379,26.489841079768297,24.550636279337244,24.725114127062692,730719000
2022-03-21,26.65435028076172,27.071106099040612,25.88963521663449,26.428027300009337,591727000
2022-03-22,26.444974899291992,27.156848316591432,25.994321917033023,26.647369201302396,547007000
2022-03-23,25.557628631591797,26.532713584181124,25.49880439684632,26.04816147769014,502120000
2022-03-24,28.066131591796875,28.23562518243766,25.829814189665502,26.08804332010231,877379000
2022-03-25,27.609498977661133,28.27351518468518,27.189753699361987,27.80292125310054,579016000
2022-03-28,28.134923934936523,28.165831710193313,27.12494158890915,27.673304055239864,425494000
2022-03-29,28.570621490478516,28.85975646589663,27.896634994206327,28.60950485138546,488984000
2022-03-30,27.607501983642578,28.41110037401944,27.42105885059828,28.219672974520872,463487000
2022-03-31,27.204702377319336,28.1638360522598,27.188751204527012,27.69922486553173,523440000
2022-04-01,26.632415771484375,27.414080364707395,26.188741881916698,27.293440575757664,517235000
2022-04-04,27.278484344482422,27.475894378510496,26.533710211634048,26.648367352938315,397120000
2022-04-05,25.85374641418457,27.23761178708363,25.7430770432779,27.17280490188313,436615000
2022-04-06,24.33428192138672,25.224620987328382,23.931486259303167,24.859712215391237,703833000
2022-04-07,24.135875701904297,24.648344247170577,23.40805109513817,24.36818131196346,557992000
2022-04-08,23.050119400024414,23.851724837527705,22.99329001527572,23.845742196501757,524781000
2022-04-11,21.851699829101562,22.253499000395795,21.595465570939584,22.147815823189774,575207000
2022-04-12,21.439929962158203,22.657292742627583,21.218591274800133,22.469853150059922,662258000
2022-04-13,22.136850357055664,22.432966395854017,21.39107965829104,21.663267032253867,516943000
2022-04-14,21.194665908813477,22.70914138808518,21.099949624918715,22.437950489268136,569097000
2022-04-18,21.71809959411621,22.02218926461033,21.016196654972152,21.136836430632233,525701000
2022-04-19,22.13186264038086,22.3063404800413,21.25049567770769,21.655286167385736,512781000
2022-04-20,21.417999267578125,22.602459598625735,21.136839837783892,22.44991555152109,468974000
2022-04-21,20.122865676879883,22.32528363593372,19.940410359200147,21.64431805927398,656209000
2022-04-22,19.45685386657715,20.424961412485715,19.441899168057798,20.24250610355399,624713000
2022-04-25,19.842702865600586,19.885574017830244,19.039104567845087,19.144787739155014,641566000
2022-04-26,18.73202133178711,19.729041835581757,18.61437288191269,19.659250704582643,653143000
2022-04-27,18.360137939453125,19.109896444638807,18.235510346277362,18.542591397089467,499460000
2022-04-28,19.72306251525879,19.977303851455268,18.43491199008361,18.910490135420694,570327000
2022-04-29,18.49174690246582,20.068036269432913,18.461835591856172,19.344199287343677,500435000
2022-05-02,19.47480583190918,19.515682143130196,18.336208020718836,18.48576074197281,572049000
2022-05-03,19.54360008239746,19.76593718597662,19.075997486229383,19.342202225014407,475751000
2022-05-04,20.27341651916504,20.33921986356432,18.695132726502678,19.863641752299557,648855000
2022-05-05,18.78785514831543,19.865633741473076,18.444880215286258,19.807807888219486,626331000
2022-05-06,18.61935806274414,19.45386415893865,17.93639951654731,18.68017713798414,633297000
2022-05-09,16.899503707885742,18.2006142842985,16.77686905131604,17.980273914729565,644455000
2022-05-10,17.54257583618164,18.1437798648561,16.974274428777502,17.636295630660026,761474000
2022-05-11,16.5804500579834,17.700105173473105,16.518636414884845,17.295314714048374,670167000
2022-05-12,16.126808166503906,16.73798268883239,15.520620763164581,16.170677698614824,708728000
2022-05-13,17.653244018554688,17.874582687114945,16.543561257348554,16.73797994693999,670437000
2022-05-16,17.212566375732422,17.73500542241008,17.055038053763205,17.456837299175664,521446000
2022-05-17,18.122844696044922,18.316266948710442,17.581463204511554,18.020150928461515,585830000
2022-05-18,16.887537002563477,18.06402177879582,16.813758061200716,17.6522521071145,545161000
2022-05-19,17.072980880737305,17.634303190844598,16.684141563200637,16.88653775929863,621310000
2022-05-20,16.64426612854004,17.35813265366858,15.70806343146981,17.28036591060508,739105000
2022-05-23,16.84765625,16.86460579941811,16.13079851441161,16.225514794885957,639889000
2022-05-24,16.10586929321289,16.547550187898246,15.732984010714674,16.460809506552845,588550000
2022-05-25,16.924421310424805,17.0600157624615,15.952326060763912,15.972266924739577,781132000
2022-05-26,17.797819137573242,18.038100388049628,15.974267519878618,15.988225751012793,996575000
2022-05-27,18.754955291748047,18.82474642934616,18.046073205336302,18.1318174179565,738379000
2022-05-31,18.61636734008789,19.14279403338094,18.295326242537005,18.923448310065066,664100000
2022-06-01,18.265417098999023,18.99623300147652,18.06800706571725,18.668214653926945,544514000
2022-06-02,19.53362464904785,19.560544628460704,18.14377897274522,18.237498762615502,648656000
2022-06-03,18.664228439331055,19.274406575530012,18.46681836923716,19.025151378896318,598779000
2022-06-06,18.730031967163086,19.279391018883036,18.508693228823383,19.081980946985432,422406000
2022-06-07,18.86961555480957,18.94339449795544,18.133813364518677,18.416967656771526,388914000
2022-06-08,18.596370697021484,19.12689735772894,18.48368268854018,18.74695170077605,363252000
2022-06-09,17.99803352355957,18.880583584037574,17.991052933850728,18.42983530392258,395574000
2022-06-10,16.9270076751709,17.648005592341615,16.822296926639886,17.551274019304014,465248000
2022-06-13,15.603679656982422,16.266838484183843,15.562792805356883,15.955702020878928,604153000
2022-06-14,15.792157173156738,16.021519942748558,15.369330314017972,15.68744737975274,469680000
2022-06-15,16.481243133544922,16.82129863210318,15.881906301777965,16.05043807467459,563936000
2022-06-16,15.557805061340332,15.897861483867645,15.358358995169663,15.816087788358889,545749000
2022-06-17,15.83603572845459,15.950717118320277,15.285563915858456,15.604677679322638,630334000
2022-06-21,16.5201358795166,16.960911609240924,16.361575686273117,16.429388214877477,483089000
2022-06-22,16.314706802368164,16.61587073985761,16.135204840649315,16.181077014713374,437135000
2022-06-23,16.18008041381836,16.539082437023865,15.809109627633456,16.473265177528255,463680000
2022-06-24,17.07858657836914,17.092547758876677,16.264845667803225,16.454320190454215,472153000
2022-06-27,16.822298049926758,17.282022223468143,16.579970759321082,17.264072406028497,427968000
2022-06-28,15.937753677368164,17.154375384027293,15.90085545872729,16.85321143493184,461149000
2022-06-29,15.498970031738281,15.776200235548698,15.128000214513376,15.770217280899118,482352000
2022-06-30,15.117032051086426,15.523902477901675,14.820854376855518,15.318472470620367,686070000
2022-07-01,14.482791900634766,15.021296837715987,14.352155016267275,14.857751323588166,577610000
2022-07-05,14.922572135925293,14.929552726095583,14.016089244404482,14.135756912052631,651397000
2022-07-06,15.088111877441406,15.27658874989287,14.748055399282007,14.968444218161782,529066000
2022-07-07,15.81409740447998,15.90085644107172,15.34639595387205,15.413210854402083,492903000
2022-07-08,15.794151306152344,15.99260071355022,15.3463940472355,15.387280900081658,467972000
2022-07-11,15.110051155090332,15.484012943856513,14.996366451757986,15.483015309181383,437321000
2022-07-12,15.040243148803711,15.388276870570849,14.83581079611465,15.22572805239749,458483000
2022-07-13,15.122016906738281,15.332433178961859,14.424952733218012,14.549606661502255,521918000
2022-07-14,15.32944107055664,15.430161276206992,14.687223985290593,15.066172037556123,456235000
2022-07-15,15.718361854553223,15.738305988579,15.40223910380052,15.615647329390558,385935000
2022-07-18,16.056427001953125,16.850222942064924,15.957702040170656,16.25687078128728,670517000
2022-07-19,16.94495964050293,17.062632997757373,16.127230046583808,16.44035994202508,702366000
2022-07-20,17.757699966430664,17.88335248572077,16.754486493931914,16.900082197018165,760538000
2022-07-21,18.00002670288086,18.093766321144624,17.496425663382336,17.835484504614854,557049000
2022-07-22,17.27104949951172,17.91725420891557,17.089552288201755,17.843459684574043,536671000
2022-07-25,16.976869583129883,17.0765931156567,16.602907762705456,16.971882360366042,480748000
2022-07-26,16.487228393554688,16.872159411075533,16.43238035984879,16.84224178303558,397865000
2022-07-27,17.740747451782227,17.886343144331377,16.866174710818715,16.984844729606653,569776000
2022-07-28,17.934207916259766,18.089776144359217,17.391715338129444,17.925233960102176,474646000
2022-07-29,18.112714767456055,18.193489890290078,17.64301808926749,17.763683382729887,435460000
2022-08-01,18.38994789123535,18.7938273733398,17.940196227316555,18.131664131200854,476469000
2022-08-02,18.47470474243164,18.885564661360405,18.041906375651998,18.07182399714033,489527000
2022-08-03,18.8406925201416,18.915485636087563,18.08678506318179,18.133655821615758,418146000
2022-08-04,19.16180419921875,19.220640875313578,18.708063924460507,18.796818231509185,409652000
2022-08-05,18.936431884765625,19.17576724952665,18.61432611149034,18.757926569519594,386068000
2022-08-08,17.743736267089844,18.188502488777342,17.19426311465401,17.453543487866224,981859000
2022-08-09,17.038694381713867,17.398694940794755,16.677697139131496,17.20423514221183,668263000
2022-08-10,18.046899795532227,18.067841567146683,17.26905848827763,17.649004232789324,597422000
2022-08-11,17.89232635498047,18.65520971795895,17.82650909360647,18.080804181955322,509327000
2022-08-12,18.657203674316406,18.66617953381499,17.903296146751718,18.109723796605994,478094000
2022-08-15,18.97930908203125,19.110943606719005,18.56147037086015,18.649226086629287,457666000
2022-08-16,18.826730728149414,19.08900306515244,18.449777011947884,18.867617579479603,451240000
2022-08-17,18.284238815307617,18.636262177287165,18.094766197974923,18.47171996728055,446799000
2022-08-18,18.721025466918945,18.812769810722802,18.13265879882492,18.250332132443727,415447000
2022-08-19,17.799585342407227,18.468727183536906,17.72080358497965,18.355042477008766,441588000
2022-08-22,16.986841201782227,17.509390657788362,16.91902867077679,17.441578126782925,409593000
2022-08-23,17.13343048095703,17.416644561805427,16.923014238335547,16.94196263706093,369986000
2022-08-24,17.174320220947266,17.357810823683003,16.84822587028311,16.96490062655106,522661000
2022-08-25,17.8634090423584,17.897315311031562,16.78639903354692,16.79736826116041,770691000
2022-08-26,16.214984893798828,17.874377717185446,16.192047853448514,17.807563767738106,769127000
2022-08-29,15.757253646850586,16.29276663412164,15.723348333249264,15.97564814658675,496132000
2022-08-30,15.425175666809082,15.994593942634191,15.13996723606161,15.915813141555713,530181000
2022-08-31,15.05220890045166,15.496974153107734,14.91758244853525,15.341405935475509,573710000
2022-09-01,13.898414611816406,14.340187972290808,13.233261435486058,14.169660919691056,1178865000
2022-09-02,13.609216690063477,14.131765139366534,13.553371026300562,14.060962564890257,743157000
2022-09-06,13.42772102355957,13.740851814141763,13.314036323816168,13.692984371926862,535751000
2022-09-07,13.680095672607422,13.803789664823167,13.313005420498245,13.529468955559182,512657000
2022-09-08,13.955412864685059,13.973368965250524,13.335948799799713,13.425725497360691,624873000
2022-09-09,14.351432800292969,14.438217613905524,14.091078359455306,14.122000907484114,486612000
2022-09-12,14.469141006469727,14.511036991860852,14.162899808803669,14.33347754387466,484159000
2022-09-13,13.098535537719727,13.887580298232978,13.06661506291521,13.767877090741246,714956000
2022-09-14,13.095544815063477,13.25714401689083,12.881076192438005,13.22123276604588,588507000
2022-09-15,12.8970365524292,13.200284898230091,12.758380252068209,12.982824382811994,523625000
2022-09-16,13.165369987487793,13.179335313818578,12.585806090810705,12.710497048087857,670751000
2022-09-19,13.348916053771973,13.429716127163072,12.97783599693244,12.979830907792524,569685000
2022-09-20,13.143425941467285,13.449667136036723,13.024720650726076,13.182330035591837,524818000
2022-09-21,13.228215217590332,13.996312044305188,13.07758850400222,13.180334501882477,807679000
2022-09-22,12.52994441986084,13.116490962587756,12.397273823589744,13.03768580803516,759162000
2022-09-23,12.485057830810547,12.579823238873681,12.22669830375946,12.389295442898492,663309000
2022-09-26,12.197766304016113,12.627701376492643,12.183800979504168,12.460116531032906,547343000
2022-09-27,12.382312774658203,12.704514210651315,12.227696230944117,12.476080251525241,553854000
2022-09-28,12.704511642456055,12.79129643757293,12.323456127659455,12.379317430021313,542414000
2022-09-29,12.189789772033691,12.469097284845578,11.916466992118151,12.417225794477423,532763000
2022-09-30,12.108990669250488,12.601769867420833,12.045148756633207,12.05711917470624,565638000
2022-10-03,12.481067657470703,12.646657634128852,12.075073310975306,12.316475611950034,547478000
2022-10-04,13.134448051452637,13.187317472632325,12.847159945252836,12.847159945252836,584182000
2022-10-05,13.176344871520996,13.288068453828838,12.589799156184034,12.87908219169331,507131000
2022-10-06,13.09753704071045,13.622236562656026,13.070603370269595,13.187314673758069,644157000
2022-10-07,12.046146392822266,12.638677792000106,11.992279988471251,12.474085736672928,672478000
2022-10-10,11.641149520874023,12.094026663340596,11.379797153136787,12.00724185114814,698699000
2022-10-11,11.557356834411621,11.81671332375179,11.255105480239216,11.532418070127365,667482000
2022-10-12,11.471567153930664,11.705985792428375,11.31695064561585,11.550372304493225,492590000
2022-10-13,11.930431365966797,12.048139665363264,10.786266778590695,10.943876148054613,850103000
2022-10-14,11.19924545288086,12.081059900782172,11.176302548165202,12.027193495602644,713432000
2022-10-17,11.85860824584961,11.918460323463654,11.488526149600807,11.489523129293081,580774000
2022-10-18,11.937414169311523,12.4611158389974,11.589277019716143,12.313481973149718,659362000
2022-10-19,12.021206855773926,12.319468398644798,11.804743321043421,11.84963214701234,523131000
2022-10-20,12.163853645324707,12.73743191217373,12.075072975272215,12.08305357020032,652398000
2022-10-21,12.435181617736816,12.467103048862125,11.857613479696207,12.06809134335418,609494000
2022-10-24,12.567853927612305,12.678579584853372,12.034176655941128,12.477079284905395,517457000
2022-10-25,13.228215217590332,13.26711930987685,12.63269102706923,12.662617544617813,505482000
2022-10-26,12.864117622375488,13.354900896725308,12.676582681545735,12.837184898566917,532953000
2022-10-27,13.143425941467285,13.803789999892798,13.08955953917814,13.596304034739564,583113000
2022-10-28,13.799798965454102,13.815760155792058,13.028710226197942,13.071604141512527,521040000
2022-10-31,13.463631629943848,13.803789144395994,13.264126272475048,13.74393706149706,486341000
2022-11-01,13.509519577026367,13.890575176364532,13.485578741755033,13.776856684484033,432817000
2022-11-02,13.186319351196289,14.174869538553562,13.17833970749939,13.815759886644688,672628000
2022-11-03,13.38782024383545,13.746930863679363,12.923970612064814,13.010755424842653,500065000
2022-11-04,14.121003150939941,14.1938226319805,13.663137321682004,13.951423355113537,612576000
2022-11-07,14.265644073486328,14.376369715229352,13.919502771881342,14.19282459299917,410061000
2022-11-08,14.565901756286621,14.85418686064914,14.180855378354366,14.76440920283428,595292000
2022-11-09,13.74194049835205,14.175865431075563,13.724982330959945,14.126985839536582,454414000
2022-11-10,15.711061477661133,15.734004379130576,14.51103557058689,14.76341034070044,700819000
2022-11-11,16.28663444519043,16.348481436653724,15.443724222491777,15.767920535169456,655487000
2022-11-14,16.254711151123047,16.499106232735553,15.882633238435714,16.177901866300843,527852000
2022-11-15,16.62479591369629,16.955973916165302,16.34149766989013,16.68065721766376,545876000
2022-11-16,15.870667457580566,16.32154969717503,15.833759225066268,16.122045274835585,649547000
2022-11-17,15.638242721557617,16.225787271704426,15.496593581923413,15.676148882942353,710894000
2022-11-18,15.370905876159668,15.962440257527843,15.082619839364542,15.926528055174298,492072000
2022-11-21,15.279132843017578,15.438737129847263,15.042718303446582,15.109553050431892,404739000
2022-11-22,15.99835205078125,16.01830306476984,15.084616158544712,15.290107226570333,472866000
2022-11-23,16.47816276550293,16.486144313073122,16.008328349427657,16.05820398423219,427241000
2022-11-25,16.229774475097656,16.446237020144476,16.132017196689414,16.277656134662113,167934000
2022-11-28,15.787872314453125,16.31656273871607,15.68612519322037,15.98637975502715,303741000
2022-11-29,15.600336074829102,15.89261191979211,15.48163079273218,15.787871013684132,298384000
2022-11-30,16.885482788085938,16.89246723894382,15.562422258629718,15.662199992090873,565298000
2022-12-01,17.097007751464844,17.226718672364875,16.598116373493134,16.96130961638063,470977000
2022-12-02,16.838584899902344,16.895459640770735,16.408540682249722,16.622066938764753,371389000
2022-12-05,16.57317543029785,16.95732209492753,16.435480895818028,16.64202269753776,352255000
2022-12-06,15.951555252075195,16.53625550550943,15.783927508680161,16.493351572776334,352694000
2022-12-07,16.08426284790039,16.150116510882306,15.632266127408133,15.737033837548465,372388000
2022-12-08,17.130937576293945,17.140915635032428,15.923619112619104,16.236924067023104,515456000
2022-12-09,16.96330451965332,17.54401482926612,16.937363096057506,17.121952377755747,465338000
2022-12-12,17.496124267578125,17.499117875319435,16.75976146929497,16.99922915428006,457328000
2022-12-13,18.031932830810547,18.748341354532826,17.67173314781312,18.48991481040543,656589000
2022-12-14,17.634817123413086,18.21153673692968,17.38138052214265,17.947122938893273,496888000
2022-12-15,16.914417266845703,17.281601445328924,16.662977044280925,17.107987414571323,478542000
2022-12-16,16.53426170349121,17.003220944622573,16.373619336340138,16.82661330300129,478232000
2022-12-19,16.21796226501465,16.572174722426883,16.109204679647327,16.535258005172167,354039000
2022-12-20,16.049333572387695,16.273835057103852,15.816851356300733,16.028380227355484,403260000
2022-12-21,16.464418411254883,16.59014043707696,16.066302786245483,16.078277218761983,325025000
2022-12-22,15.304993629455566,16.10222300797655,14.849007005999164,16.0583199304805,565045000
2022-12-23,15.172286987304688,15.304991533429133,14.850003158774006,15.162308930007534,349326000
2022-12-27,14.08969497680664,15.06652469064024,14.024838544585242,15.040582308063698,464902000
2022-12-28,14.0048828125,14.230381609035915,13.853219366158653,13.89612425706417,351066000
2022-12-29,14.570625305175781,14.650447871616409,14.195459433216843,14.370071654140734,354923000
2022-12-30,14.581599235534668,14.596565369641379,14.201443443017887,14.302219345783994,310490000
2023-01-03,14.283263206481934,14.962754136499147,14.064748866809973,14.818075144951218,401277000
2023-01-04,14.716299057006836,14.820068566207876,14.20942594066625,14.534703367464905,431324000
2023-01-05,14.233372688293457,14.531709547094541,14.116631516373118,14.458871444768125,389168000
2023-01-06,14.826055526733398,14.976720759443683,14.002884868402322,14.441908902325604,405044000
2023-01-09,15.593351364135742,16.020401941381497,15.1074306292161,15.250114184790577,504231000
2023-01-10,15.873730659484863,15.926612657782302,15.437699200244237,15.472621454131234,384101000
2023-01-11,15.965524673461914,15.992465239813418,15.528496008879637,15.804882316459198,353285000
2023-01-12,16.474393844604492,16.60011394726638,15.457652972865747,16.064305755567425,551409000
2023-01-13,16.861534118652344,16.884483841910928,16.129162184625386,16.241910621869895,447287000
2023-01-17,17.662757873535156,17.68870121113587,16.861538466264395,16.861538466264395,511102000
2023-01-18,17.33847427368164,17.83337297862017,17.243683680111356,17.627830325283927,439624000
2023-01-19,16.727828979492188,17.158872284903268,16.693905869643526,16.998228042242104,452932000
2023-01-20,17.799453735351562,17.816416246275402,16.78770171499723,16.973288293899945,564967000
2023-01-23,19.150455474853516,19.20234025160349,17.77850345123352,18.023956526703994,655163000
2023-01-24,19.222288131713867,19.45177965907979,18.778275018636265,18.785259468912272,496204000
2023-01-25,19.280160903930664,19.327057588077132,18.538808102919397,18.87107002531869,449537000
2023-01-26,19.758098602294922,20.121291926493868,19.235260153653364,19.657322688857523,489535000
2023-01-27,20.319847106933594,20.582264478452693,19.361976503519905,19.418849333138702,542142000
2023-01-30,19.11952018737793,20.095350783793005,19.107545755024255,19.90577336731511,488611000
2023-01-31,19.49368667602539,19.643353741949113,18.90798817511003,19.127499744923487,498017000
2023-02-01,20.89657211303711,21.14501874822768,19.56752430206783,19.647346873400746,660477000
2023-02-02,21.660869598388672,21.900337276933485,20.65410773302951,20.953441855430544,564276000
2023-02-03,21.053218841552734,21.696789246514708,20.74290754825101,20.95344017438409,429366000
2023-02-06,21.042245864868164,21.522178471104034,20.739916222678673,20.759872338931974,452197000
2023-02-07,22.12384033203125,22.20965010200628,21.103107721044175,21.334593701458743,664150000
2023-02-08,22.155771255493164,22.827279543884256,21.959207503696422,22.33736696829217,559651000
2023-02-09,22.287473678588867,22.968959875402295,22.07095576094419,22.555878249188314,523876000
2023-02-10,21.217849731445312,22.029046839327936,20.764857790639137,21.64190854529865,550737000
2023-02-13,21.739694595336914,21.999118385629707,20.915525681631326,21.490248862723064,474919000
2023-02-14,22.920072555541992,22.99789874171555,21.318629492503824,21.530159368940577,675474000
2023-02-15,22.713531494140625,22.804329348665444,22.056991258302702,22.499008003095835,420575000
2023-02-16,21.953222274780273,22.500005788164945,21.878387788866807,22.08393046172455,412026000
2023-02-17,21.34058380126953,21.691802710091036,20.928499305845392,21.583045106514625,465888000
2023-02-21,20.609209060668945,21.446347815635267,20.57229043408108,20.953443519073346,410015000
2023-02-22,20.70798683166504,21.05721124102222,20.37572493019937,20.661092053593148,513184000
2023-02-23,23.611534118652344,23.83503841711281,22.97395090605858,23.388031723311734,1117995000
2023-02-24,23.234373092651367,23.421957916477858,22.89612587509221,23.17350941362294,589716000
2023-02-27,23.448894500732422,23.827053916300855,23.401999726272685,23.617520428698207,452994000
2023-02-28,23.164527893066406,23.772178848920596,23.154549835484183,23.320182165733303,455963000
2023-03-01,22.64767837524414,23.204441849787724,22.458099073317108,23.140582657134395,460026000
2023-03-02,23.262311935424805,23.328165597904217,22.382267363825353,22.438144871095187,389415000
2023-03-03,23.837032318115234,23.847010375257764,23.078717103361356,23.268296382829778,412393000
2023-03-06,23.501781463623047,24.19424120106475,23.434928663312892,23.838034225602097,437429000
2023-03-07,23.240318298339844,24.07560444760807,23.19341364689186,23.551679757416153,515154000
2023-03-08,24.131484985351562,24.150447084590173,23.37603510396069,23.438905826491442,513573000
2023-03-09,23.38800811767578,24.403923086895535,23.335115251190835,24.125493195186213,501257000
2023-03-10,22.9179744720459,23.578619542231447,22.679463555166457,23.36106553205838,474866000
2023-03-13,22.91897201538086,23.2502929083055,22.251343209013474,22.70541142718648,421890000
2023-03-14,24.013729095458984,24.169409811888126,23.411963139447696,23.447890629973315,474910000
2023-03-15,24.178394317626953,24.2362742238191,23.312171498969583,23.71234953099833,524486000
2023-03-16,25.48870086669922,25.535603606038674,23.845072112678007,23.97780109757633,583253000
2023-03-17,25.672327041625977,26.34494677671912,25.615442640620632,25.928800789668877,848547000
2023-03-20,25.846967697143555,25.970714347329455,25.07854386503028,25.56255140531931,432747000
2023-03-21,26.145357131958008,26.337962757604163,25.329033093000934,26.12639693275394,547408000
2023-03-22,26.413803100585938,27.532507969585293,26.183275210273973,26.37088997719431,797295000
2023-03-23,27.13532829284668,27.442698247567733,26.635354603888416,27.05948368440473,564889000
2023-03-24,26.724164962768555,27.1113709568097,26.301033385062095,26.97564975875482,454920000
2023-03-27,26.476675033569336,26.944714568093122,26.311014571134052,26.782048221700336,361026000
2023-03-28,26.355920791625977,26.458710520816368,25.79706802172804,26.39284568249232,356104000
2023-03-29,26.928747177124023,27.02255456693602,26.542540461107045,26.770074250919894,393694000
2023-03-30,27.326932907104492,27.442696524698064,27.046508115727384,27.173248891114078,364516000
2023-03-31,27.72012710571289,27.777009606558664,27.04950214041425,27.084430325748205,433933000
2023-04-03,27.90774154663086,27.942669731519793,27.28002971948546,27.45267583533266,398716000
2023-04-04,27.396785736083984,27.94266656976958,27.251084780335454,27.908735793018696,368592000
2023-04-05,26.82596206665039,26.942721186079208,26.340957083573166,26.774068490200907,515015000
2023-04-06,26.981639862060547,27.02455108460632,26.372888285157632,26.529566401792227,397654000
2023-04-10,27.522531509399414,27.564445330206645,26.61439491835625,26.768078927982756,395279000
2023-04-11,27.113370895385742,27.7330996597478,27.070457767266205,27.66723481289394,314378000
2023-04-12,26.440750122070312,27.4117573972983,26.393845475280525,27.313958486817846,446259000
2023-04-13,26.408811569213867,26.831943139385213,26.275087085274208,26.67925655636213,353615000
2023-04-14,26.70320701599121,26.827951053263416,26.16630857297882,26.44972742157741,395660000
2023-04-17,26.946712493896484,26.950704014318593,26.378877313961777,26.510607005107396,321471000
2023-04-18,27.610353469848633,28.052447248564135,27.30098870725132,27.476628952799295,604812000
2023-04-19,27.873807907104492,27.94266686552096,27.176239781728775,27.304975350464428,358660000
2023-04-20,27.048503875732422,27.972608458107462,26.9447167273433,27.61434236358742,427713000
2023-04-21,27.0634708404541,27.127340875735126,26.66728437395246,26.896812971013922,345103000
2023-04-24,26.98662757873535,27.309963550008472,26.616386963271044,26.9576876302619,339282000
2023-04-25,26.187271118164062,27.191211864022204,26.17130503524893,27.022557264988468,378527000
2023-04-26,26.90080451965332,27.274039268907778,26.65031901312097,26.94671176186849,406337000
2023-04-27,27.170251846313477,27.43870204664904,26.57048262204744,27.306972360442714,377161000
2023-04-28,27.692184448242188,27.70116489389645,27.015571252856407,27.1692571711631,292216000
2023-05-01,28.850805282592773,28.99850296142685,27.723119847489293,27.782996461743867,570329000
2023-05-02,28.152238845825195,28.776958460184716,28.025499975903916,28.621277734605123,402730000
2023-05-03,27.745075225830078,28.308918916724693,27.415750979636734,27.782997527115576,383387000
2023-05-04,27.505563735961914,27.801954572191782,27.184222567509938,27.594380294690612,321850000
2023-05-05,28.62127685546875,28.696122147897874,27.67422056486533,27.76902536331952,361494000
2023-05-08,29.091310501098633,29.16016946274796,28.291951910306917,28.46359870886539,344979000
2023-05-09,28.51249885559082,28.913676170511692,28.3917482221622,28.839828282414175,314869000
2023-05-10,28.825857162475586,29.053390963914687,28.402725530757564,28.94561039227481,369350000
2023-05-11,28.51948356628418,28.89072351358173,28.18816453314951,28.836833229798795,322149000
2023-05-12,28.281972885131836,28.721072500751447,27.988574237391727,28.470585077894096,274222000
2023-05-15,28.893714904785156,28.90968288930767,28.09435634331566,28.449626392092515,293926000
2023-05-16,29.153182983398438,29.808839206478215,28.77296450239682,28.781944947212995,449405000
2023-05-17,30.1162052154541,30.13716212322984,29.369737672158177,29.523421662513595,432535000
2023-05-18,31.61313819885254,31.762830690352914,30.25791892725925,30.347734802848134,748725000
2023-05-19,31.19998550415039,31.515338464823536,30.85269847604877,31.471427932457345,473908000
2023-05-22,31.112167358398438,31.45546287720747,30.617182635048753,30.83772890145582,372000000
2023-05-23,30.625164031982422,31.223935873295638,30.568281535055462,30.936525465603022,356253000
2023-05-24,30.4754695892334,30.54432854642124,29.74496810397816,30.14814019154648,721419000
2023-05-25,37.90224075317383,39.399169710914755,36.55999323619556,38.4441283049537,1543911000
2023-05-26,38.86625671386719,39.08979709643769,37.47311513309701,37.812419131021514,714397000
2023-05-30,40.02886199951172,41.852120390586535,39.86719498674433,40.511872036620545,923401000
2023-05-31,37.756534576416016,40.212494220771234,37.7445581109248,39.40714734389047,1002580000
2023-06-01,39.688568115234375,39.967993574032356,38.2614958531395,38.410189027460895,635873000
2023-06-02,39.24647521972656,40.41707376526735,38.97802500871207,40.01489905431234,482731000
2023-06-05,39.09079360961914,39.48398404045427,38.627743010740026,38.82932905392205,396094000
2023-06-06,38.574851989746094,39.0798164296081,38.069887549884086,38.750494112150655,388729000
2023-06-07,37.40213394165039,39.42220064737449,37.28336583715142,38.8393365135724,511998000
2023-06-08,38.435123443603516,38.78843525380602,37.43208020342754,37.650652361661095,417772000
2023-06-09,38.69461441040039,39.63378277087799,38.49201001557308,38.96109353851752,427717000
2023-06-12,39.40523147583008,39.45313848189554,38.542912981212005,39.12378209838564,388701000
2023-06-13,40.94224166870117,41.021090447407424,39.662736532909214,40.107868537313834,613208000
2023-06-14,42.91340255737305,42.91639507972652,40.47315286932789,40.744627187256896,740465000
2023-06-15,42.570072174072266,43.20483722073351,42.06505544214176,42.51917264005908,568622000
2023-06-16,42.60899353027344,43.63599213320871,42.5780517641451,43.3655191410193,655709000
2023-06-20,43.72282791137695,43.90447708552211,42.5910337413259,42.9144051358894,451153000
2023-06-21,42.9613037109375,43.530198935249985,41.998183661789234,43.41641836747542,551603000
2023-06-22,42.94135284423828,43.34157039232683,42.151890331263004,42.17085058953678,417737000
2023-06-23,42.12693786621094,42.72576983708017,41.93331479288893,42.38144316710673,358140000
2023-06-26,40.55299758911133,42.680852228000454,40.02203048498169,42.378439961624785,594322000
2023-06-27,41.794586181640625,41.85846093359961,40.369364835566834,40.71968036738126,462175000
2023-06-28,41.03705978393555,41.763645026068765,40.439225350764865,40.58094756482351,582639000
2023-06-29,40.74262619018555,41.51911336113598,40.521057714884826,41.47719520674288,380514000
2023-06-30,42.21975326538086,42.467272192490576,41.420311904436474,41.5989647398468,501148000
2023-07-03,42.330535888671875,42.81459352699216,42.11994759159172,42.43433377598921,198209000
2023-07-05,42.23472595214844,43.09305068763653,42.00317476731274,42.053076792694064,323618000
2023-07-06,42.02114486694336,42.09699732253943,41.265616640980895,41.76264953628558,303582000
2023-07-07,42.42036437988281,43.129984404943556,42.097994303095824,42.23971652222752,355881000
2023-07-10,42.09798812866211,42.72776176918797,41.56801853142634,42.57406186731793,353908000
2023-07-11,42.32254409790039,42.67485834432988,41.985203882736315,42.39839653240351,298244000
2023-07-12,43.8166389465332,43.84957572671799,42.69382635632928,42.949329116868,481277000
2023-07-13,45.88761520385742,46.065266739732245,44.40550165096542,44.43145207784274,478204000
2023-07-14,45.38059616088867,47.99450350820883,44.972390985691305,46.492428621249765,772075000
2023-07-17,46.370662689208984,46.40559448511717,45.17399644703976,46.19900003919172,510488000
2023-07-18,47.40165328979492,47.80287207706954,45.64507706670889,46.6101959109385,569164000
2023-07-19,46.98546600341797,47.725026374946644,46.65111827083296,47.37171457968649,427502000
2023-07-20,45.431495666503906,46.99545027981004,44.974385975713794,46.41657614955658,537865000
2023-07-21,44.222843170166016,45.776818736395064,44.01424991772626,45.69896747652268,963769000
2023-07-24,44.52526092529297,45.02129625877823,43.95437445925072,44.64402903720118,382516000
2023-07-25,45.590187072753906,46.093204951452925,44.835656447425045,44.85362300335587,348081000
2023-07-26,45.36362838745117,45.96346161310325,44.54322798421179,45.93152233751283,364237000
2023-07-27,45.81076431274414,47.30285671883618,45.661054414701624,46.42856035632444,455976000
2023-07-28,46.65910339355469,46.93556524542494,46.29082136263418,46.57726209617673,331194000
2023-07-31,46.638145446777344,47.038366761861774,46.41557944946755,46.66309836248381,251055000
2023-08-01,46.41657638549805,46.8088138287661,45.93751010661882,46.369666884333206,237858000
2023-08-02,44.182926177978516,45.750870737209425,43.302641133046315,45.74188936339505,530142000
2023-08-03,44.42844009399414,45.03026820175156,43.714830257264936,43.714830257264936,324176000
2023-08-04,44.5931282043457,45.55325576078865,44.30668747221976,44.897535492129286,362666000
2023-08-07,45.32870101928711,45.45146298171195,44.47636125716046,45.02329618186399,322154000
2023-08-08,44.57715606689453,45.154031311172126,43.970336566145846,44.76578774990283,353843000
2023-08-09,42.47126388549805,44.22584525940291,42.05207850406444,44.187917131866904,586449000
2023-08-10,42.30557632446289,43.48927095033714,41.75365024097548,42.07801903458831,492705000
2023-08-11,40.77556610107422,41.936306917018776,40.55998646089097,41.66982393739307,533085000
2023-08-14,43.66792678833008,43.71483628671642,40.2326217412967,40.407280716905284,690286000
2023-08-15,43.85457229614258,45.17999337738196,43.625019909517064,44.4733696589914,676512000
2023-08-16,43.401451110839844,44.58813853982079,43.32160482572684,44.43344112151487,527451000
2023-08-17,43.25972366333008,43.97632609118521,42.91738827793847,43.884505920253574,452395000
2023-08-18,43.21480941772461,43.49326626137414,41.57899634242321,42.55209903416188,583768000
2023-08-21,46.87568664550781,46.97349568922654,44.13602449197177,44.40749503476182,692573000
2023-08-22,45.57920455932617,48.09330773941367,45.24485683130546,48.041406896438666,755293000
2023-08-23,47.02439498901367,47.108231304990525,45.120103708429646,45.77682532419549,779046000
2023-08-24,47.07129669189453,50.16826400478164,47.067306662299096,50.118361983877634,1156044000
2023-08-25,45.928531646728516,47.71205604609622,44.93646092899701,46.92059855717943,925341000
2023-08-28,46.74393844604492,46.88865698143186,44.800725372190506,46.3916241394205,685192000
2023-08-29,48.689144134521484,48.98556752704201,46.30079556232575,46.57526237156326,701397000
2023-08-30,49.168212890625,49.82992198159772,48.330843509784565,48.94863943193041,735206000
2023-08-31,49.25904083251953,49.64728445636799,48.86281334141854,49.28399374905417,528570000
2023-09-01,48.414676666259766,49.7031667765697,48.04838969224288,49.6652424618298,463830000
2023-09-05,48.45361328125,48.7560255895284,47.766951165430406,48.12924438500935,382653000
2023-09-06,46.97336959838867,48.45859779156676,46.49326626281809,48.35080099771677,468670000
2023-09-07,46.154903411865234,46.257712272283236,45.067930357984686,45.44023695298754,433330000
2023-09-08,45.48714065551758,46.519215678178135,45.18670244634744,45.856454433608306,473069000
2023-09-11,45.093875885009766,46.077038527672016,44.22948732817348,46.06206706824175,473966000
2023-09-12,44.78644943237305,45.58795561962286,44.44807996157311,44.654695251427476,349256000
2023-09-13,45.400299072265625,45.8444700948222,44.42012548496772,44.51694497475434,398355000
2023-09-14,45.496124267578125,45.90136648262812,45.04696145729557,45.864436629731664,370097000
2023-09-15,43.81825256347656,45.514086250608685,43.7264210191702,45.256567267439614,506831000
2023-09-18,43.88412857055664,44.15961559349167,41.921789942113186,42.66839815481211,500271000
2023-09-19,43.43896484375,43.88413352477652,42.92192782259573,43.751381753727316,373064000
2023-09-20,42.16035079956055,43.8212539488895,42.144381748538365,43.518816723640995,367108000
2023-09-21,40.94062042236328,42.021603947761406,40.903690569058845,41.505568360727295,450736000
2023-09-22,41.53252029418945,42.0365810200349,41.154224400495224,41.494589042058344,479236000
2023-09-25,42.143375396728516,42.456789851544556,41.100319388968366,41.51354991090628,419091000
2023-09-26,41.83295440673828,42.74026210135053,41.577430601284675,41.92278696484624,402282000
2023-09-27,42.388912200927734,42.792162986782856,41.55147774107708,42.251172512537835,444935000
2023-09-28,43.008766174316406,43.36509986355093,42.03658080053992,42.38093579889095,424663000
2023-09-29,43.41800308227539,44.061802514667,43.226359256277895,43.74539144535937,397830000
2023-10-02,44.69861602783203,45.09088199561907,43.77932952657343,43.94801356401108,433298000
2023-10-03,43.43596649169922,45.045965740925496,43.16547120468859,44.7245629218231,470850000
2023-10-04,43.95899200439453,44.06080325905543,43.21138616245394,43.660548982906214,361821000
2023-10-05,44.60478591918945,44.816392949836604,43.80627636575413,43.967973455641534,393483000
2023-10-06,45.676788330078125,45.70373848025028,43.9440208476475,44.11070969679084,434436000
2023-10-09,45.188697814941406,45.520080342411596,44.28538419676615,44.75850060605626,409675000
2023-10-10,45.71272277832031,46.17286291728584,45.00404573819931,45.22563248789511,368582000
2023-10-11,46.718841552734375,46.77174426177856,45.96424879463127,46.109976834306515,378137000
2023-10-12,46.85758590698242,47.52035097000379,46.243733198035265,46.68989946190785,481325000
2023-10-13,45.37635040283203,47.02827139098628,45.19568766753486,46.87255982126832,474115000
2023-10-16,46.00916290283203,46.13891807478204,44.82836342341364,44.9790832052808,375099000
2023-10-17,43.85618591308594,44.67066838631244,42.40090056802487,43.91807074145932,812333000
2023-10-18,42.117427825927734,43.13852556211427,41.7471202631781,42.511692770661035,627294000
2023-10-19,42.022613525390625,43.21638582989178,41.80401951663401,42.731290656514126,501233000
2023-10-20,41.309932708740234,42.39091619548763,41.00150619051564,41.81199440818419,477266000
2023-10-23,42.89497375488281,43.16746801501632,40.86875508234883,41.15222663549808,478530000
2023-10-24,43.581695556640625,43.615632642963874,42.61150915403504,42.99678817947999,401463000
2023-10-25,41.70119857788086,43.56871659941446,41.47761668487891,43.317183162193714,398379000
2023-10-26,40.25090789794922,42.17731428874224,39.80573926150373,41.775064849583806,541001000
2023-10-27,40.424583435058594,41.1292700454015,39.94048596248548,41.053411354619094,416784000
2023-10-30,41.0843620300293,41.688235129446234,40.405627810870904,41.01050230769855,388028000
2023-10-31,40.70405578613281,40.802874255163,39.15694305189198,40.374672312145435,517969000
2023-11-01,42.246185302734375,42.30208077870125,40.79289531240805,40.80786677095721,437593000
2023-11-02,43.42498779296875,43.802282272530825,42.814127888386025,43.247317846401735,409172000
2023-11-03,44.92119216918945,45.22462310173902,43.64157803370364,43.93802583979857,424610000
2023-11-06,45.66580581665039,45.849465106470674,44.815391150878824,45.20067395834923,400733000
2023-11-07,45.86942672729492,46.131933661639785,45.07390997743288,45.63386613375853,343165000
2023-11-08,46.487281799316406,46.77973551029514,45.88240735230462,46.01416154146456,346719000
2023-11-09,46.862571716308594,48.1401869158154,46.662943389487246,47.378607266813916,540496000
2023-11-10,48.244998931884766,48.38174487246118,47.19495962235481,47.411554622346145,421245000
2023-11-13,48.52946853637695,49.02454717798487,48.00943872930376,48.230027897633555,384136000
2023-11-14,49.56352996826172,49.74119990193618,48.94867974988804,49.58748734734276,416954000
2023-11-15,48.796974182128906,49.866976786022875,48.11025546793517,49.84202561896839,475497000
2023-11-16,49.38786315917969,49.432781344923285,48.240006851203624,48.588356005845505,339756000
2023-11-17,49.20621109008789,49.62442966359735,48.91575254512535,49.43178822340236,325205000
2023-11-20,50.31513595581055,50.453877068941594,49.08942192234672,49.22017851068948,414120000
2023-11-21,49.85100173950195,50.422932832163035,49.130346021791986,50.03266205340574,565747000
2023-11-22,48.62528991699219,50.24127480470822,47.601199364673555,49.759176257408164,899420000
2023-11-24,47.68703842163086,48.829906801279186,47.656094105123046,48.37974638442562,294645000
2023-11-27,48.15217208862305,48.43963402417859,47.56327053938668,47.7109937696309,395662000
2023-11-28,47.73194885253906,48.233016759843025,47.38459731024166,48.14617697047183,401491000
2023-11-29,48.05036163330078,48.67120510025969,47.770884217997974,48.288918833586436,382005000
2023-11-30,46.68291091918945,48.02041588268528,46.335559349897565,47.934573676190574,526247000
2023-12-01,46.67792510986328,47.112116530587656,46.1010022026633,46.43837411108703,369317000
2023-12-04,45.425254821777344,45.99120035967438,44.926185864436995,45.99120035967438,437543000
2023-12-05,46.48337936401367,46.51731562556562,45.19067511548695,45.385328820380614,371718000
2023-12-06,45.42225646972656,47.302916124514056,45.33141833887503,47.13122044302318,380590000
2023-12-07,46.51332092285156,46.54626331215597,45.52308054469381,45.618910872891085,350823000
2023-12-08,47.42171859741211,47.656302285632755,46.46741338825399,46.51233553243195,359224000
2023-12-11,46.54426574707031,47.446661054028745,45.74868283771919,47.40673492251671,509728000
2023-12-12,47.57244110107422,47.58142400474077,45.96429952454466,45.96429952454466,372387000
2023-12-13,48.0026741027832,48.50777677637629,47.52352626972847,47.544488916025955,447792000
2023-12-14,48.26420593261719,48.58363781796952,47.33785498826681,48.30413587026834,391232000
2023-12-15,48.803253173828125,49.31634111544804,48.034618938742405,48.10848894942567,479948000
2023-12-18,49.98814392089844,50.34351123549537,49.06279063158867,49.312347036005846,412587000
2023-12-19,49.515987396240234,49.61181773302037,48.80824574504592,49.33630646675969,464444000
2023-12-20,48.025638580322266,49.91028926259113,48.012661158302954,49.56689784156496,397894000
2023-12-21,48.903076171875,49.007889407965415,48.333086371904265,48.724392927903814,300425000
2023-12-22,48.74335479736328,49.29537111268927,48.380996155276534,49.10770498591239,252507000
2023-12-26,49.191558837890625,49.51198840359391,48.873124626710656,48.88110985273242,244200000
2023-12-27,49.329315185546875,49.591849010515,48.99790354922427,49.42315016052461,233648000
2023-12-28,49.43412780761719,49.795484989479434,49.324322381717465,49.55491529927827,246587000
2023-12-29,49.43412780761719,49.90828725509975,48.66449595698359,49.72461182444803,389293000
2024-01-02,48.0825309753418,49.20753015338818,47.51054964423797,49.1566219566508,411254000
2024-01-03,47.484596252441406,48.09850289557728,47.23603751691528,47.40074566328975,320896000
2024-01-04,47.912841796875,48.41395003873669,47.42370949212884,47.68224884044641,306535000
2024-01-05,49.009883880615234,49.459086175725254,48.220287041681374,48.37601228101952,415039000
2024-01-08,52.160282135009766,52.18224626703925,49.391205977221674,49.42414836733732,642510000
2024-01-09,53.04570770263672,54.228606407883284,51.59827982301823,52.30802056933756,773100000
2024-01-10,54.25355911254883,54.503115509217274,53.39408682149584,53.520864182248445,533796000
2024-01-11,54.724727630615234,55.247799966123495,53.46496957614301,54.9014155282273,596759000
2024-01-12,54.61293029785156,54.8724711273318,54.23360725157901,54.523089827328256,352994000
2024-01-16,56.281959533691406,56.73415487746208,54.80259064863885,54.92038130782368,449580000
2024-01-17,55.95354461669922,56.37080221365978,54.642874592370525,56.24702168282456,474394000
2024-01-18,57.00567626953125,57.49780159403606,56.00745052096862,57.15840468720761,491650000
2024-01-19,59.38543701171875,59.394419914475016,57.12345527692673,57.88609953221263,543501000
2024-01-22,59.54815673828125,60.223957503871716,58.96519328035112,59.94245635666948,452955000
2024-01-23,59.76677322387695,59.803706328736965,58.481056408623395,59.46430941121268,294654000
2024-01-24,61.25312042236328,62.73748144195341,59.83164734308872,60.19699904963291,560271000
2024-01-25,61.50767135620117,62.607717226695215,60.742030169454694,62.239368666397,482777000
2024-01-26,60.92271041870117,61.67337885004867,60.465526677085045,60.85183724757184,390309000
2024-01-29,62.35417175292969,62.378127434562785,60.798937371656514,61.12335769472333,348733000
2024-01-30,62.66261291503906,63.38033889790534,62.14952501071203,62.78839260190601,410735000
2024-01-31,61.41782760620117,62.158511588509604,60.5922953608444,61.33098018068535,453795000
2024-02-01,62.9151725769043,63.07888305643791,61.54061686379006,61.98981538927627,369146000
2024-02-02,66.04261779785156,66.48183193924027,63.57699522405565,63.8604917267368,476578000
2024-02-05,69.208984375,69.37369252800232,67.08575942583846,68.10394628020288,680078000
2024-02-06,68.10195922851562,69.63024118166943,66.18237446253364,69.50646063248888,683111000
2024-02-07,69.97461700439453,70.09540449820057,67.48005062301553,68.19777661316522,495575000
2024-02-08,69.5174331665039,70.66838724943909,69.33176617612584,69.94966354395652,414422000
2024-02-09,72.0050277709961,72.0569298484953,70.08743069197543,70.40786033375117,436637000
2024-02-12,72.11980438232422,74.4786104438433,71.12357413495056,72.47117717433613,613710000
2024-02-13,72.00003051757812,73.31968365428922,69.4964845401849,70.27509946360114,602580000
2024-02-14,73.76889038085938,74.10429279758857,71.81037331243682,73.0721307009838,504917000
2024-02-15,72.52908325195312,73.84374789733648,72.27154539670707,73.73794078168315,420122000
2024-02-16,72.4841537475586,74.2699807907232,72.37235296886776,73.96851471281462,495327000
2024-02-20,69.32878112792969,71.82833631589585,67.61382690331146,71.81934960299229,704833000
2024-02-21,67.35228729248047,68.76577530674938,66.13045996080022,67.88533642606332,673755000
2024-02-22,78.39865112304688,78.43558041658676,74.08831180865685,74.8918837924214,865100000
2024-02-23,78.67715454101562,82.24780364536768,77.4323654765101,80.64665337566204,829388000
2024-02-26,78.95167541503906,80.50291911362528,78.36571128314377,79.5585907729136,503973000
2024-02-27,78.56135559082031,79.33898034064636,77.0250924240117,79.24014935736925,391705000
2024-02-28,77.52520751953125,78.79295085611872,76.98816006177154,77.48228454390929,393110000
2024-02-29,78.97163391113281,79.84807446200602,78.2109848648127,78.95366810218512,507289000
2024-03-01,82.13300323486328,82.15396968894088,79.29404786978826,79.85804776923267,479135000
2024-03-04,85.08576202392578,87.53940093463996,83.57045769196934,83.98072393894745,615616000
2024-03-05,85.81550598144531,85.94827947163024,83.2729084960246,85.12270452666515,520639000
2024-03-06,88.54676818847656,89.56900130568565,86.87965493223747,87.8699456446009,582520000
2024-03-07,92.50891876220703,92.60674904676837,89.44721547430589,90.00225477502153,608119000
2024-03-08,87.37679290771484,97.23174040772027,86.35655527181379,94.97364703765751,1142269000
2024-03-11,85.62582397460938,88.64359662209651,84.02060015441661,86.27969121669621,678364000
2024-03-12,91.75421905517578,91.80113493638854,86.0011743538899,87.89689583589372,668075000
2024-03-13,90.73099517822266,91.34592838246506,88.28222971094472,90.89770650975179,635713000
2024-03-14,87.79207611083984,90.48941185201531,86.45039611721776,89.42225831640668,602318000
2024-03-15,87.68526458740234,89.39131202190967,86.10799973550625,86.77983369344113,642086000
2024-03-18,88.30218505859375,92.24535790675833,86.93454915835915,90.23184422557269,668976000
2024-03-19,89.24357604980469,90.38759254394184,84.86315541638959,86.5502309225731,672171000
2024-03-20,90.21588897705078,90.25382534481801,88.07059918494765,89.64187768825083,479063000
2024-03-21,91.27703857421875,92.48794810720764,90.24881917443113,92.14054972284487,480372000
2024-03-22,94.12611389160156,94.61426754269417,90.67708069798141,90.9835495525749,586719000
2024-03-25,94.837890625,96.59884339661212,93.3484711637127,93.77872640232121,552136000
2024-03-26,92.4011001586914,96.20851455285562,92.34220396856466,95.68541767838448,513648000
2024-03-27,90.0940933227539,93.0789259717654,88.96904130951937,92.95114873658731,586067000
2024-03-28,90.19992065429688,91.14229021994063,89.03892762518525,89.8445328106342,435212000
2024-04-01,90.20690155029297,92.06568455405531,89.0499070749777,90.14301673764523,452441000
2024-04-02,89.29747009277344,89.93835929549583,87.46863424504667,88.295199136712,433064000
2024-04-03,88.81031799316406,90.21788597554938,88.24729689318218,88.33115142365672,370067000
2024-04-04,85.756591796875,90.47742601324012,85.73163346290652,90.24981545155312,434965000
2024-04-05,87.85597229003906,88.32815477151372,85.77756814573236,86.71593914747515,399678000
2024-04-08,86.98248291015625,88.67654997902457,86.58217465386001,88.546769676755,283220000
2024-04-09,85.20653533935547,87.48360044285332,82.87857107978263,87.29093308519522,501700000
2024-04-10,86.88864135742188,87.24901778988773,83.56439211342133,83.78102010903869,431929000
2024-04-11,90.45946502685547,90.58225365038547,86.77584440203218,87.26898672835297,431637000
2024-04-12,88.03365325927734,90.01922323878227,87.37878828439109,89.54403999734934,426805000
2024-04-15,85.8524169921875,90.45644843108836,85.78054278674153,88.94406648002054,443077000
2024-04-16,87.26400756835938,87.96578857348192,85.9153432441558,86.28370153846738,370453000
2024-04-17,83.88983154296875,88.62164096734257,83.80497167986917,88.18738725935935,495400000
2024-04-18,84.52472686767578,86.0411075798554,82.25964941091485,84.82321393436638,447260000
2024-04-19,76.06837463378906,84.17834237736079,75.47540651529913,83.00637428065669,875198000
2024-04-22,79.3806381225586,79.93467971860302,76.26802794241385,77.9690792079323,596341000
2024-04-23,82.28060913085938,82.62601207910251,80.12534225900131,80.62946711947102,438559000
2024-04-24,79.53935241699219,83.93674114541149,79.04620255838257,83.80496541021976,512208000
2024-04-25,82.4892578125,83.1790583894206,78.08787011237102,78.73175253009703,424641000
2024-04-26,87.58345794677734,88.178429159811,83.24296857442113,83.67322387424187,551011000
2024-04-29,87.60539245605469,87.83997945690294,85.11869103843989,87.44366977250507,388971000
2024-04-30,86.25273895263672,88.66556334587189,86.15091777999787,87.08928872900789,363709000
2024-05-01,82.89754486083984,85.85143274518,81.11462711525115,84.93003072487383,559863000
2024-05-02,85.66874694824219,86.08801954331209,83.05626359727954,84.30310641773906,377898000
2024-05-03,88.63561248779297,89.12675929539812,86.8896334546632,87.6373400551101,398341000
2024-05-06,91.9808349609375,92.06069859527176,88.90116496394158,89.23558536447402,376203000
2024-05-07,90.39756774902344,91.62244547206083,88.85723403089521,90.94062670307744,437342000
2024-05-08,90.25580596923828,91.03645266362885,89.26551537048084,89.3284100650337,325721000
2024-05-09,88.59369659423828,90.91467725150264,88.07858911055452,90.37261598217049,378013000
2024-05-10,89.72273254394531,91.24310415488777,89.07285618291228,90.14899684375659,335325000
2024-05-13,90.24284362792969,90.84080791917694,88.37607119051684,90.32170192056742,289680000
2024-05-14,91.19818115234375,91.49266969851776,88.78036057605543,89.44421267221655,296507000
2024-05-15,94.46653747558594,94.69813898318716,91.44077486128403,92.31226797545344,417735000
2024-05-16,94.19600677490234,95.65348387790415,93.94044465961885,94.74605748352667,323952000
2024-05-17,92.31925201416016,94.57634804363961,91.64741799856931,94.20599431591704,359691000
2024-05-20,94.61627197265625,95.03554461976276,93.27859039868353,93.58805245494568,318764000
2024-05-21,95.2212142944336,95.23519004733342,93.01902406434208,93.43729892728764,328946000
2024-05-22,94.78595733642578,95.85410845473368,93.08789965048524,95.29408064750574,548648000
2024-05-23,103.61969757080078,106.1363388077003,101.34462744914427,101.85175314144693,835065000
2024-05-24,106.2850570678711,106.29104341156793,102.82204863381537,104.26854272278862,429494000
2024-05-28,113.70423126220703,114.74044007562202,109.69317481392171,110.05355122917427,652728000
2024-05-29,114.62664794921875,115.29249558889101,110.70943029840856,112.85472018181774,557442000
2024-05-30,110.30911254882812,115.61892428256706,109.47356046717066,114.45194499585061,484553000
2024-05-31,109.44361114501953,112.52228313915187,106.75526253688238,112.32561724375552,613263000
2024-06-03,114.80133056640625,114.80133056640625,111.80950641949946,113.42471506551881,438392000
2024-06-04,116.23585510253906,116.39857553569502,113.8479889155611,115.51610755402032,403324000
2024-06-05,122.2284927368164,122.23747225440593,117.26508152569082,118.16652151115385,528402000
2024-06-06,120.78897094726562,125.37004011083056,118.11559592598994,123.83369734866147,664696000
2024-06-07,120.67916107177734,121.481772978908,117.81811489560457,119.56308862810559,412386000
2024-06-10,121.5796127319336,122.88734731323206,116.80787124184927,120.16206756268633,313434100
2024-06-11,120.71104431152344,122.66781818606155,118.54460929253459,121.56962216023484,222551200
2024-06-12,124.99398803710938,126.67122400488891,122.36831828276222,122.85750988511934,299595000
2024-06-13,129.39674377441406,129.58643359087407,126.95077798576432,129.177104537848,260704500
2024-06-14,131.66299438476562,132.62140615970972,128.10885485479358,129.7461556011969,309320400
2024-06-17,130.76449584960938,133.50997130629256,129.36680534695333,132.7711985693246,288504400
2024-06-18,135.35691833496094,136.10568428406987,130.474964956118,130.9242214788469,294335100
2024-06-20,130.56480407714844,140.52837801062054,129.30688285479897,139.56996619369176,517768400
2024-06-21,126.36173248291016,130.4150570517715,124.09547105255645,126.91083052082259,649445800
2024-06-24,117.91564178466797,124.2551908621237,117.8457572795687,123.03719724453093,476060900
2024-06-25,125.88251495361328,126.29184395373642,119.1236583558784,121.00056206941291,414192600
2024-06-26,126.19200134277344,127.9091645624237,122.39825146602374,125.92244138152637,362975900
2024-06-27,123.78597259521484,126.2019962793405,122.71773358253314,123.8957921998042,252571700
2024-06-28,123.33671569824219,127.49985213027985,122.54801473015355,124.3750052910358,315516700
2024-07-01,124.095458984375,124.63456367500987,118.63445902087864,123.26682297750608,284885500
2024-07-02,122.46814727783203,123.20693510758652,120.83084647254137,120.93068040128533,218374000
2024-07-03,128.06893920898438,128.06893920898438,121.16032653936864,121.45983599496338,215749000
2024-07-05,125.6229476928711,128.63798252741702,125.47319299554034,127.17039258704797,214176700
2024-07-08,127.98904418945312,130.55482257335942,126.83095692716816,127.28021340661208,237677300
2024-07-09,131.163818359375,133.59980576329167,128.43829962119838,130.1355144487565,285366600
2024-07-10,134.68800354003906,134.87769332438475,132.20209545632153,133.8094467425138,248978600
2024-07-11,127.19036102294922,135.92595502009132,126.84093848175796,135.52661932549566,374782700
2024-07-12,129.02734375,131.70292655352904,127.01066335258953,128.04894535138322,252680500
2024-07-15,128.22865295410156,131.1737956487568,126.97072416574117,130.3451595951711,208326200
2024-07-16,126.15208435058594,128.82766729187324,124.37501443079199,128.2286636887716,214769500
2024-07-17,117.79583740234375,121.64948612259293,116.52793062400055,121.15030890615485,390086200
2024-07-18,120.8907470703125,122.19859669151471,116.36820224234275,121.64949865015035,320979500
2024-07-19,117.73595428466797,121.3999137142076,117.17687816504188,120.15197050658449,217223800
2024-07-22,123.33671569824219,123.86584236392231,119.66277083791101,120.15196240961751,258068900
2024-07-23,122.3882827758789,124.48483346113822,121.8990911705108,122.57797258109629,173911000
2024-07-24,114.06199645996094,119.75261380553808,113.2533317889684,118.97389854949489,327776900
2024-07-25,112.09524536132812,116.43808604158575,106.12508953993542,112.85399693651604,460067000
2024-07-26,112.87396240234375,116.00879506379749,111.39640194140975,115.9988170024744,293399100
2024-07-29,111.40636444091797,116.08864903956604,111.11684836617498,113.50291478569986,248152100
2024-07-30,103.5593032836914,111.80570498592243,102.37125913301429,111.33647720819822,486833300
2024-07-31,116.82743835449219,118.14526596856572,110.6975424326974,112.71422275560462,473174200
2024-08-01,109.0302963256836,119.9622829008677,106.63424395188704,117.33660563582859,523462300
2024-08-02,107.09346771240234,108.54108608918553,101.20318314421166,103.58924943001237,482027500
2024-08-05,100.28471374511719,103.23984998207244,90.54077860317504,91.90851949250676,552842400
2024-08-06,104.07845306396484,107.53275860175525,100.38454458708775,103.66912407688663,409012100
2024-08-07,98.74724578857422,108.62097103799087,98.52760658313275,107.6325946135043,411440400
2024-08-08,104.7972640991211,105.32639072006307,97.35951914167633,101.83215026963444,391910000
2024-08-09,104.57763671875,106.42459107060563,103.2598090475883,105.46617163856445,290844200
2024-08-12,108.8405990600586,110.88722873441804,106.08514625528547,106.14504508504662,325559900
2024-08-13,115.94889831542969,116.03875418683985,111.39640394640423,112.25498947976828,312646700
2024-08-14,117.88570404052734,118.40484504167927,113.88230026594151,118.33496052966188,339246400
2024-08-15,122.6578369140625,123.03720888953038,117.27670666159618,118.56458490618095,318086700
2024-08-16,124.37500762939453,124.79431469874058,120.98060074622069,121.73935231230438,302589900
2024-08-19,129.78607177734375,129.78607177734375,123.21689800857207,124.07548340044629,318333600
2024-08-20,127.0406265258789,129.66630407463035,125.68286362124519,128.18872825562596,300087400
2024-08-21,128.28855895996094,129.13716641620366,126.45159025428316,127.11050029285343,257883600
2024-08-22,123.53636932373047,130.53483568716868,122.89742312741959,129.8060412523951,376189100
2024-08-23,129.15713500976562,129.38676754540884,125.0139693437825,125.6529157045682,323230300
2024-08-26,126.25190734863281,131.04400430992783,124.16535012958609,129.35679802537265,331964700
2024-08-27,128.0889129638672,128.98742611377176,123.67617933536566,124.84426014055718,303134600
2024-08-28,125.40331268310547,128.118838213882,122.43819852070378,127.90917706049713,448101100
2024-08-29,117.39649963378906,124.22524823697073,116.51795043355128,121.16030028839229,453023300
2024-08-30,119.17357635498047,121.54965726206557,117.02711271158417,119.33330911013266,333751600
2024-09-03,107.8222885131836,116.01877823521122,107.1134577156826,115.8191103772934,477155100
2024-09-04,106.03523254394531,113.0836130103624,103.94867525541761,105.23655349888746,372470300
2024-09-05,107.03358459472656,109.46957200218677,104.58761912643209,104.8172363950656,306850700
2024-09-06,102.66079711914062,107.97204286084109,100.78388574677186,107.86222325429438,413638100
2024-09-09,106.29479217529297,106.3746623538231,103.51936821450626,104.70740474857429,273912000
2024-09-10,107.922119140625,109.21998302790867,104.77730096516093,107.63259542371279,268283700
2024-09-11,116.71762084960938,116.99715887318843,107.24323176128858,109.20999122026392,441422400
2024-09-12,118.95413208007812,120.60155948017247,115.19999582839206,116.6577172050991,366052700
2024-09-13,118.9141845703125,119.77284345041441,117.41652479583126,118.8942191250157,238358300
2024-09-16,116.59780883789062,117.99562620382233,114.1815861384539,116.60779536966285,248772300
2024-09-17,115.40966796875,118.61466685067687,114.65085910577872,117.98564481894722,231925900
2024-09-18,113.1931381225586,117.51637724987856,113.04337060887723,115.70920340593533,310318900
2024-09-19,117.68611145019531,119.47331975028854,117.06707598202318,117.16691844656921,293506400
2024-09-20,115.81902313232422,118.43493829364436,115.2099742116256,116.87736694059126,382462400
2024-09-23,116.07862091064453,116.80747774675662,114.68080357526898,116.36816938577523,206228500
2024-09-24,120.68143463134766,121.60998405209612,115.19999404233639,116.33821493002908,354966800
2024-09-25,123.31731414794922,124.74508350925583,121.42027681497308,121.82963321276459,284692900
2024-09-26,123.84649658203125,127.47083098319244,121.60999314981979,126.60219307193894,302582900
2024-09-27,121.21060180664062,123.83649592385486,119.07394109309165,123.77659196922,271009200
2024-09-30,121.25054168701172,121.31044564232414,117.96567356169257,118.12541998168962,226553700
2024-10-01,116.81746673583984,122.24898215671047,115.60935538711523,121.58002164337385,302094500
2024-10-02,118.66458129882812,119.19375323018366,114.96037016184738,116.25834508658102,221845900
2024-10-03,122.6583480834961,124.16599456239773,120.15226164035356,120.73135864781146,277118000
2024-10-04,124.72511291503906,124.84492844767553,121.63993722019764,124.7450859792245,243678100
2024-10-07,127.52073669433594,130.43617917860723,124.75505409102715,124.7949925984476,346250200
2024-10-08,132.68267822265625,133.27175410957346,129.2180905372518,130.0567764001493,285722500
2024-10-09,132.4430389404297,134.31013180466115,131.17503131034326,133.9007678130665,246191600
2024-10-10,134.59967041015625,134.78937641455914,130.79561711338704,131.70420101079952,242311300
2024-10-11,134.58970642089844,135.5681732923908,133.4514855032485,133.80093033986074,170209500
2024-10-14,137.85462951660156,139.38224162417205,136.08738630461323,136.2571192904559,232347700
2024-10-15,131.39471435546875,138.35384259997033,128.53917525345673,137.65492238931424,377831000
2024-10-16,135.5082550048828,136.40684475827754,131.37471471629812,133.7709642153392,264879700
2024-10-17,136.7163848876953,140.6702140778628,136.65648092397825,139.12262899690117,306435900
2024-10-18,137.78469848632812,138.68328825202838,137.06582057977474,138.45365135367973,176090200
2024-10-21,143.48580932617188,143.48580932617188,137.78471061125512,137.91451267760561,264554500
2024-10-22,143.36599731445312,144.19470435057536,141.55882333477078,142.6870654207542,226311600
2024-10-23,139.34228515625,142.20780310560568,137.2455702792771,141.80843319617813,285930000
2024-10-24,140.19094848632812,141.12948441968888,138.2439937495604,140.6003124972593,172354900
2024-10-25,141.31918334960938,143.90515439009727,140.5803475394567,140.71013437273555,205122100
2024-10-28,140.30075073242188,142.91665786792092,139.83148285521668,142.77687691949686,173586700
2024-10-29,141.02963256835938,142.0380513591214,138.68329276437913,140.0711235834401,157593600
2024-10-30,139.1226043701172,140.1110653014331,136.59655278062618,139.32228929215535,179418100
2024-10-31,132.55288696289062,137.39532698555524,131.9039070664443,137.38534807029694,270039600
2024-11-01,135.1887664794922,137.09579048755296,134.36007470728345,134.4898615442038,207127800
2024-11-04,135.83775329589844,138.74321710094807,135.3585064031532,136.9959472521015,187528200
2024-11-05,139.6917266845703,140.151000495864,137.11574997671616,137.23555788662173,160537400
2024-11-06,145.3828125,146.26144435454805,141.73851350917226,142.7369532584381,242043900
2024-11-07,148.6477508544922,148.69766066609404,145.9419717733186,146.1616297903136,207323300
2024-11-08,147.39967346191406,149.53633403774526,146.03180056765603,148.5378942315628,175665800
2024-11-11,145.0333709716797,148.6177817068004,143.3460203778287,148.44803352101476,182325600
2024-11-12,148.0586395263672,149.41651833977537,145.78219787373922,146.55100082856893,198634700
2024-11-13,146.04177856445312,149.09700159587854,145.67234551723544,148.83741275957428,191903300
2024-11-14,146.53102111816406,148.76753177848803,145.32291747893564,147.40965302668107,194463300
2024-11-15,141.7584991455078,145.0134231170618,139.86146934373124,144.64398997756967,250132900
2024-11-18,139.93133544921875,141.32916034590224,136.93601597273187,139.28235565663965,221205300
2024-11-19,146.7806396484375,146.90046279249913,140.77004260660007,141.09952959154865,227834900
2024-11-20,145.66238403320312,147.3297766964244,142.50731056070873,147.18001681813428,309871700
2024-11-21,146.44119262695312,152.65149063112756,140.4805046221909,149.11701974284432,400946600
2024-11-22,141.72853088378906,146.93040910376754,140.87986616890575,145.70231714314025,236406200
2024-11-25,135.8077850341797,141.82837577269152,135.60810012239304,141.76847182265374,344941900
2024-11-26,136.70640563964844,139.08269776121745,135.45835561529256,137.48518763604767,190287700
2024-11-27,135.1288604736328,137.00593247284488,131.59438972010054,134.7993734587721,226370900
2024-11-29,138.03431701660156,139.1326070072914,135.83775227020575,136.56660913585418,141863200
2024-12-02,138.41371154785156,140.23086402488357,137.60497776381663,138.6133964568137,171682800
2024-12-03,140.0411834716797,140.32074544201365,137.73478959893222,138.04430354930304,164414000
2024-12-04,144.91355895996094,145.56253876730494,140.07111960214385,141.77845844597738,231224300
2024-12-05,144.8436737060547,146.32146235801875,143.73532840807314,144.89360218968224,172621200
2024-12-06,142.22756958007812,145.48270218050342,141.09924996942553,144.38435184545514,188505600
2024-12-09,138.6029815673828,139.74128080496888,136.92549436926976,138.76274660606958,189308600
2024-12-10,134.86859130859375,141.60852572754877,133.59048602384692,138.80270319338828,210020900
2024-12-11,139.1022491455078,139.96096726526153,135.00837248215075,137.155160163518,184905200
2024-12-12,137.1351776123047,138.23354324797214,135.59748095840345,136.8755708420711,159211400
2024-12-13,134.0498046875,139.3918327936691,132.34234795745746,138.73281333743972,231514900
2024-12-16,131.80313110351562,134.19954557462145,130.2254857362255,133.9798724705664,237951100
2024-12-17,130.19554138183594,131.39374870651014,126.67080709010266,128.89747709842524,259410300
2024-12-18,128.71774291992188,136.49611794642954,128.08867764771298,133.66035727519176,277444500
2024-12-19,130.485107421875,133.8301176053825,129.3568029702355,131.56349862817564,209719200
2024-12-20,134.49911499023438,135.07825184796977,128.02878306565836,129.61640819653473,306528600
2024-12-23,139.46170043945312,139.58151660116854,134.91848306333998,136.0767567466981,176053500
2024-12-24,140.01089477539062,141.6883821217358,138.44322876231024,139.79122163679293,105157000
2024-12-26,139.7213134765625,140.63995487774488,137.52459740894255,139.49166074428362,116205600
2024-12-27,136.8056640625,138.81267619141968,134.50910636621433,138.34337590905767,170582600
2024-12-30,137.2849578857422,140.06081067569033,133.82013169900247,134.628921256616,167734700
