Date,Close,High,Low,Open,Volume
2019-01-02,215.45315551757812,217.98383908725648,213.66574624063796,216.7892805082244,4063600
2019-01-03,209.57772827148438,215.4443025930365,208.94063215031431,215.4443025930365,4623200
2019-01-04,212.02877807617188,215.42662876990943,211.30320458811556,212.18805886737752,5367600
2019-01-07,212.435791015625,214.1170085399757,210.79880539838632,212.71893732943633,4133000
2019-01-08,215.2761688232422,216.60345010133028,212.10840272112554,214.42671636627568,3618600
2019-01-09,215.58584594726562,218.23156448792218,214.18777489079105,216.5768781891001,3425400
2019-01-10,216.67425537109375,216.91316979854125,213.61266723425152,214.20551796015098,3374100
2019-01-11,219.15184020996094,219.23147384829704,215.25848709308733,215.4177543697595,3967100
2019-01-14,219.49693298339844,221.14276235265407,217.77146997574422,218.19619621567364,4955500
2019-01-15,227.2925262451172,227.33678516355383,218.55901837398937,221.21358135019167,5325600
2019-01-16,231.35397338867188,231.99992668104554,228.44282249039696,228.93833868600152,6069400
2019-01-17,229.85858154296875,231.60174551640566,228.19507821615767,230.9381048209897,3583600
2019-01-18,234.92877197265625,235.60126975391995,230.43372486508585,232.36270039137838,4844800
2019-01-22,235.096923828125,236.69850783298665,233.37144726864685,233.65460710467752,4052700
2019-01-23,236.2738037109375,238.44170771479793,233.30956317991232,236.9197571211209,2971100
2019-01-24,235.48622131347656,237.28247402093845,233.83154849965746,236.0790584267768,2927300
2019-01-25,237.18519592285156,239.2734662149416,235.10580981896186,237.84883668033422,2809100
2019-01-28,236.05258178710938,236.19416172147888,234.14129317853804,236.1676171715103,2837300
2019-01-29,236.556884765625,237.53908682906948,234.87566742672007,235.3711835475846,2173000
2019-01-30,239.23806762695312,241.06972262256417,236.4242372590825,238.63637314645473,3659000
2019-01-31,239.08763122558594,240.45028733980902,238.01693813119914,239.33538933759093,4055100
2019-02-01,237.77806091308594,238.37092520643478,235.39780056229904,237.55684732660842,3946800
2019-02-04,237.32675170898438,237.75149147185397,233.8404237908053,237.41524253503331,3398900
2019-02-05,235.6455078125,240.75996374727342,235.22962527958566,239.016799982114,3597000
2019-02-06,238.46823120117188,238.84871206507916,234.46869953089706,234.61027945775766,2570000
2019-02-07,238.0258026123047,239.4238605007069,236.48616479790067,237.7072680315079,2458200
2019-02-08,231.74334716796875,237.76037290609253,230.34528918679138,236.6985368924202,4547000
2019-02-11,227.53140258789062,231.1061938090957,226.8235030859652,231.09736363029998,4856200
2019-02-12,233.15907287597656,233.60149995923268,227.3367443419127,229.3718981234484,4327900
2019-02-13,233.42454528808594,235.6278507796643,232.84939541413684,233.17678717298742,3066400
2019-02-14,234.77838134765625,236.3180462039827,232.46006738435867,232.92903908683024,3015300
2019-02-15,239.91049194335938,239.91049194335938,235.91979138622958,236.95508254535235,3673700
2019-02-19,239.27346801757812,241.11395318394005,238.2735782815268,239.945965964716,2486700
2019-02-20,238.47705078125,239.43268138235914,237.30017963887414,238.21157833389336,2802800
2019-02-21,235.72515869140625,238.8575501896767,234.5748590074148,238.4416676263368,2554300
2019-02-22,236.3533935546875,237.48603285968252,235.32698644084854,235.81364545178263,3191100
2019-02-25,234.13243103027344,237.291367063284,233.93776202254597,236.76927931249992,3679100
2019-02-26,232.69903564453125,234.8669128696643,232.53974131896155,234.18558465667078,3212900
2019-02-27,221.2843475341797,231.48670222761518,220.2756142517074,231.48670222761518,8952900
2019-02-28,214.32937622070312,222.9390034372986,211.61286746223254,220.94808157260428,11034300
2019-03-01,217.806884765625,219.44387065307373,215.51511532464113,215.51511532464113,6921300
2019-03-04,208.8433074951172,219.84203953290458,207.50716891324086,219.55003600511316,8646300
2019-03-05,213.63035583496094,215.19655164337908,207.8876603737684,209.2945753956978,6924500
2019-03-06,211.54212951660156,213.90468893919837,209.73701913636225,213.90468893919837,4878700
2019-03-07,209.44500732421875,213.409150754994,208.4274302934736,212.63048816257694,5033500
2019-03-08,210.76846313476562,212.65152327812166,208.41465489724328,208.86764811842548,4921700
2019-03-11,215.97349548339844,216.74626614645868,209.9957009600568,212.47387456894393,4539600
2019-03-12,218.3983612060547,219.8195234457395,216.4975463760569,217.5722988797765,4235800
2019-03-13,224.05642700195312,224.5094202506837,219.46427113539008,220.24591930104813,4881600
2019-03-14,224.96241760253906,226.55234617816132,224.13635517974458,224.72259127936152,3865200
2019-03-15,223.3014373779297,226.26814146903888,222.0046267240174,225.91284066750558,6466200
2019-03-18,226.4990234375,226.774373022949,222.43092170386922,224.42056506346253,3927400
2019-03-19,228.39096069335938,230.27400706011986,226.62337520065913,227.34284051802192,4164800
2019-03-20,222.50201416015625,228.88840148562267,222.03125249989287,228.65745259718804,4193500
2019-03-21,223.85215759277344,224.6870975621569,220.86769852845615,221.33846024679528,2699700
2019-03-22,219.4730987548828,223.1237304405331,219.38428374470635,222.56415386107997,3777900
2019-03-25,219.26885986328125,219.76626740559462,213.86840994767786,219.76626740559462,4110900
2019-03-26,216.18667602539062,220.1837179932359,214.70333096594635,219.62412778066943,4416200
2019-03-27,214.6944122314453,218.22067833125644,211.54118813047037,215.7869330308998,4819200
2019-03-28,215.1562957763672,215.70700847995852,212.18960604907392,215.47605963372033,3601500
2019-03-29,219.6240997314453,220.06821544893026,214.83653283909126,216.98605128531796,4294200
2019-04-01,218.0963897705078,222.23555244385304,215.89357910987437,221.8003276166883,4809500
2019-04-02,217.09266662597656,218.8602386568553,215.66261335265034,218.06971315503756,4057100
2019-04-03,218.36285400390625,219.87284501816694,217.2525645002824,218.7803239415359,2851400
2019-04-04,219.73959350585938,221.2673527928126,217.29695684458778,218.04306806286615,2255500
2019-04-05,220.9742431640625,221.44500479967496,217.76772673746694,221.12524090064218,3343000
2019-04-08,220.94757080078125,221.77361953475668,218.7802839176589,221.77361953475668,2195400
2019-04-09,220.9831085205078,222.00458287565638,218.4605343178865,219.89947856154444,2903800
2019-04-10,218.5316162109375,221.94242225136713,218.0786229808821,220.9742530745794,2753700
2019-04-11,209.1074676513672,219.3221303677648,206.6737083510413,218.54937326454888,8223400
2019-04-12,198.2710723876953,210.3154915383729,196.09490752962657,210.0667877576416,13979400
2019-04-15,204.47088623046875,205.15482827251287,199.32803186826723,200.53602723646478,10021800
2019-04-16,196.263671875,211.40801070553445,191.69816172386209,211.40801070553445,27361400
2019-04-17,192.6041259765625,199.17704757608638,184.8143450444035,198.77733253606684,22101400
2019-04-18,196.96533203125,198.0756213888106,190.2680725899127,192.87058433843305,13927200
2019-04-22,201.72630310058594,202.12600465723904,196.74332269251548,198.9639019554107,11191800
2019-04-23,204.80844116210938,206.0164366637735,200.8291674432963,202.73885993592472,10261400
2019-04-24,204.60414123535156,205.74107652547977,202.29473380352616,204.37319236016637,6104100
2019-04-25,204.99497985839844,206.17632959842234,202.63229393169027,202.98758117610575,5954500
2019-04-26,210.51092529296875,210.6086313278544,205.35030098069254,206.1941184347008,6186200
2019-04-29,210.91055297851562,211.45237469972005,207.98827750076472,210.86613869579338,5345300
2019-04-30,207.02012634277344,211.47016136739583,204.46201523464504,211.47016136739583,7632300
2019-05-01,206.02532958984375,208.39690648140967,204.60416707437676,207.02015825934404,4823200
2019-05-02,206.4694061279297,207.25993160802184,202.587838872721,205.09264461450977,5499200
2019-05-03,206.02532958984375,207.7573786057807,201.7884608021368,206.8158552203657,4323100
2019-05-06,213.6196746826172,213.68185739290828,202.07266524031354,202.66777871593953,7180200
2019-05-07,211.44351196289062,215.97348449539723,209.97792185119428,212.4560953340003,5104700
2019-05-08,212.4205780029297,213.89504568593904,209.20518400424282,211.3991171021329,3768400
2019-05-09,211.37245178222656,213.655199696435,209.3295166153449,210.15557896059292,4299500
2019-05-10,213.69964599609375,215.50275513243122,209.95130740889493,213.1489467189875,4374400
2019-05-13,212.77581787109375,213.26434781339594,209.80023749343587,210.0222953259974,4684400
2019-05-14,210.00457763671875,214.0549248659119,209.87134832633052,213.744038403889,5329700
2019-05-15,209.6936798095703,210.98161268584647,206.62039306622367,208.73438822875696,5099700
2019-05-16,210.3243408203125,213.57527151611637,209.3739401183178,209.52493785402393,4456400
2019-05-17,214.40130615234375,215.34282929628077,209.31173031803857,209.77361445493943,4486400
2019-05-20,218.49609375,219.16226744264236,212.9712921747521,213.175581645561,5390800
2019-05-21,222.00462341308594,223.1060219980638,219.21557654100855,219.4020975998595,5345300
2019-05-22,221.47169494628906,222.97280872931165,220.91211817609465,221.2585280065352,4038000
2019-05-23,218.9490509033203,220.41462736430015,217.0748820147122,220.26362964524992,3934600
2019-05-24,219.9528045654297,221.48944150221166,218.06974427907818,219.61527220636552,2973900
2019-05-28,215.00534057617188,221.4361422886865,214.93428042122633,220.72555429256985,6172700
2019-05-29,215.3073272705078,215.8669174969979,211.31028520320876,213.04234760837556,3958400
2019-05-30,216.2843780517578,217.92761180736696,214.36579468975023,214.88097060473396,2646600
2019-05-31,214.7743377685547,216.39091173738552,212.713634582498,214.90756704638832,3285700
2019-06-03,210.12008666992188,216.55088899243853,209.6404475202161,214.4990759546116,4999400
2019-06-04,213.8506317138672,214.1082264636137,208.58342491577758,211.51459185952854,4992000
2019-06-05,215.63600158691406,218.31845141302088,214.2681172552734,215.99128882577847,3194400
2019-06-06,214.79214477539062,216.67519119149438,214.71219364099352,215.95572585527876,2630100
2019-06-07,219.18890380859375,219.4553759847721,215.12080167539511,215.7514384872348,2837400
2019-06-10,220.40577697753906,221.76477016910462,218.49608456028594,219.46425370007145,2331000
2019-06-11,218.38946533203125,222.6707474865735,218.26511346942368,220.74328683948812,3043000
2019-06-12,217.17262268066406,218.94908585187605,215.21851590299858,218.68261366552656,3251800
2019-06-13,217.5812225341797,217.91874133185794,215.94686606083798,217.45687065012163,3107800
2019-06-14,218.91050720214844,219.56179741065137,216.6087200209207,218.33060543588016,2165500
2019-06-17,219.4458465576172,220.45399745769598,218.77672274535792,219.47261042103887,2270300
2019-06-18,219.20492553710938,222.45240541123852,218.71423209183777,220.81082517010879,3482500
2019-06-19,223.2107696533203,224.26351784779743,219.03543025979783,219.47259602260294,4204600
2019-06-20,221.0428466796875,225.5572140601693,220.72166666078684,224.4687714190815,3800800
2019-06-21,225.0753936767578,226.15491935771928,220.2755414378126,221.95281605792005,6323500
2019-06-24,222.72006225585938,225.3876404132501,221.13200970054123,224.22782323119515,3163800
2019-06-25,220.9535675048828,223.96907567945416,220.7394430231287,222.416717430145,3182700
2019-06-26,217.21542358398438,221.3283049668214,216.9120907373025,221.25693012995072,3852900
2019-06-27,219.77590942382812,221.39072579716776,216.93883143133553,217.92020470344548,3366200
2019-06-28,217.69720458984375,220.14174190327714,212.91519903375288,219.91870062475306,6727600
2019-07-01,216.4748992919922,219.62424042359189,214.76194425033069,219.427963048816,4102700
2019-07-02,217.6614532470703,217.67930035529352,213.70915599695743,216.43026143341248,3863500
2019-07-03,218.76779174804688,220.82869077745158,217.72394668914725,217.97376542041133,2559400
2019-07-05,220.35581970214844,221.9349418176069,217.74176939324266,218.03618545206282,2965000
2019-07-08,221.1141815185547,221.23908408033896,218.47338060844163,219.83839203842646,1902500
2019-07-09,219.4725799560547,219.5439547863912,217.41168107850692,218.2503183182647,2774800
2019-07-10,220.7930145263672,222.24724799162507,219.008684331296,220.20419590814654,2753000
2019-07-11,232.99783325195312,233.47067965060046,222.1937136956433,228.21582792598883,10268800
2019-07-12,237.22665405273438,237.77979196381187,233.41711952920346,233.41711952920346,5336100
2019-07-15,237.2801971435547,238.7879581803785,235.75460260824556,236.47725408427172,2611400
2019-07-16,236.12037658691406,238.33295544253554,234.8088930343831,236.71811185051234,3121600
2019-07-17,237.89573669433594,239.71576049619406,235.08542304070906,235.53150543737075,3995200
2019-07-18,232.49819946289062,237.77089776710216,229.51837169395435,236.99471859001014,5825800
2019-07-19,228.97415161132812,234.38959992767647,228.75111035177554,232.9442969220504,4413200
2019-07-22,227.78761291503906,231.02617676983246,227.08279482218308,230.3035251755734,4104300
2019-07-23,227.51097106933594,228.48344117709397,224.84340667435592,227.02920800300365,2889300
2019-07-24,224.0493927001953,225.5660704226506,218.69640289386584,225.5303762004618,4864000
2019-07-25,221.88150024414062,225.49477231548843,221.51570921570988,224.049468932294,3362800
2019-07-26,225.66421508789062,226.5028523578882,219.92758711462312,222.16692995543738,3362600
2019-07-29,226.44932556152344,227.76972594236128,225.12891156732817,225.5749940648207,2005500
2019-07-30,227.43963623046875,227.55562204659304,223.4605876160358,225.4144313100995,1908800
2019-07-31,222.15802001953125,229.42917353552755,221.68517361971283,228.67975814110125,3532400
2019-08-01,222.37208557128906,224.4508312746253,220.61451975373345,222.31855785921815,3613600
2019-08-02,223.08584594726562,224.4419404676693,219.5617971572909,222.76466602436363,2677600
2019-08-05,218.6339569091797,222.98772654883828,216.4303082279064,221.37291004604822,5812400
2019-08-06,221.50672912597656,221.50672912597656,217.30463952328944,219.41013589263056,3533000
2019-08-07,219.87405395507812,220.4004280197445,215.2437155864053,219.71347079502007,3205800
2019-08-08,220.91786193847656,220.96247290488705,217.12616122063193,219.6420727019419,2830700
2019-08-09,221.81898498535156,223.41595432156552,219.5974892678016,221.00711158030057,2535000
2019-08-12,216.9745330810547,221.22124734634124,216.82286665920276,220.17740227904358,2667400
2019-08-13,222.34535217285156,223.45164162282902,215.46675434902875,215.61842075845712,2763400
2019-08-14,216.9745330810547,221.6227188881091,216.80501954682074,220.1238745552556,3464300
2019-08-15,217.9113006591797,218.81238240592788,215.41323594328117,218.0005226042808,2513500
2019-08-16,219.196044921875,220.46291772636914,217.84886691247536,218.91947591986445,2810000
2019-08-19,218.32167053222656,221.69405263947246,217.76851905775993,220.80188777272264,2672300
2019-08-20,214.2623291015625,218.22354349948858,214.0482046213062,217.87559972741974,3201300
2019-08-21,214.43185424804688,215.8057823008416,213.49507831446292,214.28910458679738,2761900
2019-08-22,207.82095336914062,214.43190043442948,207.58006496556686,214.43190043442948,4498200
2019-08-23,205.7868194580078,209.7480349539602,204.64484914013903,207.7852607075982,4826600
2019-08-26,206.16148376464844,209.26621406151168,205.60834583720603,207.44620350496623,2918300
2019-08-27,198.8903350830078,207.3391386442289,198.59593261547508,206.73247298423038,4988100
2019-08-28,202.83375549316406,204.99279355657308,196.97222383091233,198.43537415542752,4847600
2019-08-29,205.7510986328125,207.2499429896257,203.42254731730637,203.78833825351558,4052500
2019-08-30,208.7665557861328,209.70333151553626,207.24094804243532,208.4721397789858,3384100
2019-09-03,205.7510986328125,207.13395717732564,203.8329492285047,206.7503327418074,3382300
2019-09-04,202.28054809570312,207.82981497608418,202.0753539762529,206.93765005786673,4526100
2019-09-05,204.83213806152344,206.5450930521254,203.03889149636734,205.1979289411893,4256900
2019-09-06,204.30580139160156,206.94661599335333,203.94001044504807,205.349632891746,4183200
2019-09-09,205.8046417236328,206.98230620715495,203.9132560404286,204.3058108682693,3895600
2019-09-10,207.39266967773438,209.02531955184253,205.93843645709126,206.49157436824578,4257600
2019-09-11,208.9540252685547,208.98970588800566,203.93113064910102,207.4194999783017,3168100
2019-09-12,205.28717041015625,210.9077989774378,204.9302962448105,209.65877343212134,4713700
2019-09-13,209.40151977539062,212.04581515093417,207.5460226712209,208.84577336276624,4523200
2019-09-16,210.13656616210938,211.58869868862234,208.09283827189074,208.69341979040541,2973600
2019-09-17,208.4244842529297,209.74215258531632,207.21437621623,208.9174917374205,2392900
2019-09-18,206.71243286132812,208.97129506419287,205.47543461349983,206.8827458000937,2960500
2019-09-19,208.7202911376953,209.70629244043118,207.2681587414883,207.95836922769232,2666700
2019-09-20,208.75611877441406,210.64746464234753,207.88663665594132,210.44130286837017,6220100
2019-09-23,205.06307983398438,206.86478310068657,204.65971506413223,205.95945206812465,3281200
2019-09-24,201.6837615966797,206.0222001190794,199.81930562594596,205.60987653257948,5006800
2019-09-25,199.1470184326172,203.02831186363477,199.11116956122902,201.03836440149541,4658000
2019-09-26,193.15028381347656,200.4557256764602,191.31271801100561,199.9268556671252,10444400
2019-09-27,192.9530792236328,196.19795596195308,192.73795864438935,195.57048446568058,4834900
2019-09-30,194.7996368408203,195.88423967574505,191.03486219935766,191.50097962995363,5286300
2019-10-01,194.7010040283203,196.475817085766,190.1026104438593,196.475817085766,5523600
2019-10-02,194.2886962890625,196.62822854234443,192.97102791206714,193.75086743730918,4921200
2019-10-03,193.04273986816406,193.93911217184657,190.97212203506646,193.284764219874,3375800
2019-10-04,197.02264404296875,197.076424195226,192.84554563527442,194.36937588530762,3700500
2019-10-07,198.31338500976562,199.4696990979099,196.29654761511205,196.35032775722752,3843200
2019-10-08,197.30052185058594,198.97673379668592,195.76771908797429,196.74477536098206,4817000
2019-10-09,199.0663299560547,200.31228670523092,197.35425585625356,198.73467663530135,4483100
2019-10-10,200.54534912109375,200.9039062087792,194.97888540062644,195.5794531352509,5252200
2019-10-11,199.05740356445312,205.134806674575,198.62713501188182,202.16780286738674,5891600
2019-10-14,197.73077392578125,200.1957978947875,197.11227481423973,198.66300883167352,4075300
2019-10-15,213.86546325683594,214.98592862912443,207.14267102310498,208.5768721706566,13397700
2019-10-16,212.4313201904297,212.870533954538,209.82287297589636,211.8038485087458,5368600
2019-10-17,218.41905212402344,219.26164433393458,212.68227446992563,213.95512158450495,6301200
2019-10-18,219.9159393310547,220.87506409386992,216.70692540248598,219.11816866707764,4922100
2019-10-21,218.6431121826172,220.14902463778017,217.05652950955837,219.62912710430453,3029200
2019-10-22,223.62693786621094,225.4376135823531,217.9529000659529,218.39212737816425,5660800
2019-10-23,222.12103271484375,225.66170015051273,221.16190790071582,222.64988902741962,3706600
2019-10-24,219.17196655273438,222.73953783559512,218.63415142735437,222.32720059633795,2546900
2019-10-25,219.530517578125,220.57927140505478,217.05652156608673,218.63414538305125,2815100
2019-10-28,221.4487762451172,222.64991182711776,219.53949889693544,219.8442621919107,2957100
2019-10-29,226.145751953125,226.96145399412677,220.7854496562874,221.43979757780667,3528900
2019-10-30,228.39564514160156,228.8258999788993,225.86786890767368,226.03818181844176,3299600
2019-10-31,226.5132598876953,229.2203078532321,224.01238738299097,228.01917234710328,3960400
2019-11-01,226.0740509033203,229.76708651425434,226.02922955536627,227.66959241208824,2919600
2019-11-04,225.2135009765625,227.52614274729987,224.0123655873003,227.3468710541725,3186400
2019-11-05,224.3619842529297,227.920583296092,224.17374005614502,227.44550708224915,5393400
2019-11-06,224.5591583251953,225.87682650030476,223.27733901851747,223.83309906086026,3668600
2019-11-07,229.88363647460938,230.1435921056499,225.22250316747454,225.84100225385,3646300
2019-11-08,230.34080505371094,231.56883080268383,228.57495042096016,230.16151964074717,2200300
2019-11-11,227.75926208496094,229.8836603171439,227.07802397814703,228.61978561559312,1765600
2019-11-12,228.7990264892578,229.25617143217232,227.1497047621151,227.31104520871236,1892500
2019-11-13,227.29312133789062,230.2601113405829,226.95249550106735,228.4583943379707,3289800
2019-11-14,229.31893920898438,229.5430186182117,227.20349992264232,227.49930443850383,2101900
2019-11-15,241.4827117919922,247.0133413691213,228.89764969440554,229.56991529653405,10136000
2019-11-18,244.64688110351562,249.5948736224435,241.1241445897911,241.1241445897911,6985200
2019-11-19,245.81210327148438,246.82498065263638,243.409805522939,246.71742038951245,4002000
2019-11-20,247.0043182373047,247.42561426038145,243.13198381520874,244.03732847982457,4141600
2019-11-21,247.89173889160156,248.90464392765637,245.52533033715648,246.69957581565083,3309900
2019-11-22,248.15164184570312,248.9852613098427,246.50232051107795,247.87376869098992,2802700
2019-11-25,253.37754821777344,253.67333901500572,248.3040781548602,248.9942749184751,4082900
2019-11-26,252.2391815185547,253.00110351033493,251.12768852426268,251.620682389766,2998600
2019-11-27,251.58480834960938,252.7142187692443,249.80998146859758,251.889571628248,2323900
2019-11-29,250.86767578125,251.80888297634195,248.5908828014872,249.28110688224285,1520900
2019-12-02,250.67953491210938,252.77704326509928,249.7024921764293,252.57984022224804,2517100
2019-12-03,248.20550537109375,249.56800888948993,245.47158056713553,248.26825800262284,3239200
2019-12-04,250.37469482421875,252.63354296869167,249.76516828040832,252.4363399862696,2694200
2019-12-05,252.77694702148438,253.51197875180804,248.72535473975876,250.30295112678874,3357300
2019-12-06,252.12013244628906,254.68462050806903,251.1483131473738,254.5046458348537,2828900
2019-12-09,249.7356414794922,252.73202508956274,249.62766764998076,252.64203774487584,2697100
2019-12-10,251.5172119140625,251.58921275884643,246.5592315454195,249.7895760831183,2515300
2019-12-11,252.39907836914062,252.5430526181677,250.17652567154306,250.41946677036862,2751300
2019-12-12,255.1974334716797,255.53936879063627,251.9851032799949,252.8759145349701,2996200
2019-12-13,256.8801574707031,258.97672218470996,255.65639021141075,256.4212413159338,3599300
2019-12-16,262.77392578125,265.8423093478921,258.3018279236297,259.12066583674596,4663600
2019-12-17,261.37030029296875,263.4488789862188,260.20054713981176,262.06315070395766,4409100
2019-12-18,263.55682373046875,265.3204602385044,261.8381671617116,261.8471741336795,3621600
2019-12-19,265.10443115234375,267.42597746387054,264.2046129609583,265.4463664587137,2905900
2019-12-20,263.2778015136719,269.9454576119189,263.2058281408284,268.9556521086208,6608300
2019-12-23,265.5274353027344,266.21130614341297,263.47585024097964,264.0337333119412,2098900
2019-12-24,265.03253173828125,266.193277757685,264.1506997789457,265.6804021152813,714000
2019-12-26,266.0313415527344,266.5802451325963,265.0325561704372,265.71639957677576,1050600
2019-12-27,266.31927490234375,266.83217802309537,265.45545685600666,266.3552753301896,1547100
2019-12-30,264.41156005859375,266.8320729982569,264.05163830264155,266.3911434464659,1511700
2019-12-31,264.52862548828125,264.62759233223454,261.98212401570487,264.240677007234,2224200
2020-01-02,263.1968688964844,266.07629861724047,260.75836884276544,264.52860994788256,2543400
2020-01-03,260.5334167480469,262.63898842414216,255.8723367536714,258.4908114876081,2711400
2020-01-06,262.34197998046875,262.44097425983097,258.4457793348915,259.14763641844723,3079100
2020-01-07,260.75836181640625,262.2880365028645,258.7697435335962,261.5771997928087,2492900
2020-01-08,266.2562255859375,267.5879665361698,260.9833036059467,262.29703061586616,3379200
2020-01-09,264.7445373535156,267.42600573299546,264.2946282102638,264.80753122403684,2838200
2020-01-10,265.5633239746094,266.40915519730464,262.9358430032065,266.40915519730464,2477900
2020-01-13,257.2130432128906,264.9514853829203,256.4661787138914,264.879484547698,6994900
2020-01-14,259.3636474609375,259.3636474609375,255.7733808234749,256.98814115849166,6056300
2020-01-15,266.715087890625,269.6215102564782,260.0474324350342,260.06541891144343,6081300
2020-01-16,270.61138916015625,270.8363437704072,266.28326465575094,268.14589541909567,3710300
2020-01-17,268.5688171386719,270.5754221922951,266.2382906200405,269.954545257416,4632200
2020-01-21,270.4223937988281,272.2310373771303,266.35522495050566,267.14706945165835,4962800
2020-01-22,270.4764099121094,271.8621379387873,267.5610070796114,271.73615018169005,3117600
2020-01-23,269.4595642089844,270.46735625067623,266.9310771350089,269.954480720358,3169600
2020-01-24,263.475830078125,269.8825328522602,262.35105705007373,268.4518248558125,3678500
2020-01-27,255.62948608398438,259.2197538380107,252.01222486790843,259.1477804259742,4399400
2020-01-28,257.2310485839844,259.4805942951261,254.9185090024648,255.46741243532625,4341000
2020-01-29,254.55859375,257.51900367113717,252.74997762455493,255.54839938050068,3963800
2020-01-30,252.83102416992188,253.6048549361868,248.27794453786643,253.6048549361868,4211800
2020-01-31,245.15550231933594,250.851339971269,244.01271552473537,250.30246399927563,5532600
2020-02-03,246.56820678710938,249.11470801693326,243.68880463195975,247.56701940419032,5646800
2020-02-04,252.70497131347656,255.0984913173664,249.14169848871433,249.50162032126923,4290200
2020-02-05,266.1032409667969,267.24600017274685,256.84410418102664,256.9880783854432,5761000
2020-02-06,263.160888671875,267.48901309577076,260.94734303705945,267.2460720069195,3044000
2020-02-07,260.2454528808594,263.99770731844876,259.96651140140534,263.5297842223771,3425900
2020-02-10,258.2748718261719,260.308470178348,256.8531708500563,257.5550280970487,3147400
2020-02-11,261.6582336425781,262.36009098580473,257.25810792368213,258.11294649696924,2992200
2020-02-12,273.076904296875,274.4446184111251,264.55562275140363,265.4464342009243,6701900
2020-02-13,271.9251403808594,275.2544520938645,270.07151661289913,270.07151661289913,3565500
2020-02-14,268.8477478027344,273.5178076232161,267.52501362016534,271.9341184086357,2485600
2020-02-18,271.87109375,272.95986612165365,269.0456513210816,269.6485416189367,3241700
2020-02-19,274.7235412597656,275.9832814715497,272.4020219737834,272.97789144476593,3021100
2020-02-20,271.86212158203125,273.68875172809254,268.04690057790964,272.8249338038205,2885500
2020-02-21,271.23223876953125,272.2040579657144,268.69474443094686,270.3684208420282,2987100
2020-02-24,249.96055603027344,260.0385054327332,249.82558876502594,258.14890879871297,8790600
2020-02-25,237.00315856933594,253.73077770764408,235.76140490413255,252.08409481760458,8171200
2020-02-26,236.6522216796875,242.79796881417076,232.79199334059774,238.19991031151704,6806600
2020-02-27,228.48187255859375,235.88737369492497,226.81721685810754,232.53106884200847,7604300
2020-02-28,229.41770935058594,231.34332021133469,220.72546015808203,221.53529124030612,9961000
2020-03-02,245.74935913085938,245.8663399017892,225.24252014576456,231.5592346335004,8866300
2020-03-03,235.21253967285156,252.264110453731,233.2599489947253,247.76501815906943,9188100
2020-03-04,260.42547607421875,266.20229532719435,253.9377650742211,260.9473587091135,14533000
2020-03-05,254.61260986328125,260.4254565691848,251.89516814802198,253.38887000537227,5908400
2020-03-06,255.4314727783203,256.4212786187373,244.66064425274723,247.82802294208165,5361900
2020-03-09,246.04638671875,253.2449351248918,233.2689523137351,237.96600624715396,8070700
2020-03-10,251.94912719726562,255.45841311974382,245.20048986162456,251.69717916847938,7366000
2020-03-11,249.95152282714844,256.66415956366086,245.88435405295996,247.23408148433853,7744600
2020-03-12,225.3235321044922,244.95757646748424,224.9546032599125,233.95278739030897,10496600
2020-03-13,245.846923828125,246.91330215619595,218.94329295455773,235.86084485237828,9308400
2020-03-16,203.3722381591797,222.02493544281208,202.38719105006308,220.43440028158864,10303500
2020-03-17,220.70555114746094,224.8084162502917,206.30934623627726,208.59576069821952,9642200
2020-03-18,196.16061401367188,209.16508811152042,180.91492785401067,204.0139091111548,12917500
2020-03-19,198.63677978515625,204.34825774109183,188.8224234623445,196.0882940432272,8065200
2020-03-20,186.69871520996094,210.24052356075924,183.87009305117104,201.6913627559547,9364100
2020-03-23,176.09812927246094,185.93959757939194,169.64559652287,182.58680460056664,10654500
2020-03-24,198.63677978515625,199.0615274088111,179.8394842057304,182.67715189739212,8894400
2020-03-25,211.91236877441406,223.67874110871165,195.20265505135924,197.9951341682816,10014000
2020-03-26,230.8000030517578,233.1225457431777,209.93320623909358,211.4966308843412,7517600
2020-03-27,219.10594177246094,227.37495145869661,215.30130512890668,219.54876757738893,4879500
2020-03-30,227.08575439453125,229.62519413720855,219.27764873989108,219.27764873989108,5329000
2020-03-31,225.36874389648438,230.02287667697996,219.60303029338874,220.03681019583917,5450000
2020-04-01,214.46986389160156,222.86537853065522,212.77087358784053,215.70795026126004,4548800
2020-04-02,217.28944396972656,218.69923850748685,204.26689509454715,212.64434499268086,4636800
2020-04-03,207.393798828125,216.2953935416732,205.38754811766253,215.37361311008632,4650300
2020-04-06,224.42881774902344,225.28734515138794,212.48169167849622,216.89182996717093,6365900
2020-04-07,224.15769958496094,241.0300748231689,222.80212565140755,234.79444024466773,4984100
2020-04-08,242.04229736328125,243.24425535192248,222.54914612789608,223.84146746263852,6390200
2020-04-09,238.69847106933594,244.3647595012353,236.41207107970436,239.4846994435132,4923300
2020-04-13,238.13827514648438,239.44864714649862,233.32145214455886,236.82787556723918,2964900
2020-04-14,244.45516967773438,246.77772633767862,241.2921637854162,243.09959572388374,4778900
2020-04-15,254.55865478515625,255.74252025291526,244.6177811858739,249.72376983693462,7841800
2020-04-16,269.6959533691406,271.11479407715797,253.04952045716803,256.14925965043665,7738900
2020-04-17,262.5837707519531,274.7297184034988,259.4569204949396,272.0095238794793,5857500
2020-04-20,254.9744415283203,261.18296593947076,254.18818545395203,257.83015977436673,4072600
2020-04-21,247.7898712158203,253.04045852385255,246.9403760415811,248.47670414287873,3977500
2020-04-22,250.34739685058594,256.4926822093898,250.06724709641006,252.66090760849073,3663300
2020-04-23,257.8572998046875,260.68593557884265,251.7210874111101,252.19100984935187,4420500
2020-04-24,263.2434387207031,263.7946922371443,256.65534142462786,259.628574756976,3265000
2020-04-27,265.6744079589844,268.27708656238195,262.6469542037973,264.9785290711806,3706200
2020-04-28,260.5954895019531,269.53325250450314,258.11931689607997,269.3073235418003,3862900
2020-04-29,259.9539489746094,264.5629069253632,258.5531999525543,263.8851198025826,4258400
2020-04-30,264.3097839355469,266.5961840036637,258.0289475519082,259.0501509066991,7631700
2020-05-01,257.1163330078125,261.17401036424155,252.67908267100898,260.622756659982,3526100
2020-05-04,259.8544616699219,260.2159424919062,254.94726367369884,257.0981117964511,2894200
2020-05-05,264.824951171875,267.499942878477,259.62858403825595,262.04149037593606,2501300
2020-05-06,260.9660339355469,269.0181460196104,260.6678198194946,266.6865711019023,2579200
2020-05-07,257.5591125488281,264.14721125515604,257.1253188518023,263.0356304198438,3162300
2020-05-08,259.3664855957031,262.07763352875924,258.15550949511146,261.6167295547884,3200000
2020-05-11,260.8938293457031,262.1680724843232,257.7940894300685,258.0651932556347,3490700
2020-05-12,259.9991760253906,264.92441303786455,259.9991760253906,263.6772802008174,4214300
2020-05-13,251.2329864501953,258.82419347457363,249.02791774407925,257.09809302794577,5474100
2020-05-14,262.62884521484375,264.29170661869904,249.10024565930675,249.36230339406364,5704600
2020-05-15,262.9452209472656,271.1148219715241,262.7283379150407,264.2556202851517,12182800
2020-05-18,265.1141357421875,270.8617843467958,263.90315950563013,269.74118523399886,4015100
2020-05-19,261.2191467285156,266.2618983787372,261.0655304246767,262.74642925526473,3059400
2020-05-20,260.2611999511719,264.69844946746673,259.09542599828586,264.69844946746673,3200600
2020-05-21,259.28515625,262.19512282132405,257.49578867335947,258.4989277566835,3604900
2020-05-22,262.0234069824219,262.29451073804347,257.3692753161016,259.63758361606216,2922800
2020-05-26,266.4968566894531,268.4307948220116,264.3369619503597,267.95182638728767,4567800
2020-05-27,274.5218505859375,274.54896096782426,262.8006507769299,268.7832749791529,5618900
2020-05-28,274.70257568359375,279.84472234287983,274.0880553732574,276.4919434358123,4387700
2020-05-29,275.497802734375,278.6788728327842,271.8829390674105,275.3803152525233,6251500
2020-06-01,276.47393798828125,276.51914035359187,271.6209855724647,274.7478364399605,2894000
2020-06-02,276.8172302246094,278.43488949604364,272.6782233116602,276.1575076530984,2756800
2020-06-03,275.9496765136719,280.26039175515217,273.5909634945513,278.20896643505574,4360000
2020-06-04,269.3796691894531,275.1544280114264,265.9546052024966,273.98862657980834,4374300
2020-06-05,281.8238830566406,284.0199066522295,271.56669937793464,274.72970585987395,5554300
2020-06-08,279.68206787109375,285.429689014979,278.2812913719907,278.92294965846133,4635500
2020-06-09,279.43798828125,282.5467732121173,277.7389979609829,280.0615544643102,3061500
2020-06-10,276.3111267089844,280.43206886174073,273.6993746117964,279.19398253495126,3296100
2020-06-11,256.411376953125,274.1513006892392,253.76346784085956,274.1513006892392,6638900
2020-06-12,257.6946716308594,265.7829427378206,251.8657186269464,262.6651107832595,5416800
2020-06-15,258.7157897949219,259.3664663537517,247.3560741791609,251.25108754768272,4494600
2020-06-16,264.7888488769531,268.9188385654826,259.76418896808383,266.9939186302532,4245400
2020-06-17,264.4273376464844,266.68662790734084,263.18925099621134,266.68662790734084,2538000
2020-06-18,263.41510009765625,263.6862038150108,259.00496243389927,262.4661819284784,2926600
2020-06-19,264.33184814453125,269.12401914553027,264.0323495748477,267.22712100951077,5172800
2020-06-22,265.629638671875,265.929137117004,259.81186821869557,263.01572326785083,2174100
2020-06-23,270.104248046875,271.62902341350696,264.1775666831136,266.8459374237237,4023400
2020-06-24,262.46209716796875,269.650365327904,259.18564530368286,266.8276898043056,3399900
2020-06-25,268.8516540527344,269.3599123380392,259.6303530653484,261.6452440170922,3112500
2020-06-26,260.3746643066406,269.1784478857842,259.41260175858173,267.8715174622752,5043200
2020-06-29,262.9885559082031,265.2757185575493,260.138652919205,261.7995914045903,2356700
2020-06-30,267.69915771484375,269.0605705643215,261.0826835109377,261.90861063004934,2932900
2020-07-01,270.22216796875,272.64546607038164,267.9622049786205,268.49769043065896,2303800
2020-07-02,270.7032470703125,275.07789781006977,269.7230146437734,272.73628069868124,1971700
2020-07-06,274.8329162597656,275.4500833666214,271.67442883960206,275.0053640834477,2395000
2020-07-07,269.2419738769531,275.5135500231253,268.60666473950596,272.8814917154045,2075700
2020-07-08,270.7939147949219,273.07201978211106,268.3615319556434,269.8772495319243,1987400
2020-07-09,264.2591857910156,270.96639545191306,260.9373367197964,267.83516403007667,3061700
2020-07-10,264.3227233886719,267.05460500173984,260.5742974124604,267.05460500173984,2391600
2020-07-13,272.0193176269531,276.38491200478387,264.812904402016,265.10334575015725,4263300
2020-07-14,280.0152282714844,281.12251121091015,269.2963793151247,270.2947537191971,4234900
2020-07-15,275.97650146484375,281.98486482903354,271.06633654354994,273.2990455219201,5116900
2020-07-16,278.7717590332031,282.12991931936625,275.15041240040165,276.82949254348324,3844500
2020-07-17,278.20916748046875,282.2389504960106,277.95503826768714,280.532642482474,3016500
2020-07-20,275.4227600097656,280.08787917152125,274.44255539998954,278.4451106444134,2375500
2020-07-21,276.92041015625,278.6358034792301,275.10519319547325,276.8478136649445,2340200
2020-07-22,278.37255859375,278.55409134903175,273.9252830694445,276.69347755042793,1935800
2020-07-23,274.97808837890625,279.9971611813023,273.43514318622454,279.7248897698913,2367700
2020-07-24,272.9995422363281,276.16708673357607,271.5836753282281,275.3048476622283,2415700
2020-07-27,271.0118408203125,274.215696974753,269.8954726527967,270.85753522395396,2060500
2020-07-28,272.21893310546875,273.5531183278053,269.75023758175774,270.36743223618953,2257400
2020-07-29,278.34527587890625,281.1316396979289,272.28245975586333,273.6075599712341,2672700
2020-07-30,277.0292663574219,278.145606738863,271.2750335789378,273.80724056464925,2205300
2020-07-31,274.8056640625,275.67696035145786,270.5126664557846,275.40468891678654,3913500
2020-08-03,275.5589599609375,276.7388674437881,271.5564314810011,275.54081776508156,2628500
2020-08-04,276.3666687011719,280.3238267543648,272.34597143294116,274.01596702678415,3594900
2020-08-05,283.60040283203125,284.0451220924711,276.8387090541851,278.4814780711686,2982200
2020-08-06,285.04345703125,287.0220364537744,281.72160736970545,283.17378617172596,3305300
2020-08-07,287.73907470703125,289.5270642682698,284.38999767253875,284.38999767253875,2600800
2020-08-10,289.61773681640625,290.8611554240532,286.4229387258683,287.71175435521025,2563600
2020-08-11,286.3958435058594,294.582489685629,285.5880863652331,293.08494123991903,3018200
2020-08-12,292.4949035644531,293.42068171506514,288.29270059293265,288.61942627102684,2915800
2020-08-13,291.8141784667969,292.1318468763695,288.47418693861454,291.0517909026251,2159500
2020-08-14,293.7928161621094,294.00154834322876,289.282001828171,290.92477062623243,1787200
2020-08-17,290.8975830078125,293.8835947614016,289.84475391884087,291.75073713684105,2772500
2020-08-18,287.5393371582031,292.85793534555233,286.5409626488369,292.23168350322277,2520000
2020-08-19,286.2596435546875,289.9717580647747,286.0599686268537,287.5030624561047,2066700
2020-08-20,284.3808898925781,286.15073711595915,283.1828680146962,285.7423023111769,2245600
2020-08-21,285.1160888671875,286.150747941502,281.44025857910435,282.52031468789346,2488500
2020-08-24,280.3057556152344,287.62107659926517,278.17287048261807,287.5393951726554,2922200
2020-08-25,283.3734130859375,283.50046382190703,279.3617729411494,283.3552708945139,1879300
2020-08-26,280.28759765625,282.59290276116315,275.5589385414959,282.2480348786536,3178900
2020-08-27,282.87420654296875,285.6877692740461,277.2651678741139,281.73061156324127,2321000
2020-08-28,285.3247985839844,286.64084161398563,280.42371961716117,283.4823549607858,2883500
2020-08-31,283.6729736328125,290.03531691572795,283.6639163841206,285.7968015080232,4341600
2020-09-01,283.92706298828125,285.6424557932217,281.3585439515871,281.50376458835484,2487100
2020-09-02,290.6524963378906,291.59641680070683,283.68207068480825,283.68207068480825,2846500
2020-09-03,287.0129699707031,293.9017133388932,284.7439493211805,292.2498596585193,3872500
2020-09-04,283.17376708984375,288.46511087109906,278.29991533795896,287.2398619219028,2901000
2020-09-08,278.8625183105469,282.6835396912758,275.7584872052128,282.2932749543403,2594500
2020-09-09,283.19183349609375,286.1869564652619,279.92446690863403,281.06803413504593,2195600
2020-09-10,276.4574890136719,285.3883512098876,275.6587892915864,283.8363487987482,2421200
2020-09-11,274.75323486328125,279.2917305959455,270.9346841039952,278.02497120081085,3085900
2020-09-14,281.2146911621094,283.5386177027514,276.1475979281932,276.1475979281932,1795500
2020-09-15,279.9934997558594,283.8484845978088,278.9180878107793,282.5634803797796,1468300
2020-09-16,279.3464660644531,284.5685017453622,279.0548557507334,281.6704208764806,3438200
2020-09-17,277.9429931640625,280.13022335336905,275.3274003820814,277.50553600134486,2394100
2020-09-18,280.7135009765625,282.87341986841636,276.8402705963827,277.9703614313282,3795400
2020-09-21,272.666259765625,273.88746296951155,265.8038091942938,273.83278430457176,4124700
2020-09-22,268.1732482910156,273.96940772216044,266.95204541361335,271.98267592812385,3163600
2020-09-23,266.24127197265625,269.85020299591787,265.95872844828983,268.8477144305287,3709900
2020-09-24,266.7150573730469,268.7838069201038,263.962796958339,266.2867227835005,2869100
2020-09-25,275.68280029296875,276.3845283177089,265.402794835852,265.43013416637075,2455800
2020-09-28,276.3480529785156,282.52699105842714,275.98349154341736,279.22791588056947,2575700
2020-09-29,277.1864929199219,278.41681830135633,274.02411419857987,276.74906367292954,1797800
2020-09-30,284.1310119628906,286.63721945697915,277.04072423755497,277.06806357045946,3497300
2020-10-01,285.31573486328125,287.22957129163456,281.74323834287935,285.1699158408021,2731200
2020-10-02,284.3223876953125,289.25278420946205,281.0232842407649,284.4317450163879,2338000
2020-10-05,289.9454650878906,290.1915469363051,285.36138410900094,287.1385244740537,1638600
2020-10-06,286.5734558105469,291.90482059028704,285.6985415040496,290.67452275627943,2434400
2020-10-07,294.5204772949219,295.95127315846554,287.82206093268695,287.82206093268695,2596600
2020-10-08,293.8277587890625,296.5071245605356,292.5336321857241,294.7573238846628,2056700
2020-10-09,298.7763977050781,299.0771581930785,295.2039282503297,295.8783170345939,2028900
2020-10-12,300.71759033203125,303.98932729005,299.84270377857956,299.9429387386406,2424200
2020-10-13,302.0390319824219,304.11690476112807,298.6579101435051,299.3778830072382,2713500
2020-10-14,293.3173522949219,301.2643077759247,291.8136336935808,293.5178499625762,4455400
2020-10-15,295.7963562011719,297.9835867938495,288.2868264897126,290.58344225234816,3172200
2020-10-16,300.65374755859375,302.88656163933416,295.9420932224009,296.60735956867165,3293300
2020-10-19,295.47735595703125,301.45579876253356,293.50884023149115,299.41438740811145,2482100
2020-10-20,294.7391662597656,299.48728326388454,294.62068652711673,297.6645866068714,1988600
2020-10-21,294.17413330078125,297.54610541240305,293.6181963608087,294.7391648117364,2139000
2020-10-22,296.853515625,298.976945097285,293.68201327378284,293.7458143348239,2100600
2020-10-23,301.29168701171875,305.89398378559036,299.0406560953018,299.9793435245367,2349500
2020-10-26,294.42022705078125,298.6944534920079,290.3009420828832,297.39123188776665,2408500
2020-10-27,292.0962219238281,294.821144155395,291.1119502881709,294.42014872044433,2427700
2020-10-28,280.6952819824219,289.63560675825414,280.1849291492435,285.55275628068364,3301400
2020-10-29,276.7582092285156,282.0440453712783,274.73501515203634,279.41023577553165,3279200
2020-10-30,278.0888671875,279.93890334738245,273.03998920851257,276.3481883868782,3556800
2020-11-02,284.43182373046875,284.9239596236389,280.11201366756495,284.9239596236389,4519000
2020-11-03,292.8617248535156,297.50048346157536,287.0928756608173,289.32568968675577,4043900
2020-11-04,323.12762451171875,328.48635652599944,310.8973469039634,314.62475780768733,10344900
2020-11-05,322.9818115234375,328.97849853284436,318.68024670709946,326.3264718101733,4786500
2020-11-06,316.6570129394531,320.7945412302187,314.02323131041436,319.2999169496609,2994900
2020-11-09,318.9718322753906,335.33054165551175,318.0422672337001,333.8359174344529,4635300
2020-11-10,322.334716796875,324.3487883422366,317.3040852179161,318.5070435916616,3733200
2020-11-11,320.52117919921875,325.17815524052014,318.4341839938772,324.5857844616109,2048200
2020-11-12,322.9908752441406,328.5591986437011,318.74398986869113,320.24770863302115,2907300
2020-11-13,324.13922119140625,326.20797155895485,321.51453396870346,325.2236999443716,2442100
2020-11-16,325.187255859375,327.70255785892255,319.892325295372,327.1284318825555,2790100
2020-11-17,320.8857421875,322.0340221339408,316.6935344425229,321.15004098206066,2557600
2020-11-18,313.9685363769531,322.662777047496,312.67440986421497,322.0977456870526,2722500
2020-11-19,307.1243896484375,312.6562807303729,304.69107735067473,311.9454301398148,3935600
2020-11-20,305.02825927734375,307.7258422115798,302.30330919694984,305.3016526175182,3702000
2020-11-23,305.3562927246094,306.44992157148255,302.19391369928724,305.80284439454977,2535700
2020-11-24,306.2221374511719,309.8584081052273,304.78219162694234,306.37705108042513,3759700
2020-11-25,303.652099609375,308.7829942669291,299.9611506381688,308.7829942669291,3145100
2020-11-27,307.98095703125,308.85584335704993,302.42172845787934,303.96190886129193,1558600
2020-11-30,306.5227966308594,307.98095905821265,301.0091521102109,305.4018285285787,5265700
2020-12-01,310.9429016113281,322.708410476725,309.7945939534877,314.2055160037326,3817700
2020-12-02,316.7481994628906,320.63964652615306,311.22543122455073,311.4714852427233,2864300
2020-12-03,317.7689514160156,321.4963630108511,315.7730962077379,317.0581007810226,4169200
2020-12-04,320.0189208984375,321.46401957722804,316.2323509340791,316.461007731573,3255100
2020-12-07,318.1620788574219,320.0187981365378,315.74747851649465,318.9486724534045,2999400
2020-12-08,318.1620788574219,320.02792542463567,314.70479052204706,315.3176027856218,2471200
2020-12-09,315.0066833496094,319.57981827600736,312.4457110435062,319.1042222920541,2600400
2020-12-10,310.6530456542969,315.96702613200966,310.2963556493348,315.69264920511574,2896900
2020-12-11,308.2933654785156,309.9488383082594,305.7872682264748,309.262867978403,3071700
2020-12-14,307.4335632324219,313.92742020343746,307.18659609045704,311.0006027789179,2479000
2020-12-15,310.67138671875,311.8969836335012,308.26591307750886,310.186635491929,2616500
2020-12-16,310.3695373535156,312.4914787917349,305.7232442574722,308.0738145441886,2365600
2020-12-17,312.5007019042969,313.3512985400153,308.5129126167582,310.79948072065173,2525700
2020-12-18,309.49151611328125,313.3603708018329,305.48544503282636,313.278057714013,8742700
2020-12-21,307.3879089355469,308.1836580764539,301.2782057031241,303.7202727025663,2892700
2020-12-22,306.4092102050781,308.2110265703891,305.00067676367826,306.54639867711666,2069700
2020-12-23,308.76885986328125,312.48224245996215,307.34204427993564,307.7627647949747,2348100
2020-12-24,311.6956787109375,312.2627428677605,307.71704650096973,307.71704650096973,1360600
2020-12-28,316.4152526855469,318.09816318027384,313.77196699980146,313.90915548074594,2308200
2020-12-29,317.6957092285156,321.2993420138613,315.54633009326596,318.28105602216954,2275700
2020-12-30,315.53717041015625,319.2139889376226,315.06157440255345,317.44873755498145,1866000
2020-12-31,320.741455078125,321.11645557407263,314.6774723653889,315.5829722603674,1969000
2021-01-04,319.6621398925781,322.0218652962535,311.32074603000297,321.44567372638716,4203800
2021-01-05,315.3634033203125,321.36335468079005,315.0707438704916,318.9213160289223,3160500
2021-01-06,328.5980529785156,328.79927204770206,306.5006599145466,308.32991402998573,6561400
2021-01-07,333.8663330078125,335.1651157860087,327.3633476504346,327.9304119929554,3366700
2021-01-08,332.3663330078125,336.1162815369099,328.13160535246556,335.668123219829,2947800
2021-01-11,329.95172119140625,333.1895088904478,328.52490517058186,331.662069375843,2695100
2021-01-12,326.86029052734375,329.33892221561126,324.90300299819006,327.3816346864575,2372500
2021-01-13,324.72918701171875,326.34806679877414,321.24446027686616,325.6438140373956,1974500
2021-01-14,320.604248046875,328.1773595971276,320.5036524600303,326.3846982305629,2919900
2021-01-15,321.3084411621094,322.9090383484807,316.2231174772429,319.31456108030056,3777000
2021-01-19,322.12249755859375,326.4852584653764,321.54627806082584,325.7992881894054,3361300
2021-01-20,320.8876953125,322.0218237262268,316.3054056534948,321.83891509521794,3036800
2021-01-21,324.69256591796875,330.0797320292239,320.7962461950493,320.8602767802145,3749800
2021-01-22,317.8785705566406,324.34498949199786,317.86944326785977,323.1468304760737,2585100
2021-01-25,318.116455078125,320.4762086689453,315.1805098503042,317.51279783191995,2506300
2021-01-26,313.8175964355469,321.5004840930425,313.32371804697306,320.5858572683116,2467500
2021-01-27,304.5616149902344,309.14390487907343,300.9214176427438,308.2658708344776,4770900
2021-01-28,309.2810974121094,316.99139589799313,305.95186983004567,307.9000296985656,2769900
2021-01-29,305.1012878417969,310.07686137002474,302.40315471393643,307.7994488818606,3899200
2021-02-01,305.4853820800781,309.2810781013282,304.33294326368116,306.4274466628192,3020200
2021-02-02,309.802490234375,315.2170949093969,308.3207988088214,308.3207988088214,2663700
2021-02-03,309.0433044433594,311.1194975103998,306.0341740509521,309.1439000070448,2537100
2021-02-04,301.2049865722656,306.66531117303595,300.35439011535124,303.94886772014615,5962200
2021-02-05,296.80560302734375,305.009807955844,295.863538377235,303.75674557732685,7227900
2021-02-08,296.6501159667969,299.10130961246875,296.1653647763304,299.09218232282274,4758200
2021-02-09,301.4886169433594,302.77824485246174,294.2447560716849,296.2477921951618,4096900
2021-02-10,304.9366455078125,307.0951798079193,301.6165449307096,304.25983043909685,4122700
2021-02-11,304.6347961425781,307.90914824770084,303.1988251735975,306.4000194061996,2776700
2021-02-12,300.2171325683594,304.02198392123864,299.8878802736114,303.3634514195442,2760800
2021-02-16,296.90618896484375,301.68054264651175,294.9489018528489,299.4122578161956,4339000
2021-02-17,298.9549865722656,300.5464566323775,294.7294140331946,295.84526015966725,2620000
2021-02-18,300.37261962890625,301.44271745700485,297.436675133926,298.07689720818905,2383500
2021-02-19,296.86962890625,300.7751041853994,296.43975308596566,300.68363590002366,2313800
2021-02-22,299.6684265136719,300.9580261192072,293.00078736015746,294.0526029078694,2688300
2021-02-23,301.37872314453125,305.4305136716725,298.75374836921486,301.8177261991246,3225700
2021-02-24,303.8481750488281,305.11951975573766,298.2049430703976,300.44576208364526,3360500
2021-02-25,300.79339599609375,305.11959202735375,299.4123002070791,302.7415560949229,2780100
2021-02-26,303.85736083984375,309.0615903223107,301.68969947428525,302.32992158015463,5430000
2021-03-01,306.07989501953125,309.97621465385345,305.19270578535645,305.814645395735,4198900
2021-03-02,306.0707702636719,308.8420887542345,305.3848000639069,306.4000225617036,2568900
2021-03-03,304.4519348144531,309.2903202511443,304.36962172045565,304.863528196646,3039700
2021-03-04,305.3116455078125,311.7414723881422,304.2689852118626,305.6409257517242,4991600
2021-03-05,317.467041015625,318.5554493914,306.4183310948676,306.4274862968795,4563100
2021-03-08,320.2750549316406,323.7780652203071,316.09520145853844,317.38482930506757,3419900
2021-03-09,321.9304504394531,330.4090334430092,321.3450757089905,322.79020212969283,4277600
2021-03-10,319.7536315917969,324.21701619197614,318.74753622500185,323.6956720593364,3012300
2021-03-11,322.9548645019531,325.57984005610484,320.00060864696,320.81464023920705,2520500
2021-03-12,326.7823791503906,327.516697152053,323.08333800182965,324.1664535528607,2088700
2021-03-15,324.81805419921875,328.54462956047064,322.6793868347696,327.60840586273673,2343400
2021-03-16,325.47900390625,326.1765709800969,323.0099139455502,324.4968693544603,2904200
2021-03-17,323.2576599121094,328.6639646190743,322.93639761348254,326.00212902297915,2633100
2021-03-18,332.3171691894531,334.40076673140675,323.40459639011215,323.8910698052432,3311600
2021-03-19,335.55718994140625,340.0364305604854,329.5267642173746,332.19778748845727,8572900
2021-03-22,336.7321472167969,338.3108958603913,330.53648106494,335.02491043374124,3505200
2021-03-23,338.2374572753906,341.0278094065435,337.06257659038386,338.55871962134444,3100100
2021-03-24,340.1650085449219,343.10219629670075,335.49302090526555,335.9886540063458,3407800
2021-03-25,340.61474609375,341.5509699271565,333.54711469985085,340.16499562643185,3021500
2021-03-26,345.5621643066406,346.09452036627795,339.88050637449237,341.15634017866506,2959800
2021-03-29,347.93023681640625,349.25198111462186,344.19447302893076,345.45195925441067,2740400
2021-03-30,342.88189697265625,348.6828823950028,341.26642558634103,346.5442147513426,3066000
2021-03-31,341.5142517089844,346.039375278359,341.2664071734228,342.1842835004211,3356500
2021-04-01,336.92486572265625,342.0833261319479,335.7224499907265,341.6335757011632,2977700
2021-04-05,339.779541015625,342.02834981042355,337.4481547024903,339.26553237876306,2709400
2021-04-06,334.44659423828125,339.421496277206,332.9321038944326,338.49443221927766,2698600
2021-04-07,335.6123046875,335.8325860364616,330.94028965783303,334.2813728443463,2158900
2021-04-08,334.92388916015625,336.7779891611431,333.2900424913106,333.2900424913106,2426700
2021-04-09,345.39691162109375,345.68145109178664,336.8606714775715,338.0998103400486,2483200
2021-04-12,345.3785400390625,348.6369901428938,343.3133180830486,343.7263736787976,3057300
2021-04-13,343.7447204589844,348.1597038132893,343.58866914205294,345.3510041994469,2652300
2021-04-14,344.78192138671875,346.9664717307784,343.81813434655794,344.51572938385164,2805600
2021-04-15,357.98101806640625,360.1380054042201,348.7930654574295,348.7930654574295,4488300
2021-04-16,358.8988342285156,361.56985772113103,353.80460376931035,361.56985772113103,4532400
2021-04-19,357.8249206542969,361.083398574022,356.567434509444,357.9717842348338,2965400
2021-04-20,363.965576171875,365.20471507892927,357.43948754548745,357.8433274447347,3348100
2021-04-21,366.0582580566406,368.5090001903072,362.9650192968079,366.1041406687373,2473300
2021-04-22,363.974609375,366.0122955093259,360.89971872927384,365.7185684242404,2718600
2021-04-23,367.43511962890625,368.97714534289315,362.10225969284363,363.13027683550155,2263200
2021-04-26,363.3505554199219,367.1505773408554,362.7539413340162,366.97617857570924,1642300
2021-04-27,362.1022644042969,363.7819660054296,360.08292498253996,362.2491279996398,1758500
2021-04-28,362.18487548828125,364.3877734295319,361.0008069904543,362.72641924803355,1886500
2021-04-29,368.5732727050781,369.1331918985189,363.75442140256155,364.1674770044665,1996500
2021-04-30,366.049072265625,368.85777161804276,365.6360447204829,368.06841141308485,2328100
2021-05-03,372.56597900390625,373.36452689116305,367.6369878283326,368.06839080334464,2568500
2021-05-04,377.55926513671875,378.5964699234012,370.3631177103522,372.1805230188955,3237200
2021-05-05,378.62408447265625,378.85355361476087,373.3921768281225,376.7883313358191,2767600
2021-05-06,380.8912048339844,382.61681710186343,378.67911915112813,379.0829870440942,3058700
2021-05-07,383.35113525390625,384.60862164476276,380.065149532063,380.9187680002747,1851000
2021-05-10,386.3249816894531,390.99696884428613,383.8742395651914,384.8379985064236,2489300
2021-05-11,377.8897399902344,387.61004808828375,376.8892300247688,386.42597964239656,3024000
2021-05-12,372.0796203613281,377.1095940444554,371.44628328769346,375.67770883746476,2888100
2021-05-13,375.00762939453125,379.2482144421712,371.11584190689086,372.91487204590237,2637500
2021-05-14,376.14581298828125,378.706696501299,374.9525846334085,377.2380883643531,2072900
2021-05-17,375.0718688964844,378.63323410543745,375.0167985488298,375.6960181774809,1583900
2021-05-18,376.6781311035156,379.04623995080385,372.90564443756375,376.04479413048256,2694800
2021-05-19,375.870361328125,376.99017158367184,371.051510541867,375.8611736010865,2783100
2021-05-20,375.0810546875,379.84480780321655,374.7873274939481,375.897950181068,2105800
2021-05-21,377.82550048828125,384.2506358575334,375.83369619881154,377.02695243135014,4295400
2021-05-24,377.2012939453125,379.9090123473651,376.2558824335174,378.504662664575,1883600
2021-05-25,379.12884521484375,379.8723228763669,375.3105039461801,378.02741031435573,2285600
2021-05-26,379.2757263183594,381.1940847691432,377.25641490186587,378.2568968875072,1903900
2021-05-27,378.8076171875,381.01967475319685,376.6781371284978,380.84530400042416,2041800
2021-05-28,378.0916748046875,381.3501249562367,376.3476871627549,378.80761730613557,2367900
2021-06-01,373.3186340332031,379.75295558711775,372.80462556789854,379.75295558711775,2199600
2021-06-02,372.52020263671875,375.54002432305435,371.32694631740543,375.54002432305435,2232900
2021-06-03,374.4568786621094,376.1090731228896,369.7573555948863,370.363157429369,2281200
2021-06-04,372.3274230957031,377.2472275077693,371.41870634667765,377.2105046059484,2990900
2021-06-07,367.3799743652344,373.76838531426336,365.94808963547547,373.5389162484512,3353800
2021-06-08,368.74761962890625,369.6746836651723,366.0031784270328,367.811395877271,3051300
2021-06-09,368.1602783203125,372.45593371755524,367.63708198040814,370.2071250356725,1925700
2021-06-10,368.51812744140625,369.76645370999825,365.7461512445345,368.90364779223387,4033600
2021-06-11,365.2138671875,370.2346243825649,362.35925691640057,370.2254646659682,3094300
2021-06-14,366.3795166015625,366.66405602090117,362.68047613879725,364.672252074168,2674900
2021-06-15,367.40753173828125,368.5273419675787,363.9104252048528,367.11380459356275,2845800
2021-06-16,364.6264343261719,370.0418999951996,364.09407828891,368.16026440209106,3330800
2021-06-17,364.7181396484375,365.37901167996085,362.2031396335888,363.4790010879111,3532000
2021-06-18,358.7025451660156,361.733426984031,356.749524507488,356.77716053137425,5521400
2021-06-21,366.71728515625,367.7582887868018,358.5643217272465,358.702501829984,3839300
2021-06-22,367.28839111328125,369.0940097737021,366.4869185282867,369.0571523807272,3964600
2021-06-23,364.4049987792969,367.57406059848586,364.13783181572495,366.4870062142418,2942100
2021-06-24,367.4542236328125,370.48510474801,365.58411147959595,366.94755394106625,3309100
2021-06-25,373.0553894042969,377.68921604153223,367.59242596464105,368.587378881963,16928900
2021-06-28,369.8402404785156,373.0922098533272,366.5882711037041,373.05538057130315,3193300
2021-06-29,366.7449035644531,371.4432236296018,366.1737404245957,370.310090613656,2458800
2021-06-30,368.9006042480469,369.78498499345733,365.547283912682,366.22901925602235,2875600
2021-07-01,373.0000915527344,373.29486636528526,370.16266258454107,370.36533608226915,2678100
2021-07-02,377.1180114746094,377.5878518975319,372.0696447283582,373.18433494667164,1982400
2021-07-06,377.9471740722656,378.77628278810874,373.75552360301646,376.48240878101944,2615300
2021-07-07,379.2369384765625,379.7159722418836,375.12822378480496,378.03011862738265,2270400
2021-07-08,377.6616516113281,378.4723176980563,373.1751974831447,376.4271675513928,2032300
2021-07-09,379.6514587402344,380.7016837763866,378.29726558407793,380.03839115196376,2078900
2021-07-12,383.27197265625,383.6036049343649,377.9932673179031,378.6473386090479,2802600
2021-07-13,385.574951171875,386.6343692237512,382.9678319504041,383.5850737657835,2948900
2021-07-14,382.0743103027344,389.25076353159096,380.7938038634355,387.6293753530668,3538700
2021-07-15,386.96612548828125,388.51382715417236,375.12823616649877,379.4672605622162,3546500
2021-07-16,386.6436767578125,389.02968027876864,384.74592834942337,388.17290740173297,2625400
2021-07-19,376.8416442871094,386.48700804608376,374.7688586206876,384.377364984796,3611300
2021-07-20,380.4436950683594,384.82879737226267,378.2695585571798,378.6288549068995,3186700
2021-07-21,381.982177734375,384.3681810300539,378.47223472272617,384.21155818354663,1863700
2021-07-22,383.023193359375,383.9997035947792,381.143887687819,383.25350290761105,1421900
2021-07-23,384.8012390136719,386.3120551665923,383.22590132013937,384.9854698004392,1611700
2021-07-26,380.9688415527344,384.77355970164666,378.53675928375065,383.9996948968188,2232600
2021-07-27,382.4059753417969,382.55337682473476,377.21017849557876,379.55013135203603,2630600
2021-07-28,376.9430236816406,381.8439892402164,374.75966566503627,381.8439892402164,2446600
2021-07-29,379.623779296875,380.08439834131667,376.25207263184296,378.88680007135054,1597300
2021-07-30,379.7527770996094,381.1806849330656,377.9379368874987,378.4077773228742,1864200
2021-08-02,382.83892822265625,383.64040088033806,380.29630204190886,380.9964520021624,1806500
2021-08-03,388.6703796386719,388.8914959177247,382.38752855028577,383.06926391592475,2496500
2021-08-04,388.3387451171875,390.29176553464436,386.65286352633683,388.80855746526316,1995400
2021-08-05,378.803955078125,388.9928477882456,375.7638801242982,388.81781027310217,3598600
2021-08-06,382.4244079589844,383.94444540941083,379.55937057022487,379.55937057022487,1944000
2021-08-09,378.50909423828125,383.44694508122876,378.03006054655924,382.26776143595043,1509800
2021-08-10,379.34747314453125,381.070184117868,376.39030632994763,378.17751072604096,1441800
2021-08-11,375.6256408691406,381.3281073667198,375.4137740838593,380.4989986399772,1542600
2021-08-12,373.98577880859375,376.53762611747857,372.4565203213869,374.94387422150896,1939900
2021-08-13,377.40362548828125,377.7536723511995,373.94898260695476,375.0175940646307,1537800
2021-08-16,384.3497314453125,384.5432116841402,375.247894717617,377.5602112946445,2377500
2021-08-17,388.55987548828125,389.2231681656901,383.8155040316573,384.2484871421042,2258000
2021-08-18,384.4511413574219,388.38481844234155,384.23924644544394,388.1637302656407,3037000
2021-08-19,394.1886901855469,394.6124519536797,379.91868905879437,382.66398945661825,3204500
2021-08-20,395.8652038574219,397.38524105270216,393.2857485026405,394.61233357480086,2401900
2021-08-23,391.8578796386719,396.6483296756173,391.4341179251909,396.6483296756173,2375900
2021-08-24,390.0614318847656,392.39216318063455,388.5045372283282,392.0052308039408,1619300
2021-08-25,386.6804504394531,390.25485857472626,386.4133116467729,388.62427734586277,1939000
2021-08-26,384.0181579589844,388.2005873532783,383.8154844258523,386.70815781987307,1385400
2021-08-27,385.7776794433594,387.2424446626987,383.3455973413919,385.08675086174895,1621600
2021-08-30,385.35394287109375,387.44517165973656,384.9762599346205,385.7777327017025,1284200
2021-08-31,383.48382568359375,387.60176167265513,381.59529856849946,384.15633970866554,4249100
2021-09-01,384.4788513183594,386.8003619620447,378.85007008306815,383.7326504645332,2034400
2021-09-02,390.3377685546875,390.97342506198595,385.2985952674391,386.1461466484885,3137400
2021-09-03,389.5546875,390.6049123155457,387.4819019983255,388.6979429066565,1604800
2021-09-07,388.0623474121094,389.0020283134474,384.6906124259205,387.1963813062269,1920300
2021-09-08,382.67315673828125,389.56400061362046,381.57688101012104,388.0163271552623,2262500
2021-09-09,381.8992919921875,387.12272505792276,381.328128795312,382.62707805625104,3508500
2021-09-10,373.4033508300781,384.5802097916311,372.18304147028357,384.1734400050329,4215800
2021-09-13,383.2120056152344,385.3290537447194,375.75154030763935,377.1659809048185,3068200
2021-09-14,381.381591796875,386.0501629491139,380.29994741269286,386.0501629491139,2879800
2021-09-15,385.9854431152344,389.59090558705117,378.5711896790472,381.36308426689436,3180600
2021-09-16,385.3567810058594,391.42131311600946,383.61876969149245,387.97305172247684,2262700
2021-09-17,388.4259948730469,389.2857466989381,383.6279849622369,383.6279849622369,4534200
2021-09-20,381.529541015625,387.63103261130215,377.8501329227336,385.4308133228634,2799800
2021-09-21,381.1966247558594,387.1502242511455,381.07643893112726,383.6649763970888,2382200
2021-09-22,377.8315734863281,380.88231863695825,374.35555106489886,374.35555106489886,3629400
2021-09-23,377.21221923828125,383.51712354846995,376.7315040692655,378.8485241322155,2681600
2021-09-24,376.3339538574219,377.0828019430478,374.623703661489,376.2045424808342,1950400
2021-09-27,374.6606140136719,381.02098345549757,374.37403006027296,377.0272591716579,2608600
2021-09-28,368.5129699707031,373.4866331138158,367.03380934554565,372.19237814654394,3115400
2021-09-29,370.1677551269531,371.49899676986297,365.90592547791306,367.0153029178847,2056300
2021-09-30,361.22808837890625,373.0151033810525,360.969237413247,371.16615985130403,3779900
2021-10-01,362.7904357910156,363.95527920386274,354.1836062047612,362.023136665381,3146600
2021-10-04,357.77984619140625,365.30503209577876,355.6997846074225,362.04164771696765,3074800
2021-10-05,363.7149353027344,366.10008835761545,359.8413961845557,359.9338490075413,3269400
2021-10-06,364.472900390625,364.96286917260045,356.69809144446197,361.2372500383937,2809200
2021-10-07,374.1337585449219,377.3416769034541,366.74720948484696,366.7934500036424,2813700
2021-10-08,377.6097412109375,378.21989598070957,372.2293368095656,375.7145853176249,2012200
2021-10-11,374.4017639160156,380.16123244299706,373.6806771586563,377.1844326061782,2164200
2021-10-12,372.78399658203125,377.5357951375788,371.9242445860344,374.5127543199948,2415700
2021-10-13,373.0705261230469,374.69760526839497,368.04139804891275,372.8763949744975,3021800
2021-10-14,388.6108703613281,400.75844079389265,386.244225309383,393.51058679573146,6038800
2021-10-15,395.7386474609375,397.97585340239107,389.6648610058973,390.1733092073258,3312000
2021-10-18,392.5491943359375,395.6739133997051,391.82810749142493,395.6739133997051,2232800
2021-10-19,392.327392578125,395.5075781966062,391.42139995231736,394.5923318236786,1616800
2021-10-20,402.22845458984375,402.63522446162256,394.6015618129545,394.7494806947506,2764000
2021-10-21,408.87542724609375,409.07881219083,402.2192183389484,402.6075089471332,2465100
2021-10-22,415.2357482910156,415.3559341364961,407.19283251607226,407.5441363066644,2736200
2021-10-25,415.54083251953125,418.4529413448999,412.7212047320386,416.01232217937974,3553500
2021-10-26,420.3018493652344,423.13995619209874,413.78430660940603,416.4652690380713,3103900
2021-10-27,419.22943115234375,425.6637462000814,419.22943115234375,420.30182169573953,3520400
2021-10-28,421.0414733886719,423.31566630369343,418.34200309766214,418.78575975461575,1672600
2021-10-29,425.6914978027344,426.54202420621914,418.8411589114171,420.08920138698534,2497800
2021-11-01,419.8118591308594,430.58197774959245,417.10316363387034,426.9395567430904,2203100
2021-11-02,417.898193359375,421.96586317924755,416.36356695849855,421.7994650450005,2600000
2021-11-03,422.7887268066406,422.9643787268097,413.2759311518962,416.4006507263008,2438200
2021-11-04,422.26171875,423.8795442864161,418.00914312603567,423.03827162196313,2517300
2021-11-05,421.38348388671875,426.662209902365,420.2463734296993,423.25090674394676,2905000
2021-11-08,427.6791076660156,429.1305350546673,419.9967498386894,422.3449159348848,2279900
2021-11-09,429.2784118652344,429.3893439480615,425.52505926219527,427.67906577078253,2657800
2021-11-10,425.1645202636719,430.8038031578361,422.14150802467145,430.23988897473805,2818200
2021-11-11,422.8441467285156,426.04281107984605,421.04141553328805,425.25700445083305,2246800
2021-11-12,424.3232727050781,426.1814699208467,422.55752830535585,425.8764066617962,2609500
2021-11-15,416.7519226074219,423.60226279449915,416.4745923215659,423.40813159439995,2849600
2021-11-16,415.6610107421875,423.73165980089266,415.42989278966303,418.7764762281949,3383800
2021-11-17,415.0415954589844,419.6731796527429,414.8382105493935,416.3728370103722,2281500
2021-11-18,415.5223693847656,418.6101020216214,413.34060111754496,414.8382692342016,2073800
2021-11-19,406.76763916015625,415.5039099680853,406.3054032065652,414.2836002795703,3536100
2021-11-22,404.493408203125,410.2343703083514,404.35474307259125,409.374618286401,2598700
2021-11-23,413.35906982421875,413.7195991463797,403.0696944406451,403.0789481864522,2857000
2021-11-24,416.1602478027344,416.9183214842493,411.98164523321947,412.90611707526944,2248800
2021-11-26,406.68438720703125,414.32975872901494,405.1127738840662,411.31599988797274,2480600
2021-11-29,417.8612365722656,418.8596536620186,407.2760236085541,410.058692641206,4079700
2021-11-30,410.6688232421875,417.2603110340235,407.9231411410161,413.294319507301,7435400
2021-12-01,410.77978515625,421.48518411082546,410.59490772881657,418.6840357608201,4325500
2021-12-02,412.3328857421875,414.06167163830827,406.04648903632034,409.679656295335,4738700
2021-12-03,416.7384033203125,421.48713152151385,412.88933850677523,415.3007817024787,3038300
2021-12-06,426.7460632324219,428.29497909715013,418.77895267824687,419.36327406251763,4721500
2021-12-07,431.03106689453125,431.9770934957628,426.8573751699345,429.19463234603165,3105200
2021-12-08,434.8614501953125,436.076483951229,428.9533637709183,432.29232193283724,3228300
2021-12-09,438.9981384277344,440.07402670702817,433.4702957198468,434.55546792630923,2977400
2021-12-10,443.5521240234375,443.78399577648196,436.85566666332795,437.7738697478935,2572300
2021-12-13,443.4686279296875,445.43489575299037,439.6381022622835,442.42981876024203,2724800
2021-12-14,444.6929016113281,448.0133208660595,442.5782324191004,444.96188076210564,3018000
2021-12-15,458.531005859375,459.47703236486717,445.32360066275226,445.7502367372304,4188600
2021-12-16,457.1212463378906,460.9239488411079,454.5706569924551,458.1878790715264,4080800
2021-12-17,451.7974548339844,457.3716606618185,451.1111235237449,455.785665845477,5707200
2021-12-20,448.65325927734375,449.8404414061342,440.7974439104139,447.0486967115044,3145600
2021-12-21,451.88092041015625,453.5411300179387,447.2342299203288,451.7046956208279,2536000
2021-12-22,458.2991638183594,459.5234534727936,450.66593548577794,451.82529425596397,1687500
2021-12-23,459.45849609375,462.02762479065603,457.0748478065835,459.1060465191924,1706500
2021-12-27,463.2797546386719,464.02173291382803,460.62715541556463,462.5192085086099,1349400
2021-12-28,466.4703063964844,468.6777299490383,464.1144815298047,465.59846636640583,1495500
2021-12-29,468.9188232421875,470.43991537294835,465.5984325319637,468.1768450301338,1573900
2021-12-30,467.8522644042969,472.30421902313105,467.12882567062667,471.0984689305759,1309800
2021-12-31,465.72833251953125,470.115327883968,465.63557815924645,467.5833065065998,1695400
2022-01-03,465.85821533203125,466.4332528001954,457.2974992851332,463.7435458949367,3033600
2022-01-04,455.3033447265625,467.22155786860856,455.2848051769684,466.7114513605399,3908100
2022-01-05,454.1811218261719,460.96104968901597,454.1811218261719,458.89274344137846,3921100
2022-01-06,435.59417724609375,449.03348045008147,429.53768947296123,445.19367144761316,6555200
2022-01-07,425.3455810546875,434.0361304758755,422.51672847452824,433.77643522535305,5494200
2022-01-10,431.281494140625,432.07911944677755,421.4872327961268,422.93411038306454,5831800
2022-01-11,434.9913635253906,436.33623087520937,427.26540997055474,433.3218983987541,3332800
2022-01-12,439.369140625,440.8531254786792,432.5242820697055,434.9635773965299,3502300
2022-01-13,433.5351867675781,441.9938626086719,432.19034777051644,441.3817461742128,3005300
2022-01-14,434.7038269042969,438.85897830540574,431.35558455791386,435.8168224792208,3665400
2022-01-18,427.5621643066406,431.93990347713276,425.1136136816009,431.4390809453208,3938800
2022-01-19,428.9812316894531,441.01073793962837,428.0444891656719,434.0638701016868,4030900
2022-01-20,429.42645263671875,437.4306694467916,428.4989656979785,430.70638914092507,3228600
2022-01-21,427.72918701171875,436.65160731382736,427.636432651922,429.8902192412342,4273200
2022-01-24,428.7493896484375,430.48381405103265,415.6347386656214,424.85396137343787,4780700
2022-01-25,423.713134765625,426.1709695217541,414.8370778625959,421.14400610426065,3428900
2022-01-26,425.1878662109375,430.2426817730817,420.56899898342283,425.2064340662496,4435900
2022-01-27,428.12799072265625,434.69458601175535,423.87082892980135,424.8632184754899,3508100
2022-01-28,432.2645568847656,432.46860514181304,422.08074019065367,427.9424643888744,3364400
2022-01-31,438.3025817871094,438.86833532689917,430.7249997926716,431.2814977087116,3500500
2022-02-01,434.4441833496094,440.55631920261953,429.19460360213094,440.55631920261953,3148600
2022-02-02,444.9896545410156,447.03013700065065,435.046994046587,435.046994046587,3026800
2022-02-03,453.3277893066406,463.91041887144405,448.5048741181043,462.49136496091205,4370900
2022-02-04,448.1339416503906,454.12550021847005,445.3700199823411,446.816897552284,3066400
2022-02-07,448.6254577636719,451.92730910552814,446.3994663966468,449.7477090696987,2937200
2022-02-08,457.63134765625,459.72747725857465,446.44585710172566,446.44585710172566,3534700
2022-02-09,461.98126220703125,464.60603785983966,460.3025130673715,460.96102088619097,2818100
2022-02-10,451.42645263671875,458.38260481103663,449.8961048193,456.54617044734067,2626100
2022-02-11,443.4593505859375,454.86742902314364,441.89189533840846,449.53437893252215,2493800
2022-02-14,439.9998474121094,443.09765073828214,435.29748131232964,440.6583552871462,2549500
2022-02-15,443.5521240234375,446.27893810361263,440.74183950872526,441.4281708402464,3001000
2022-02-16,445.2401123046875,446.79831193869813,437.2173556088441,441.0200578781888,2651800
2022-02-17,436.2342224121094,444.5352421980353,434.889383275027,443.49646131004835,2403100
2022-02-18,433.8876647949219,440.4821116819401,432.9787174005729,436.1507352015415,2992300
2022-02-22,428.9719543457031,433.31258603380604,424.62203873156176,430.19621548271624,3029800
2022-02-23,426.29156494140625,433.80421520594103,425.56812622287515,433.31264823443473,2840300
2022-02-24,422.8320617675781,423.4812856844021,413.41804607938866,416.92394580514065,3933000
2022-02-25,441.2518615722656,441.27968504511824,423.14732875008406,423.5368573700209,3314400
2022-02-28,441.3632507324219,442.6988343269395,431.84722469764847,432.06984083317343,3918300
2022-03-01,441.7156677246094,442.3741755454148,433.813488960976,436.74435117120345,2917600
2022-03-02,450.18365478515625,451.84386447806304,443.2367860553037,443.5150208397428,3675900
2022-03-03,451.30584716796875,455.74851734322374,447.25273394466956,450.7586332936563,3139400
2022-03-04,462.4913330078125,463.4281038261669,442.8657069776822,445.83367635377004,4170100
2022-03-07,451.5655822753906,463.7434908745,447.9947517347257,463.7434908745,4123300
2022-03-08,439.1280212402344,449.3582025135224,437.32869405595045,444.0807988087916,3849500
2022-03-09,450.35986328125,452.35395464330094,439.2485589821191,447.58665794165705,3115500
2022-03-10,455.8041687011719,457.9095537943621,443.18105715464486,444.57228751777194,2834800
2022-03-11,449.180908203125,459.34833232640153,448.846038468435,453.7948487854779,2615000
2022-03-14,453.87860107421875,461.0134613335233,451.4227760978454,456.1855572040565,2704100
2022-03-15,463.1716003417969,465.0599692767116,453.31114010904787,455.81346528135947,3043000
2022-03-16,463.4972229003906,470.2320908442123,455.82281192222104,464.9576649901306,3497100
2022-03-17,471.6459655761719,471.7389944039857,460.6320280072288,461.39482465152497,2357200
2022-03-18,470.8088073730469,475.05066114862916,466.5669535974646,473.246009594549,5065600
2022-03-21,472.2413330078125,477.20876587758954,469.17155198373933,469.77622517755043,2617700
2022-03-22,470.06463623046875,476.1390474081092,469.61811484519893,473.73903399635515,2752500
2022-03-23,468.1205139160156,471.6832888764882,466.3530509552502,467.2274710342335,2753200
2022-03-24,477.63671875,479.7948627892545,468.70646167961945,469.76693928781697,2789200
2022-03-25,477.2367248535156,480.49253531606604,473.7111109011836,478.3157684821563,2551100
2022-03-28,477.3949279785156,481.06004321041377,473.31119711907445,478.43678295822735,2643000
2022-03-29,475.09722900390625,483.33909632678035,471.9065128142759,481.0227717858604,3478400
2022-03-30,484.4832763671875,484.83676895209487,476.72511907847854,479.1716329692045,3041200
2022-03-31,474.3902587890625,485.478633087975,474.1112006358391,481.0227869302994,3979700
2022-04-01,476.8274230957031,478.86463249502583,471.25531671477086,475.0506490107444,2344100
2022-04-04,474.4366455078125,476.72500698200145,469.32968380675317,476.47388309260106,2657500
2022-04-05,481.63677978515625,488.1204675581258,472.55770920124763,474.4181726232998,3268600
2022-04-06,494.6506652832031,496.29719342367713,481.85998047334124,482.0646041774195,3955600
2022-04-07,499.4878234863281,500.72504729916517,491.52504398658255,493.02270309974926,2867000
2022-04-08,507.8692932128906,510.6692427931307,500.5576292770955,501.3948604747072,3986700
2022-04-11,499.94354248046875,509.40397947803604,499.19936875067356,505.67374265438906,3574000
2022-04-12,496.473876953125,503.0040635097197,493.74830545680425,498.0552250901008,3575700
2022-04-13,499.534423828125,500.72514765921915,491.7390776254944,496.1111779789851,3012000
2022-04-14,497.5065612792969,514.6879147918826,496.8088874528701,500.92980737440985,4211300
2022-04-18,496.818115234375,503.25530209190083,493.37624691460934,500.37160680543417,2087100
2022-04-19,500.1855163574219,504.6319936475123,497.89712630216945,498.5017995210862,2207600
2022-04-20,507.9156799316406,510.1017011147807,501.3947484235109,504.3156887847344,2986300
2022-04-21,499.94354248046875,509.7667833334866,498.63194124967623,507.4412049423667,2539900
2022-04-22,484.5948486328125,496.1389977273866,483.8878635373956,494.9390194113221,3453300
2022-04-25,487.6926574707031,489.54380971971176,476.02754242665327,484.0926648470789,3030400
2022-04-26,477.93438720703125,489.5436586414436,477.68320652299707,487.66457276468145,2895300
2022-04-27,477.9622802734375,484.5576470805096,474.2506653968251,478.9855122887698,3353700
2022-04-28,487.8320617675781,489.5623357719762,477.3669557957764,480.70651237214037,2582700
2022-04-29,473.0693359375,483.62750016145236,471.5902708902795,482.6507114214135,2873200
2022-05-02,466.1854553222656,477.68313006220774,458.9203504389742,475.171493954375,3184300
2022-05-03,464.7623291015625,470.2506901195636,462.77164814679946,466.1669879672938,2763400
2022-05-04,472.2041320800781,474.2041242230837,458.68786887394,464.65065648083424,4002600
2022-05-05,460.2041931152344,475.04139896865274,455.0972305509819,471.8227770892901,3359700
2022-05-06,464.7623291015625,466.5762921614351,451.1623470181317,451.17165841885844,3260300
2022-05-09,452.4832763671875,460.12047000640905,450.632096142227,456.1855800402763,3862700
2022-05-10,453.9623107910156,461.7204385625254,447.553001742845,459.3576424612006,4275500
2022-05-11,452.2320556640625,465.5994782976458,450.59486746440615,450.59486746440615,3936300
2022-05-12,445.3948669433594,452.92046537010316,438.52978176321886,452.18557447678563,3997600
2022-05-13,451.5343933105469,453.0227694834526,442.6134760614147,447.4227857150058,2453400
2022-05-16,455.08795166015625,460.9856172088751,450.3716701460654,451.5437711678538,2338800
2022-05-17,458.1669616699219,460.20417111323627,454.38091230372436,459.5344032361409,2289000
2022-05-18,438.4926452636719,455.0786648149937,435.683327220292,454.19496168875713,3240500
2022-05-19,445.162353515625,447.98095433507547,431.0042263883706,431.92517504412405,3813800
2022-05-20,451.8414001464844,453.45999402777403,439.35767972562945,447.79488705484516,3068200
2022-05-23,457.7483825683594,461.15303384912994,452.3623616988971,452.3623616988971,2279800
2022-05-24,462.84600830078125,463.329718487531,454.56695317355707,456.5483509195743,2658100
2022-05-25,463.33905029296875,467.26462874708676,456.9855810099589,463.7390430643439,3161600
2022-05-26,467.19024658203125,471.8693105937416,464.56698654510615,466.73441377449814,2705800
2022-05-27,471.7297058105469,471.7297058105469,455.2460300632401,456.7436892263215,3349100
2022-05-31,462.1204528808594,468.9390380145393,461.07859803152803,468.48323361506067,4003100
2022-06-01,458.18560791015625,466.399569636753,453.74841296523897,463.5530629342146,1765900
2022-06-02,457.91583251953125,461.5344188081439,449.2739727044573,459.53442647586144,2093500
2022-06-03,451.729736328125,457.3669657253095,451.06927986620633,454.2599673186407,1756900
2022-06-06,455.9809265136719,459.1902369428026,452.362340291027,455.28325280198396,1781500
2022-06-07,462.4181823730469,462.892581234512,453.134459814814,455.3484157963796,2341900
2022-06-08,459.09716796875,463.16227523132846,454.4646047082968,459.53437792538966,3268100
2022-06-09,455.28326416015625,461.82279144531884,453.590235764337,458.4925746693512,3148800
2022-06-10,450.81817626953125,455.9623562405138,447.376307754287,450.97629975503884,2599900
2022-06-13,436.9298400878906,447.7577222951414,434.66007247275206,441.98099139691334,3764600
2022-06-14,429.5343933105469,436.44600651313164,425.50650342346313,434.8832244129522,3814200
2022-06-15,431.9344482421875,436.29723693851486,424.65074693570523,431.8135419743249,2550700
2022-06-16,425.7823486328125,427.3880540095639,420.73184525878423,423.2710996106317,3135600
2022-06-17,422.0201110839844,430.7954649967555,419.81694936739416,420.79716431102685,5277400
2022-06-21,448.40228271484375,452.88330672082014,426.7252728188628,427.38808466161447,5726800
2022-06-22,457.14031982421875,462.96568562417764,443.00640116053114,444.10798226914306,5061000
2022-06-23,466.5971374511719,470.11660703080037,459.26877188272357,462.06010284968244,4687700
2022-06-24,462.7041931152344,466.55041004687,454.22755310058835,466.2516675596464,15861100
2022-06-27,472.058349609375,477.87436962866747,459.8475137995885,460.0809010292441,3907100
2022-06-28,474.6536560058594,484.14783338498694,471.51691655013747,478.05178804208686,4978200
2022-06-29,481.4405212402344,484.23182332010174,472.38508556123304,475.0363610047553,3823400
2022-06-30,479.498779296875,482.01002839583333,475.8485992738923,479.42407942237736,3568900
2022-07-01,483.0182800292969,483.13964595880685,468.93100041314557,478.27583510955697,2426600
2022-07-05,471.666259765625,477.04351080449374,459.53946808906466,473.9068000249222,3029600
2022-07-06,481.04840087890625,483.02752002439837,470.78870739882007,472.03968801836515,2506700
2022-07-07,480.1989440917969,482.92489124548257,478.19179092953584,481.0111271717625,2385400
2022-07-08,484.1665344238281,493.2592927924166,477.0528954259286,478.2664977601345,3092100
2022-07-11,482.5981140136719,486.81771628492845,477.79965900494045,480.6469717467805,1743600
2022-07-12,480.2362060546875,484.6425864632141,476.6887316536626,479.1439698030091,2706500
2022-07-13,467.93206787109375,477.84635318907647,467.8854018193263,474.3082231713743,3467700
2022-07-14,469.0430603027344,472.27316065189217,459.5675427805683,462.1067974333236,3765500
2022-07-15,494.5475769042969,496.6387175228895,481.1978377579567,491.1027788558431,5742500
2022-07-18,484.8573303222656,496.79740129193937,484.27853451165174,495.7145095434932,3212000
2022-07-19,498.00164794921875,498.3657456775938,485.9962233524799,486.4629977798427,2953500
2022-07-20,484.9506530761719,498.5618129282248,481.4591890668015,498.00170634143535,4327500
2022-07-21,487.7420349121094,487.75132253956326,477.17425331096825,484.8760326219133,2667600
2022-07-22,486.7617492675781,492.5404197409837,483.9518146964905,491.0467641626304,1850300
2022-07-25,494.2861633300781,497.4789419458396,489.385031063716,491.13082012050853,2337200
2022-07-26,496.2653503417969,501.91331053661355,495.74256516794776,498.32845721642656,2637800
2022-07-27,499.08465576171875,502.1186902460521,492.9512315204873,498.08575141705137,2268100
2022-07-28,505.5074768066406,508.1681258437762,496.405373373978,501.77328052657396,2344500
2022-07-29,506.301025390625,507.7106366172869,501.02645037740314,504.12584011321604,2945700
2022-08-01,499.8034973144531,507.5239662278978,495.7145478977426,506.2356639744513,2335000
2022-08-02,499.878173828125,504.61127415032814,496.38665266516443,501.82925935225467,2114200
2022-08-03,504.7232360839844,507.4958489697055,500.09281302278157,501.558491634771,1802900
2022-08-04,498.28173828125,504.51783825725806,497.3575339630002,503.4535788086594,2368000
2022-08-05,499.50469970703125,499.9154635248607,492.5030825708287,494.78094429164554,2373400
2022-08-08,500.9423828125,505.3300746152571,497.9737037576926,504.032427798609,1656400
2022-08-09,501.5585021972656,509.47497881056086,500.7369745887949,504.116417123016,2147200
2022-08-10,501.988037109375,505.9649657280324,498.3378848909125,504.3592884904577,2291400
2022-08-11,497.45086669921875,502.83746223199836,494.4728433481067,502.4733644760698,3006200
2022-08-12,507.570556640625,508.2240522771908,498.9352291741654,500.0181208450115,1981000
2022-08-15,508.44805908203125,510.8472864628345,502.7720661226963,505.67538936969675,1447300
2022-08-16,509.8297119140625,511.06200327831937,506.34759281051305,508.98020750061147,1773000
2022-08-17,508.7840881347656,511.38866873395483,505.5820226377816,509.0081307266147,1471700
2022-08-18,508.989501953125,511.70616115010114,505.8154698928969,508.7934931516317,1486400
2022-08-19,511.88360595703125,516.3739744682091,508.61618438401126,509.2509908806808,2258000
2022-08-22,508.3828430175781,513.0039224838293,505.3767852698189,505.414163700786,1672900
2022-08-23,500.195556640625,507.18782972735687,497.77769657215487,507.18782972735687,2039600
2022-08-24,500.81182861328125,503.9858617327427,499.46751547465,501.0171820889574,1761200
2022-08-25,505.5821228027344,506.00223123533044,495.94789058943775,499.458043835287,1965800
2022-08-26,494.0808410644531,507.0945172679307,493.11925818052106,506.2263234777866,1906700
2022-08-29,494.56622314453125,497.48823578444285,488.1247128886519,491.0467255285635,1594000
2022-08-30,488.09674072265625,495.79851928613084,487.11646877658904,495.16365588092964,2013400
2022-08-31,484.82000732421875,492.07364414670445,484.6612629726524,486.21098618654344,2891300
2022-09-01,489.1795959472656,489.42232776423276,480.86170078935953,484.81993878491664,2085300
2022-09-02,482.0379943847656,494.58489499036773,479.6668004814585,494.42620761752835,1944200
2022-09-06,483.2795715332031,492.4003622141956,482.5700652762705,485.3800564878742,2711900
2022-09-07,487.0138244628906,488.71289044196317,480.4789816107536,482.6448220792645,2504400
2022-09-08,492.4564208984375,493.37128064565906,484.33453355235497,486.332342001351,1557500
2022-09-09,491.0329895019531,494.30128917458165,489.384778775127,494.30128917458165,2495500
2022-09-12,497.5040588378906,501.0346000495518,489.3098743393842,491.651069910386,2792000
2022-09-13,481.3122863769531,491.894477069121,479.44867559574124,490.7145055631222,3172500
2022-09-14,477.38848876953125,482.6421464101545,473.9516297290856,481.3498019024382,2648100
2022-09-15,489.69378662109375,494.441737917305,481.4809117381835,483.50367948496165,3058100
2022-09-16,487.92388916015625,489.60953848544756,484.2341627725963,485.58269366444796,3981700
2022-09-19,490.29327392578125,490.7147006537657,480.38531606479955,485.6483774626139,2130800
2022-09-20,489.59075927734375,491.3419688233381,482.10830809753367,490.9392900828351,2421700
2022-09-21,479.55181884765625,494.46991115150115,479.4956324365685,491.6792241373097,2427700
2022-09-22,484.5899963378906,487.87698657910755,473.9609352102633,478.56842020946993,2285600
2022-09-23,480.98455810546875,481.967848791049,474.21383896048843,480.9377456267447,2536900
2022-09-26,476.0680847167969,480.0106788526277,467.30266173368375,475.1597282210574,2867400
2022-09-27,476.077392578125,483.9625225974439,471.59165423716,477.95034887826375,2583400
2022-09-28,481.2936096191406,483.4756198349596,468.9882723218831,474.30749023149514,3027300
2022-09-29,476.50823974609375,482.0709517009982,470.5522514893883,482.0709517009982,2392000
2022-09-30,472.958984375,483.73782962137494,472.77167729298753,478.6340402955896,3116000
2022-10-03,482.7638854980469,484.9177739240669,473.2960760453221,474.8693525606261,2562400
2022-10-04,489.9373779296875,491.26721838276796,484.0001370106091,485.4235452803186,3189800
2022-10-05,493.589599609375,495.7247403037526,487.09043824799886,487.9051697553649,2281800
2022-10-06,486.1539306640625,495.00366105155706,483.91573405675047,494.7695415024598,2187300
2022-10-07,472.78106689453125,481.5090227721278,469.23180619978115,481.5090227721278,3273700
2022-10-10,467.17156982421875,474.1483448716614,463.5754964369589,473.4834532540327,2459100
2022-10-11,468.06121826171875,474.63528565927606,463.7253191468699,465.4016233111074,2844500
2022-10-12,468.2016906738281,475.96510391242856,466.5628536214981,470.2338611934995,2254300
2022-10-13,477.51959228515625,480.85342374122797,456.7578584557816,462.1051694415235,3999700
2022-10-14,480.53509521484375,496.24917073102523,479.41130986867904,486.9686963029679,5628900
2022-10-17,488.729248046875,491.0048832160374,482.5485147843173,484.85221457729756,3282300
2022-10-18,489.03826904296875,498.20636943747166,485.40472929472503,498.20636943747166,2345500
2022-10-19,487.2682800292969,490.54595329977684,481.91159570505073,488.59806289477046,2500500
2022-10-20,487.7928466796875,495.79035119798283,486.76274335970436,489.8249886914154,2390800
2022-10-21,499.8265075683594,502.44869233968035,485.10509722390157,485.1519097037976,2896000
2022-10-24,507.1965637207031,511.7665818504584,503.6379580381802,503.89082543951145,2627100
2022-10-25,505.9043273925781,509.3693088602313,499.985834278812,503.62869176842685,2411900
2022-10-26,508.6669921875,512.8530806512108,505.89505251034063,506.99071631089055,2863500
2022-10-27,507.3839416503906,511.8041490369571,505.4735464571199,511.8041490369571,2212100
2022-10-28,516.2242431640625,517.8724539711827,509.15384405773847,510.35250645322037,2761900
2022-10-31,519.8859252929688,522.6484904143123,515.1847861698151,519.7454306917053,2770400
2022-11-01,512.5438842773438,520.3915762107256,509.6501414732875,519.7454039627186,3338900
2022-11-02,508.910400390625,519.3521563949006,508.57328191746825,509.8281308424738,2696200
2022-11-03,509.07891845703125,513.068324874388,503.94703603144865,507.32770873419645,2245300
2022-11-04,503.9845275878906,512.9653799352715,493.6552013151175,512.3004597430839,3513100
2022-11-07,510.39935302734375,512.2067490454083,501.45594073315544,503.98444323627433,2540300
2022-11-08,517.919189453125,519.5580260891404,507.5711181259023,512.3003209867866,2797000
2022-11-09,506.3163146972656,519.3801979538089,505.17383864738844,518.6029621460126,2672600
2022-11-10,509.6033630371094,516.6550718302586,500.0325825750913,514.0610087375935,3426400
2022-11-11,488.9165954589844,511.5793812217489,477.2761487415463,511.5793812217489,7034300
2022-11-14,481.1156921386719,495.37823733474215,480.797264389933,488.8416375598768,5238400
2022-11-15,471.0578918457031,483.8220938323314,468.9601613182384,480.2353664490822,5103800
2022-11-16,479.0273132324219,481.471536168263,473.3616316172361,473.75496503162935,3430800
2022-11-17,482.5766296386719,493.5053153761997,479.62670013561586,479.62670013561586,4246300
2022-11-18,496.33349609375,499.14293097729956,486.4630354464616,488.95404256031196,3566000
2022-11-21,484.337158203125,498.1595854565271,482.64213496264153,495.40633728688124,3349600
2022-11-22,489.86248779296875,491.3327085109676,486.8844363253855,486.91255811192053,2567400
2022-11-23,496.0618896484375,496.74550044625863,489.7781003273621,491.6510567339677,2238300
2022-11-25,503.4693908691406,506.49419707778304,498.69337504937977,500.07934445503287,1419200
2022-11-28,498.4593505859375,505.3050050510346,497.91617713764356,501.79321123190607,2699900
2022-11-29,494.4604797363281,499.11474886159834,490.38682251082815,497.8973386575023,3751000
2022-11-30,512.9652709960938,513.2649508574601,493.97346703338496,496.07116890486043,9688900
2022-12-01,502.8045349121094,517.8724957890616,501.7650577253047,517.2731359638756,2997800
2022-12-02,503.6500244140625,505.9514806392429,500.15561336271116,500.5219795538599,2346200
2022-12-05,502.5978698730469,507.614104608475,498.6901363820298,499.2631353184446,2424800
2022-12-06,506.618408203125,507.81142026381417,501.84641729466586,502.0154961377537,3097700
2022-12-07,509.9906311035156,512.8087261266168,506.90954369208924,508.0461959917511,2849100
2022-12-08,514.6968383789062,517.8624937414944,510.80791097663524,511.82238386368624,2272300
2022-12-09,506.50567626953125,515.2323574578509,506.1956697311641,514.7063152922289,2852400
2022-12-12,512.7619018554688,512.9685920244083,506.58091978814616,508.99503802763826,2714100
2022-12-13,505.58502197265625,517.5807318250123,502.6542076481393,517.1768117397934,3369700
2022-12-14,505.71661376953125,510.5261588019128,499.3383449735779,509.07015427079523,2654600
2022-12-15,495.68414306640625,501.68669950052646,493.6081256640426,501.61153424286954,2963800
2022-12-16,491.94549560546875,493.9275421307691,484.4493234055731,493.3075864154647,7109100
2022-12-19,491.8515625,495.24271421657164,489.3434736393406,492.7909276364281,1808100
2022-12-20,488.66717529296875,495.0360413260884,488.18808988320535,495.0360413260884,2086100
2022-12-21,495.5525817871094,495.87199110796234,486.68497406682206,491.87968993588686,2182000
2022-12-22,495.12994384765625,496.93350866971423,490.00099009215376,494.5568875995566,1851600
2022-12-23,499.093994140625,499.093994140625,491.1939600614496,492.32115214497287,1292300
2022-12-27,499.7328186035156,503.3494085538985,497.7225635766394,501.55518914795863,1596700
2022-12-28,496.40740966796875,505.519260973128,495.7310371032561,502.6260009296342,1694200
2022-12-29,497.7507629394531,501.32033870317554,496.7925922305865,500.24944877377084,1379700
2022-12-30,498.0325927734375,498.3331964921535,493.0164151365003,497.86351393184043,1849600
2023-01-03,487.1922912597656,493.75844362361084,481.10516689878386,493.2887611102108,3525600
2023-01-04,473.9096984863281,487.19233491573004,470.24618028695954,487.19233491573004,5070400
2023-01-05,460.25128173828125,471.64578413066266,458.87981682227644,470.6312825125423,5497100
2023-01-06,460.2888488769531,462.9848218336321,457.9780190093918,461.7824357832516,4841300
2023-01-09,460.3452453613281,469.6731336557041,458.91742077060206,462.55275901621314,3702800
2023-01-10,456.5314636230469,460.7304269968831,453.4127644399917,459.20866003821686,3164000
2023-01-11,463.482666015625,465.54928039664526,455.5920060767958,455.8644299422811,4274200
2023-01-12,465.6151428222656,468.4895979268372,455.7987654049122,460.28892973605963,3726800
2023-01-13,459.88494873046875,478.60648706570095,456.5314086632594,456.63472505725355,5390100
2023-01-17,455.667236328125,463.0506613461203,454.4460730946793,461.416175151507,4495600
2023-01-18,447.36322021484375,459.81921045184777,445.9635754075888,458.45711960775657,4398200
2023-01-19,454.9908752441406,456.89781395602864,448.4435278856691,448.89440479577996,4549600
2023-01-20,457.2077941894531,457.46141245269837,449.9558942872401,456.0899473987915,3525900
2023-01-23,456.3529052734375,460.3827891230115,452.20092805508995,457.1701482311729,3418700
2023-01-24,461.7918701171875,469.9267749924838,450.8952296668102,469.9267749924838,3036300
2023-01-25,462.6372985839844,465.3238689332974,456.2778073581399,459.61254190137885,3037300
2023-01-26,462.6185302734375,466.34781083089024,460.83371366706024,462.63730725508185,3005000
2023-01-27,456.5783996582031,463.45455913462655,455.0942153998676,463.45455913462655,3177100
2023-01-30,456.3341369628906,465.2205219448703,455.40414610784796,458.2316439659463,3606900
2023-01-31,468.9216613769531,474.8490527990352,463.2291112272742,467.80381462694265,5567000
2023-02-01,466.8644104003906,473.79692876732474,465.6150675494827,469.6355486493033,3451200
2023-02-02,442.2812805175781,464.9857487838632,435.7621127568909,464.29062774704784,11169900
2023-02-03,443.3990478515625,449.74916429431886,441.2666996656333,446.414430079829,5440100
2023-02-06,446.4237976074219,449.92763925343485,442.4503021451959,443.3802642887562,4174200
2023-02-07,447.96435546875,449.0915761921734,440.5903349843909,442.4784676800894,3394600
2023-02-08,453.91998291015625,455.62963418994343,446.30171740909714,446.63990373572864,3466400
2023-02-09,456.27777099609375,460.00705118645277,453.1496694977995,456.18382876282413,3664600
2023-02-10,464.2811279296875,465.60563595321634,459.11462068919525,459.4715839580086,3418100
2023-02-13,465.3144836425781,469.56040335197923,461.94216655029726,464.0463350905815,2589000
2023-02-14,462.947265625,467.7568387681251,459.4340495065765,464.31875924026224,2072600
2023-02-15,461.4631042480469,462.0079233911713,458.77653382883875,459.9601143582878,2242500
2023-02-16,457.7995300292969,464.0463014305095,457.7243647770839,461.36910549652004,2611500
2023-02-17,468.8183288574219,469.1752921877718,457.7995944083432,457.8277742150998,3891500
2023-02-21,461.5194091796875,470.9975984525063,460.758525834067,466.58260021666626,2877300
2023-02-22,459.2462158203125,463.9430413031418,459.03955435238214,462.9285109452479,2982800
2023-02-23,461.87646484375,463.41700882268,456.40935264922206,457.15145916371915,2511800
2023-02-24,454.9626159667969,462.64664308446237,453.72267601342975,459.894281979736,2940400
2023-02-27,454.01385498046875,461.17181100475955,452.7363037965201,459.1333765374188,3006200
2023-02-28,447.0813903808594,454.0514627829649,445.1838833586425,453.4033272922592,3902100
2023-03-01,446.405029296875,449.4016058922521,443.380272898635,444.8926367641828,2996900
2023-03-02,448.7347717285156,451.29922040166514,444.55458508232846,446.39573286484756,2188800
2023-03-03,449.54254150390625,450.04980666387877,445.46570057736363,448.960139752564,2863300
2023-03-06,451.6279296875,454.9814698116728,449.9558610374288,452.1821516295136,3812700
2023-03-07,445.14630126953125,454.4835918827875,443.9063325602164,453.6945287042632,2589200
2023-03-08,442.0652160644531,446.56478286194204,438.4580575672581,443.1454801820238,3036600
2023-03-09,436.7201843261719,445.2120519283966,435.630517489268,445.2120519283966,2780400
2023-03-10,433.9581298828125,441.9994533380361,431.3751110209294,436.2583469602762,3787500
2023-03-13,437.11614990234375,443.42288764435705,432.3743155874068,432.3743155874068,2971600
2023-03-14,437.964599609375,442.9232679496545,432.75140969328646,438.03059627433555,3258200
2023-03-15,438.7658996582031,442.01826356613964,432.93051725305156,434.5802612241857,3770200
2023-03-16,444.97833251953125,446.2698704557549,436.5693684632462,438.08711901151463,2940500
2023-03-17,442.6026916503906,444.9689048097823,439.5860057800048,444.3844287550916,5290000
2023-03-20,449.6353454589844,452.331513369035,443.07408619539603,443.07408619539603,3119400
2023-03-21,452.595458984375,453.8681243130245,448.4663810941679,450.98343157835245,3163300
2023-03-22,448.2778015136719,457.9123064441305,447.61792125606434,454.3394534471265,2632200
2023-03-23,442.9892578125,453.1328357380232,439.9348838726816,450.059589168933,3284900
2023-03-24,448.720947265625,449.55997376685565,440.8021815445224,442.1125634906907,2533200
2023-03-27,454.2923278808594,458.4308420940348,451.1719574404801,457.73321654030394,2271800
2023-03-28,445.50628662109375,456.0740961007177,443.7245780514627,454.3866356019092,2369500
2023-03-29,439.8594055175781,448.61719644300416,438.3133748471398,447.8912907529746,3733200
2023-03-30,443.130615234375,443.460569752505,434.6650622967694,439.84056390528315,3324600
2023-03-31,445.51568603515625,448.73033326146117,443.16834538875105,444.50697859148215,3996700
2023-04-03,465.8782958984375,467.7071573221331,455.7912778922502,457.4033342240948,4729100
2023-04-04,464.9921569824219,467.67888883338344,463.662931145225,464.784759431173,2624700
2023-04-05,480.056640625,482.42282521714924,467.67884297080394,468.89494798247296,4964800
2023-04-06,483.4315490722656,484.7796186842196,478.0958022047027,481.72524473394583,3472600
2023-04-10,485.66571044921875,485.8637004177932,478.98189477804027,481.5460691327437,2714500
2023-04-11,491.1240234375,492.3024119508884,485.70343627591313,486.5707716494882,3065300
2023-04-12,491.33148193359375,496.5258280471638,490.2473414148303,494.90433542646156,3422400
2023-04-13,496.0826721191406,500.06094150487445,490.68095779720875,493.8955762191518,4224400
2023-04-14,482.4699401855469,497.0348039326358,479.36841377945046,492.09500883554205,4872000
2023-04-17,476.39892578125,480.3960105117991,473.9478718586627,479.57585668918654,3660900
2023-04-18,475.5787658691406,477.94495046941734,469.60198270959813,474.8151724048131,3232000
2023-04-19,458.34600830078125,473.21254744904815,455.923234609328,471.96816227259154,5809100
2023-04-20,459.5337829589844,461.59832184264695,455.5744149945456,457.65779773664013,3283000
2023-04-21,456.1023254394531,462.61646022381973,454.5185782720244,461.96598749983133,3165300
2023-04-24,460.92901611328125,462.13568477410166,454.99935718687254,455.7158265936644,2322400
2023-04-25,463.7383117675781,469.9413362048509,462.47505397217316,464.45475241615407,2937300
2023-04-26,455.2821960449219,459.7600723810888,450.9551281210326,458.03489549237463,2930000
2023-04-27,462.3714294433594,462.8522212222148,454.5752204352335,454.5752204352335,2473200
2023-04-28,463.8985595703125,465.66142418394537,460.15599649956886,460.69334856650266,2398900
2023-05-01,467.3017578125,470.78036298647237,463.6345989697199,466.2553338583433,2105600
2023-05-02,465.1241149902344,468.253893113282,461.24012216465417,466.8775433427655,2152300
2023-05-03,461.40045166015625,467.06615370026134,460.071225762611,466.07628993693777,1749700
2023-05-04,459.36407470703125,461.636010975827,454.3394392692885,459.14724088628805,2555700
2023-05-05,465.9631042480469,472.15672125720346,463.84200489717824,465.755706716303,2329400
2023-05-08,464.398193359375,466.0290934131813,460.3445483950714,463.8514337495285,1738500
2023-05-09,462.2865295410156,470.78977065221255,462.21109656577295,464.60559006784194,2038600
2023-05-10,461.99432373046875,465.1995349399253,459.7035432171964,461.3626947880518,2018700
2023-05-11,460.75933837890625,462.0414112536724,457.8369291541594,460.0428689669779,2384200
2023-05-12,463.0878601074219,464.66217111241815,459.8072160002485,460.75936316265773,1536500
2023-05-15,458.9681396484375,463.6157254874049,455.9891990102225,463.24805448749777,2169700
2023-05-16,452.23724365234375,461.1835602848807,451.56792701379584,459.6846535071035,2178900
2023-05-17,457.0356140136719,457.59180992528997,450.1821169540643,452.50117743301854,2682000
2023-05-18,451.7753601074219,454.90513846642193,446.7412872964191,454.4337830110555,3040100
2023-05-19,451.3888244628906,457.0262170379932,450.43667728059296,452.1052651590702,2317900
2023-05-22,453.0856628417969,454.57516202561396,450.5309246136874,452.91598180138755,2242800
2023-05-23,451.9732971191406,455.69701652465886,445.4685979375634,448.90005050870536,2874200
2023-05-24,453.28363037109375,455.5932833849865,451.454797850228,453.07623284017586,1904700
2023-05-25,450.3330383300781,454.16985008312673,447.1277980419166,450.2670416580765,2684100
2023-05-26,453.93408203125,460.410529221815,450.6157504601055,450.6723108050668,3135200
2023-05-30,452.35986328125,458.03497294581416,448.7587004825895,449.3714568573053,3180800
2023-05-31,459.326416015625,459.4772532008707,449.77675069606687,450.7288978413826,4944100
2023-06-01,465.350341796875,470.20529671508297,458.26113809253957,459.84491411815225,3376600
2023-06-02,470.95947265625,472.31697857853794,462.26767748930286,463.8137370888399,3064500
2023-06-05,469.649169921875,474.08933043568766,468.9232928481726,472.0153836097143,2688800
2023-06-06,459.63751220703125,471.261123726379,455.9609458365107,471.261123726379,3816600
2023-06-07,454.5091552734375,462.3430795934947,454.0095197082693,461.8811605151081,4381700
2023-06-08,462.1451721191406,463.64407898892784,454.7920098812607,456.6397439481491,2725900
2023-06-09,465.3409118652344,469.6773874050622,459.3170046660283,461.91886697452406,3174100
2023-06-12,464.36993408203125,466.1233912227887,460.7216476961392,464.0965398801802,2207700
2023-06-13,463.1632385253906,466.3213254434144,460.66506067175993,462.7484434739292,3016600
2023-06-14,433.51495361328125,434.2408593063281,420.147322023465,428.5940310948805,14672400
2023-06-15,441.0024719238281,446.78606581667157,436.2884898977575,437.310784287074,6798100
2023-06-16,433.99774169921875,443.4919442165639,433.4676588599783,441.2391065934661,7699100
2023-06-20,444.3154602050781,445.35667570482883,432.3506681339775,432.3506681339775,4597700
2023-06-21,451.2823486328125,453.7623854443298,442.23303945364916,443.89903072926097,4886500
2023-06-22,453.4595031738281,457.36888634883616,452.4656049271509,452.63598253160654,3179000
2023-06-23,451.5190124511719,456.5169575970241,451.0930395637301,452.7779521234626,4862600
2023-06-26,453.46893310546875,455.59873961130734,447.73265656073147,452.59809506666386,2968300
2023-06-27,456.7819519042969,457.3688272798623,452.247822544513,452.58860659676463,3693200
2023-06-28,449.1051940917969,456.36545138955285,448.6603000375943,456.21399502138297,3670100
2023-06-29,450.9889221191406,454.08423068487906,447.8083958674364,449.7015573140326,2979300
2023-06-30,454.9645690917969,456.34656884835726,449.7394250528628,452.46558213624564,3970400
2023-07-03,452.3520202636719,454.55754073404614,450.8564064791671,452.56026918731106,1915700
2023-07-05,446.0477600097656,451.7935118097673,445.45140954491745,450.6008108800709,5053100
2023-07-06,444.2870788574219,447.16469211436214,441.7218533910809,444.2776326943438,3913600
2023-07-07,436.9227294921875,443.57719100336965,436.2033477662164,440.1600483647892,4131600
2023-07-10,438.314208984375,438.36155535474546,434.63202485257943,435.4271492238102,4339200
2023-07-11,438.1627502441406,441.57041762435864,436.5062340336762,437.6705097965556,3086800
2023-07-12,427.57049560546875,439.9896292406169,427.14452275360026,438.2668455067411,7287600
2023-07-13,423.83148193359375,430.5995277380898,423.29192403535444,427.85444965713987,7276800
2023-07-14,454.5196838378906,459.0916560735076,435.5312477340333,437.8409070364015,11379300
2023-07-17,458.220703125,458.7129435023297,452.7494686633876,455.4093577164256,4582000
2023-07-18,473.2903747558594,477.47427437913603,461.4581153869629,463.1903454481345,8816400
2023-07-19,476.792724609375,487.16721242029666,475.63789496484696,480.4275911411637,4956500
2023-07-20,477.3038330078125,481.5066535394848,473.79202677223026,479.5945709646554,2963100
2023-07-21,479.4714660644531,483.14420338303773,477.56882983076383,478.070516388982,2887300
2023-07-24,481.5066223144531,482.5478667727676,477.61618983649623,478.3355714635015,2279000
2023-07-25,483.636474609375,485.12261325514027,480.18146079975975,482.75616148316396,2730600
2023-07-26,480.86297607421875,488.3030862081796,479.5661651898527,484.21387970461103,3697200
2023-07-27,478.24090576171875,483.22937490339245,476.25308081226694,481.4024813592477,3028300
2023-07-28,476.04486083984375,480.3707411859354,470.715607352242,478.22198470070214,2930000
2023-07-31,479.32000732421875,480.7493532548589,472.40050554269175,476.1300353672921,2441600
2023-08-01,477.7771301269531,482.7940251363174,475.6473235659821,480.3897020856964,2161200
2023-08-02,477.8338623046875,483.20098687087295,476.1205537763608,482.4626551784854,3220500
2023-08-03,477.8907470703125,478.969862999125,474.2748305332839,476.02601071104755,2442900
2023-08-04,475.8744812011719,483.608028619925,474.9468218024911,482.75611184707617,2411200
2023-08-07,483.4565734863281,486.1637801760823,477.69190101431394,478.72367041695543,2430900
2023-08-08,478.8372802734375,481.0239081811196,473.3092526685283,476.1300734434442,2422600
2023-08-09,475.28759765625,478.714243884361,474.12332194134467,477.07664895576164,1916900
2023-08-10,476.5844421386719,484.68714140765763,475.92182412028285,477.5215477501699,2179700
2023-08-11,480.8724365234375,483.39034447322365,477.31328410007836,478.6195699953474,2029600
2023-08-14,483.636474609375,486.0691939639308,481.0996452427806,481.9515621032219,2127200
2023-08-15,479.6229248046875,486.21114655594715,479.2253482436807,484.25168890066453,1817500
2023-08-16,476.66015625,483.2294283608395,475.9691419667082,480.8629767038325,1454100
2023-08-17,467.5729064941406,474.45456537603184,465.5472391987596,469.01172737528293,3009500
2023-08-18,471.81365966796875,474.18011128379504,467.1375489641081,468.3491710359172,2364400
2023-08-21,471.0942687988281,473.5269880944161,469.7122690859511,470.9333662591503,1533500
2023-08-22,466.0395202636719,470.25181576994436,465.083464549867,468.9550048833077,2079400
2023-08-23,463.2944641113281,467.6108698295358,461.8651179980589,466.66428912137883,2011400
2023-08-24,462.0260009765625,468.954977966599,461.1835303687237,465.1781016937324,2311100
2023-08-25,462.99151611328125,464.9130736490953,458.7602995143652,463.7487979545802,1923500
2023-08-28,465.0361328125,466.7210451858756,463.00099022644747,464.2883260230273,1344500
2023-08-29,466.5033264160156,466.6074653083537,461.90295834871137,465.21599060515393,2113700
2023-08-30,465.2727966308594,470.17607757967954,464.09904584133403,467.60137699591286,2283400
2023-08-31,451.12139892578125,467.44046917266263,450.8469113328508,466.0584406080469,4927700
2023-09-01,450.7995910644531,454.9740154896117,448.07343397966787,453.4121630852642,3165900
2023-09-05,455.1254577636719,458.7130066555303,452.03014931691223,452.46556834443425,3443300
2023-09-06,451.4621887207031,457.3499216652449,450.9321058545421,456.337073411657,2596100
2023-09-07,458.9117431640625,461.08886701184326,453.0334856651762,454.26402890307884,2928000
2023-09-08,456.8592224121094,458.949818516628,454.93969617054756,456.3080810753584,1858400
2023-09-11,455.5382995605469,459.77647575230844,454.2269284743554,458.0089957664349,2059200
2023-09-12,456.032470703125,459.5864838843838,448.63940525091886,453.6378117519574,2195200
2023-09-13,455.9754943847656,459.96662196299815,455.61438877533027,457.48641338229146,2197800
2023-09-14,459.5484924316406,461.13541989041454,454.9682048563753,458.62673355445907,2334300
2023-09-15,462.49432373046875,465.4591480484763,460.0616458798057,461.5820477866145,5334300
2023-09-18,461.8860778808594,464.43278263332525,459.54843271253935,464.11920775700816,1997500
2023-09-19,456.75469970703125,461.57255360634156,452.83960979273024,459.7005290793803,3230700
2023-09-20,467.6542053222656,470.48597819561644,455.3102646969685,458.7407095267081,3724800
2023-09-21,476.21612548828125,480.0171879583964,468.5569579311785,469.6117678465341,4703900
2023-09-22,480.9294128417969,484.09378444356923,473.26076269901915,474.18252146586883,4558500
2023-09-25,484.90155029296875,485.5287290962169,481.43308650211054,482.9820241374317,2758500
2023-09-26,480.3117370605469,484.08429247927614,479.2949459552921,483.6281545722956,2420200
2023-09-27,478.6772766113281,481.17645065149105,476.1305428939136,481.0529404896528,2593700
2023-09-28,484.73052978515625,488.57912319394086,479.8936809477745,480.80592788179,2922000
2023-09-29,479.1144104003906,484.5214239303901,478.7437929001847,484.4929171226669,3006200
2023-10-02,488.97821044921875,489.23480073877636,478.1166808526644,480.3878007132771,3550400
2023-10-03,484.1318664550781,488.4175450343842,483.07705645010395,487.7713713195178,3143200
2023-10-04,485.2246398925781,486.36497026857484,481.41406536925854,484.15083507180583,2801700
2023-10-05,490.55560302734375,492.43716839688295,485.80430392158354,486.1748924339189,2790700
2023-10-06,498.7088928222656,499.79220953835005,490.3180312400489,490.76468623686685,3647200
2023-10-09,500.3243408203125,500.6664225099002,494.37566899751226,495.23093122108986,2341600
2023-10-10,498.167236328125,501.87329542349676,497.06495373543754,500.31484589624023,2455700
2023-10-11,498.06280517578125,499.4502140868243,494.3567454542885,495.01243115887195,2819300
2023-10-12,499.40252685546875,502.291371192774,496.2761741347459,498.3857357761783,2377300
2023-10-13,512.5733032226562,517.3816449829748,505.5413143717758,506.7291464074238,5245400
2023-10-16,511.27142333984375,519.5862472541705,509.45638358276403,516.1652563296537,3827600
2023-10-17,509.9600830078125,515.4525882913945,507.98351422082226,513.0864361086997,2586000
2023-10-18,509.39935302734375,516.925440011628,508.77220327848954,516.0321880665524,2551400
2023-10-19,505.189697265625,511.5660002166955,502.9280605348242,510.12157796855826,2351200
2023-10-20,500.8185119628906,507.85044267269865,500.57143362450853,504.5910385924033,2811100
2023-10-23,495.63006591796875,501.53123653061556,494.4136980366141,500.81853728752543,2357700
2023-10-24,498.889404296875,504.2773936233918,496.10513324808505,496.8558221385025,1978200
2023-10-25,503.8403015136719,505.88333757896777,494.21410716996246,501.04651856890996,2380100
2023-10-26,502.08233642578125,504.0873829934765,496.5328176033856,499.5546553593442,2675800
2023-10-27,498.5662536621094,501.4930875360471,495.33538587882856,499.83012297124634,2585600
2023-10-30,503.6313171386719,505.3703196374487,496.93195544617225,498.8895004995764,2555400
2023-10-31,508.92425537109375,509.9885482302174,505.1802064918016,508.3921089415319,2464200
2023-11-01,505.1612243652344,509.18088772747166,500.59996059210937,503.6217985667999,2747400
2023-11-02,509.4659729003906,510.14068245177833,500.742540417242,505.54137077675955,2350900
2023-11-03,504.49603271484375,509.3233402268072,502.500440145288,507.9834912440622,2739500
2023-11-06,506.9286804199219,509.36135790427636,503.6882424195192,505.1896782261493,2684900
2023-11-07,511.0812683105469,512.810758339068,505.0850958158759,508.7340825576974,2604800
2023-11-08,510.0360412597656,514.4738234091736,507.57488581464474,513.1434283580311,1769200
2023-11-09,512.193115234375,514.0080968575874,507.89789652448417,510.8627203066517,1819600
2023-11-10,514.2932739257812,515.6901365388009,509.3613930682452,515.6901365388009,2480800
2023-11-13,515.5856323242188,517.0870682667761,511.15736198720595,514.2362713629797,1507900
2023-11-14,513.5806274414062,515.680677544575,509.8270662801499,512.2217544335864,2454000
2023-11-15,511.6324768066406,513.5805676887287,505.2562317425334,513.1909263124674,2473700
2023-11-16,512.972412109375,517.7617301238738,510.739253023547,511.63250505795565,2360300
2023-11-17,509.617919921875,513.6375828667865,502.0633547692798,513.4000164657713,2676900
2023-11-20,508.4870910644531,509.66546910890037,505.351226235535,507.0712046234901,2518400
2023-11-21,512.7538452148438,514.730355920822,507.62238772905476,511.0243548474054,2115700
2023-11-22,516.7164916992188,517.3246756734674,513.3905617145426,515.9657446686376,2234500
2023-11-24,519.8902587890625,520.3559376278591,515.8136404626835,517.8281987871027,1135000
2023-11-27,516.5548706054688,523.4917974501938,514.5973259123062,519.8902539324722,2675800
2023-11-28,513.6470947265625,518.6739788914385,513.2099516688999,518.4934261067094,2859300
2023-11-29,508.3731994628906,514.9110330684231,502.35805846796706,503.6408941494416,4550000
2023-11-30,525.4683837890625,526.3901716559346,507.4513836654144,509.1428264113774,7121200
2023-12-01,521.7210693359375,528.9105521848285,519.8140545872614,524.8295126878751,3462200
2023-12-04,522.7890014648438,526.2120600228965,517.7925744121642,522.7699126959798,2709200
2023-12-05,524.677001953125,526.8414824185301,519.9952479329063,523.5709007559458,2645600
2023-12-06,523.9808349609375,526.2215535823254,521.6637612714685,522.1023955307121,2239700
2023-12-07,522.7794799804688,525.8688344035256,519.2038275098068,525.7162406408617,2511700
2023-12-08,524.2097778320312,526.0786150750704,519.2228945946503,524.638809600706,2039900
2023-12-11,518.4028930664062,524.4290667811151,513.9976935612427,524.2002343181153,3655300
2023-12-12,520.3479614257812,522.0356879232797,517.4207453095337,520.4242583029613,2706100
2023-12-13,523.485107421875,523.8760198493126,513.5495766008871,518.708026032298,2876600
2023-12-14,509.4018249511719,519.5852778168426,504.78688135534173,518.9941078371905,5386800
2023-12-15,506.4268493652344,508.6962016497603,498.6462545307693,505.3589257251602,9030100
2023-12-18,502.0693664550781,506.7606070968749,500.8107295614293,504.51034334647835,3260300
2023-12-19,499.6760559082031,503.0896290983076,497.5211778157984,500.2005315980714,3645600
2023-12-20,491.9430847167969,500.4293241804136,491.88587659850737,499.4948473183849,3847800
2023-12-21,495.7094421386719,496.60574144132255,492.4865824034477,494.7559347187233,2491600
2023-12-22,496.11944580078125,498.69392748687807,493.9359347493838,495.7094445918712,1759500
2023-12-26,495.85247802734375,497.23501719063967,493.8881969261666,495.7094286392573,1390800
2023-12-27,498.4841003417969,498.8368934152563,495.2135770245417,495.58545886871946,1851800
2023-12-28,500.4960632324219,503.32795230784916,498.6271677560718,499.13249642113414,2001000
2023-12-29,501.9930114746094,503.6807381908633,499.56157925121727,501.5258021615719,2080100
2024-01-02,514.2646484375,514.5697195571477,502.1836691465454,502.34580728834976,3415700
2024-01-03,516.8296508789062,521.3682972778169,514.3981604183617,517.7926444799266,2891400
2024-01-04,520.0618896484375,523.4754617782737,517.7544184801504,519.6614329128582,2994400
2024-01-05,512.3958129882812,521.5685495512829,508.915487687606,521.5685495512829,2815400
2024-01-08,511.5758361816406,515.1324003503162,503.45193407675515,514.3219422960392,2648900
2024-01-09,513.3397216796875,514.5220614229361,507.58055852492595,512.9869286336365,2677000
2024-01-10,512.6437377929688,516.0382218440949,511.22302106390515,513.0823139551112,2180000
2024-01-11,514.5889282226562,515.0465932062278,509.6783994435593,511.20398818711794,2814100
2024-01-12,497.2636413574219,503.90955983854195,489.27324488450836,494.73682353006126,6327300
2024-01-16,495.0133972167969,500.1146386022921,492.53424302211425,499.361388696384,3736700
2024-01-17,500.5341796875,505.98821411126215,495.8238507772175,497.044368190841,3791300
2024-01-18,492.3340759277344,492.8108296658922,474.331821020357,481.7405927345228,7367000
2024-01-19,480.148193359375,493.4877528333557,478.4890997626862,491.0563205555368,6143400
2024-01-22,489.1397399902344,489.69279056415775,473.4164126559163,480.5105098683268,5922900
2024-01-23,491.5521240234375,493.99310049330535,488.27205643603986,488.672513224757,2672900
2024-01-24,489.3686218261719,497.4734353480229,489.10166999637573,493.82154362800804,2918800
2024-01-25,470.46051025390625,472.47242584920315,456.73001053765677,464.920635000962,14671000
2024-01-26,479.804931640625,480.27214095144706,467.1232658586188,470.34612550170567,6212200
2024-01-29,481.0826416015625,482.9610523820027,477.8502374819334,479.7191038765823,4554100
2024-01-30,480.19586181640625,482.5224222684737,476.0099793391024,481.08264583942895,4931200
2024-01-31,487.9478759765625,491.0563194657473,481.05403597890495,481.05403597890495,5358100
2024-02-01,483.5617370605469,486.49852692919956,479.61420261832313,485.173137729919,4242600
2024-02-02,486.50811767578125,489.06348156452884,481.89314510026975,484.6201624454064,3804500
2024-02-05,479.5760498046875,490.29349223256264,476.8013399174176,486.2506012713376,3646300
2024-02-06,486.9276428222656,487.1850793479248,479.08981073275817,480.51052746484623,2745400
2024-02-07,495.2422180175781,496.77735095043465,488.85370685530455,490.11234359572785,4109100
2024-02-08,495.9096374511719,497.8833463491463,493.2302842650587,496.4245104422782,3343000
2024-02-09,494.1265563964844,496.1957092708351,492.28629417451657,494.8607756872198,2715400
2024-02-12,493.5735778808594,494.8607895745989,488.9681209053607,494.1265702632589,3194000
2024-02-13,492.8202819824219,502.4316529783724,490.30306664804397,497.7308684269261,3436000
2024-02-14,492.9061279296875,494.42223033409016,490.3793099881746,491.3042424480867,1918500
2024-02-15,496.6629333496094,497.49248012209375,491.8190995190603,493.28753814424095,2292100
2024-02-16,497.3017883300781,499.4376356610511,494.7654841739165,498.01691890236685,2135500
2024-02-20,496.8345947265625,500.94420955082387,495.26128413874,499.83816650423194,2600200
2024-02-21,497.70220947265625,499.3422723968749,493.47817884554183,499.3231836264571,2095900
2024-02-22,502.0216979980469,502.25053048610744,494.47947929123484,499.8286423908276,3186800
2024-02-23,502.7271423339844,505.8355852135258,499.7903237720451,502.25993310315687,2502000
2024-02-26,500.8964538574219,508.0382141093014,499.93340218813586,503.75697571195093,2308900
2024-02-27,489.5497741699219,501.1540016316105,488.2434736312644,500.3625741601144,3780600
2024-02-28,475.1136474609375,475.37108397328853,461.8694453260849,472.40569004306695,9558600
2024-02-29,470.6512451171875,478.42232438713677,468.7442303712497,475.3234254249879,6833200
2024-03-01,466.7704772949219,467.2376866102639,455.06140756336964,466.66560544810494,7315000
2024-03-04,459.46661376953125,464.3962599123803,457.7789161192069,460.7729142733048,5239800
2024-03-05,451.15203857421875,460.4487360968673,448.7396659194707,459.96246709051655,5296200
2024-03-06,450.6275634765625,457.4927986942774,446.4225927200793,452.38201344660297,5577500
2024-03-07,456.520263671875,458.81821995676887,451.5811024115983,451.9624995450537,5102000
2024-03-08,456.2043762207031,463.55617388775767,454.48127947116257,457.88914492766537,4673600
2024-03-11,468.2467956542969,469.35722804621656,455.658749897916,456.6160161792141,4410100
2024-03-12,468.438232421875,471.24301544615815,466.5236999744276,467.2703664603942,4153800
2024-03-13,467.1459045410156,474.80403412365524,464.58999093889344,472.4300034361964,3669000
2024-03-14,468.1031494140625,468.75408338770603,464.4559677035561,467.8351160594184,3378500
2024-03-15,469.84539794921875,470.2282985821728,466.6194155660761,466.6194155660761,5713500
2024-03-18,466.23651123046875,471.07072327804235,465.5951592082035,471.07072327804235,2970500
2024-03-19,472.23858642578125,472.35345369991836,466.9449053106848,468.7445705080249,2511700
2024-03-20,473.10968017578125,473.4638639923606,468.5243669403413,471.4248823310301,3548200
2024-03-21,470.67822265625,474.99550258894436,470.28574000660086,471.2430062115657,3693400
2024-03-22,469.1274719238281,474.6413055855202,468.8402745245705,474.0382523953181,2847300
2024-03-25,465.11651611328125,470.47721279333604,463.38386659042277,469.6348138447414,2786100
2024-03-26,471.271728515625,472.2577115496795,464.4942965594886,467.2703627435159,3113300
2024-03-27,472.0279846191406,474.5455994822641,470.31446988490404,472.60235020075896,2653100
2024-03-28,473.5596618652344,474.67964710406596,468.3904003481814,473.84683007687073,3820000
2024-04-01,468.7733154296875,474.5934816379824,467.8160491365605,473.3394651310619,2928700
2024-04-02,438.56195068359375,443.8651843954112,430.38688915968487,439.95955115516966,11867000
2024-04-03,440.09356689453125,443.0706800585415,436.0826190568302,442.25699792097583,4460400
2024-04-04,435.9198913574219,441.98895562283894,432.6077584507884,441.1274218765806,5182000
2024-04-05,436.2645263671875,438.18864094388476,430.77940926344843,431.43034332451316,5747400
2024-04-08,436.5133972167969,437.66212836853555,434.2063821162436,436.4846803986757,4532300
2024-04-09,440.074462890625,440.11276172224154,433.1247002313878,434.8669319018303,3521200
2024-04-10,430.8177185058594,439.13636560543273,430.55926710257825,436.025249900241,4493500
2024-04-11,422.8436584472656,431.5069065155142,422.6139238905005,431.1431698717854,5844100
2024-04-12,420.43133544921875,423.34140372392073,417.7318376979778,421.5226037488703,6045700
2024-04-15,426.5865478515625,429.19031312360005,423.1020848082483,423.11166681869645,5376800
2024-04-16,448.8525695800781,459.24846665266915,445.7031555529191,456.39580281508853,11816500
2024-04-17,458.52093505859375,467.1459130056276,454.308969554511,458.14761642566754,8759800
2024-04-18,472.1045227050781,480.54761733562816,465.20264179920554,465.35580789201754,8880400
2024-04-19,479.71484375,485.62116019253256,474.3828636905565,475.76132943686594,6618600
2024-04-22,470.2378845214844,478.07789701286254,469.673100970805,476.5079664271538,4697700
2024-04-23,465.4036560058594,473.18623458335685,464.24537212866835,470.0176859216531,3646700
2024-04-24,466.4757995605469,467.9691324698157,460.1674189165387,463.10623311127677,3724400
2024-04-25,472.7554931640625,475.8857724780501,466.6960106944248,468.06489441189933,4329700
2024-04-26,474.1817932128906,475.9814582489192,470.4005802352704,470.9749457679202,2727000
2024-04-29,468.1318664550781,476.0963278732502,466.92570175187785,474.52639735712,2192100
2024-04-30,463.02972412109375,468.7828747577854,461.96714332992724,468.06492502793884,3367500
2024-05-01,463.4221496582031,468.2850785613659,456.68301630071016,458.7794317225408,2729200
2024-05-02,471.9035339355469,472.59276678875574,463.2594210588364,463.58488807098405,3561400
2024-05-03,471.40576171875,471.7312287279325,465.0207831775097,469.88368272113513,2487600
2024-05-06,473.2533264160156,473.7223775629857,470.9750279076762,471.4345262566231,2029500
2024-05-07,479.5520935058594,480.2126095569305,473.8850936525609,474.80406107487596,3752100
2024-05-08,481.7059326171875,485.3339798176805,478.7096846356803,482.6249292339561,3078900
2024-05-09,485.3627014160156,486.2625340203921,480.6816846845609,480.6816846845609,2342900
2024-05-10,490.8957214355469,491.6328351718469,485.3340066549399,487.2485392255708,2784600
2024-05-13,489.87139892578125,492.6761818982237,485.63071664429293,490.16814911257507,2454500
2024-05-14,491.91998291015625,494.11210157866225,485.62115465525534,492.59008096738313,2949700
2024-05-15,495.43316650390625,500.25782609415364,492.8294301885146,492.8294301885146,2981200
2024-05-16,498.9941711425781,505.58969086105674,497.3093732810195,497.7784243710664,3655800
2024-05-17,502.2106018066406,503.37843859695107,497.7880363670891,500.59281949290715,2657200
2024-05-20,495.1268310546875,502.2106250655095,494.4663149687409,502.2106250655095,2476200
2024-05-21,501.1767578125,502.29674301979605,493.87281129655884,496.17027377875894,2521900
2024-05-22,499.0707092285156,503.79008300289246,498.4006696310641,500.47792092232635,2299100
2024-05-23,494.7439270019531,497.99859716065345,493.2122659623637,496.17024435074035,3055400
2024-05-24,486.4540100097656,495.040689562482,485.83176356768996,494.05467726609993,2527800
2024-05-28,482.1558532714844,484.9989351758856,480.4519205309863,484.9989351758856,2912800
2024-05-29,464.0060729980469,472.79376969080334,453.04536333765634,471.30043675792103,7521600
2024-05-30,461.0672302246094,465.2600605895624,457.5732146582966,461.70861139195796,5169700
2024-05-31,474.2009582519531,477.111055713054,461.79479633760195,461.79479633760195,6694800
2024-06-03,476.1825256347656,477.36952643620737,471.99927679731604,473.0139766850222,2795100
2024-06-04,483.88848876953125,486.54968767372986,473.45429288818167,477.2546409231814,3178400
2024-06-05,481.6197509765625,487.3442131923836,477.48435410921564,486.9613125669134,2464400
2024-06-06,480.4710693359375,483.13226823318706,476.02934009576614,482.1271211838686,2419600
2024-06-07,469.7209777832031,481.3708916671651,469.46252641296593,480.5859555456659,3416300
2024-06-10,473.8468017578125,474.2201496240767,465.4132882898654,470.0177366931029,3332800
2024-06-11,475.0146789550781,476.5080120283988,469.3380968742213,469.8837164565682,4599700
2024-06-12,471.9992980957031,478.6331464948946,466.59074938300057,478.6331464948946,4048200
2024-06-13,476.0484619140625,480.5476246670405,463.68059916861563,469.3284638150411,4951700
2024-06-14,475.8761901855469,476.5750050599828,470.7165403252565,475.5985747952302,3188400
2024-06-17,470.31011962890625,474.0496672054145,469.80061738313896,472.3288832919303,2407200
2024-06-18,462.44647216796875,472.64616977287113,460.5142243018901,471.73289713009706,3692700
2024-06-20,465.7822265625,467.1281080609112,459.62011592576664,461.47549964718996,5258100
2024-06-21,463.9269104003906,469.41608074015926,462.0042559155448,465.70537166634887,6368600
2024-06-24,471.0310974121094,471.9059086574693,465.7630139580017,469.95438633809766,5139800
2024-06-25,465.7630310058594,471.6655941288246,462.01386077235907,471.6655941288246,2916100
2024-06-26,465.3208312988281,468.58933794785287,462.8502133262674,465.76303360130055,3153100
2024-06-27,467.6280212402344,470.0698006248116,463.4077806083761,466.2917623053577,2991900
2024-06-28,489.5655212402344,489.7000917988397,470.4831695960087,477.17399899394445,22734200
2024-07-01,475.5204772949219,489.22901208447104,473.8285614303974,487.1525418832403,4523100
2024-07-02,478.9716491699219,479.1927649848065,474.3092357740449,475.1455857343383,3312000
2024-07-03,470.94464111328125,478.8178846435929,467.7049434961616,477.8950186578307,2239200
2024-07-05,469.1372985839844,470.73310526437507,465.7630307073079,470.089003128738,3499000
2024-07-08,470.41583251953125,474.7802660734779,467.3684418281639,470.27163931191365,3450600
2024-07-09,473.0787353515625,476.2415101947016,467.2915559116175,469.44491954743347,3056800
2024-07-10,481.5576171875,482.10558072101486,471.16567271974606,471.9539680482365,3189800
2024-07-11,484.85498046875,489.0560050451055,478.45256702854965,478.45256702854965,3535100
2024-07-12,491.7477111816406,494.67015414198585,483.96095483994714,487.3160067838115,3570600
2024-07-15,495.4391784667969,510.30131762464555,493.92988777027324,503.9661457631072,5128000
2024-07-16,527.6436157226562,528.6529974714771,506.74437336091677,513.2525767893426,11062000
2024-07-17,551.109619140625,551.4268148326762,529.9796099254602,532.5752047884403,10330800
2024-07-18,542.515380859375,559.01172866925,539.7082633810271,542.6691673839925,6834800
2024-07-19,543.4671630859375,547.8604357597648,539.8236951733635,545.1879177798318,4290400
2024-07-22,536.9301147460938,542.4288782232152,535.536178556692,541.2752738363048,3377300
2024-07-23,533.2481689453125,537.2280773320138,531.4312465938074,537.179964035875,2785600
2024-07-24,538.1028442382812,539.4294803302939,531.6331316310415,538.3431760132872,3156200
2024-07-25,538.03564453125,547.8508171738757,536.9782079941334,540.2659308597562,3102900
2024-07-26,547.687255859375,556.7333768704665,538.3431844643386,538.3431844643386,3201900
2024-07-29,544.8321533203125,549.254234667833,540.0351403085051,543.8323942236323,2965000
2024-07-30,554.0416259765625,557.0217163122924,544.1014786273535,544.976319086218,4139100
2024-07-31,553.8783569335938,558.4350979973996,540.5736188645213,543.5729555933766,4713200
2024-08-01,550.619384765625,564.7797152765523,545.1686174378988,554.8780571096335,3680800
2024-08-02,567.0195922851562,568.6634241104482,553.0034264301477,559.8096388766797,5094000
2024-08-05,547.9180908203125,564.126053886062,544.8418319398917,559.6078041562024,4587400
2024-08-06,546.3703002929688,555.1857131183758,540.7754275240102,546.2357590754086,3216500
2024-08-07,544.1881713867188,549.5427714589134,535.4881711050516,544.6976443420093,4320700
2024-08-08,544.3418579101562,550.3117204358663,542.5441808934704,542.5441808934704,2860800
2024-08-09,537.1511840820312,544.0438835285322,536.0648796754654,542.7076246673929,2976700
2024-08-12,543.4287109375,546.9952564920239,539.3526924036237,540.5735969014197,2532400
2024-08-13,552.0325317382812,553.464899903744,546.9951865088324,547.9468910657636,2369400
2024-08-14,557.2525024414062,558.6464385684457,551.1000437777296,552.9938301327544,2344400
2024-08-15,557.1948852539062,560.7806758722317,551.3308123729042,557.2525625431542,2751800
2024-08-16,555.3394775390625,559.1559769492957,551.8979098104558,558.454168210026,2728900
2024-08-19,556.3969116210938,560.7420700933674,554.7530212029222,555.7239709348672,1847900
2024-08-20,558.1947021484375,561.2324705012221,553.2438432437716,557.4255933935208,1677500
2024-08-21,555.7144165039062,560.8286842024837,555.0991530195461,559.0213843888979,2844300
2024-08-22,556.3392333984375,560.4056872390878,548.5525067669865,556.848764964013,2282000
2024-08-23,561.905517578125,562.5784585285471,556.0798755740656,558.5312488383157,2376400
2024-08-26,564.424072265625,569.1922765424484,563.0878133078894,565.308476905563,1800000
2024-08-27,564.6354370117188,569.4325084280781,561.2035509696324,566.6734457274963,1581900
2024-08-28,565.7794189453125,569.9131723320705,561.2900379074283,566.2312731841051,1657000
2024-08-29,568.6923217773438,569.6920809126026,561.770754408906,567.8367265129301,1953200
2024-08-30,567.3753662109375,570.3170253087056,563.9049888498804,567.1830890220797,2944700
2024-09-03,575.52734375,577.4307527728462,568.9326534382313,569.6055941929485,3175500
2024-09-04,580.814697265625,584.4292971534256,574.7583472588252,576.7963563573069,2935000
2024-09-05,572.4607543945312,582.5643131743448,566.8658227616878,580.8243131998078,2144800
2024-09-06,573.7969970703125,577.3827288331312,569.3556699978096,572.826047187947,2926400
2024-09-09,571.12451171875,576.2964571622931,553.0227613411096,575.1813433380182,3411400
2024-09-10,575.8638916015625,581.4107099436081,568.2886281661349,572.1916144600423,2863500
2024-09-11,566.9427490234375,568.5289624651745,556.5796130435757,566.3563534794292,3563600
2024-09-12,565.6641235351562,567.6733231607648,560.6556464729262,565.7699141179023,3395800
2024-09-13,571.3359985351562,574.5660439016943,564.5201627510843,568.2213077406548,2241900
2024-09-16,568.3646240234375,577.6742917956476,567.0332835324367,574.0179632777931,2548600
2024-09-17,557.5789794921875,566.0300195085326,556.0643365266667,565.3450944618842,3416000
2024-09-18,560.1740112304688,563.9075350349754,552.1280866615132,556.5176239143686,2988300
2024-09-19,556.7202758789062,564.2066375381677,554.3180923784247,563.1357357016333,2945700
2024-09-20,554.7232055664062,558.4278177520179,549.5618914677397,551.5395885110225,5398700
2024-09-23,553.189208984375,558.9969381808173,551.8289572185483,556.1606121642767,2386100
2024-09-24,554.906494140625,556.9517297203126,546.0405680740049,550.6906025924453,3188500
2024-09-25,555.9871215820312,560.6178436030739,552.8710424732285,557.4921077109408,2658800
2024-09-26,554.5399169921875,556.2667732941255,550.7774229088774,554.7232191938424,2751900
2024-09-27,561.3316040039062,566.0202655975463,556.2571422324178,557.3086714717364,2986200
2024-09-30,564.0618896484375,565.7405210226354,558.3313549224547,562.9235081289563,3009700
2024-10-01,562.73046875,567.9400664413776,560.2897174116939,564.3705316441603,2648400
2024-10-02,571.4228515625,583.202300840774,563.6470807541358,582.951460027146,3667000
2024-10-03,571.84716796875,572.3102223284885,563.7626769357671,569.7826191435781,2645800
2024-10-04,570.3519287109375,575.1080700727512,567.6892479589385,571.2491261151438,2462600
2024-10-07,562.9813842773438,571.5482453751409,562.7595138215289,568.0269351313409,2591100
2024-10-08,561.0711669921875,568.4321072204594,559.12238147267,567.322637291805,2231400
2024-10-09,570.3712158203125,571.8955152574226,560.1353805226494,561.6307096146805,2207700
2024-10-10,576.6227416992188,577.8286617467398,571.8569433161031,574.1915880409156,2143200
2024-10-11,576.9603881835938,580.308052926664,575.1756500279562,575.4554022871919,1909700
2024-10-14,584.0512084960938,587.1672869898434,576.3140067939261,577.9829812615534,2447100
2024-10-15,536.6729736328125,549.610116497135,523.851653261841,532.5535909117477,11939400
2024-10-16,551.1922607421875,555.8615497417622,535.5442130947313,537.3675781627132,5103900
2024-10-17,546.069580078125,549.3882155956394,539.0173029549586,540.8117567767515,5588700
2024-10-18,549.5233154296875,550.8160877112821,543.1849921908951,546.8606343741782,3687000
2024-10-21,551.317626953125,558.8522712756837,548.6453484028696,549.5522025542585,3018000
2024-10-22,549.7644653320312,552.8323188716724,545.5485735500841,547.8253364714055,2593800
2024-10-23,544.7285766601562,553.8935691226433,540.2521872623921,551.9544402435403,2911900
2024-10-24,541.0336303710938,551.5396202530287,540.5512623384923,545.0662200577036,2590200
2024-10-25,544.6513671875,551.3466375473242,543.7348561884176,546.1949212723022,2513700
2024-10-28,545.3074340820312,548.2884945959937,542.9631323805204,546.2818269827571,1826500
2024-10-29,542.3070068359375,547.6612794096072,540.8888144160055,542.9726769753325,2600300
2024-10-30,543.1078491210938,550.1986358124531,541.1687201635956,541.4581292133375,2323600
2024-10-31,544.593505859375,548.4042250728639,541.1011660328685,541.1011660328685,2490000
2024-11-01,547.5455932617188,550.2179309777472,544.0146852073021,545.191634931169,2548300
2024-11-04,538.100830078125,548.5392809068492,535.8336650957058,546.7544839356493,2656600
2024-11-05,547.0342407226562,548.6839014721418,534.8496212590978,538.592801364923,2608100
2024-11-06,575.6483154296875,584.1476370754228,570.0142313866171,582.604083057415,6591300
2024-11-07,584.0994873046875,586.2122617326844,575.1274532931407,577.5778618051969,5254300
2024-11-08,594.0941162109375,597.9434037044484,583.8582806521817,587.5242659372961,3875800
2024-11-11,603.2012329101562,608.4879677763275,592.2707566566786,595.1457102101048,3003200
2024-11-12,592.9942016601562,602.4582585236532,592.1356314564777,597.7310879234528,2809400
2024-11-13,584.5046997070312,591.392930105669,581.7937934195435,591.3832733226992,3409400
2024-11-14,572.233154296875,584.6299877446063,568.219819756466,582.1988342996049,3079200
2024-11-15,571.3456420898438,577.8093857412648,569.1460743992566,571.0465762539318,3423900
2024-11-18,568.8566284179688,573.1882838077811,564.6793048858136,568.6540126521547,2577100
2024-11-19,556.6526489257812,566.1456766807163,556.4307784974782,562.1709103532897,3198300
2024-11-20,579.3240356445312,581.3885850574725,561.0422745333065,562.1614013983558,3928600
2024-11-21,576.4201049804688,582.7005457809138,575.6868961969778,578.8416017691196,2722900
2024-11-22,570.0335693359375,580.057190749184,567.9111383082662,577.4523917098973,3197900
2024-11-25,584.466064453125,588.3346654798481,574.0276132048398,576.5069919481006,5146200
2024-11-26,585.39208984375,587.0128391293512,577.7610545970267,586.7909687094367,2693600
2024-11-27,586.9261474609375,595.6763108678884,585.3053978948027,589.4827216539417,2269800
2024-11-29,588.6819458007812,594.0651894132648,585.2281742762173,587.3312917861116,2010800
2024-12-02,587.0611572265625,592.3478915529721,579.5844533836707,592.3478915529721,3364900
2024-12-03,583.88720703125,594.0362495774543,583.4916911413518,589.3090191661387,2329900
2024-12-04,589.2510986328125,600.8665581203329,585.5657999318562,589.4730279600515,4147600
2024-12-05,558.55322265625,587.5146187594361,553.6524057419427,584.2827764290424,5943700
2024-12-06,530.2382202148438,561.5824848881103,524.9514855320151,561.5824848881103,13003600
2024-12-09,542.9248046875,545.2103003837328,527.4492100771212,534.5768877274066,7684700
2024-12-10,547.3504638671875,549.8296582003187,539.4480504017865,544.261149993094,5360600
2024-12-11,516.6898803710938,540.484309759727,515.8569801775415,538.1213226731015,10363000
2024-12-12,499.4806823730469,517.1449498545126,497.96023038998635,514.7529407245319,9403800
2024-12-13,504.0516662597656,510.87918891650395,494.5997488234635,499.3644680428972,8202900
2024-12-16,482.7655029296875,505.2332372548677,480.42187404395673,501.6500110683613,8880000
2024-12-17,470.1951599121094,479.95701391343334,460.801345970726,471.62845620914123,14132700
2024-12-18,483.94696044921875,490.55170271835874,470.66001401541695,473.0133069924551,10147600
2024-12-19,473.8074645996094,487.752941550745,470.89246184954123,484.353750200077,7418100
2024-12-20,484.3440856933594,486.77487043561433,473.30391700362765,473.8462390056262,10956900
2024-12-23,490.3580322265625,492.72101916113115,483.29812332966145,484.9541706805335,4286000
2024-12-24,490.1255798339844,490.1255798339844,484.7894867719434,488.4792264282395,1824400
2024-12-26,495.01617431640625,496.0523786238601,488.7988302543698,489.6897750378188,3387000
2024-12-27,493.8927917480469,496.982105737808,491.77191400449726,493.3408055489962,3471800
2024-12-30,491.7719421386719,493.6410466620811,484.8573223133883,490.86160965080677,5408600
