Date,Close,High,Low,Open,Volume
2019-01-02,126.06810760498047,126.84584438658264,122.91925775004526,123.29863236844719,8788000
2019-01-03,121.5250244140625,124.51263910684678,121.2879044413156,124.44625506613818,9428300
2019-01-04,126.76046752929688,127.65201376493401,123.4219305038734,123.71594799175087,11065800
2019-01-07,129.04623413085938,130.09901526579316,127.13035915682764,127.51922752022953,12928000
2019-01-08,129.74806213378906,131.0664080632537,128.95136699775495,130.85774774588148,9243000
2019-01-09,131.2751007080078,132.28993570858302,130.5258163459614,131.1707705236297,9987600
2019-01-10,131.52171325683594,131.66398960619983,129.33079351545675,129.75759361911764,12514900
2019-01-11,130.94314575195312,131.4553174081564,130.32665837667912,130.64912825075433,5860100
2019-01-14,130.03262329101562,131.00952655356832,129.60580881116016,129.92829311383952,8666700
2019-01-15,130.2602081298828,130.6206240061418,128.277949754875,129.89980672583215,7594900
2019-01-16,130.2602081298828,131.71133645916683,130.00413687568562,131.26556349817545,7258000
2019-01-17,130.20335388183594,130.80088265101955,129.5489203674375,129.90933638341667,5864900
2019-01-18,131.36041259765625,131.4552634497869,129.59629384236618,131.1802046619329,10263500
2019-01-22,130.93362426757812,132.32784797818726,129.91877505457023,130.7913479768206,8102300
2019-01-23,129.94725036621094,131.81569976488365,129.13158202733752,131.61653318374465,5465800
2019-01-24,130.60169982910156,131.1897492903129,129.48253459556238,130.042117212332,4924800
2019-01-25,131.52171325683594,132.6883040660998,130.60171452536795,131.83470385877803,9756300
2019-01-28,128.9797821044922,130.4214163707286,127.86060304621867,130.4214163707286,9857200
2019-01-29,128.04086303710938,129.64374726772033,127.1967423707902,129.54889639510463,7457700
2019-01-30,130.5068359375,130.79135959988102,128.52456276557766,129.084159736752,8078100
2019-01-31,128.05029296875,128.73317846612127,126.4284507666475,127.46225830742695,20095700
2019-02-01,132.92539978027344,133.1151015550748,128.287475041765,128.41077830094318,13248300
2019-02-04,134.205810546875,134.22478361825324,132.00539737781872,132.5839530410436,11882700
2019-02-05,135.1826934814453,135.58104108701303,134.51878080549912,134.68001570735672,8455700
2019-02-06,134.19631958007812,135.07837194760245,133.77899887931795,134.6420926493254,6146900
2019-02-07,132.9443817138672,133.78850256803113,132.0338768118686,132.70726895177378,10675300
2019-02-08,133.14349365234375,133.16245224347045,131.3793750396935,131.5406098975123,5950700
2019-02-11,133.54193115234375,134.95511417069517,133.20996744520232,133.97821059760858,7600100
2019-02-12,134.6705322265625,135.43877504716926,133.96867343538312,134.48083049171748,6090000
2019-02-13,136.09324645996094,137.24086412674149,135.50519696748577,135.52417004071776,6885600
2019-02-14,136.01724243164062,136.32126895599362,135.29515225353882,135.84621573249456,6314000
2019-02-15,137.67994689941406,137.67994689941406,136.64433421479043,137.33790795341739,6536000
2019-02-19,137.23338317871094,137.65143235221166,136.83434019422603,137.21437698969515,8406700
2019-02-20,137.50889587402344,137.613408158425,136.35927524307957,137.1478652985689,5283100
2019-02-21,136.81533813476562,137.79394668523713,136.03624383382137,137.14788121394426,8573400
2019-02-22,138.59194946289062,138.9814963794653,137.2142987430789,137.2142987430789,9680800
2019-02-25,138.77256774902344,139.85568869369118,138.53504109889914,139.58016415843653,9731200
2019-02-26,139.70362854003906,140.04566739911922,137.78442418947964,137.95543637028368,7332500
2019-02-27,139.87464904785156,140.13118180521295,138.63950797246764,139.1905713598688,9731200
2019-02-28,140.72972106933594,141.39480698540487,139.88412715908763,139.9126291843512,6250200
2019-03-01,142.01242065429688,142.44946152860234,140.97680804183958,142.00292480832493,7016800
2019-03-04,140.57777404785156,142.69650763320413,139.61815713669034,142.58249948434366,6979700
2019-03-05,140.56825256347656,141.8413917831052,140.4542444236515,140.61576078756187,9678600
2019-03-06,140.43521118164062,141.10979303976424,140.0646703011141,140.61573369990492,8186400
2019-03-07,139.50405883789062,140.43515861266823,138.75346701633615,139.91259743895304,8761700
2019-03-08,139.99813842773438,140.1216423613916,137.290330267078,138.1834323129778,5168100
2019-03-11,143.15249633789062,143.4375310912591,140.63472076098682,140.72022683775643,9361500
2019-03-12,144.1596221923828,145.49927553017483,143.3425302094889,143.46604866541156,9465100
2019-03-13,144.86268615722656,146.35434527720298,144.45413297317688,144.70116985108066,8308900
2019-03-14,146.50640869140625,146.97196606146653,144.70121227234958,144.94823472520224,9364900
2019-03-15,147.70355224609375,148.99569757306202,145.70832294060017,146.05036183589982,20162000
2019-03-18,147.22848510742188,148.60613640356743,146.71541956425423,148.1405790769853,9689400
2019-03-19,146.876953125,148.16909848128796,146.44940812054256,148.16909848128796,9236100
2019-03-20,146.07882690429688,147.14294119930364,145.0907228442863,146.63938607774008,6391400
2019-03-21,148.0265655517578,148.8626492437594,145.66079562789176,145.67030596934507,7027100
2019-03-22,145.4327850341797,147.91254867443456,145.2237604787029,147.2569874749544,8119800
2019-03-25,145.39474487304688,146.3733530605265,143.97908147197433,144.75817548393184,7568000
2019-03-26,147.55152893066406,147.83656375423698,146.0978672776629,146.0978672776629,15594400
2019-03-27,146.5254364013672,148.0836105964401,145.708344171178,147.71306961399824,12253800
2019-03-28,146.9529571533203,147.34250426202883,145.94584667517506,147.19997960160035,16902200
2019-03-29,148.39707946777344,148.49208138274238,147.19993645991818,147.9600242670152,12164400
2019-04-01,149.41372680664062,149.86027797312863,148.73915938320428,149.67025959318065,6420100
2019-04-02,149.9077911376953,150.25932587706933,148.92918267608098,149.7937830054602,6215100
2019-04-03,150.55386352539062,151.1714268741058,149.97429805303074,150.63936962029464,8209300
2019-04-04,149.77474975585938,150.77236422508554,148.72013123081533,150.62034374459049,5100200
2019-04-05,149.78421020507812,150.71532455498317,149.38516741117635,150.11675311539673,4178300
2019-04-08,149.87925720214844,149.97427362376874,148.52061225729514,149.68923885637832,5604700
2019-04-09,149.63221740722656,150.10727046516084,148.66310510974938,148.74861118078505,6364100
2019-04-10,150.64886474609375,150.85788930873247,149.66076049337028,150.10731165014639,3918600
2019-04-11,149.9837646484375,151.35191988998062,149.5847217858991,151.17139739318395,5771400
2019-04-12,151.67495727539062,151.67495727539062,149.98376935361463,150.7913654443655,6745100
2019-04-15,152.4351348876953,152.47313278020025,151.2475014065801,151.85556916901194,8142800
2019-04-16,152.2355194091797,153.06212169969828,151.5894541220781,153.0051031471857,6021400
2019-04-17,152.4351348876953,153.03370680137067,152.31161636646604,152.84367384640902,4609100
2019-04-18,152.1690216064453,153.0621238076555,151.06689486888934,152.90059298618476,7859400
2019-04-22,152.39700317382812,152.47301339680246,151.1333748970994,151.2568788241485,4602600
2019-04-23,153.59417724609375,153.8032017773418,151.89347896889092,152.96710365234955,6522900
2019-04-24,153.4326171875,153.9456680286466,152.63451716048704,153.67963951879776,7376500
2019-04-25,152.98611450195312,153.53717787409744,150.6393508729381,152.51106137053262,8862500
2019-04-26,154.80081176757812,154.8958281961171,152.39704399975233,153.21413599378408,7525400
2019-04-29,155.9599609375,156.29250397899781,154.96236080795308,155.0668730926404,10003600
2019-04-30,156.22598266601562,157.43262180907308,155.74143363886938,156.7485440663533,6432700
2019-05-01,154.66778564453125,157.4706106000178,154.62978777450286,157.28057775746447,5248100
2019-05-02,153.08114624023438,154.94336125693118,152.4255704716142,154.01226099731971,6054900
2019-05-03,153.95518493652344,154.62027079962277,153.1380931166145,154.20222179909237,4317500
2019-05-06,154.18324279785156,154.53477747505428,150.30680751522178,150.31631785620846,10442400
2019-05-07,152.2165069580078,153.7081660188448,150.76283126538954,152.91957620424267,6413600
2019-05-08,152.73902893066406,153.63213085277653,151.56090681848713,151.79843330851847,5445900
2019-05-09,151.8364715576172,151.87448392471495,149.32819173556467,150.93387355489392,6813700
2019-05-10,152.6916046142578,153.34716584676195,149.42323630667337,150.9339019903328,5192500
2019-05-13,149.480224609375,150.8008717749084,148.61562440455498,149.34721030843897,9730000
2019-05-14,152.2165069580078,153.461143648204,150.0597620191547,150.2117824768423,9756700
2019-05-15,154.66778564453125,155.01933480527853,151.16190585996148,151.37093038879377,7547000
2019-05-16,156.88491821289062,157.5795728940119,154.97227289747602,155.53369419884797,9745500
2019-05-17,156.1427459716797,157.19898673710478,155.29585126929533,155.38148888060164,4582500
2019-05-20,155.55271911621094,156.76121374149565,154.46793289533596,155.43853567815015,4747400
2019-05-21,155.92384338378906,156.8754108365109,155.28629493283748,156.60897311133016,9095700
2019-05-22,156.28546142578125,157.60813975461144,155.53371492161685,155.67645876760983,5416400
2019-05-23,153.6876983642578,156.2949991634166,153.03112882922025,155.58132336814987,6138000
2019-05-24,154.76296997070312,155.4956811644033,153.88752943007404,154.86764299837458,4105600
2019-05-28,155.7811737060547,157.7414010858643,155.4195732892761,155.48617548618273,10202300
2019-05-29,154.84860229492188,155.58131346361955,153.65914271186668,155.3910028342848,6456000
2019-05-30,154.8771209716797,155.58128614833595,154.0968431724688,154.91519180272476,4750600
2019-05-31,153.51637268066406,154.27762951600417,152.78366170616965,153.11671610905796,5079000
2019-06-03,150.91864013671875,154.94376736507246,149.15823411753502,153.71623692451695,8034600
2019-06-04,154.46795654296875,154.50601285489316,150.96618053543443,152.52675068015952,6684800
2019-06-05,157.37977600097656,157.3892864505375,154.8105462018,155.58131368957595,7769300
2019-06-06,158.8356475830078,159.29239592387216,156.95154797214545,157.8460237578404,13738500
2019-06-07,161.81405639648438,163.29849937439974,159.6730295199293,159.86334011611396,10528800
2019-06-10,162.54681396484375,163.6886923885701,162.25181575858448,163.5174026391366,7565900
2019-06-11,162.06150817871094,163.8409353017368,160.2630456343269,163.62207877532052,6082900
2019-06-12,163.27947998046875,163.30802584670909,161.48101780848108,162.12809132272366,6772000
2019-06-13,161.14797973632812,163.8599386990812,160.54848749877132,163.80284696593662,6901400
2019-06-14,161.44293212890625,162.37546413593603,160.66263987421132,161.54760512600515,4999900
2019-06-17,161.34783935546875,162.16618827220933,160.84350956582577,161.50960414462094,6410200
2019-06-18,161.0813751220703,162.40405361166157,159.43516710720246,162.38501819259517,6969300
2019-06-19,162.42306518554688,162.90835940221618,161.01474929656604,161.18602448370757,6323900
2019-06-20,165.32537841796875,165.51568905515748,163.4317534564792,164.1549396857048,11474100
2019-06-21,165.03988647460938,166.34352943718244,164.77344870882465,164.87812172536644,11728200
2019-06-24,165.4300537109375,166.26742342998477,164.35477754243402,166.14372949999284,5554900
2019-06-25,162.98446655273438,166.46720679503554,162.3278827097044,166.34349838409756,9899900
2019-06-26,162.77517700195312,164.04076385190436,162.54681003459274,163.08919610184523,7129900
2019-06-27,162.93690490722656,164.05023718049492,162.07098948564115,163.78379943235043,5873400
2019-06-28,165.14453125,165.14453125,162.2612830835,163.63154251307756,8442700
2019-07-01,165.5156707763672,167.03817022551013,164.37379255956768,166.8383491604491,6103200
2019-07-02,166.790771484375,166.82884232029446,164.90667165991167,165.66792866083483,5238100
2019-07-03,168.3037567138672,168.41795469927513,167.20945978211174,167.4758975484482,4066600
2019-07-05,168.10391235351562,168.45598767029122,166.05803358579735,167.34265547528946,5840400
2019-07-08,167.65673828125,168.05639502745433,166.90499156452034,167.7614113233349,6720300
2019-07-09,169.12208557128906,169.2743398541084,166.80978354501156,166.93347744500565,4894300
2019-07-10,170.62557983398438,171.5295661277847,169.9309395686139,169.9309395686139,5110600
2019-07-11,171.9862823486328,172.1765929083531,170.7682773427052,171.39630073780555,6986600
2019-07-12,171.59617614746094,172.56677910332598,170.25446243196637,172.56677910332598,7196700
2019-07-15,171.8245849609375,172.30036880651386,171.22509266918468,171.81505999137275,4490400
2019-07-16,170.62557983398438,172.11954789870921,170.0736688971938,171.63423914199961,6800200
2019-07-17,170.47332763671875,171.48200147692683,170.34010875514699,170.8634738326679,3994200
2019-07-18,171.7864990234375,171.87213662336936,169.9309450927335,169.97852637706322,4736300
2019-07-19,170.5590057373047,173.03307313192752,170.46384315606977,173.03307313192752,5327100
2019-07-22,171.8245849609375,172.2147166792844,170.46383561230834,170.9396194578847,4862100
2019-07-23,172.13856506347656,172.4906549326208,170.38768424527274,172.12905461503377,7193000
2019-07-24,174.45089721679688,174.54604526895307,170.56849950248508,172.0339072796654,8169300
2019-07-25,172.795166015625,175.07893708665264,172.51921778592464,174.96473909525074,6085800
2019-07-26,174.7935028076172,174.91721127594354,173.38518643808925,173.5754971064406,5056300
2019-07-29,174.3367156982422,175.15506445875138,173.87995277160678,174.98377473132058,4621800
2019-07-30,172.7380828857422,174.49848893321172,172.49068051162402,173.69916103265544,5236600
2019-07-31,169.3790283203125,173.2328799023408,167.53298490197304,172.98546304023208,7981200
2019-08-01,170.49234008789062,173.56589891855356,169.5407726277675,170.51137550262789,8417300
2019-08-02,168.8271026611328,169.63594083710987,166.22932747392528,169.37901354877624,8264600
2019-08-05,160.68177795410156,165.09705302777078,158.8928254132937,163.67921143747353,16858300
2019-08-06,164.12640380859375,164.57364181909037,161.89022827588235,163.46981972851265,10281300
2019-08-07,166.82884216308594,167.21897385239012,162.09002495968397,163.19384688399387,8292800
2019-08-08,171.18698120117188,171.23456247839076,168.01827431908825,168.86516878242253,7602800
2019-08-09,170.37814331054688,171.37729196946754,169.23626535168012,170.96811044334538,5373700
2019-08-12,167.79940795898438,169.99752654108985,167.09525730795664,168.84613800749537,7394400
2019-08-13,169.95948791503906,170.2544715449224,165.77259632486883,165.94387152166465,6667700
2019-08-14,165.10650634765625,168.665374771648,164.77346636462408,167.7042966220695,7293500
2019-08-15,167.97486877441406,168.68957433138496,165.35428173218745,166.05944857567013,6698000
2019-08-16,169.84259033203125,170.33812348994874,168.86106272776627,169.6234180767042,8312200
2019-08-19,171.2815399169922,171.92953251229963,169.73776633627241,171.92953251229963,5285000
2019-08-20,170.80508422851562,172.12967112625225,170.09037875403786,170.98613073451176,3793600
2019-08-21,172.4250946044922,173.13980013786502,171.7580390148218,172.18685942670123,3695900
2019-08-22,171.61508178710938,173.74967412277508,170.2047336667749,173.38755201510946,6659900
2019-08-23,166.98379516601562,172.00579673773822,166.04039317695052,171.10050597884174,7051900
2019-08-26,169.2327117919922,169.3089487822332,167.0981342281208,168.10824890255554,7754400
2019-08-27,169.9855499267578,170.75742949099117,168.61331312780086,169.92837581692123,4022100
2019-08-28,170.26193237304688,170.56688041106887,167.74616922225655,168.66099879559974,4401900
2019-08-29,172.64425659179688,172.85390469899704,170.8717863931993,171.91048821659626,4679200
2019-08-30,172.31076049804688,173.60674601238077,171.21486986593573,173.42569947662352,4061200
2019-09-03,170.7669677734375,172.72049908502612,170.67168242940934,172.02485645666482,4644000
2019-09-04,173.21600341796875,173.62576086445142,171.57694455060116,172.38693527296869,4154800
2019-09-05,176.0366668701172,176.9419572949164,174.75020612141805,175.08372651965155,6386800
2019-09-06,176.99920654296875,177.92356016271967,175.86520481106476,176.04626586617155,7990900
2019-09-09,173.0063934326172,178.247567477699,171.06238618945542,178.12368052905703,7290500
2019-09-10,168.05105590820312,171.24339772422016,165.63057899742026,170.9670513887837,15255200
2019-09-11,166.74551391601562,169.5566853024366,166.24045664669023,169.05162803311123,9113600
2019-09-12,169.6043701171875,170.9670827861813,168.36554438375316,168.52755708750948,7748800
2019-09-13,168.9278106689453,170.35722179263414,167.736634732538,170.24285901504814,6103200
2019-09-16,167.8223876953125,168.8610895712422,167.25061745753626,167.8795618109459,4253600
2019-09-17,168.14637756347656,169.87119784196912,166.80272773499587,168.50849966949224,5924700
2019-09-18,167.0409698486328,168.84202720017745,164.696743856195,168.75626602646608,9542500
2019-09-19,167.67947387695312,169.06123516433365,167.34593877208889,167.9081703687704,6964500
2019-09-20,165.86883544921875,169.27084030799745,165.76401140352397,169.05165350472333,12820400
2019-09-23,166.67884826660156,167.00284458944165,164.658604253208,164.76342830362333,8803500
2019-09-24,166.26905822753906,168.86105761095425,165.2398807187667,167.82235593161934,10039900
2019-09-25,167.0314483642578,167.4030946637091,164.2774502630106,165.62110016899663,7797300
2019-09-26,167.3839874267578,168.14634270947826,166.39293573772358,167.3839874267578,10419000
2019-09-27,165.81166076660156,168.50848435039296,164.24883879847616,168.38459742207738,9212600
2019-09-30,163.91529846191406,167.1934162742509,163.91529846191406,165.97365353580727,16464000
2019-10-01,166.08802795410156,166.59309990180176,164.68721850468182,164.87780373624958,8146200
2019-10-02,161.83786010742188,164.80150515414786,160.6562088480952,164.51562014326223,10596200
2019-10-03,164.73483276367188,164.99213079066132,160.69437402642325,161.9141368007684,7242800
2019-10-04,167.6984405517578,168.21303648917464,166.23091879465713,166.45961517509485,6027600
2019-10-07,166.6693115234375,167.42214276914748,165.62108554761974,166.4406150767166,5248300
2019-10-08,164.30606079101562,166.4215906564525,163.7914791262418,165.40195150081274,5336500
2019-10-09,166.65023803710938,167.70800256576652,165.46858659135611,165.9164697862382,6277300
2019-10-10,166.65023803710938,167.62222687046722,165.4209366585716,165.7068217145607,4762400
2019-10-11,168.72769165039062,170.7669843315573,168.5275822300236,168.54663057624367,8754400
2019-10-14,169.01351928710938,170.01410967067434,168.77528417391378,169.0325821675659,7240900
2019-10-15,170.338134765625,170.98612740364942,169.19460893688085,169.74731623792982,4400200
2019-10-16,169.4995880126953,169.8712343706269,167.97489134406067,169.54723796437347,6509000
2019-10-17,169.56622314453125,170.75739868697545,169.14692702707617,170.47151364864544,4887900
2019-10-18,167.4412078857422,169.81402079642854,166.33579324278577,169.52813569349564,6311900
2019-10-21,168.1273193359375,168.4132044517258,166.392974837405,167.7175618178604,4898200
2019-10-22,162.81942749023438,169.42329870615112,162.7431904992244,168.67048204859645,10094700
2019-10-23,163.25778198242188,164.06777272537585,162.17141579648566,162.94330985608016,7122300
2019-10-24,167.87001037597656,168.54659002205463,165.23988515821168,165.25894804056733,7872600
2019-10-25,169.4805145263672,170.7193258419097,165.3352165375239,166.6979148009093,10130100
2019-10-28,171.37680053710938,171.70079678804655,169.9569286265308,170.50962127073336,10086500
2019-10-29,169.27084350585938,171.5293080758275,169.0230696436893,171.33872286388717,7572800
2019-10-30,170.8146209716797,170.9766191462642,168.08920998012613,169.4233211477169,5374800
2019-10-31,170.44300842285156,171.24347528187926,169.6330028488462,170.81465478888043,6830800
2019-11-01,172.4155731201172,172.7872339937021,171.1100488683978,171.6532321075855,7000200
2019-11-04,170.5287322998047,173.81637474772324,170.3953211858252,173.51144129036473,7154800
2019-11-05,168.07009887695312,171.10998117319423,166.93609743947462,170.64304966885626,7447500
2019-11-06,168.4513397216797,169.80451383595127,167.85098239874048,168.07015469889217,6992500
2019-11-07,170.03321838378906,172.14874810338046,168.52758472962168,169.0040551251923,7227200
2019-11-08,170.54779052734375,171.0051979712505,169.43285170366573,169.98555902954996,3894100
2019-11-11,171.0909881591797,171.87240660991318,169.81405095213626,170.0999361058369,3617300
2019-11-12,171.2815399169922,172.5394138834732,170.46201046128527,171.47212511909916,6118700
2019-11-13,170.96705627441406,172.36787995365958,169.52810683288385,170.95751756348395,6138300
2019-11-14,171.5779571533203,171.59705196390826,169.96478793785099,170.86205468953733,9811000
2019-11-15,171.5970916748047,172.46570912908754,170.93845892529228,171.8452660095889,7808800
2019-11-18,171.4921112060547,172.1221090860043,170.84301850896418,171.40620637653737,7173700
2019-11-19,174.460693359375,174.6611379290313,172.00752681540817,172.18889113609995,8549900
2019-11-20,173.40113830566406,174.89021320911587,172.15069757430578,174.02158132707766,6040500
2019-11-21,171.7115936279297,173.54430220801143,171.1675153231752,172.9333993479842,5112200
2019-11-22,171.3107147216797,172.26525148858485,170.24163820356992,171.94071248345514,6865600
2019-11-25,172.7425079345703,173.10523654175176,171.92160578915772,172.1984150237981,5457800
2019-11-26,174.25070190429688,174.60387587194018,172.97162604276195,173.21026025118607,7079000
2019-11-27,175.98789978027344,176.15016924662646,173.97382706895812,174.6801893622642,11452700
2019-11-29,176.12159729003906,176.44615090386588,175.0238856865892,175.56796414301346,3139100
2019-12-02,173.52523803710938,175.98794472286892,171.6925291334204,175.86386484342518,6883200
2019-12-03,173.63023376464844,173.85932783436343,171.4920807076099,171.72116021224954,4543300
2019-12-04,172.38934326171875,174.3556866407061,172.26524882311713,174.3556866407061,10650400
2019-12-05,173.62069702148438,173.75433159015176,171.88344762880854,173.00979405542273,4638600
2019-12-06,173.88796997070312,174.94750641874805,173.0957026658519,174.43206294689622,14526700
2019-12-09,174.60385131835938,174.92839030055973,173.05750652604954,173.63021980668415,10233100
2019-12-10,173.97384643554688,174.8233834804776,173.63021265528985,174.2506702234316,8625700
2019-12-11,173.73521423339844,174.75657546253396,172.95250173707032,174.74703533925114,7138800
2019-12-12,174.3365936279297,174.99522632411737,172.60888441913306,173.40115167939686,11192100
2019-12-13,176.72296142578125,177.08569010930873,173.76389120401745,174.20298458750213,8558100
2019-12-16,177.77293395996094,178.32656703646194,177.32430051115972,177.8588387739675,8249900
2019-12-17,177.0856475830078,178.28835854708467,175.73020725569378,178.02108944395647,10208700
2019-12-18,176.4938201904297,177.9638147831355,176.4938201904297,177.08564281577316,8968500
2019-12-19,178.05931091308594,178.0975005463862,176.1120620020229,176.1120620020229,5854200
2019-12-20,179.45294189453125,179.615211423967,177.83023203509623,179.0711329505739,11259500
2019-12-23,178.57473754882812,179.84427317848102,178.49837286075783,179.59608430098385,5831700
2019-12-24,179.04246520996094,179.4720038344969,178.41246745926827,178.59383177220175,2420900
2019-12-26,180.56016540527344,180.57924565239233,179.16653541666568,179.34789971981402,5237000
2019-12-27,180.77969360351562,181.25696192334803,179.9015216428328,181.1137872534276,5448600
2019-12-30,179.29061889648438,180.86559852695999,178.6128914732349,180.70332904591675,4833600
2019-12-31,179.35745239257812,179.45291189514816,178.0592818090315,178.55564500526037,5273000
2020-01-02,182.43104553222656,182.45014034403798,180.14016332736807,180.40743243243244,8733000
2020-01-03,180.98016357421875,182.27833406472013,179.3765343494469,179.8442625743958,4899700
2020-01-06,180.58885192871094,180.60794674635866,178.65114304219912,179.45295060246366,10109500
2020-01-07,180.11155700683594,181.457457434426,180.02565218764752,180.9706343288726,4392300
2020-01-08,183.1946563720703,183.7482893292867,180.21650694090704,180.8751395032002,5712000
2020-01-09,184.4642333984375,185.1037712955286,183.7674256247525,184.22559920257925,6748000
2020-01-10,184.9605712890625,185.72420352430805,184.33057360260443,184.70284231458902,6586400
2020-01-13,186.4496612548828,186.70739025025372,185.44739477517345,185.600124147621,11290500
2020-01-14,187.13697814941406,187.99605560679385,186.26834600056839,187.79561099710853,6236500
2020-01-15,190.71646118164062,191.05054033245491,187.39467709782582,188.04375514974575,10831100
2020-01-16,191.81419372558594,192.3391919516208,190.69738726206327,191.8619234852396,9983700
2020-01-17,195.39364624023438,195.44137598499137,190.88823215854913,192.58730620337153,12518900
2020-01-21,197.8658905029297,198.9158866160095,194.53456700475226,194.8495658386762,14861700
2020-01-22,198.44822692871094,200.57685482318172,197.86595880411457,198.07595809922003,8065000
2020-01-23,197.13095092773438,198.9254702704179,195.96641482568725,198.44820185367976,8520800
2020-01-24,195.68002319335938,198.5340931653136,194.9259456101737,197.99000025593062,7812900
2020-01-27,192.5205078125,194.08594740536745,190.04826127490537,190.90733847199976,7198900
2020-01-28,193.62779235839844,194.5727744524122,192.60643100882044,193.18869902935663,7215700
2020-01-29,195.5464324951172,196.55823929204672,193.30326492450746,195.011894154481,7041700
2020-01-30,198.74411010742188,199.0209193660124,194.07642581856302,194.72550384012723,8571900
2020-01-31,189.92417907714844,194.70640297046987,189.24645157328763,192.32961577505128,16699600
2020-02-03,191.68051147460938,193.06458676993716,190.76416440345852,190.8500692104275,10885900
2020-02-04,194.30552673339844,195.60369748463376,193.03599092361793,194.24825685048873,10205900
2020-02-05,193.58956909179688,196.2527344114346,190.85959378276274,196.1572749236421,8672400
2020-02-06,193.80911254882812,195.326836872531,193.27457436202067,193.81866723685388,7001200
2020-02-07,193.52279663085938,194.5632382502274,191.94780216729356,192.7973393391288,5691100
2020-02-10,196.62503051757812,196.7586650800714,192.6827890764141,192.78778870159275,6239500
2020-02-11,194.668212890625,198.22863062955443,194.3818489735499,198.06636114172912,10231900
2020-02-12,198.0091094970703,198.6868224459518,195.68003745258846,195.68003745258846,7355800
2020-02-13,198.25759887695312,199.28043922952443,196.96711695189126,197.51198320838404,9495300
2020-02-14,201.020263671875,201.48866938104482,198.84076882942577,199.10842506718822,6548800
2020-02-18,201.89013671875,202.17691540251232,200.13124885138996,200.7430365698704,7651500
2020-02-19,203.90707397460938,204.72916487555273,202.38716630689416,203.15190440319407,5927500
2020-02-20,202.1291046142578,204.27036879585577,199.0988426101652,202.7791372315623,8531900
2020-02-21,199.60549926757812,200.95334893107653,198.2767720734956,200.64744776510366,9231500
2020-02-24,190.0271453857422,194.78763285333537,185.45785340096057,189.1668240577599,13316800
2020-02-25,180.09518432617188,191.07870197074823,179.44516622504307,190.02718494107458,18539000
2020-02-26,178.95761108398438,184.97988940701825,178.78553807083554,181.62461880537077,14214700
2020-02-27,172.0749969482422,178.1259667776965,172.06544300798458,174.09198689139365,17536600
2020-02-28,173.74786376953125,174.2927446999291,165.35489459091175,166.1291867878611,22659000
2020-03-02,183.8519287109375,183.95708039907754,175.02879919216176,178.1068599691687,17434500
2020-03-03,177.5428924560547,185.48657972679493,176.3671157683934,184.68361099308336,15226400
2020-03-04,185.7255401611328,185.91673567543288,177.96348070692085,181.96878460108792,10789100
2020-03-05,178.71865844726562,183.46000946849296,177.4568381132196,182.80999141968329,10106900
2020-03-06,176.23326110839844,177.79141404379462,172.04633042054178,175.44940037721267,15183200
2020-03-09,163.58648681640625,171.6544486507848,160.89078718569928,163.66296211651553,20486400
2020-03-10,174.5508575439453,174.5604114852412,164.30340221316564,171.55882568113182,16119400
2020-03-11,165.3262481689453,170.85146082846452,162.69746996433707,169.81906618322324,14598200
2020-03-12,153.02354431152344,164.41809920367004,150.06975754162647,151.51319025454478,27467700
2020-03-13,168.0792999267578,168.54770565611915,155.05968313518014,161.2827128106696,19948900
2020-03-16,145.30926513671875,158.02299278362116,141.4569121186074,144.47762014152494,23692000
2020-03-17,150.9300994873047,156.48398835252337,142.67095722059452,148.8844327444395,22298000
2020-03-18,141.9348907470703,144.0379102478631,133.63751839003515,141.91578286349477,22787500
2020-03-19,145.53872680664062,150.31832374610337,135.23391697205273,140.44367471883265,19362800
2020-03-20,140.35763549804688,151.2837863236702,139.24876558622813,147.995436115439,18692100
2020-03-23,129.75643920898438,137.0309827600169,128.02621371464372,135.1000224611044,30344100
2020-03-24,147.7181854248047,148.4064483812926,137.25087362529027,138.45532650605972,24488300
2020-03-25,154.64859008789062,160.76646646402196,146.81005642279493,152.29703728144582,20619600
2020-03-26,161.4356231689453,162.0569647529166,154.6581456269517,154.93537033573986,17062900
2020-03-27,154.4382781982422,159.73407786282797,151.17859076209405,153.97944114189252,14950700
2020-03-30,158.2715606689453,158.55832478125112,153.60666995983055,153.94123295291087,15714500
2020-03-31,154.0177001953125,160.7760560880631,153.46326529688082,159.0936289242235,20613100
2020-04-01,146.36077880859375,151.10214411878613,144.74527314255874,149.42928563864763,12595200
2020-04-02,150.45213317871094,151.36982209495287,144.62101980279053,145.80636494748416,14051100
2020-04-03,145.1563262939453,150.76756694146616,143.96142737676158,148.70277811189226,11994700
2020-04-06,161.970947265625,163.20407658285032,151.27420936888194,152.96619039192188,16479100
2020-04-07,161.15838623046875,170.91832597274916,160.68999523956856,169.9241620104368,15379000
2020-04-08,167.22850036621094,168.24177234312685,160.52749771216904,163.471730478514,11146500
2020-04-09,166.0336151123047,169.37933245196047,165.23064645146812,168.49988850159136,12231800
2020-04-13,161.540771484375,164.72398378893178,158.82595019649258,164.6666163914299,14043700
2020-04-14,166.922607421875,167.69689964651448,163.29968004171943,165.4600522006294,9980500
2020-04-15,158.64434814453125,161.8944674117178,157.6788604703626,161.26355727365743,12118700
2020-04-16,155.26040649414062,160.59443778520392,152.75590266768404,159.74367021609817,20308200
2020-04-17,162.06651306152344,163.45260738496484,157.6788480213837,162.1716647428983,15375800
2020-04-20,156.9810791015625,160.0495720913277,156.00603726628736,159.9539889066439,10505200
2020-04-21,153.45370483398438,155.40378812988993,152.13453169770528,154.8589071958028,10562100
2020-04-22,159.24661254882812,160.30768368762023,155.73839003059513,157.40169507107734,14502500
2020-04-23,159.04586791992188,162.89822177711127,158.883363378924,160.4797469611439,11411300
2020-04-24,159.9444122314453,161.3113697261334,156.7803073343604,161.01503709923847,8391400
2020-04-27,164.18870544433594,164.75270895711043,161.1202124404212,161.21579562554578,9903300
2020-04-28,163.70114135742188,167.2953918232127,162.8694964309461,167.2858378834968,8614400
2020-04-29,173.77651977539062,174.2162489616024,168.3373525677354,169.0542918638737,12862800
2020-04-30,170.8419189453125,173.81482890818467,169.82864669961756,173.7670300202198,11331600
2020-05-01,167.83070373535156,171.72128643195623,166.58800613363812,166.76006455012944,10109600
2020-05-04,168.38516235351562,169.14034669473966,164.1504472710123,165.3262238106215,9386200
2020-05-05,170.57424926757812,173.11699821123108,170.40217620166555,171.1955910037605,13513000
2020-05-06,170.8992156982422,172.5529516587325,170.03889434186797,171.79778198690784,8540500
2020-05-07,174.6655731201172,176.825945455645,173.70009989219406,173.7383302457223,9262200
2020-05-08,176.9310760498047,177.5619862040231,175.5258737000314,176.8737232332701,6470100
2020-05-11,175.46856689453125,176.48183914879118,173.43245385663386,175.76489958177638,8683100
2020-05-12,171.55882263183594,175.87958156647628,171.46322487589654,175.46852871934053,8219700
2020-05-13,169.56716918945312,173.39724819325897,167.60425077788423,170.91727554483674,13377100
2020-05-14,173.21531677246094,173.3589535011848,166.43608980597736,168.4660269987328,9695100
2020-05-15,175.69532775878906,176.31770983555177,171.27157598509123,172.3344236346077,10785900
2020-05-18,183.25015258789062,184.63855344084314,179.50624648788036,180.01373083681756,11802200
2020-05-19,181.31594848632812,186.23759963519439,181.19146623791755,183.0203325480753,7446800
2020-05-20,185.6248321533203,186.7068344541771,184.2364310427618,184.8013643495152,9545600
2020-05-21,182.52243041992188,185.39498999019747,181.94792727222287,185.28009228277637,11338100
2020-05-22,182.75221252441406,183.24054231694006,181.19145072096143,182.88626469945598,5807600
2020-05-26,185.011962890625,187.9324009812115,184.5714973873761,187.48236554050186,9662200
2020-05-27,184.62896728515625,186.05566237792772,180.5116293917179,186.05566237792772,7650300
2020-05-28,186.00779724121094,189.86660099401038,184.52365319059047,185.31838179355807,8352200
2020-05-29,186.94615173339844,188.38243128528524,185.06940669027293,186.2375818946548,10211900
2020-06-01,186.093994140625,187.55899838517328,185.2992508885835,186.4387018811419,6011300
2020-06-02,188.01856994628906,189.12929631115122,186.63973923274867,187.61641342327167,8462100
2020-06-03,188.50694274902344,189.72299714338305,187.262178536388,189.5889449384564,8879400
2020-06-04,185.41409301757812,188.11430527729215,184.916178739291,187.65468535398585,7829800
2020-06-05,191.13052368164062,191.2837303528316,187.1759623187529,187.8653777285201,8561200
2020-06-08,191.12098693847656,191.46569470323064,188.75591150458504,191.10183244860275,7628100
2020-06-09,190.62303161621094,193.1030042365778,189.8187185410528,189.93361623447774,6892300
2020-06-10,191.9635467529297,193.5913273325803,190.498542770185,191.40818356964348,8405300
2020-06-11,180.85635375976562,188.01859813952763,180.73187150400213,186.8504227548662,11974600
2020-06-12,184.09275817871094,186.71636778587472,179.87010681129658,185.95993354504424,11706300
2020-06-15,183.61402893066406,184.30344449572127,178.2998046483586,179.05623901553753,6752700
2020-06-16,184.68641662597656,189.9527753242772,183.65229352831193,188.49734119305378,11057200
2020-06-17,185.3375244140625,187.07063286072753,184.85876452888024,185.43328223533584,5968900
2020-06-18,185.6726837158203,185.99823696896604,183.9491450071165,184.41833500883402,5803200
2020-06-19,184.0352783203125,188.72713348670808,183.24053523805503,188.52604792661782,11483300
2020-06-22,186.6780548095703,188.01857660040378,183.16394450888717,183.8342200148956,6674500
2020-06-23,189.56021118164062,191.64759750000928,187.50154929072886,187.9132758246737,9866800
2020-06-24,183.27886962890625,189.09100725559085,182.58945419952855,188.65055632662845,9453100
2020-06-25,185.7396697998047,185.98863427591357,181.83298761827132,182.98202296211565,9936600
2020-06-26,181.22972106933594,185.88326645491594,181.04779002542378,184.89702253215987,11836000
2020-06-29,183.25015258789062,183.31717137952344,179.34346986752251,181.84259724707442,8020400
2020-06-30,184.96414184570312,185.51950521458477,182.08201182450665,183.35551521357377,9040100
2020-07-01,185.5481414794922,187.05145422050302,184.4757242343206,185.61517486261,6394100
2020-07-02,187.35791015625,189.51232985163725,186.71637360022814,187.6738934648447,6299300
2020-07-06,189.35911560058594,190.71879200074198,187.3674726084918,190.28791100099986,7292200
2020-07-07,185.95033264160156,190.45067254723543,185.57690052329687,188.4494597750536,7660100
2020-07-08,186.7834014892578,187.21428249349523,184.91622611990695,186.79297142780774,8368000
2020-07-09,184.0448455810547,187.18550864622168,181.8808419714751,186.71631879047447,8548200
2020-07-10,184.37046813964844,184.62900261549544,181.3925805293793,183.50869142368998,7674200
2020-07-13,180.99041748046875,186.89831357193995,180.68400409618127,185.38543036085773,8564100
2020-07-14,185.1172637939453,185.25131595190882,179.22850955844487,181.44996201679942,8003900
2020-07-15,188.20053100585938,189.36870640142862,186.23761237490493,186.93659778025585,7681100
2020-07-16,185.2800750732422,187.39620018878577,184.34170979174402,187.03233800162454,5064000
2020-07-17,186.80252075195312,187.2621407423058,184.91620571366485,186.5535708817891,6395000
2020-07-20,190.03895568847656,191.00604542571477,185.4428577308654,186.4674109289451,6985300
2020-07-21,188.1334686279297,191.66671869736658,187.36744993741203,191.50394209985265,7218700
2020-07-22,190.4123992919922,190.54645148750942,187.91327188152624,188.13349735760593,6823400
2020-07-23,189.04312133789062,192.41359502210688,188.08560156708086,190.01022565718753,6106700
2020-07-24,186.86000061035156,189.0910237063807,185.78758300939455,187.35791504390764,7160300
2020-07-27,188.54522705078125,189.40698902529294,185.95034196788816,186.86956740321423,5604700
2020-07-28,188.3824462890625,190.90071336873686,188.3537218645843,189.29208715558786,6897300
2020-07-29,190.14422607421875,190.4410547846639,184.84914435206548,184.88743870381174,9471300
2020-07-30,185.81626892089844,188.21006814869645,183.95867838243262,186.9078407843507,10499400
2020-07-31,182.31173706054688,186.41950457578386,181.39252637068873,186.16097017712792,14180800
2020-08-03,182.5894775390625,185.1268995058458,182.12987206425913,183.65232524432912,11405200
2020-08-04,184.12147521972656,184.7438718537375,182.00536465163015,183.01076335996117,8204000
2020-08-05,187.76963806152344,189.76126638223334,184.897078670132,185.33752959488018,8876800
2020-08-06,190.3262481689453,190.46987031993635,186.51530817590347,187.6547592757499,7480300
2020-08-07,188.01856994628906,189.56974719372644,187.00360139620827,189.19631509302516,5654000
2020-08-10,188.4302978515625,189.88573190597103,187.0323272528182,188.01857138814603,5525400
2020-08-11,189.3687286376953,194.2712262107715,187.99946748250858,189.41660755833456,11549600
2020-08-12,190.2974395751953,191.7241343460343,189.81867980284105,190.5463893970076,5432500
2020-08-13,189.4727783203125,191.73594194181754,188.94534333025558,189.04124592214998,7014800
2020-08-14,188.57138061523438,189.9427118364999,187.73708351959883,188.92619393035594,5014400
2020-08-17,191.24685668945312,192.23460654837325,188.6384788899253,189.2042661296777,6256200
2020-08-18,190.8441162109375,191.8894019029627,188.74398968505338,191.7743158531583,6519900
2020-08-19,192.7428436279297,194.5169243600702,190.73859084246922,190.7577742856925,9467600
2020-08-20,195.77316284179688,196.05127154514219,191.40987345775346,191.69755193338057,8849200
2020-08-21,195.75396728515625,196.7225188303485,194.9963750490398,196.10878044506956,9998300
2020-08-24,197.94044494628906,197.97879720011176,196.27183656774514,196.59788193961745,6159600
2020-08-25,199.56109619140625,199.65698413949605,197.10612767090157,198.68843245751665,5828300
2020-08-26,201.6324920654297,202.1503426860606,198.79395658948408,199.5611334809523,7035200
2020-08-27,202.3708953857422,203.47370207609845,200.47214397333715,202.54351713196905,8619600
2020-08-28,206.85885620117188,207.29038858775638,202.55308747582518,203.3010808479532,7349800
2020-08-31,203.29147338867188,207.09857455664456,202.87910986056943,206.69579543331508,9326900
2020-09-01,204.595703125,205.11353908890206,202.4571952615275,203.50248086104548,5642900
2020-09-02,207.59727478027344,208.4315864333031,204.9984811187098,205.34370999483323,9863800
2020-09-03,200.3858184814453,206.11083994423177,198.59253963516363,206.11083994423177,11310200
2020-09-04,196.26226806640625,201.86263406984986,191.93731580526702,199.93511489827821,13243600
2020-09-08,191.9085235595703,193.95112850764588,191.03587447302968,192.5414454635767,14186900
2020-09-09,195.6868896484375,197.8253829007768,193.66346780419562,195.96499839491506,7532600
2020-09-10,193.27027893066406,198.50624725311124,192.22500800045003,196.45405764942495,7243000
2020-09-11,192.44554138183594,194.1045652656883,190.74817987890674,193.30862068947292,7439000
2020-09-14,196.56912231445312,197.9404532270307,194.8046259111957,195.00601549205942,11730500
2020-09-15,196.96231079101562,199.66660584275274,196.36775569425686,198.2665070210563,6328600
2020-09-16,196.7129669189453,199.225456562328,196.54034519596283,198.2569048571543,6135000
2020-09-17,196.8472442626953,197.14452181843768,193.71141673620107,194.526544887421,7474900
2020-09-18,194.29638671875,197.2787759367753,193.44290631270061,197.03903408527063,9084100
2020-09-21,189.3480987548828,192.9921775810866,186.7109385643338,191.70716485462603,9656000
2020-09-22,192.3304901123047,192.47434399496464,188.72477813024278,189.96183957810715,7543100
2020-09-23,187.35345458984375,192.8387492396903,186.58629238280935,192.5606551345425,6310600
2020-09-24,187.49728393554688,189.55905770426605,185.20535275523534,187.14245609692378,9865300
2020-09-25,189.15634155273438,190.0098220522531,185.56979779367714,187.01784810026535,5496100
2020-09-28,192.10032653808594,193.4428748349752,191.6304273178352,192.39760404434864,5565300
2020-09-29,191.25645446777344,194.07582087464638,191.189319728238,192.3496766834302,5513500
2020-09-30,191.76473999023438,194.2292789570575,190.72905329194506,192.60863610721455,9157600
2020-10-01,195.00604248046875,196.7801235349418,193.36620165490947,193.91282014099005,7234600
2020-10-02,193.19358825683594,194.50736897639936,191.2181030251169,191.7934893462284,6019700
2020-10-05,195.1881866455078,195.29367362778473,192.80036756992473,194.39225670876607,6090500
2020-10-06,192.22503662109375,196.6842443724995,191.51541002060688,195.7348612591254,5841100
2020-10-07,194.162109375,194.46897130038403,191.78387458072504,193.71139357576874,6713400
2020-10-08,194.65122985839844,195.91707405235618,193.93200419347252,195.6293808598491,3955600
2020-10-09,198.1610107421875,198.5829587134207,195.322460974688,195.62933754746865,5562900
2020-10-12,197.930908203125,199.43649436958597,197.28840166244996,198.44875890513345,6622700
2020-10-13,195.9362030029297,196.78968330261432,194.69912700903427,195.03477141238378,5621700
2020-10-14,193.90322875976562,196.55957287556703,192.87714112689957,196.3102465892358,5320000
2020-10-15,191.36195373535156,196.30063015070982,189.49197017189948,192.7620379899642,8885500
2020-10-16,192.04275512695312,194.33468601744434,191.22764183357688,191.78384453341573,6385900
2020-10-19,188.88780212402344,192.81957415422409,188.43708629407965,192.6086001643491,7449600
2020-10-20,189.5878448486328,191.46742731958355,188.6384765236273,189.44400559717158,7427000
2020-10-21,190.2878875732422,192.1962379009674,189.71251593276216,189.71251593276216,6067200
2020-10-22,189.865966796875,191.57292765223053,187.72745889172995,191.16056404819832,4908200
2020-10-23,189.88511657714844,191.67839544232476,187.9767809470061,191.55372500642108,5877200
2020-10-26,185.14784240722656,188.36037440834428,182.8942631706594,187.95760985742868,12608700
2020-10-27,182.2613067626953,185.75194684422118,181.4557778129613,185.08067271944284,8690400
2020-10-28,173.4484100341797,177.12125653143326,171.98119124285205,176.43079890814028,17809500
2020-10-29,177.28424072265625,179.32684530078478,171.98115390122044,175.4909769521049,16820900
2020-10-30,174.25396728515625,176.66097011669999,171.8757176714245,175.1649833603505,10252900
2020-11-02,177.15965270996094,179.2501947358783,176.34452452103304,176.93907966002197,8057100
2020-11-03,180.61190795898438,181.75308145158996,177.56239879663923,179.16387252206133,6467900
2020-11-04,186.0108642578125,188.80146225119228,183.67098200766637,184.97517795204234,8102700
2020-11-05,189.5302734375,192.74281935319212,189.19462907042364,190.22073097978202,7132100
2020-11-06,190.32626342773438,191.4866058019374,187.41099430099138,189.25222460876668,6180500
2020-11-09,203.95318603515625,208.7192553339561,203.5696049161416,205.88071993481148,17916900
2020-11-10,204.5573272705078,205.2765527977161,201.91058259814636,203.2435466565985,7943600
2020-11-11,203.97238159179688,205.48755197742716,202.9846462506396,203.46412999421818,5337200
2020-11-12,200.01544189453125,204.1260049874397,198.93978490714656,203.05994684646834,7302500
2020-11-13,202.14756774902344,202.9159004855652,199.09346380604822,201.60014038299477,6377500
2020-11-16,204.2797088623047,206.57509384821643,203.44415478707856,206.07568996552462,12083200
2020-11-17,202.3684539794922,203.6938128035778,201.20634881035977,202.2243833617323,7268800
2020-11-18,199.60250854492188,202.79107005563048,199.44883904556167,201.4176873737652,6977900
2020-11-19,199.35275268554688,200.46681961778924,197.39350373539875,199.0358149243545,5657200
2020-11-20,195.80885314941406,199.87139284138837,195.7416172580121,198.9301929448559,9653500
2020-11-23,199.91943359375,200.7261764316513,196.59640049278156,196.59640049278156,6101900
2020-11-24,201.37924194335938,205.3553628927047,201.11032767452372,202.50293721887869,10110800
2020-11-25,202.54132080078125,203.55935535047323,200.6012841250187,201.36961678762307,6772900
2020-11-27,202.64698791503906,203.636211375611,200.54368270993217,203.60740018003926,3512900
2020-11-30,202.022705078125,202.20517107978324,198.42115945387553,201.24475891331673,7725500
2020-12-01,202.83909606933594,205.21131587112106,202.68542656810956,203.7322872223253,8047900
2020-12-02,201.85943603515625,203.0311401314316,200.22673817050742,202.64698110024165,9728900
2020-12-03,199.81378173828125,202.75264102847032,199.39119798196384,201.47529091223043,9203300
2020-12-04,204.26046752929688,204.2988922254241,200.25555025960546,201.4368678625102,5720100
2020-12-07,204.23167419433594,206.00844285003907,203.41533251434103,203.57860085034002,10624500
2020-12-08,204.34690856933594,204.69265754866205,201.58091673472705,201.6385391221602,8646200
2020-12-09,201.2831573486328,205.04797079148324,200.67809307317881,204.78865543704228,6251100
2020-12-10,199.3911895751953,201.01428863683162,199.04544057594305,200.255554745962,10492000
2020-12-11,198.07542419433594,198.6996862838467,196.40430163334293,197.2302567398483,9227600
2020-12-14,199.0454559326172,202.93512881061778,198.7765416518658,199.62170919407254,11967700
2020-12-15,200.1115264892578,201.14877363069792,197.9986221587969,200.2843936854661,9796100
2020-12-16,200.02508544921875,200.85104066141008,198.9398147976327,200.22676383729166,7504400
2020-12-17,202.81985473632812,203.396107956219,200.5821070589237,200.72616303653237,6517200
2020-12-18,202.94471740722656,203.58819187900238,201.5617213733741,202.66620429291973,13298200
2020-12-21,200.7357635498047,201.49449745078365,196.68282259251833,200.0250678480649,7576700
2020-12-22,197.69125366210938,200.14990667286622,197.46076410155587,200.1403078260858,7396200
2020-12-23,197.17263793945312,199.1222736354006,196.99015726711937,199.1222736354006,6523100
2020-12-24,200.4380340576172,200.55329349307002,198.42117712129257,198.45958716329153,3367900
2020-12-28,204.21246337890625,205.0096073126709,200.67813864431997,201.54251847050327,5816200
2020-12-29,205.883544921875,206.7191134454781,205.0864010903618,206.11404911023556,6093400
2020-12-30,209.71563720703125,211.66527306680308,207.1129133416465,207.44906351942615,8875100
2020-12-31,210.07095336914062,211.11781378961606,207.641111710607,209.75401558915013,5922200
2021-01-04,209.1393585205078,211.5307902099338,205.75871807740998,211.5307902099338,10318300
2021-01-05,206.01803588867188,209.81167617335765,205.18248188249248,207.74678094863663,6869700
2021-01-06,204.2028350830078,207.61230128736327,203.67462010245828,205.33612908730356,7206200
2021-01-07,205.34571838378906,206.6999030254136,203.7994542441041,203.7994542441041,10967900
2021-01-08,206.9208221435547,207.56429661056129,204.3277119266649,205.69149560140355,6513000
2021-01-11,204.462158203125,206.3541714606878,204.06838567333776,205.48980631919503,7353100
2021-01-12,200.59173583984375,204.36614956372154,199.25676318078456,203.9339669116735,9331600
2021-01-13,201.06228637695312,202.64696053822888,200.3707884671934,201.1199087603121,6688500
2021-01-14,193.8688201904297,202.848680720406,193.74396190660107,202.23401745765668,12887500
2021-01-15,193.60948181152344,195.21336834354042,192.49540020033064,193.56145827307563,8755000
2021-01-19,193.6767578125,196.08738753273792,192.14970569475642,195.01173039139343,9772000
2021-01-20,197.8545379638672,198.987832128779,194.22418054469378,194.99251333628547,12675700
2021-01-21,197.01902770996094,198.96866399220448,196.64446740585336,197.89300663778937,6513500
2021-01-22,194.02249145507812,197.20145373330104,193.8111995826831,195.9145048048792,7316200
2021-01-25,193.02365112304688,193.65752672919245,188.00069912708761,192.40898786534666,19282400
2021-01-26,194.0128631591797,195.43428376594497,193.01404091970815,193.7727601092875,9605300
2021-01-27,187.25160217285156,191.79434860926276,186.28159094852623,189.81590145891272,13772400
2021-01-28,190.37289428710938,194.003250979597,190.32487074948602,192.08242671247228,11041300
2021-01-29,185.5996856689453,195.0117295807743,185.17710189239386,189.98877711981092,21503000
2021-02-01,190.5073699951172,191.32372625022052,187.29959667304118,187.41484145080537,12970700
2021-02-02,194.58914184570312,196.26026456768935,192.0824650900883,192.89882142861282,11305100
2021-02-03,193.3886260986328,195.45350673282658,193.0236647260905,195.0309376203443,13458600
2021-02-04,200.9662628173828,201.37923304959597,195.0597333563258,195.19419048480543,14534800
2021-02-05,200.50527954101562,201.81144085238205,200.3996336020548,201.6673702148562,10284000
2021-02-08,198.69970703125,202.3108521284102,197.75850704803017,201.6865899737166,8637100
2021-02-09,198.34434509277344,199.4104032932289,195.63597547090828,197.61442239226773,7619400
2021-02-10,198.26751708984375,199.736946733005,197.78731094097463,199.736946733005,8467600
2021-02-11,202.63455200195312,203.52911502267867,199.29674638826282,199.43141226269935,8411100
2021-02-12,201.96121215820312,203.08663719567275,199.76805925219713,201.38406433912596,6911000
2021-02-16,199.97972106933594,203.00972573855728,199.45068591465386,202.63458398074684,9652700
2021-02-17,199.6045379638672,200.3452075754685,197.24787793874893,197.44025565309923,8373200
2021-02-18,201.37445068359375,201.71110801364534,197.1516960152483,198.03664524142442,7328600
2021-02-19,196.9304656982422,201.54760464252098,195.99741828893562,201.36484066044318,15011500
2021-02-22,200.3836669921875,202.6248883678497,195.3721452291636,195.7953849545601,8337700
2021-02-23,204.02932739257812,205.76075641948847,198.68114692527348,199.49875599528613,10571700
2021-02-24,211.07046508789062,212.12856474435654,203.24057166248804,204.2698153899123,12039000
2021-02-25,205.60682678222656,212.05157584411512,204.4814017021898,210.93576451301772,11404300
2021-02-26,204.29864501953125,207.0112194201088,202.71151041662637,205.89540804919832,11730000
2021-03-01,208.3771209716797,209.5025460951239,206.60720770745746,206.78035793739957,6982000
2021-03-02,207.5498809814453,209.62758097288776,206.63607577388075,208.69454826693888,6155200
2021-03-03,206.66490173339844,208.91575162629385,204.75070914317098,206.95346094212024,6484600
2021-03-04,203.4425506591797,208.7522610555817,200.72036252263163,207.7422596416359,10658900
2021-03-05,207.20358276367188,207.86729835507643,201.64378314861517,205.58757767014615,7582000
2021-03-08,211.87843322753906,217.51518686603228,207.58833826958193,208.7137633120611,14750400
2021-03-09,211.9650115966797,216.42824231782362,211.80148979711487,213.60024426980735,9228600
2021-03-10,214.66795349121094,215.64909894767018,211.04157401161058,212.31129338790836,7822900
2021-03-11,217.53443908691406,219.53519983787544,215.28358874613772,215.97616033983513,10053400
2021-03-12,215.8126678466797,217.90961041205097,214.90847621666364,216.69761729717897,8172400
2021-03-15,214.76416015625,218.43862323698878,213.292449238581,215.68757913175838,9306100
2021-03-16,216.13963317871094,216.9861126408819,213.831071507761,215.18735846124574,8949300
2021-03-17,214.52369689941406,217.62102697139252,213.31168924147764,216.47635959555515,8675600
2021-03-18,212.25355529785156,214.04269576667812,211.21469812135769,212.99421016497647,9321800
2021-03-19,199.01779174804688,211.78225295974534,198.99856424936368,210.7722515346409,32209700
2021-03-22,200.07589721679688,204.20245613880195,198.3733241740556,198.6811402918874,11371600
2021-03-23,200.22015380859375,201.9612110044548,199.59492257273087,201.08587553226388,8820700
2021-03-24,200.14321899414062,203.0962543795056,200.00853844692966,200.79730616784477,10101600
2021-03-25,200.04702758789062,200.86465125208156,197.94045704289834,199.75845366655975,8390800
2021-03-26,205.39520263671875,205.55872443018106,199.7873048504241,200.31635458073094,7399900
2021-03-29,206.33786010742188,207.08814346543755,203.0770086891294,204.35634176817635,7792300
2021-03-30,203.82730102539062,205.99158342518703,203.35597780746622,204.89501426305603,5498000
2021-03-31,203.66375732421875,205.9530916021419,203.4906217960453,204.45252498139413,13180000
2021-04-01,208.59835815429688,209.44483778726655,204.21208128796334,205.63569411638315,6138400
2021-04-05,210.69529724121094,212.1092962990743,209.03120860346286,210.27207210851677,10440500
2021-04-06,210.32012939453125,211.04155679653968,207.1362321420639,209.32937026997126,7828100
2021-04-07,210.91653442382812,212.61909264637478,210.3105306660693,210.77224012663459,5614300
2021-04-08,212.29205322265625,214.33129817867203,209.80072722350408,211.58986793046807,11042000
2021-04-09,214.04270935058594,214.11966336974453,211.14737125497263,212.58061234152945,5724900
2021-04-12,213.03271484375,213.45595462391887,210.8684325221873,211.84957795098978,6315200
2021-04-13,212.599853515625,213.17698664038207,211.8303280051373,212.58061134155628,4764000
2021-04-14,213.5232696533203,214.60061122520543,211.6860456839251,212.58060862071417,4972600
2021-04-15,217.65948486328125,218.95806023290595,215.33168056036328,215.3605364861345,8698100
2021-04-16,217.78453063964844,219.12157564546786,217.15928468539295,218.51557186699185,6829400
2021-04-19,217.18814086914062,218.90995600520287,216.50519774169217,217.1496711950155,6541600
2021-04-20,214.77374267578125,216.79374524188594,213.36937224047082,216.21659745800523,5799100
2021-04-21,218.78492736816406,219.1889250385108,214.37940799512413,214.80264784333914,9490600
2021-04-22,218.90036010742188,222.1323413867687,218.24625817411538,218.64064208408834,7303000
2021-04-23,221.23777770996094,222.98844890920446,219.03502542476636,219.90073259698693,5345200
2021-04-26,221.56475830078125,224.07532599892923,220.7760053847702,221.97838426937216,5650000
2021-04-27,221.15122985839844,222.3536091934415,220.2662804291046,222.22855704580275,6642100
2021-04-28,224.5563201904297,227.2688945143309,221.88223021752984,222.15156196462195,10111400
2021-04-29,227.83642578125,228.45204333197168,224.26775793047824,226.26851863969375,7411400
2021-04-30,224.662109375,226.9418152655698,223.44048819950416,226.3550684030832,10260200
2021-05-03,223.7483367919922,226.75909894685435,222.57481354148592,225.13347995176878,8174400
2021-05-04,223.1904296875,223.53671547526383,221.4590007486809,222.77681829856326,5884500
2021-05-05,220.4778594970703,224.94109017431765,219.948809752223,224.94109017431765,6523200
2021-05-06,222.50750732421875,222.75759693083444,219.94884069103088,220.88188818751306,6124100
2021-05-07,223.27696228027344,224.33506165322376,221.92068994628156,223.4885821548635,4528700
2021-05-10,217.36129760742188,223.16157353855755,216.58215825510217,222.7768180758624,9627400
2021-05-11,216.8899383544922,217.79412974810936,213.58098886188415,215.21623611118085,7633300
2021-05-12,212.22470092773438,216.42821308055048,211.91688486838615,215.11041043547505,7721300
2021-05-13,215.5288848876953,216.64630242998604,212.78347225547557,213.38071393314826,6650100
2021-05-14,218.61143493652344,219.1605086211339,216.66556365852074,217.53254299567453,4777200
2021-05-17,218.1297607421875,218.8233382563756,217.05086891958322,217.87929321279816,5534200
2021-05-18,217.29168701171875,220.76918748455927,217.15681083945526,220.0081866054619,6900000
2021-05-19,216.34767150878906,216.59813906424458,213.65042697277718,214.58482970166844,9311900
2021-05-20,218.1297607421875,219.2471928149126,216.97380311814024,217.16646027234833,7478600
2021-05-21,218.44766235351562,220.8944391991988,218.23573506387385,218.5536259983365,5603900
2021-05-24,220.90408325195312,221.66508419855452,219.2761030143431,219.58435153869323,4040100
2021-05-25,220.6150665283203,221.74212625701023,220.0370803962136,221.46276090359942,4689100
2021-05-26,218.7366180419922,220.9329416692301,218.07193844712867,219.6806482715391,4295600
2021-05-27,218.5343475341797,220.03709393153926,218.06232500729672,219.4013120868721,5969600
2021-05-28,218.9582061767578,221.01002624270424,218.8137022827509,219.2375568537593,5779700
2021-06-01,218.31280517578125,221.63618908519825,217.97564410866372,221.01967733011452,5091500
2021-06-02,221.23158264160156,224.55496622079568,220.38387355054286,220.80772809607222,9081100
2021-06-03,219.73851013183594,221.934834420664,219.41099144112326,220.59584711564335,6382400
2021-06-04,221.6939697265625,222.23341563831656,220.33571253523968,220.93296882222342,5085700
2021-06-07,222.8306884765625,226.0673641874985,221.6361905126696,224.30453713022078,5421300
2021-06-08,223.53387451171875,224.3045178188888,221.71323723166378,223.63019573836596,4170600
2021-06-09,223.78436279296875,226.23115457846077,223.6013333249043,223.9673922610332,4659000
2021-06-10,225.3641357421875,225.66275652776557,223.6109365789751,224.5453391847635,4452500
2021-06-11,226.3370819091797,226.79946201300888,225.13295633758395,225.78799359310875,5378300
2021-06-14,225.48936462402344,226.58752651753338,223.07148585552994,226.08660618225576,5805800
2021-06-15,224.4297637939453,226.18297789544846,224.08297499907658,225.83618910057973,7093800
2021-06-16,221.17381286621094,225.58571646436386,219.63252610176627,225.04627050644822,8905400
2021-06-17,223.63018798828125,224.77651784688487,220.79809708318743,220.79809708318743,6876700
2021-06-18,221.95404052734375,223.65907158949153,220.80771074170278,221.99256607445568,8840000
2021-06-21,225.72055053710938,226.38521544772627,221.94440013866404,222.95586847043344,7298400
2021-06-22,227.271484375,227.42561598574017,224.68021832607815,225.70131452433276,8858400
2021-06-23,226.06736755371094,227.26186553539029,225.3545345491023,226.80911309791182,6814700
2021-06-24,227.5701141357422,229.50634283831943,226.77057296136877,228.30221722007013,4611500
2021-06-25,228.61050415039062,229.7279216689624,227.64720355585595,227.72425466847423,7825200
2021-06-28,225.49899291992188,229.62191756227543,223.35083708822222,229.26550110870497,9301700
2021-06-29,227.2907257080078,227.83981398966174,225.5567820538343,225.96138115547276,11897700
2021-06-30,225.2389373779297,227.72423981477655,225.2389373779297,226.4815885963531,7797100
2021-07-01,226.5200958251953,227.57973220386495,225.4604741453241,225.60496333387067,5329600
2021-07-02,229.87242126464844,230.01691047159755,227.16554899659937,227.17517671079588,4383700
2021-07-06,230.8068084716797,231.77973669688188,228.50452083678,230.71047254099463,8048700
2021-07-07,231.19212341308594,232.19394948040429,229.5545154786698,231.4425762552157,4366100
2021-07-08,227.92649841308594,228.36962304546748,225.94210202637953,228.2732871300985,6388000
2021-07-09,229.71827697753906,230.66230737475146,228.70680848826888,229.9976276618368,5615900
2021-07-12,229.14027404785156,229.75678574980984,228.5623025953398,228.8609233839573,7010700
2021-07-13,233.4558868408203,233.58110591320414,229.50634883032743,229.50634883032743,8079200
2021-07-14,236.96229553222656,237.7521942996699,233.90863470791672,234.2939490287965,8693400
2021-07-15,239.42835998535156,239.66918512822582,236.30726084213305,236.30726084213305,10135100
2021-07-16,239.01409912109375,241.2682333090666,238.43612767963256,240.81548092891637,8674500
2021-07-19,231.5870819091797,235.47880954869652,230.13248871443497,235.03569954011957,11474600
2021-07-20,233.7930145263672,235.24760760221716,230.7200837620463,231.80861796601906,7072300
2021-07-21,234.71780395507812,237.83888817578998,233.40771468379194,234.3613727739876,11241400
2021-07-22,235.18017578125,236.34577581555493,234.2265030259096,234.83338702465338,10293600
2021-07-23,239.88108825683594,240.83474631928493,237.7040197774055,237.7040197774055,6766000
2021-07-26,241.06593322753906,241.17189686306355,238.60951418496137,240.06410724523346,4879000
2021-07-27,241.7209930419922,243.39714124261633,239.1104568574908,240.04485954016752,7038300
2021-07-28,237.87742614746094,242.27007404473457,236.88522781534866,240.8732912693259,9036500
2021-07-29,238.8214569091797,241.19118259388128,238.03155814681185,239.00448635500123,7495300
2021-07-30,237.3476104736328,239.34164957133686,236.97192386521309,238.13752394194046,5804700
2021-08-02,230.98016357421875,238.73473456068137,229.62190651286127,237.20309048662153,9989500
2021-08-03,228.388916015625,232.531111177901,225.4412187858284,231.79900807665197,9839000
2021-08-04,227.98431396484375,228.83202305786747,226.42377195159398,228.30220487472766,8171800
2021-08-05,231.3944091796875,231.43293473048556,227.75311993033617,227.92652165592358,5337500
2021-08-06,232.54074096679688,233.69671335638984,231.0572646250585,231.1921261106711,4509700
2021-08-09,231.19212341308594,233.29211147866445,229.31369035011448,232.87789931297303,5226900
2021-08-10,229.3329315185547,232.48291321917924,226.91503812593152,231.6833721294765,7185700
2021-08-11,226.43341064453125,229.61230519872106,225.97103052536877,229.34258223764303,7375700
2021-08-12,223.5877685546875,225.8256790584954,222.84502671783005,225.61346289972622,9867000
2021-08-13,224.41737365722656,225.01544416600464,223.2116065201926,223.79038063350373,5445400
2021-08-16,227.03147888183594,227.1472278147176,222.05406870420845,223.9929516429974,7575900
2021-08-17,226.23085021972656,227.33050925060743,224.96720862586238,226.68421983690732,6850500
2021-08-18,223.4334716796875,226.05722206997982,223.2791299581793,225.64243053328116,4996500
2021-08-19,223.3755645751953,224.2051180897086,220.80003347021727,220.93507877709555,5761300
2021-08-20,223.17303466796875,223.94472860094515,222.15054646228094,223.66498237480792,5522200
2021-08-23,225.85462951660156,226.34657715774443,223.7903569848909,224.46558356650922,6342000
2021-08-24,225.9511260986328,227.8321199340649,225.6713798735362,226.72280530990113,5081800
2021-08-25,224.3594970703125,226.68421962107502,223.86754938183105,226.68421962107502,5277100
2021-08-26,222.36273193359375,224.3980672251235,222.00581489159737,223.91576042351772,5889100
2021-08-27,224.45596313476562,224.80322465385865,222.0830069678238,222.8450600297287,6369000
2021-08-30,223.04759216308594,225.40125163410457,221.78395073860506,224.45593445468782,6448000
2021-08-31,220.9929962158203,223.6360282339994,220.56856384882724,222.73894459190294,9405100
2021-09-01,221.97689819335938,222.61354676288803,220.67467853987282,220.99300282463713,8177600
2021-09-02,216.2470703125,222.39166896835488,214.10564165658474,222.27590532726327,19708800
2021-09-03,217.14418029785156,219.25668655568143,215.44646556514573,216.07345855287628,11532000
2021-09-07,218.26315307617188,219.9319307098449,217.86765791386563,218.71652270733512,9662600
2021-09-08,220.9833526611328,222.0733708702171,219.0058915996082,219.33387144935736,10652600
2021-09-09,219.43997192382812,221.86114696804603,219.06377317641838,221.195561172128,5853000
2021-09-10,216.95127868652344,221.89973713860954,216.8644669828884,221.71647289277027,6715400
2021-09-13,216.68115234375,219.1602015809261,215.50432260321446,217.5492986748437,6808100
2021-09-14,215.1377716064453,217.81939625658222,214.41431140114574,217.03806158987237,6575700
2021-09-15,215.89019775390625,216.88374872381084,213.52689704606368,214.6458525115919,6535800
2021-09-16,216.39178466796875,217.2309938442893,214.8676933150071,215.93841506910132,5928500
2021-09-17,213.90304565429688,215.78403905337507,211.53974550064305,214.57827216693596,13787400
2021-09-20,212.2632293701172,212.6973025540113,208.65556914366283,209.28257682603052,8822600
2021-09-21,212.3789825439453,214.3082098166001,211.23108996170194,212.93846021927553,7033600
2021-09-22,214.8677215576172,216.16995606065322,213.27611469287388,213.56548705458115,6005900
2021-09-23,220.23094177246094,220.60714051010456,216.4207207693861,217.0380729213868,7952700
2021-09-24,223.3948974609375,223.74215900378078,220.52999341219004,220.8290213231977,6461200
2021-09-27,221.47531127929688,225.0733162569392,220.6746801425,223.52028761208496,6881100
2021-09-28,217.57826232910156,220.77113129925357,216.07346732240586,220.77113129925357,6951400
2021-09-29,218.65866088867188,220.9158684884876,218.08954224855924,218.77442455971325,6432700
2021-09-30,214.8677215576172,220.69398236845743,214.75197261293428,219.52680792600256,7128500
2021-10-01,222.30491638183594,223.36598279524333,215.56226020984465,216.2374869672565,7925400
2021-10-04,216.7776641845703,222.17950757716864,212.99637969728715,221.8611832436453,10283400
2021-10-05,216.34356689453125,219.33387535484724,215.9963053618419,217.50110043054994,5814000
2021-10-06,218.49465942382812,218.60076752712618,213.42079629984292,214.1828347007378,5420900
2021-10-07,222.39166259765625,222.98007746699466,220.40456098872707,220.80969692385324,6561900
2021-10-08,222.12158203125,224.49452328997674,222.03475561927846,222.8257458514112,3735200
2021-10-11,217.14418029785156,222.1698239128024,216.91266772204955,221.8707813161612,5620200
2021-10-12,216.12168884277344,218.21489867392816,215.03167072026707,217.57825013942872,5448200
2021-10-13,214.5879364013672,217.86761657759882,210.89346474563,215.23422571237845,9076000
2021-10-14,217.2117156982422,217.66508533519828,215.16673927203183,216.18922748513702,5590500
2021-10-15,222.8161163330078,222.91256886844658,218.7068526898008,219.17951868561113,6355100
2021-10-18,222.4881591796875,224.52349481414592,220.06698392646948,222.0347895322841,5580200
2021-10-19,225.25660705566406,225.37235599565363,222.51709281892914,223.74215640289074,4409700
2021-10-20,223.23086547851562,225.52665043243937,223.1247573994981,225.19868535868872,5401800
2021-10-21,222.0926513671875,222.6617698863536,218.29207124328246,222.53636540222553,5982200
2021-10-22,223.04759216308594,224.58133892909234,220.6167765588715,222.14085305026714,3788000
2021-10-25,225.60385131835938,226.5491685998394,224.0701043867586,225.189059783764,4938700
2021-10-26,223.61672973632812,228.57484300544036,223.14406377794543,227.19543791648104,7814500
2021-10-27,208.14437866210938,216.79696621074157,208.02862970831023,216.79696621074157,22958100
2021-10-28,202.41448974609375,212.20532543012902,201.6138587889204,211.49150615390812,23199400
2021-10-29,204.2762451171875,206.1090052394381,201.16053230298996,201.80683642743801,14329800
2021-11-01,204.94180297851562,207.63306832864842,203.9675338650261,205.9353537656012,13210300
2021-11-02,201.73931884765625,205.800349206642,200.46603635295773,205.6170702393447,14688700
2021-11-03,200.73609924316406,202.71354537957578,199.41456858131775,202.26983135905988,11486700
2021-11-04,201.3920135498047,204.84533178662608,200.51421169655515,201.75857140475165,11368200
2021-11-05,209.00282287597656,209.92885839023214,203.88072711472915,204.44984559512662,14273600
2021-11-08,212.68765258789062,213.76801508256113,210.4304456346182,210.64266179876208,13500100
2021-11-09,205.83889770507812,212.61048937039212,205.3855281307481,211.91596639349655,11535000
2021-11-10,208.29818725585938,209.64136018418444,206.14331588410388,206.35590567806173,10063600
2021-11-11,203.33131408691406,209.47705732876156,203.0800783432093,209.17750304922015,13546900
2021-11-12,204.9450225830078,206.38483216723176,204.30725339176138,204.3749022808685,7660500
2021-11-15,205.14797973632812,209.10984891504893,204.6744816885782,206.4235035309503,9596900
2021-11-16,207.93096923828125,208.3851369708326,204.52956226628783,205.01271817370431,8719600
2021-11-17,198.15188598632812,200.3260874335989,192.74054900885807,199.01190285790312,38379600
2021-11-18,196.4801788330078,200.86722788984696,194.48957889663265,199.5433854504562,18292200
2021-11-19,194.09336853027344,196.64443082688643,193.11739902199318,195.23360925808132,18032600
2021-11-22,188.9912872314453,194.9051114681714,188.04430567763126,193.2623841518308,21185800
2021-11-23,191.80325317382812,192.21876021082403,187.83171069916688,190.3344549662218,14742700
2021-11-24,196.40289306640625,197.07930844536034,190.98188273441434,191.4940268602474,12026800
2021-11-26,190.9915008544922,192.47962912368615,186.06332005075973,186.80738418535668,10987600
2021-11-29,189.67733764648438,194.47025068522296,188.77867474564164,194.2286727340612,14633500
2021-11-30,187.2422637939453,191.00121655141479,186.07301988975573,188.6917316656392,16023000
2021-12-01,183.7538604736328,190.17982822222612,183.69588412320013,189.4261061771046,13204900
2021-12-02,191.60997009277344,192.7212375662177,185.38693416943005,185.53187504891255,13976300
2021-12-03,189.70632934570312,191.7838937049186,187.5031249962471,191.59063430436902,10660500
2021-12-06,195.85205078125,197.34017907532427,191.07848330783713,192.07378319197605,10722100
2021-12-07,200.3840789794922,200.93488379872647,198.95394160311378,199.06023649394416,11897200
2021-12-08,201.9495086669922,202.42299201300267,198.78000713822647,200.66431220186035,11749200
2021-12-09,204.26866149902344,205.05137173881317,200.1908243101016,201.49535120625026,10176800
2021-12-10,206.21092224121094,207.03229312935463,203.75649687569756,204.76145461136716,8882700
2021-12-13,203.91110229492188,206.13362218910248,202.9061298539331,205.29292097034818,8844300
2021-12-14,202.9061279296875,206.1819240237597,201.4276721988516,203.630861709303,9832300
2021-12-15,205.1576690673828,205.33161286981675,200.85758423032104,202.34569801015013,10892500
2021-12-16,207.1482391357422,208.9842402544693,204.48122409101614,208.03724415065088,8548400
2021-12-17,204.7421417236328,206.02733814194087,200.78991539419766,205.6311467790927,11578400
2021-12-20,201.7079315185547,202.70323149829628,199.8912606065224,202.04613180351413,9434400
2021-12-21,208.1242218017578,208.87794375954033,203.27333286610246,203.5149107947442,6993700
2021-12-22,210.6173095703125,211.56429093004257,206.64576780017035,206.64576780017035,6003400
2021-12-23,209.3224334716797,211.1584345286696,209.3224334716797,211.08112782413616,4798200
2021-12-27,210.29843139648438,210.77191471852973,207.641074077342,210.34673518830738,4818400
2021-12-28,210.70431518554688,212.3277121188787,208.3175235853093,208.73303062964436,4279800
2021-12-29,210.8202362060547,211.5643003943588,210.00853786140334,210.42404484327938,3223100
2021-12-30,210.5303497314453,211.76722767104525,209.83460404732685,210.62698681053047,3812800
2021-12-31,209.409423828125,210.63662912267432,208.23052232481615,209.50604615535295,4723300
2022-01-03,213.9704132080078,214.57919435580757,209.69931685308612,210.19214530406606,7694500
2022-01-04,214.9656982421875,219.14981475209837,214.33758681671725,214.5211883911663,10629300
2022-01-05,212.5885772705078,217.6810441363804,212.51127056394893,215.13963960796403,9594600
2022-01-06,212.3470458984375,214.43428319890955,210.2211626085863,210.46274059026825,7877500
2022-01-07,209.6510009765625,212.7818415682428,208.37546240606537,209.98920123771168,10702100
2022-01-10,204.8291473388672,206.98401888111695,199.54341973813652,206.7714290703389,11978600
2022-01-11,207.15794372558594,207.70873382505843,201.7079453602449,204.29765409832407,8803100
2022-01-12,208.44314575195312,210.2501442806973,206.60714430113472,207.254571502638,6923300
2022-01-13,207.75701904296875,213.0524031207442,207.4284765981051,209.54470161635342,8867700
2022-01-14,207.43814086914062,210.89753869126972,206.5104898494814,206.9549849958502,8838100
2022-01-18,208.44314575195312,209.60271707919404,207.1096306160139,208.60741700504354,9099300
2022-01-19,207.4477996826172,210.878209348533,204.96438614915232,205.82440301798218,9399800
2022-01-20,207.12893676757812,212.2020736328257,206.73274539745745,207.48646740928584,8532700
2022-01-21,198.99256896972656,208.33681644409128,198.88628883358865,208.20153339066937,16200200
2022-01-24,195.050048828125,195.8907354020983,189.0589036849525,195.36891875671955,16054000
2022-01-25,195.1950225830078,198.46116183761802,190.35380480626233,192.8951953213828,12125500
2022-01-26,198.93463134765625,203.75653316312142,196.8087480608985,197.39819892513472,10817600
2022-01-27,199.20518493652344,203.853157389605,198.91530317301948,202.44233557997387,12009800
2022-01-28,220.319091796875,220.4350444952908,208.81998720186712,213.20703631399297,26425300
2022-01-31,218.5507354736328,218.75366743694207,214.56953562264064,217.95162688297805,12380600
2022-02-01,224.53221130371094,226.70641286209587,218.79231683041505,219.2561423676744,12247200
2022-02-02,227.48910522460938,227.90462693489619,222.26135523766087,223.50790562377452,10590500
2022-02-03,223.73983764648438,225.6241575361834,222.783198358528,225.18930541102296,9968000
2022-02-04,220.69595336914062,222.46430574819053,217.37183838850572,220.80224825787306,10848100
2022-02-07,219.5074005126953,222.17441587569044,218.39613305288597,220.3190989173353,5984500
2022-02-08,220.2611083984375,220.80224063339037,217.17857147638725,218.63769694883138,7542000
2022-02-09,223.09243774414062,225.2956278359012,222.3677037733049,222.37737632955628,7772800
2022-02-10,218.34494018554688,222.56491486496603,217.64806254903823,220.70657942385537,6794600
2022-02-11,217.47389221191406,221.74226486155084,216.36081657722102,219.95167327502818,7535200
2022-02-14,218.1029815673828,219.96131711391834,215.65423617777572,216.11881637222507,8280800
2022-02-15,220.50331115722656,221.92608686408272,217.68676554074963,219.97097207303636,9461700
2022-02-16,221.47119140625,222.49714593240662,218.35460420298048,220.19357762510248,9561300
2022-02-17,217.3964080810547,221.46151759540442,216.9705367928276,221.0646816433077,8131200
2022-02-18,215.5380859375,218.49013503118297,214.7153786467443,217.38674788438283,8121200
2022-02-22,214.2120819091797,217.13508079112808,212.85703552422407,213.92171377177942,9928800
2022-02-23,209.01454162597656,217.07701691685946,208.50156430028753,215.68326162867137,8669900
2022-02-24,210.32118225097656,210.8631948921501,194.98021595755878,196.8385513424695,13463400
2022-02-25,212.22793579101562,213.59264105163172,207.36915381606462,210.31151477453312,8463600
2022-02-28,209.17909240722656,211.62783782829575,206.39159643597785,209.06295104930652,8409400
2022-03-01,202.2587127685547,208.2402285661379,200.62298650938922,207.59174808369272,9317800
2022-03-02,201.784423828125,203.7782622249342,199.5679762778455,200.2551655507821,8865700
2022-03-03,200.5745849609375,204.70745352431058,199.92610449270703,203.78796673409533,8610000
2022-03-04,193.85745239257812,199.7421880509725,190.53761783198556,198.41619188485933,10912300
2022-03-07,184.57546997070312,193.7510058633738,183.94635129822484,193.4219288583463,13412400
2022-03-08,185.55303955078125,190.1117647093086,180.67489614605037,183.9076250119414,11070900
2022-03-09,193.344482421875,194.0607218241556,188.9696578302021,190.1891862266662,8457600
2022-03-10,191.61199951171875,193.51873220158035,189.99563497992395,190.5763565273195,7061600
2022-03-11,190.39247131347656,194.38982225739989,190.15050030944116,194.30271624044425,5432100
2022-03-14,193.89622497558594,197.86454095402522,191.79591823512445,192.04756278626058,7994700
2022-03-15,199.5195770263672,199.7809098021323,194.9318022427303,195.59964446483255,8277700
2022-03-16,205.06556701660156,206.80776107402895,200.3519769231966,203.2556287626632,9232300
2022-03-17,206.59481811523438,206.6819241228398,202.0167313455554,203.18786260888103,6668500
2022-03-18,212.0730438232422,212.2182205020507,203.53630065962597,204.90102051537193,14620800
2022-03-21,210.06948852539062,211.05673411347493,207.65946737192152,209.39197283503253,6101500
2022-03-22,211.45362854003906,212.51830689727308,210.2050498512157,210.8438568655561,6259900
2022-03-23,207.78530883789062,210.311486410982,207.32072870052218,208.38540689942516,6008000
2022-03-24,210.33082580566406,210.66959104249867,207.12713279689655,208.08534307377622,5487000
2022-03-25,211.41488647460938,211.89882845502322,208.76289387393317,211.40521295174648,5051400
2022-03-28,213.6797332763672,213.88298062538672,210.52442230242977,211.48263268258796,4316800
2022-03-29,220.79368591308594,221.4615282135772,216.5930730391469,217.6190276815734,8032500
2022-03-30,216.75759887695312,218.89662881813464,215.57677932423985,218.58689887767508,7084000
2022-03-31,214.6476287841797,218.66434128897268,213.3603413520896,216.71889985663404,10759500
2022-04-01,219.09022521972656,219.35155803782274,215.09285953014287,215.91556684660887,6559600
2022-04-04,220.42591857910156,221.87774465222677,217.73520210507527,218.50949752908457,8521200
2022-04-05,218.828857421875,221.635729465046,218.07390919582036,219.54509679193978,4658000
2022-04-06,211.97625732421875,215.71228993996306,211.59878317669154,215.625183929473,7430000
2022-04-07,209.20814514160156,211.65689076627504,206.81747020071649,211.29877837042037,6995100
2022-04-08,210.01145935058594,212.3634250737922,206.23671778091824,207.9111529111824,5438600
2022-04-11,207.85304260253906,210.32114920534985,206.55608187654684,208.33698449451236,6942700
2022-04-12,204.61065673828125,210.02113912709015,203.9331409415459,209.54687068500704,7446600
2022-04-13,206.42062377929688,206.98199826872806,200.51652550143226,203.67182200885136,8052900
2022-04-14,205.9560089111328,209.01452558450603,205.70436441347664,207.38848771890687,8191600
2022-04-18,206.3238067626953,208.89838145089394,204.72680425398363,204.87198092978065,4744400
2022-04-19,208.77255249023438,209.5565360795297,205.61725631997254,206.25606323300434,5028800
2022-04-20,210.79539489746094,213.72809624000624,210.40824730590367,211.63746380063557,7178300
2022-04-21,209.49847412109375,216.72856827440634,208.43381065716915,212.46019658992316,8850300
2022-04-22,201.484375,209.60491973816042,201.2714393760268,209.29520459248542,6201100
2022-04-25,203.20721435546875,203.76858876900945,198.73559562841072,199.72284130523994,6839400
2022-04-26,194.64146423339844,201.8618700808136,194.64146423339844,200.33261169914235,8155300
2022-04-27,207.233642578125,214.67667285613362,206.20768790732444,210.3889390823072,15955800
2022-04-28,213.57327270507812,217.70612647526605,212.22791462577771,213.32161342991176,10799100
2022-04-29,206.2850799560547,214.09589457775573,205.53013177012772,211.5987525901763,7965000
2022-05-02,204.73648071289062,205.32689048416094,200.31325895823952,204.96877816623407,8803700
2022-05-03,201.86187744140625,206.7496944199535,199.64542965909789,206.7496944199535,6616900
2022-05-04,207.63046264648438,207.9014689625761,198.73560705899334,202.62650455250537,7191100
2022-05-05,198.6485137939453,207.68854664185255,196.548207325132,205.4527370063009,7749600
2022-05-06,196.3061981201172,199.1130552142517,193.78969434909448,197.20632295923295,8825300
2022-05-09,186.80157470703125,194.30267420951566,185.91112337704902,193.6251584985221,10314100
2022-05-10,187.3629913330078,191.39906594503634,184.8368134369913,190.39247305727437,11016500
2022-05-11,190.40213012695312,191.95075034063294,185.25298046989406,187.27586913158834,9427300
2022-05-12,188.09902954101562,190.12576707995186,184.20070043011222,188.64207741776937,9308600
2022-05-13,193.19979858398438,194.47014577011765,190.55243304663333,191.03729928848225,6684500
2022-05-16,191.82278442382812,193.88831939425557,189.95120779193272,191.34762496647838,5161300
2022-05-17,197.82545471191406,198.60124376821264,194.09197820175905,196.71026811638492,7265600
2022-05-18,193.93679809570312,199.24123578351052,193.10282759642416,196.68114270615658,8748200
2022-05-19,191.39610290527344,194.35379005325674,187.45899123813078,190.40698638780543,9012400
2022-05-20,193.005859375,195.55626059934283,188.14750484961937,193.62648758660717,6966600
2022-05-23,201.27767944335938,201.66558132944803,194.69320214453404,194.79987331359044,12187400
2022-05-24,196.49688720703125,198.47513485539986,193.00584453703655,197.7381435348199,7458500
2022-05-25,197.6702880859375,198.7466918553923,194.40229398453243,194.51865716059942,5457200
2022-05-26,202.23770141601562,203.39168537625426,198.4751348492428,198.90181948633364,9212300
2022-05-27,206.4366455078125,206.77604298191332,203.2947070913611,203.64381135985568,4897200
2022-05-31,205.7481689453125,207.86219375888174,202.78078948501545,204.012354059963,9586400
2022-06-01,203.57594299316406,207.62943266442448,202.4995540895455,205.6317860194212,5246100
2022-06-02,208.541015625,208.7349592014541,204.69117570475288,205.4766568074072,5337200
2022-06-03,206.21359252929688,207.7263875290506,204.87537185593277,206.5045152137473,4352500
2022-06-06,206.49484252929688,210.99440077254022,205.67056397908553,208.9288657963958,3965100
2022-06-07,208.00762939453125,208.46340487113264,204.3420415847608,204.72992868117103,4493300
2022-06-08,207.03790283203125,209.04525634609774,206.38818378847276,207.29002797228026,3646300
2022-06-09,199.87158203125,207.24155553500307,199.78430965058942,206.15544498687373,5138600
2022-06-10,193.47134399414062,197.2630019779936,193.1513304633273,195.54657114797496,5162500
2022-06-13,186.4407501220703,189.96088354886223,185.29647296667187,187.14866544391086,7119200
2022-06-14,187.66265869140625,188.45783173660595,185.94622782983234,186.88686964459154,6441200
2022-06-15,190.22274780273438,192.81193203419426,186.4116910417025,190.04818824267625,6490000
2022-06-16,183.3279266357422,186.06256451005595,181.8539291364063,185.6164958596019,9887200
2022-06-17,184.25885009765625,185.5195051914162,180.28295609049624,181.27207249597384,15089300
2022-06-21,188.50628662109375,190.77545695777627,187.8662596655343,189.78634053221268,6241600
2022-06-22,187.9535675048828,190.445772431636,185.24800543919793,185.46134778118542,5138500
2022-06-23,190.688232421875,191.48342031708253,187.59478282432966,190.2033660848791,4752800
2022-06-24,199.28970336914062,199.41577331816873,191.5318440456609,191.745186360812,7754800
2022-06-27,197.39874267578125,200.82189717095494,196.47749977256862,199.52245918971002,6121200
2022-06-28,192.1234130859375,200.53099273826555,191.52218362426595,197.82544536379874,4354200
2022-06-29,193.4616241455078,194.5671185487473,191.34761450299177,191.34761450299177,4324600
2022-06-30,190.93063354492188,192.83131577759517,187.01292071019307,189.4566359847024,7045200
2022-07-01,193.1513214111328,193.75256565157932,188.81663054367053,190.83366121805398,4131800
2022-07-05,194.4701690673828,194.4992746585685,188.2638863469894,190.290623929452,4110200
2022-07-06,195.03260803222656,196.3805357008225,192.65676621596035,193.9465122983779,4111200
2022-07-07,196.66172790527344,197.27264923741575,193.9852570898134,196.40958801863346,4650700
2022-07-08,197.4084930419922,197.92245018975834,194.39262375005185,196.1963271657613,3621800
2022-07-11,198.85336303710938,200.48252148681078,195.885983671771,195.885983671771,5353600
2022-07-12,198.62059020996094,201.82069517864977,196.62292910754246,197.0981032935501,6779500
2022-07-13,197.97088623046875,199.34791941759823,193.46163597244492,194.36348010527217,7597300
2022-07-14,199.67758178710938,199.84243450275955,191.98759694049667,193.9464603330034,5605500
2022-07-15,203.6825714111328,205.30203741820262,200.90913636459746,203.03285252780745,7245700
2022-07-18,200.93826293945312,206.46573482029507,200.38550835289766,205.09840854539289,4648900
2022-07-19,207.19305419921875,207.62943087472453,201.60738540252382,201.91770691209308,4927100
2022-07-20,206.9118194580078,207.64882563043125,204.8172084969224,205.58329066374054,4460300
2022-07-21,209.64646911621094,210.33497089695425,206.29118819438736,206.69847406404048,4801300
2022-07-22,207.23182678222656,211.46956775650577,205.69964769731985,211.3337910050489,5071500
2022-07-25,207.78457641601562,208.29853343128303,205.21477654273573,208.08519110831057,4357200
2022-07-26,206.05845642089844,208.63793352719136,205.34084907127053,207.3772931626554,6141000
2022-07-27,204.09957885742188,210.28647628763977,195.1101553906933,204.39050153602017,17432200
2022-07-28,204.9529571533203,206.28148586136143,201.6267671890521,204.2644406101293,7477100
2022-07-29,205.68997192382812,207.67792661218076,203.47898289195572,205.5833007513718,6059700
2022-08-01,204.96266174316406,207.51306295257987,201.27767528465114,202.14073661756828,8028400
2022-08-02,200.0170135498047,202.5189250932159,197.75753512342624,201.51040983701463,9939400
2022-08-03,202.16981506347656,203.9638259972779,200.61825203675642,201.69465563764865,9520100
2022-08-04,207.00880432128906,208.3761307395811,202.23772205028035,204.15778831615046,6789700
2022-08-05,209.3361358642578,209.4137162346375,204.12867742691586,204.3323277487804,5553700
2022-08-08,206.8633270263672,210.07313897044412,205.63176270929085,208.7155047036917,4063400
2022-08-09,203.89596557617188,206.9894148531323,203.40140729058953,205.5833055809534,4596800
2022-08-10,205.68026733398438,208.33732489023785,204.91417037952996,208.32763289222405,5746400
2022-08-11,205.0536651611328,207.40457235234388,204.57764933087526,207.2005613327619,6639600
2022-08-12,205.29653930664062,207.132579294454,204.1016599045783,206.91885909920364,6443700
2022-08-15,210.24118041992188,210.5520514954047,204.36390570451985,204.36390570451985,5290600
2022-08-16,210.94068908691406,211.39727185215992,206.0737290769473,208.42463670696145,6564400
2022-08-17,208.39547729492188,210.00807317746998,206.67600648647897,208.86176918727602,4902500
2022-08-18,209.10462951660156,209.83321707589286,206.3651331785534,207.76402366409698,4516400
2022-08-19,206.74400329589844,209.08518661161966,206.32627207335113,207.99716731723797,4178800
2022-08-22,202.6541748046875,205.21880208156185,202.25587676735194,203.94620501787247,5139500
2022-08-23,200.8958740234375,203.32449915712715,200.63357835851662,202.06161112297823,3525500
2022-08-24,200.7696075439453,202.40165155944229,199.80786652642996,200.73075605881243,4230800
2022-08-25,203.82965087890625,203.91707782339338,200.60442968841585,201.46901961569654,4495000
2022-08-26,197.09751892089844,204.25710173141968,196.91294102202346,203.78110064816613,5060200
2022-08-29,196.55348205566406,198.13695031338716,194.8922960184603,195.50431426740127,4476200
2022-08-30,195.630615234375,198.5741076913257,194.49402045801148,198.09809183189768,3918200
2022-08-31,193.036865234375,197.36952458907018,192.96885660897098,195.26147954883868,6559000
2022-09-01,194.4163360595703,194.70775926522973,191.04540263134015,193.04658770035553,5608300
2022-09-02,192.11395263671875,196.6991979651316,191.22994437482836,196.66034648610992,4508100
2022-09-06,192.9688262939453,194.32885035683984,190.7927729701635,192.24994796175787,4547800
2022-09-07,194.69802856445312,195.39747382697993,191.5893911883075,193.0368571833162,4098300
2022-09-08,194.97976684570312,195.3683409778709,191.33682876980663,191.76425438593,4377600
2022-09-09,199.34152221679688,200.50725916550866,195.6014488887154,196.30089402257235,4885600
2022-09-12,200.73074340820312,201.2747531046993,199.0986994955621,200.60445014896206,3812300
2022-09-13,193.9694366455078,197.6609499322311,193.1922736130684,196.2814925906483,5217900
2022-09-14,193.7168426513672,195.14487529736616,192.40537925870683,194.2899945778157,4632800
2022-09-15,189.7921905517578,194.59115614585093,188.976176071499,192.43453586005887,6099300
2022-09-16,187.78128051757812,188.2864386480267,182.8463129345116,184.78921285745983,9398200
2022-09-19,187.61618041992188,188.45162817839352,185.265272732863,186.12013882251395,8133600
2022-09-20,186.58642578125,187.5190095660843,184.85723098486378,185.6441180087047,5292500
2022-09-21,181.6805877685547,187.57728171040227,181.66115461757855,187.0332720682784,6705900
2022-09-22,180.48570251464844,181.86517466248452,179.38797401205878,181.02972700689804,6604700
2022-09-23,178.70799255371094,179.3102869587009,177.02737296695778,178.23197660009205,10755800
2022-09-26,175.43417358398438,179.23254711010748,174.7638706295918,177.81422341295695,9914600
2022-09-27,172.79180908203125,179.5725408459551,171.96608546480903,177.29933654976773,9799600
2022-09-28,174.06442260742188,174.95816974792672,169.83862354678132,172.19924018557919,9751000
2022-09-29,174.91929626464844,177.0370651135695,173.6272658999192,173.7244168356423,9105200
2022-09-30,172.57810974121094,177.6976560790474,172.52954909321167,174.9193081130982,9472300
2022-10-03,176.46389770507812,178.12508383208024,173.06382249054366,174.21985043518964,8842300
2022-10-04,180.34971618652344,180.89374072730593,177.84338781932408,179.76685498470036,7081400
2022-10-05,182.31201171875,183.42918806360262,177.1536148168787,178.10563162460835,6119900
2022-10-06,180.29141235351562,182.68118601370128,179.96112289199894,181.32114704127437,5163000
2022-10-07,178.5816650390625,179.33939489462378,176.7359010442929,178.21250927547828,5610300
2022-10-10,176.97877502441406,179.5045512553699,175.73532006173957,178.87311460920714,4743800
2022-10-11,174.0255584716797,176.4541835563147,173.10268390414862,175.2204378628378,6294500
2022-10-12,173.15126037597656,175.43415907489978,173.13182722470432,173.97698401565683,4884300
2022-10-13,179.38795471191406,180.07767588847403,169.61517040207988,170.00374446015732,8426400
2022-10-14,177.40621948242188,181.78746909221903,176.87193376497098,181.45716477965775,6449400
2022-10-17,179.96112060546875,183.18634186584538,177.62964642971914,180.6897081382844,13952100
2022-10-18,181.8262939453125,184.76007708327532,180.4371275663528,184.08006505080726,5209200
2022-10-19,181.08799743652344,182.2828767819435,179.48509604813012,180.19426521836652,4927000
2022-10-20,181.87489318847656,185.5275403141108,181.10743929044847,181.13659643143473,5706700
2022-10-21,184.93495178222656,185.49839462201692,179.76684493063775,180.49543250953266,7582500
2022-10-24,185.26524353027344,187.6161508467686,183.70120837396308,185.94525559320158,7299200
2022-10-25,188.83045959472656,189.65618321767735,185.27494896465348,185.42066053836513,11907200
2022-10-26,197.5249481201172,200.47814986467733,190.88994224203563,190.96766002783352,15450000
2022-10-27,198.45755004882812,200.4296075445616,195.83463753672598,197.51525701485852,7946700
2022-10-28,203.3633575439453,205.4811264404876,197.50551470838707,199.14726772622464,8455600
2022-10-31,201.24560546875,203.63536440422783,200.31300685429264,202.95535230157773,8674100
2022-11-01,201.02215576171875,203.97537227389313,199.4678445444469,202.945637571952,5919500
2022-11-02,195.21290588378906,201.0901822922263,194.85347406947764,199.88557876244985,6985600
2022-11-03,189.18988037109375,193.17283115027155,188.6361467768468,192.6190975560246,8236200
2022-11-04,191.35623168945312,195.69861471206286,189.76305415882607,191.37566484144236,9680100
2022-11-07,194.3871612548828,194.71745071487123,191.5408048956493,192.6579813488828,7821300
2022-11-08,196.01918029785156,198.2923697459048,194.0374288151476,195.90261104097212,6943700
2022-11-09,188.8143768310547,196.01918356527133,188.2302129485717,195.40579737519585,7320200
2022-11-10,200.14735412597656,200.33232970881392,194.743752498194,197.73276240815815,8048900
2022-11-11,199.59239196777344,200.9846634734104,196.8175649661957,200.56601339200648,9601000
2022-11-14,201.4033203125,203.65238333503615,197.84960819946076,198.1319518643701,5796100
2022-11-15,204.45077514648438,208.09210988840448,202.0361832360942,204.45077514648438,7316100
2022-11-16,204.59678649902344,205.32700249940393,202.7274353208033,203.07793959523724,6125300
2022-11-17,205.42440795898438,205.7067516604155,201.85121879628457,202.4743359690878,5385600
2022-11-18,205.2393798828125,208.5204790196557,204.20734364726434,207.54685768705818,8028500
2022-11-21,200.8775634765625,204.99597761527977,200.45889857201772,204.7525722784904,10450900
2022-11-22,204.78179931640625,204.92783658993426,199.93316870358186,202.06538717851174,5273100
2022-11-23,206.1448516845703,207.2158411505747,204.38259935474036,204.46049084829372,3807300
2022-11-25,208.15052795410156,208.35499499997894,205.8138423639054,206.12540836595005,1993500
2022-11-28,205.687255859375,208.81258715462005,205.0933461988704,206.66087727946226,10229400
2022-11-29,203.5452880859375,204.60653184944792,201.88040380672086,203.8276466122594,8986900
2022-11-30,211.27584838867188,211.27584838867188,202.52298646430754,202.7274534995131,13918100
2022-12-01,211.27584838867188,212.88231779104913,209.6206949439805,211.27584838867188,11261500
2022-12-02,211.91847229003906,212.7168342438759,208.5886883379873,210.03937495419262,5132800
2022-12-05,208.04339599609375,211.1882035481981,207.4300246683298,209.96143118010554,9006300
2022-12-06,203.56475830078125,206.53430645751706,202.16274114768086,206.40773092510898,5986000
2022-12-07,202.32826232910156,203.50635076902017,199.7189640878432,203.29215287085316,7923800
2022-12-08,203.584228515625,204.75257115454414,202.26983376166427,203.9834019749935,4896500
2022-12-09,203.19482421875,204.96682265540156,202.04595786589496,202.42566969427935,4928400
2022-12-12,208.929443359375,209.15338701080415,203.94450581292787,204.46052404224594,5941700
2022-12-13,207.4202880859375,214.1772227042193,207.01136889731737,213.74882692863164,14585000
2022-12-14,207.69293212890625,210.57484326369877,206.04750952291883,207.23532886488783,7001700
2022-12-15,202.4256134033203,206.23247635253185,201.36436972375466,204.0710358208522,10831800
2022-12-16,201.4325408935547,202.9027039325831,199.8844863558892,202.01671970519058,12472900
2022-12-19,199.4171600341797,201.9972510313854,198.57009923848855,201.17941254807698,4893600
2022-12-20,199.94288635253906,201.0820215796078,198.18063403913484,198.50193087594138,5024900
2022-12-21,201.35464477539062,202.47431832929087,200.15709458092428,201.1209851411244,4086900
2022-12-22,199.6508026123047,201.19885707826546,196.798099031243,200.32260375768334,5690300
2022-12-23,200.4005126953125,200.7997010709756,198.151449434617,198.7453591366596,3246000
2022-12-27,200.84837341308594,201.42282139090716,199.20296555150915,200.48813821081504,2904900
2022-12-28,199.58265686035156,203.0292700921257,199.3976664166732,201.22806455305943,3139200
2022-12-29,202.57168579101562,203.02928908198393,200.07921714182623,200.51734384314256,3675500
2022-12-30,202.27955627441406,202.55216905036252,200.27389877010077,200.8678083583347,4159400
2023-01-03,201.91934204101562,206.72903414567526,200.72179187587327,203.7594858972231,4202800
2023-01-04,207.00164794921875,207.5760810138759,204.09051459384804,204.09051459384804,6606200
2023-01-05,205.5412139892578,208.51076222532797,204.90836602287655,208.1602579276888,5246000
2023-01-06,212.0060577392578,212.38576948722604,207.46897849492115,208.35497752560815,6829700
2023-01-09,212.83364868164062,216.3484226074942,212.5902433262665,213.29125193824666,6294500
2023-01-10,215.25794982910156,216.52366060900175,212.4247080150146,213.21335382121674,10857000
2023-01-11,216.2413330078125,216.31920965137002,213.9046325814046,215.45268714301844,5408200
2023-01-12,217.72122192382812,217.9062123746588,214.79062673412292,216.2413280297512,4264400
2023-01-13,217.17599487304688,217.85752690616124,214.3330220661383,216.05633616552214,4283200
2023-01-17,217.11756896972656,218.48063296693348,216.50418274284178,216.51392846471825,6101100
2023-01-18,213.6709442138672,219.05506899526517,213.65146762745383,218.1690700169889,6558000
2023-01-19,214.5958709716797,215.67659119217683,211.76262946709505,212.34680818055148,4853100
2023-01-20,218.39300537109375,218.50983518054346,214.59588800114835,215.30662743577238,5211000
2023-01-23,218.2664337158203,220.23315306208426,217.2636048834815,218.67536776872183,5501500
2023-01-24,217.98410034179688,223.9329278453307,210.91561414154998,216.16343303028268,5274900
2023-01-25,218.96746826171875,219.03562889737896,215.33586424548128,215.77399094693172,4729600
2023-01-26,218.782470703125,221.0899486604946,217.76989613051106,220.03843576875715,7043400
2023-01-27,225.3349151611328,226.6979790332492,221.25543955320177,221.98565552532455,11382600
2023-01-30,223.05667114257812,224.3418436794847,221.91752101848505,224.12764578061964,5677400
2023-01-31,224.13742065429688,224.71185379583554,222.42383724050603,222.77434158821,11294200
2023-02-01,224.80917358398438,226.5227567427924,221.79095618102795,223.31953404197364,5792700
2023-02-02,223.50453186035156,228.1195027613454,222.3459199880401,227.7884750424804,7190000
2023-02-03,224.0595245361328,224.77026408402054,221.63520160972953,222.6575071741784,5243600
2023-02-06,223.38768005371094,224.18604181804872,222.02460127964076,222.66719492214744,3402400
2023-02-07,225.21810913085938,226.00674008698505,221.93699491420185,222.00515554314285,4042600
2023-02-08,224.12765502929688,225.74387020332344,223.92320284412403,224.26396143817354,4978600
2023-02-09,223.73744201660156,226.79083575273006,223.52282458014756,226.72255650588485,5238400
2023-02-10,221.64004516601562,224.28373362785376,220.62550219943566,223.3569846430642,4509700
2023-02-13,223.27891540527344,224.2056642855456,220.73278602282792,221.32785886348776,4946700
2023-02-14,223.7764434814453,225.75676480456934,221.61076939358082,223.07406189157678,4829400
2023-02-15,223.31797790527344,223.4643161085361,221.2498622905338,222.0205232403374,4407300
2023-02-16,220.30355834960938,222.7716437642136,220.1474702487111,220.53769050095678,3865900
2023-02-17,218.08914184570312,219.26953784112567,216.31368777498318,218.69396473232223,4520200
2023-02-21,215.2210693359375,216.99653815647451,214.60649657030558,214.77233461089716,7276100
2023-02-22,214.63577270507812,216.32343274755775,214.0797143462675,215.0162282033338,4621800
2023-02-23,215.7185821533203,216.65508100465667,213.57240794113105,216.13805218591494,5533800
2023-02-24,214.17726135253906,214.85037832440318,212.13841058658974,213.13343882854528,4414400
2023-02-27,214.95767211914062,216.02099441966865,213.97237898538705,215.3283627601526,4255300
2023-02-28,214.55772399902344,216.34294280154546,214.12848911071663,214.61625332281392,5385400
2023-03-01,213.01637268066406,214.87963541546935,211.13359521080736,214.0894598277722,4792700
2023-03-02,213.69924926757812,214.22604294024313,211.77745712564283,212.55788282398004,5539300
2023-03-03,218.29396057128906,218.5378426336783,214.518656123445,214.81131757538807,6055400
2023-03-06,221.20106506347656,221.8546673063047,218.21595053623255,218.45006782597272,5737600
2023-03-07,217.7086639404297,221.81564491626142,217.62086995986573,221.20105728155067,4386800
2023-03-08,216.7526397705078,217.47452120055763,215.7673466408093,216.52827242484753,4194900
2023-03-09,214.62596130371094,218.87926499738654,214.28453535319758,215.98194495292466,5066700
2023-03-10,210.8507080078125,213.75777847503838,210.20685569062695,213.66998449143549,6638900
2023-03-13,209.2215576171875,212.5188480648525,207.2997656576718,209.37764571911524,6810800
2023-03-14,213.30905151367188,214.48943258611163,210.7531568877889,212.6651991730415,7985600
2023-03-15,211.0750732421875,211.6018669092533,208.44114956300436,209.16304593123522,8372200
2023-03-16,212.12863159179688,212.2554550375467,203.65128805399195,209.90442819850674,13674600
2023-03-17,212.07012939453125,213.3090546953665,209.61179352979042,209.61179352979042,18801200
2023-03-20,212.81150817871094,215.15278520033127,211.5335683943667,211.68965650621774,9817400
2023-03-21,216.5184783935547,217.06477179728515,213.3284970502399,215.92340560333852,8971400
2023-03-22,214.65524291992188,219.396311104965,214.53818428596895,217.05504911362203,6700600
2023-03-23,217.14283752441406,219.7377463366635,214.86985483266596,215.04545766447595,6427700
2023-03-24,215.6307830810547,215.91369464249667,212.9090654944054,215.26984234960963,4791500
2023-03-27,216.38197326660156,218.5964271199224,215.97225308462131,217.1428843024768,7210900
2023-03-28,214.93817138671875,217.8647565489818,213.29927595545286,217.36724243013455,6418400
2023-03-29,217.8354949951172,218.07937709545087,215.5137326366183,216.8502017831246,4483000
2023-03-30,216.9185028076172,218.7525010237141,215.79665106459433,218.44032478038588,5383900
2023-03-31,219.94261169433594,220.31330231722114,217.82570223591748,218.12812850524884,9509000
2023-04-03,223.39601135253906,223.5520994744475,218.63542783200967,219.7182649890028,6421500
2023-04-04,222.08880615234375,224.4203185067916,221.27911576844662,223.39601067726474,5254700
2023-04-05,222.58631896972656,222.87898047433424,221.00596768438052,221.23033505424735,4813600
2023-04-06,220.45970153808594,221.1815831357053,219.18174663870425,220.62553960471158,4285200
2023-04-10,220.8888702392578,220.93764963230896,218.83051977507978,220.04016536461523,4952200
2023-04-11,222.85946655273438,223.53258355017834,220.6645275882254,221.44495330823844,4513300
2023-04-12,222.235107421875,225.9226033341452,221.76685798938797,224.30322272695875,4373000
2023-04-13,226.99569702148438,227.14202032168726,223.20089228728122,223.84474457893683,7615500
2023-04-14,228.2931671142578,229.2394308811843,226.556727701531,227.28837402325462,9781300
2023-04-17,227.76638793945312,228.3224463243772,225.28855212156984,228.2931816604742,4865000
2023-04-18,227.88343811035156,228.59556966793275,226.02017531089783,228.02976141486073,4796200
2023-04-19,226.87863159179688,228.3321592815857,226.17625000107944,228.27362996325607,3833900
2023-04-20,228.8589630126953,228.92724225863142,225.83481909229587,226.77133288302412,4925700
2023-04-21,228.32241821289062,229.80522550473867,227.66881599055708,229.24916718827754,6771500
2023-04-24,227.06398010253906,229.39549233257685,225.84456962897576,228.49800801028005,9124100
2023-04-25,223.97157287597656,229.26870009072198,223.8154847517544,227.3176431940935,6076500
2023-04-26,222.56678771972656,227.0737388313687,221.17178932031493,225.56166690757092,8400400
2023-04-27,223.40574645996094,224.0105841708925,221.0644843281572,223.07407038694205,7128200
2023-04-28,227.03469848632812,227.85415357625328,222.4789830835768,223.05454121162254,11627900
2023-05-01,226.820068359375,228.84916890839926,225.84454010803907,227.1712591252711,4571100
2023-05-02,221.42544555664062,226.68354335762726,220.67429936034466,226.27382319090682,5244000
2023-05-03,220.4499053955078,223.07407919377923,220.39137607270925,221.42543380316962,4093300
2023-05-04,220.07920837402344,220.52794309278917,218.01107808737996,219.33779727894338,5648700
2023-05-05,226.10797119140625,226.65426471333495,221.72784331995734,222.75215111626468,6237500
2023-05-08,226.5469512939453,227.73709710719095,225.59093765040402,225.59093765040402,2938400
2023-05-09,227.55177307128906,228.3614635143855,225.1714960295716,225.42512808141316,4352100
2023-05-10,225.61045837402344,229.0638223778762,223.29844593230044,228.566308250104,5245000
2023-05-11,225.79617309570312,226.2946721046547,223.11802356125446,225.54204658141623,3818000
2023-05-12,226.1577911376953,227.4773128813918,224.63300250174362,226.76379305341962,3432700
2023-05-15,227.55551147460938,227.57506425369644,225.34652469858645,225.9720793997682,2843200
2023-05-16,225.26834106445312,227.83898728220203,224.44730326979615,227.31116661820727,4289700
2023-05-17,227.39913940429688,228.61115827126306,225.34654484863057,227.4773356132368,4990100
2023-05-18,228.3277130126953,228.86528772019685,225.91345909520268,227.15478477785038,6621900
2023-05-19,228.04425048828125,229.05100245813463,226.70517581106702,228.71867975077376,5399400
2023-05-22,226.06007385253906,228.59161469702028,225.9623248588268,228.0442561267976,3987800
2023-05-23,219.51132202148438,224.3105088867991,218.61208783911735,224.09547300466738,8537200
2023-05-24,217.2338409423828,218.06466249779865,215.0639449150707,217.52707295690604,6730800
2023-05-25,218.33837890625,219.6188101761148,215.51360601707884,217.42936099790788,6827600
2023-05-26,219.93157958984375,221.10450784486602,218.29927282936723,218.76845009713708,5067300
2023-05-30,216.6376495361328,220.38120934791615,214.79030687900553,219.9315848508152,6916000
2023-05-31,216.0414276123047,216.53014278401318,211.26179382957173,214.9955849003383,20460600
2023-06-01,221.387939453125,221.59320635667635,217.40979139543,217.70302343718856,7003600
2023-06-02,223.62625122070312,225.07285867011237,222.28717660538916,223.64580400093877,5897100
2023-06-05,221.65185546875,223.17664422773234,220.2248007832605,222.76612532449874,4858900
2023-06-06,223.06915283203125,224.07590488657002,221.05564872295375,221.57368560871043,6020100
2023-06-07,220.1857147216797,222.41425447958215,216.03163619449452,221.87666486377194,8517200
2023-06-08,218.01580810546875,220.05863363476033,217.39025337687798,220.00975914210144,6248200
2023-06-09,218.5143280029297,220.0977604070541,217.73238073524223,218.59252422113877,6385000
2023-06-12,221.0654296875,221.3391090037593,218.58276305731823,219.3451575689554,8621100
2023-06-13,218.35789489746094,222.0232580498203,217.60528440187844,220.52779107680973,6868700
2023-06-14,218.39700317382812,220.38118525850757,217.55641261718554,218.6902352125455,9160700
2023-06-15,221.0654296875,221.98421664111507,216.37376082899155,217.0090995316253,12534000
2023-06-16,223.74356079101562,224.61347311182317,220.97743141005628,221.33907582782064,13628900
2023-06-20,221.358642578125,224.38868249228292,221.07517943733842,221.87667944711805,12312300
2023-06-21,222.1210479736328,223.46990663492673,219.90227689374876,221.01654690086875,7032100
2023-06-22,223.2353057861328,223.7631115861874,220.4105328136121,221.25112346881218,6275500
2023-06-23,224.369140625,224.78942851808415,221.28045712853555,222.09172611165522,5424400
2023-06-26,221.1924591064453,224.9066968806183,221.09471011986128,224.26158936372693,5165400
2023-06-27,222.20901489257812,223.45035562821124,221.40752975131838,222.34585454666654,4628500
2023-06-28,222.81500244140625,222.9127365160496,220.91878540338504,222.36537797196135,5324500
2023-06-29,229.0314483642578,229.4028616931805,223.44054650665296,223.6262457139138,7118900
2023-06-30,232.12013244628906,232.90207963204068,230.62466535145,230.9374501915115,6879400
2023-07-03,232.5990753173828,233.0193631615099,230.0968562902399,231.6509667917917,3087400
2023-07-05,234.04566955566406,234.58325917415186,228.7089087615172,229.11942767534373,7601200
2023-07-06,233.48854064941406,234.1922916158051,231.3479660361749,232.8923076060662,6441800
2023-07-07,231.11338806152344,233.05847969917258,230.80061812560143,231.38706734835614,5729500
2023-07-10,232.78477478027344,233.70356153393047,231.1622371052791,231.6607211268926,4858900
2023-07-11,235.12086486816406,235.26747344941097,232.7457014511437,233.42013075368533,3856500
2023-07-12,236.74339294433594,238.44411207384152,235.78550053859348,236.09828538481202,6116000
2023-07-13,237.81854248046875,238.75688204626638,237.66215006710223,238.28770480616686,5819600
2023-07-14,237.6719207763672,239.21626221558992,236.4990075697577,239.20647836879445,4941200
2023-07-17,238.4832000732422,239.83204360861478,237.51553880522164,237.62305672389058,4328100
2023-07-18,235.33590698242188,237.6915027653197,232.31563589886983,237.6133214628463,7674000
2023-07-19,235.97120666503906,237.1147982556939,234.70054437062197,235.80504531402786,4835500
2023-07-20,234.21182250976562,236.15691399985792,233.67424782495547,235.71707338755806,4695000
2023-07-21,233.85015869140625,234.92533780057508,233.34189084758097,234.3291048244724,5427400
2023-07-24,235.30654907226562,235.83435481199638,232.8140991074013,234.27046054381452,6010000
2023-07-25,233.30284118652344,235.36521972045955,233.1757704746459,234.602825278,4997500
2023-07-26,231.74874877929688,233.45925194219728,222.54134148632318,226.1969364722215,7551400
2023-07-27,229.1487579345703,233.27351492201393,227.702165291752,232.0614960018998,8160100
2023-07-28,230.4291534423828,230.55622413205347,228.4352025369672,229.28556197854735,6794800
2023-07-31,232.36448669433594,233.038915945994,230.67353655578577,230.67353655578577,4799600
2023-08-01,234.3682098388672,235.29676553677942,231.65095510296342,231.78779473303047,4627300
2023-08-02,232.1983184814453,233.40055346464567,231.445693043129,233.2441759658694,4868200
2023-08-03,233.37124633789062,233.65470946879265,229.94047145287948,230.6735441567675,5033800
2023-08-04,233.5960693359375,236.45016398029816,232.47201555880204,232.62840798396215,5169700
2023-08-07,236.05917358398438,236.7140500597467,233.81109594740406,233.82086488068936,5649800
2023-08-08,233.88926696777344,235.91255464909537,232.03215554581524,234.99376787097245,5080600
2023-08-09,234.34866333007812,236.50879067079887,234.08476791000209,235.07196705944557,4055000
2023-08-10,235.18104553222656,238.89246529405705,235.11248958846565,235.63150051928332,4778000
2023-08-11,235.0635223388672,235.72943245713626,233.47711270268655,235.02435818717902,3607100
2023-08-14,237.86422729492188,238.28532036885105,235.27895998056613,235.72942990355477,4351100
2023-08-15,234.85787963867188,237.63899756806438,234.38783511569824,236.9926770099469,3770100
2023-08-16,234.3291015625,236.07221285848536,231.12690502611278,231.6263264726493,3218600
2023-08-17,232.44891357421875,235.39652074555434,231.58716762372552,235.0243940067934,4177600
2023-08-18,233.23231506347656,234.0940758967614,230.42181999462372,230.69601390658752,4344800
2023-08-21,234.49557495117188,235.543384178355,232.83080702026578,234.41723170033947,3573600
2023-08-22,235.58258056640625,236.42473695416143,233.72196184307612,235.0243904666727,3848400
2023-08-23,237.27671813964844,237.51173297448483,235.7294723930307,236.3170393650193,4947700
2023-08-24,234.50535583496094,238.51055916603192,234.39763573582093,237.22772022146685,4570700
2023-08-25,237.54110717773438,238.36368892363458,235.23003350417116,236.37577556648523,3541500
2023-08-28,238.77496337890625,240.14593286114152,237.57046769505334,237.97195629470653,3741500
2023-08-29,240.253662109375,240.73350891765585,238.35387936703296,238.45181216625673,3975600
2023-08-30,241.1251983642578,243.08373471277866,240.94893726526527,241.31126170815872,4573300
2023-08-31,240.58663940429688,242.87813868382997,240.36141186922856,240.4985088395896,5532600
2023-09-01,242.96621704101562,243.71045544270694,241.65400132917335,242.33948603368455,4112900
2023-09-05,240.253662109375,243.534216631557,240.11656515593006,243.20126902211177,4459600
2023-09-06,241.05667114257812,241.54630525769917,239.14710108209553,240.33200727291793,4520300
2023-09-07,242.016357421875,242.2709617904496,240.0284440474734,240.41035807155924,4007900
2023-09-08,242.16323852539062,242.9956225133489,241.33086947987996,242.65287264949606,3309100
2023-09-11,242.0946807861328,243.21104591423966,241.16437900311823,242.20240088368902,2995800
2023-09-12,242.17303466796875,242.62348968302302,240.9097702918419,241.8204975097993,3499600
2023-09-13,242.69204711914062,244.8758110871219,241.4973386837102,242.02613695298314,5657000
2023-09-14,236.4932861328125,240.44952335099904,233.8002984025217,239.92072506227356,12000000
2023-09-15,236.0721893310547,239.0393707462733,235.0537420474301,236.88496877800847,13077900
2023-09-18,239.58778381347656,240.14595896962578,235.77843075678,235.94490457326128,4771600
2023-09-19,238.5105743408203,240.03823043131177,236.45411996610017,239.92072302202712,4709000
2023-09-20,236.8458251953125,239.46046969212048,236.65976183258024,238.57913422306538,5756600
2023-09-21,231.70465087890625,235.7881975058821,231.37170327496796,235.7784102031005,6881500
2023-09-22,230.2063751220703,232.86018363247553,230.01052446641395,231.84175125759413,5935500
2023-09-25,228.52203369140625,230.58829024482802,227.39588120910437,230.50015969072382,5921600
2023-09-26,224.88893127441406,227.84632535814325,224.8399798194335,227.12166152658278,6193200
2023-09-27,224.74205017089844,225.8975794656336,223.19480463370888,225.4862886178916,6006700
2023-09-28,226.85728454589844,227.71903043806245,224.9085353648828,225.88780360696046,4203900
2023-09-29,225.24148559570312,228.1988799049937,224.88894842676487,228.01281654604742,6045200
2023-10-02,226.4753875732422,226.57330543935052,224.0272167838039,224.4874740876142,5175200
2023-10-03,224.06637573242188,226.9454269046578,223.05773058601926,225.69196468500314,5585700
2023-10-04,226.42637634277344,226.89642085740408,224.1348925236976,224.7224444313745,5430900
2023-10-05,228.63954162597656,229.33482864234003,225.44713258286532,225.63319593692515,6126200
2023-10-06,230.1671905517578,231.68505924628008,227.9246729542955,228.33596380412692,6401300
2023-10-09,229.57965087890625,230.2945125173905,226.89645049511464,227.97365154689717,5372200
2023-10-10,231.6948699951172,233.28127975161254,229.4229605212966,230.03010204441017,4644000
2023-10-11,230.7939453125,233.56527638908074,230.02032993171628,232.625187190722,4760900
2023-10-12,231.87112426757812,232.8014260733696,230.02030795875933,231.80258326333512,4472800
2023-10-13,232.74267578125,233.7023544518389,231.33252715531285,231.48921365651637,4966800
2023-10-16,235.09291076660156,235.7196417817679,233.38897881484647,234.04508667897014,6227300
2023-10-17,236.199462890625,236.47365676341408,233.34978913151846,234.6620197426609,4527600
2023-10-18,232.5468292236328,235.8371710946489,232.07678465418692,234.98521251081934,9528300
2023-10-19,228.9627227783203,232.98751615838452,228.57102142854882,232.54684840427942,5927400
2023-10-20,228.54164123535156,230.8820918807957,227.81697731216835,229.276092462279,5748300
2023-10-23,226.72998046875,229.59924425867325,226.48516340220988,226.56350665659647,5071700
2023-10-24,229.7852783203125,231.6263073272478,228.0617716588381,228.0617716588381,6844100
2023-10-25,231.939697265625,233.53589439545271,226.49495309663752,227.43505721675314,10365300
2023-10-26,226.4851531982422,230.72538639277332,225.58422822705816,229.70695401652748,6414500
2023-10-27,224.51683044433594,226.59287430266275,223.30253246435285,226.377434097465,5540900
2023-10-30,228.24783325195312,228.5416166996739,225.26106226127771,227.37628515393112,5170300
2023-10-31,230.2259521484375,230.8330936306841,228.15969571738455,228.7276730476089,4828400
2023-11-01,233.63380432128906,234.08425931659622,230.79391763207323,231.24438756982698,4996200
2023-11-02,238.20700073242188,238.20700073242188,234.24096134941516,234.93624837843956,6286700
2023-11-03,238.54974365234375,240.23408618107953,237.23751288522598,240.03822058371017,5029800
2023-11-06,238.44204711914062,239.70529666933248,237.58028622136715,238.9414685799237,5254100
2023-11-07,239.6954803466797,239.98926379375808,238.33429815291504,238.36367500337818,4219700
2023-11-08,239.36183166503906,240.18616465266004,238.27252915487583,238.9496651712286,5117500
2023-11-09,237.1341552734375,239.92119439885724,236.47665051334437,239.7739974280377,4866600
2023-11-10,240.67681884765625,240.69645010008952,237.45798226447434,239.43049636766102,4094400
2023-11-13,240.107666015625,241.09882727585244,239.55811066443908,240.4315143420582,4088500
2023-11-14,242.33534240722656,243.30687241473922,241.00070156198,241.57969631029204,14092000
2023-11-15,243.4834747314453,243.61105540341086,240.76512293739998,242.20771293456164,13258900
2023-11-16,243.9349365234375,244.79851703095002,242.65917455470893,243.95455280310736,7051600
2023-11-17,244.90646362304688,245.57379148055787,244.0232518718584,244.7985141890786,7238200
2023-11-20,245.30880737304688,246.2508978550388,241.02029961136225,244.95551969873537,8604200
2023-11-21,247.5266876220703,248.61599015940848,245.36771380213938,245.36771380213938,7213700
2023-11-22,248.98887634277344,249.79357799025502,247.94864459214074,248.28230100757804,5701400
2023-11-24,249.55809020996094,249.95062545063874,248.7730047543458,249.45014077263562,1640900
2023-11-27,249.4010467529297,250.22537966566156,247.81125971062414,249.55806682419046,5478900
2023-11-28,248.22344970703125,249.4108785446865,246.91824831763242,249.1164846009767,5234900
2023-11-29,249.48936462402344,251.29506549280853,248.7926123918212,249.18514759523725,4955100
2023-11-30,251.89370727539062,251.98202546083297,248.44916327479942,249.50902642288747,6874700
2023-12-01,251.6680145263672,252.1194285668748,249.1655461517386,251.02030291215112,3939400
2023-12-04,249.69546508789062,252.59046847958118,249.60714690981254,251.13805522686752,5247500
2023-12-05,249.8623046875,250.06839541999642,247.43836141698287,249.45013819676657,4199100
2023-12-06,249.54827880859375,252.04090914983806,248.80245582659583,251.03013160636343,3874000
2023-12-07,251.0497589111328,251.36379909288098,248.7730125162388,250.13709273540476,3589300
2023-12-08,250.97122192382812,251.2656308190471,249.136081629043,250.2450153121891,3732300
2023-12-11,251.73666381835938,252.8259812347421,250.2450180218132,250.2450180218132,6479300
2023-12-12,254.71998596191406,254.87700603800323,251.61890684331684,252.5021185663658,5946600
2023-12-13,257.4874572753906,257.58559858504475,253.86626157337045,254.31767565955195,4859900
2023-12-14,253.90548706054688,258.3411920939507,251.61891766799414,258.28231330644894,8168700
2023-12-15,253.21852111816406,253.55217755452244,249.70527547405828,249.76415425997342,13374000
2023-12-18,253.5521697998047,254.74942165765833,253.1400183110041,253.8760330609506,6041100
2023-12-19,255.14198303222656,255.4854626071281,252.4040294445861,253.78771096168444,8731200
2023-12-20,252.31564331054688,255.95648432824225,252.2862039199045,255.64244419571324,7240900
2023-12-21,254.70037841796875,255.14196932037882,252.24699579840737,252.70823292882565,6246700
2023-12-22,253.61105346679688,256.33921366118426,253.4049777184289,255.15178489399324,5111500
2023-12-26,254.32742309570312,254.89659460469395,253.70916597223004,253.70916597223004,2085100
2023-12-27,254.10169982910156,254.92603267329042,253.49326582137982,254.4157399455108,4034700
2023-12-28,255.54437255859375,256.1037510817714,253.71906994425436,253.71906994425436,3020500
2023-12-29,255.49530029296875,256.5845879214296,254.82798733417178,255.7111991853468,4074900
2024-01-02,254.04281616210938,255.2400678779304,252.86521067100702,254.7690077123815,5471000
2024-01-03,253.16946411132812,254.0330296163699,252.07032356683226,253.728812574573,4148300
2024-01-04,254.76901245117188,256.1723698615622,253.18904865462153,253.2577505453882,3843000
2024-01-05,254.84754943847656,256.58453337481075,253.9250752715605,255.917220557876,3748400
2024-01-08,257.6444396972656,257.7229347643942,255.10273887615202,256.07426881802627,4659000
2024-01-09,258.419677734375,258.70427849593074,256.27054217192097,257.1144913943392,7055800
2024-01-10,259.62677001953125,260.4216636232584,257.95845779403106,260.02912837858764,4355800
2024-01-11,259.1065979003906,261.2263237002206,257.5069879253907,260.5099253213549,5599000
2024-01-12,259.24407958984375,260.59832180503986,258.7926355695897,260.1861702456173,4656100
2024-01-16,260.2940368652344,260.70621826573125,257.45794252202035,258.6061086582007,6196400
2024-01-17,261.65814208984375,262.1193791747067,259.4599210633559,259.48936045394225,5118700
2024-01-18,263.14007568359375,263.76812619239763,261.4521468901792,262.8849142542385,6694300
2024-01-19,265.8485412597656,266.09387952780685,262.070325942227,263.17925970553637,7226500
2024-01-22,266.1429748535156,267.2715249379459,265.3186118881459,267.16356052284175,5984300
2024-01-23,266.20184326171875,266.80045425892723,264.87701062796293,266.48641408898885,5883000
2024-01-24,266.5845031738281,267.7719317699778,266.0251248460296,267.4873609984422,5021700
2024-01-25,267.52667236328125,267.69351557894777,265.7504255276718,266.8790056280445,6894900
2024-01-26,262.9437255859375,265.8190826923401,260.6473631565277,260.9810195831753,8586500
2024-01-29,268.5570983886719,269.94080988156884,261.7366822258821,261.9918436205855,6574500
2024-01-30,271.98199462890625,273.4442310535119,269.0771979564684,269.46973319082184,6549000
2024-01-31,268.16448974609375,274.7689752686971,268.0859647468181,271.95249737705655,6139300
2024-02-01,271.8838195800781,272.02122336672903,268.2626248418237,268.29209418054745,7065000
2024-02-02,272.01141357421875,273.3068067038703,270.5393840946647,272.43338817071367,4848700
2024-02-05,270.4412841796875,272.81617194737,269.9996932373745,272.227354075765,4899100
2024-02-06,271.5992736816406,271.71703125326763,268.92016913305525,269.6758001833404,4400000
2024-02-07,274.18023681640625,274.3274337808749,271.89366749042836,274.17041370260245,4785900
2024-02-08,271.1422424316406,274.9569977773081,270.65065086656733,274.8390206023894,5833400
2024-02-09,271.7812805175781,272.5186677975006,269.4806358047438,270.3753359715736,4618300
2024-02-12,270.44415283203125,272.01725162022933,269.62809414616254,271.7812672991632,3676200
2024-02-13,271.17169189453125,273.3248649939332,268.172995845084,269.14633738161587,5493800
2024-02-14,272.8922424316406,272.9709138658256,270.0901651749277,271.82057667466694,4218400
2024-02-15,276.2547912597656,276.3924212880174,272.8922919408004,272.9807748170408,4834800
2024-02-16,273.8754577636719,276.39240387717933,273.19705908419735,276.2350909945396,6630700
2024-02-20,270.5227966308594,272.1843783023247,268.74323780001305,269.9525636923965,6157200
2024-02-21,272.105712890625,272.31217290135186,268.93002127671133,270.0115284830257,4770100
2024-02-22,278.9781494140625,279.282933714395,274.28837775676,274.4849963352281,5100200
2024-02-23,278.8306579589844,281.1411436217094,278.7323336746295,279.93181793329785,5107700
2024-02-26,279.3714294433594,280.55126098595633,277.9064964481976,278.2801107701653,3856900
2024-02-27,278.407958984375,279.39114203972144,276.80536580346177,279.39114203972144,4145200
2024-02-28,280.8265686035156,281.31816010966486,277.33625090723734,277.3559337702765,4358800
2024-02-29,277.8868408203125,280.85604250028405,277.4345550643541,280.69872962921534,6633700
2024-03-01,278.3981018066406,280.118672056184,277.3657416542962,278.4374375278521,3955700
2024-03-04,275.81231689453125,278.2407800263848,273.4526837715052,278.05397286206045,5920300
2024-03-05,274.6816711425781,276.26458136934167,273.0102480420381,275.55668840967775,6227900
2024-03-06,275.7139892578125,277.257593700383,274.61282914736006,275.2912277876143,4535200
2024-03-07,273.58050537109375,276.44157144085415,271.51581511407085,276.1564399756878,5668500
2024-03-08,275.33056640625,276.9331594427294,274.1408934133569,274.30804771962187,3928800
2024-03-11,275.8418273925781,276.04828742682975,273.31503981454233,274.7505086357406,4614000
2024-03-12,279.14532470703125,279.69590477513407,275.57636569118955,276.5792015285847,7988700
2024-03-13,280.34478759765625,281.28863478410346,279.04697896356566,279.8728490022521,5783800
2024-03-14,281.5934143066406,284.17919010051975,279.76467853429045,284.10051866710654,5484500
2024-03-15,278.2801208496094,280.826561183658,277.88685365595353,278.781523769666,9845000
2024-03-18,280.2562561035156,281.4164346562206,278.48653899601715,279.09610755516974,4095600
2024-03-19,282.51763916015625,283.2156906842627,280.45294887310115,281.8392404943472,6595200
2024-03-20,284.4151306152344,284.9952048900262,281.8981849464202,282.8027263606936,6105000
2024-03-21,285.48681640625,286.0668907218754,283.0583534215208,285.0935492436316,5057600
2024-03-22,278.4963684082031,285.60476082079657,278.1325955743649,285.12301085213056,8744100
2024-03-25,276.4808349609375,278.73233204072324,275.3305278533691,278.2505820558748,8519200
2024-03-26,275.8811340332031,279.35176854918734,273.7279610327444,279.35176854918734,8752400
2024-03-27,274.3277282714844,276.5202373102181,272.32205642000446,275.53705424422617,5190700
2024-03-28,274.3866882324219,275.0945811662667,272.45965802531856,273.8066138845211,5844400
2024-04-01,273.60015869140625,276.16628187351216,272.13522565143967,275.64516608950964,5084000
2024-04-02,273.75750732421875,274.63252468913004,272.32206838601894,273.3249043558242,6912300
2024-04-03,272.3023681640625,275.76319169062083,271.909100946326,275.76319169062083,4536600
2024-04-04,269.3921203613281,274.3866763982249,268.9595174757274,273.67878349491116,4018600
2024-04-05,272.47930908203125,273.28549621462616,270.40477766907424,271.4567905181956,4392100
2024-04-08,273.0888671875,273.3051686060965,270.5227444484979,271.60425154148044,5542400
2024-04-09,272.0663757324219,273.3248486555536,268.72355984326214,272.96107577998316,7313900
2024-04-10,269.8640441894531,272.16468849816795,269.5100827549955,270.7882384849659,5276000
2024-04-11,271.04388427734375,271.8304486858775,267.6027437514646,269.3921440259692,8102300
2024-04-12,271.31915283203125,272.34167147996436,269.4511112667956,270.9160442304003,9038400
2024-04-15,266.7178955078125,273.23640390322475,265.793701044261,273.2167510438771,10267500
2024-04-16,266.7867126464844,269.5199601821668,265.62656390929027,265.99033681804065,8237100
2024-04-17,268.10418701171875,269.3921544006573,266.93419678751263,268.7039142672307,5940900
2024-04-18,266.806396484375,268.5564612247517,265.3217803828467,267.9862282213252,8231800
2024-04-19,265.2430419921875,267.4257089047461,263.7781092911254,266.90462324565743,7905400
2024-04-22,267.7501525878906,269.15612676299156,264.8300985386151,266.393385558635,6463700
2024-04-23,269.500244140625,270.2671555892358,268.12379411304204,269.40194985636646,6438000
2024-04-24,270.3949890136719,278.2408004789247,269.87390320234886,277.81803897253087,8807200
2024-04-25,270.53265380859375,271.57482544960425,265.9411757263425,268.3794805114729,8064600
2024-04-26,269.9033508300781,272.11551228888334,269.22495224902906,270.3851308396272,6840600
2024-04-29,267.2684326171875,269.8542084127814,266.5310454513426,267.74037120489805,4128600
2024-04-30,264.0927734375,267.5044196762189,264.0632791474278,265.98049801521427,6376400
2024-05-01,262.8244934082031,266.35411686694795,262.22473616076525,263.6405221169213,6119900
2024-05-02,263.109619140625,264.9383553377523,262.16577175095443,264.82037816458944,5061700
2024-05-03,263.97479248046875,264.91866975793226,262.0182679236362,264.4762254088485,3862000
2024-05-06,268.08453369140625,268.19266942410326,265.03666025547466,265.1153016970393,3958700
2024-05-07,271.8107604980469,273.2068935431158,268.24180145042567,269.11684871195865,6377100
2024-05-08,272.5284423828125,273.86555658700576,270.2966282312438,273.1281694879515,9029700
2024-05-09,273.8558044433594,274.10160019625135,271.75177839650905,272.14504560026336,8948800
2024-05-10,276.01873779296875,276.3038692145795,274.5439635495708,274.84874782619096,8986400
2024-05-13,274.6914978027344,277.4050623318907,274.4063663470507,276.726663698511,10528400
2024-05-14,273.0691833496094,275.28134466645156,269.6575378074606,274.74060612407783,18526100
2024-05-15,276.7659912109375,276.9921340834793,272.4104980884871,272.48913951994945,21288400
2024-05-16,275.6430969238281,278.14501169904804,275.0718086982505,277.5145956681712,10341500
2024-05-17,275.8992004394531,276.6970500428242,273.92919548102776,275.8499322795584,6177800
2024-05-20,274.36260986328125,276.066644981605,274.00799332555073,275.03240436134945,5460900
2024-05-21,271.8114318847656,274.2542186665667,270.7574720729977,273.83067483712716,6578200
2024-05-22,271.4469909667969,273.90949735507934,270.9938982081228,271.3977528629882,4202500
2024-05-23,270.1172790527344,273.27912904322085,268.93526388587685,271.11211125728016,6115900
2024-05-24,270.37335205078125,271.1121039953055,269.25046472624905,270.8855726373166,4339700
2024-05-28,266.9159851074219,270.3437745284573,266.17723324117935,270.11724319447274,6212100
2024-05-29,264.8277587890625,267.073593355613,264.23678133459225,264.9656735683661,5469700
2024-05-30,267.2311706542969,267.56609796255077,264.2860227496583,264.6701881597718,4901900
2024-05-31,268.373779296875,268.669298090037,264.97553862469834,267.3690875438638,8910000
2024-06-03,266.324951171875,269.03370774594225,264.03973841137986,268.994299233551,4838800
2024-06-04,268.3343811035156,268.8958096554375,265.2710078477569,265.5862158466567,4188500
2024-06-05,270.3831787109375,270.80672255975406,267.9403617574896,269.4277251101827,5368700
2024-06-06,272.8851318359375,272.9934676944252,269.9695024635301,270.6787055460219,4862400
2024-06-07,274.49066162109375,276.125739328634,272.70777942982414,273.5450375720479,4515600
2024-06-10,270.91510009765625,274.38229812832316,269.27999231583914,273.9686139056305,5213800
2024-06-11,270.5506896972656,270.7378125446905,268.1374211933362,270.42263454384715,6244600
2024-06-12,266.265869140625,273.43668576459487,265.8521548858296,272.61911689865536,7536600
2024-06-13,267.122802734375,267.7827375075374,265.28085305958695,266.26585545764584,7361200
2024-06-14,266.60076904296875,267.477405599951,265.2316011968135,266.0491700709623,8537300
2024-06-17,267.10308837890625,267.7531634477649,264.965620149861,264.965620149861,9258200
2024-06-18,269.5163879394531,269.7921874459593,267.23117485132076,267.23117485132076,6707500
2024-06-20,272.66839599609375,273.87010023408544,269.00418553761835,269.0928321543689,10164400
2024-06-21,271.09234619140625,273.3775588427911,270.46193026279553,273.01311278526316,14594700
2024-06-24,272.1561584472656,276.1848448247858,271.141607150257,271.19087530752046,24149600
2024-06-25,269.42767333984375,273.7616773742452,269.42767333984375,272.69788813466505,18325800
2024-06-26,269.4966735839844,270.3437612536,267.6744130580877,268.8170194956235,12172000
2024-06-27,262.5918273925781,266.53183761051224,262.5031807698617,264.48304552353915,10529100
2024-06-28,258.53363037109375,264.5717010426957,257.33192601181986,263.1927034320273,13957300
2024-07-01,259.2920837402344,261.78413920171675,257.38117622559156,259.8338532248404,7955800
2024-07-02,264.2071838378906,264.2071838378906,258.4646034630462,259.2920018069233,8697800
2024-07-03,264.955810546875,265.7044220595163,264.1284120612723,265.034627579727,5017800
2024-07-05,266.3052978515625,266.49245075692096,264.2170970758732,264.96570869730704,7986400
2024-07-08,262.4046630859375,267.3690841613162,261.981119220311,266.19692876768664,8561100
2024-07-09,261.4590759277344,263.5374168528644,259.9618828924733,262.9956774812605,6431300
2024-07-10,259.0556640625,259.52847609603816,254.6330123446287,255.23384945610178,9635500
2024-07-11,258.6123962402344,259.6762157815445,256.8492633954758,258.1987120207512,8803600
2024-07-12,261.75457763671875,263.3896855369923,259.7057854837829,260.37558002802217,6627800
2024-07-15,264.4239501953125,265.2020805773541,261.271929968158,261.6856442711805,6845200
2024-07-16,265.2119140625,266.1575080134189,263.36010461619526,264.49285144051026,7869900
2024-07-17,268.6101989746094,268.8170410868447,264.2170660964311,264.4140786242018,5324700
2024-07-18,265.1134338378906,269.51639649720227,264.53228593286735,268.206356314674,5550800
2024-07-19,261.478759765625,266.8864440250859,260.34601288296847,266.2658876297468,6839900
2024-07-22,263.69500732421875,264.37466144490134,261.04534822993793,263.222225368885,5313600
2024-07-23,260.81884765625,263.68520883806957,259.90277238997186,263.517745169212,8109200
2024-07-24,250.35809326171875,253.3426647791927,249.33369723544922,252.22960710175067,13065900
2024-07-25,249.93455505371094,254.34736231533594,248.91014397426014,251.55980326617805,8573300
2024-07-26,255.56874084472656,257.28266563955316,251.75678597018828,251.75678597018828,7062200
2024-07-29,257.6766662597656,258.7700046325278,254.70193939930846,256.41586423159106,6068100
2024-07-30,259.1541442871094,260.33612916235137,257.09549282399945,259.28219941206885,5941800
2024-07-31,261.68560791015625,262.36523192943616,260.2868912379853,260.5725503584779,7642500
2024-08-01,261.94171142578125,262.99567133050584,260.21795702567493,262.3357064195416,7269700
2024-08-02,262.58197021484375,263.94127856238464,258.9374787649499,259.8732131645651,7017900
2024-08-05,252.5940399169922,258.9768668478924,250.69297730342294,257.52891199106324,9631300
2024-08-06,254.3867645263672,256.5833009429697,251.93410280133386,252.65315044411548,21586800
2024-08-07,252.67283630371094,258.1002098230019,252.46599419071168,255.76575865376458,12908600
2024-08-08,255.9331817626953,256.5439085520602,254.05185347410983,254.25869557863413,8223700
2024-08-09,256.3773193359375,258.114379486606,255.63708611191106,255.79500614745675,7228100
2024-08-12,256.5056457519531,258.1933691645224,255.86408615871832,257.10768768385816,26769400
2024-08-13,256.7424621582031,258.27226523671084,255.89364584484565,256.7424621582031,12005700
2024-08-14,257.7394104003906,258.0947079689743,255.37063946247144,257.4729071037792,8552300
2024-08-15,263.32562255859375,263.9079658725041,259.4171995340608,259.4171995340608,7397800
2024-08-16,263.8980712890625,264.9442651187268,261.93399553490957,263.37497437423036,5111100
2024-08-19,263.0,264.81603570626487,261.7761570527764,263.9376410451632,6555900
2024-08-20,264.5495300292969,264.5495300292969,262.31895062958944,263.5230647143645,6803600
2024-08-21,264.7074279785156,265.7634712133827,263.9079784608224,265.0627254885265,6639700
2024-08-22,264.4508056640625,265.99048845664703,263.09865104289764,265.4377833577792,4425200
2024-08-23,263.9573059082031,265.70424551062223,261.85503868824344,265.2009073893438,3697400
2024-08-26,264.7173156738281,266.84919140365156,264.18436933150207,264.2337061749931,4612200
2024-08-27,267.194580078125,267.42159577193473,264.40144669162356,265.0232172856683,6594100
2024-08-28,265.6845703125,268.43824695243063,264.1843748211573,267.62891788518345,5455100
2024-08-29,270.7477111816406,272.3959469594374,266.9281125658377,267.45120950588,5565100
2024-08-30,272.7710266113281,273.38294797615475,270.6885180877942,271.41887195933964,6296100
2024-09-03,274.9128112792969,278.41657050322476,272.7710561502987,272.7710561502987,7278300
2024-09-04,276.83740234375,277.9823002428132,275.0707337117315,275.0805830083297,6107500
2024-09-05,274.99176025390625,277.8342612450191,273.797525504228,277.340772326289,6447400
2024-09-06,275.7319641113281,276.63011746167865,273.81722490203924,274.15279371642794,7187700
2024-09-09,281.8907470703125,283.2330526935127,277.9823229713092,278.4165956623291,10933900
2024-09-10,281.62420654296875,282.6704004702405,279.8772668991663,282.2065197575696,5314400
2024-09-11,280.26220703125,281.4564718531187,274.67590908124924,281.30840108731024,6281800
2024-09-12,281.6538391113281,282.2756399205903,277.80463186371793,280.3016843966701,4160800
2024-09-13,283.6080627441406,284.979946155398,281.83148472042456,282.7592462158809,4987600
2024-09-16,286.6972961425781,287.11180991362573,283.99295673453366,284.29891741512523,4458900
2024-09-17,287.76324462890625,289.2535907436549,286.3025066433168,287.11183566723145,5135700
2024-09-18,284.72332763671875,288.2172068842273,284.37787942994214,288.03955813337126,5890000
2024-09-19,281.5255432128906,287.684305279913,279.18641060308414,287.2993694731486,10382100
2024-09-20,281.0616455078125,283.2626167530226,279.5614501578176,281.7821501149406,27810900
2024-09-23,284.87139892578125,285.11814336858566,280.91360842474364,281.18996099587775,6505600
2024-09-24,269.2278137207031,277.3407727621832,269.15871804313076,276.53144370535233,13690200
2024-09-25,266.1188049316406,270.67863713544267,264.73704216081717,270.6194208824195,11671300
2024-09-26,268.1519775390625,269.68178094776766,266.4839827927094,266.97747164973293,9552500
2024-09-27,271.586669921875,274.3600748794886,269.2277787354845,269.60283508479927,6509600
2024-09-30,271.3694763183594,272.09983003164393,269.6422656892522,271.4188131454115,5969900
2024-10-01,273.98504638671875,275.4260255572834,270.78721779702204,273.36324554649514,5781600
2024-10-02,273.3928527832031,274.0245330379301,271.7840741371285,272.9684595546554,4741600
2024-10-03,273.254638671875,274.0738470514779,272.24793223495067,273.0671406145536,3036700
2024-10-04,274.3107604980469,274.81412886546605,271.5176262941287,273.73832656896593,4259300
2024-10-07,270.2246398925781,274.0047513282885,269.6817840714627,273.98502261704004,4339300
2024-10-08,271.3794250488281,272.5045942714594,270.4418141501428,271.1326805828308,4370900
2024-10-09,273.3237609863281,273.87646615697105,270.8464671351092,271.41890101892767,4115800
2024-10-10,273.856689453125,274.0540970309778,271.7643016566224,273.1756724657506,4063900
2024-10-11,274.221923828125,275.16941413599966,271.78408731960695,272.44537573583824,4746300
2024-10-14,277.0248718261719,277.7058887952407,274.36989961230466,275.4457016062998,3996600
2024-10-15,275.6529846191406,278.9593656305397,275.19895323286323,277.3407078954629,5807000
2024-10-16,283.7758483886719,283.8548234805738,274.72527876057035,274.99175192535165,9442700
2024-10-17,286.6084899902344,287.14143630118883,283.8646628656324,284.81218321433846,8815800
2024-10-18,286.83544921875,287.2499930982016,284.3285174719913,286.14458291322194,5350900
2024-10-21,283.1145935058594,286.6578402629211,282.60134576288453,285.82878250908414,6313100
2024-10-22,281.0814208984375,282.7987526613262,279.83781921073324,281.3380146491048,5736500
2024-10-23,280.0647888183594,282.3348253751478,279.83777311461347,282.3150966653224,5249300
2024-10-24,279.5318603515625,279.92664545689274,278.0612730331339,278.71268201100656,4679900
2024-10-25,278.061279296875,281.37751040055946,277.1236382954427,280.30170816322703,4464600
2024-10-28,280.4892272949219,280.93337935917157,277.8638626959665,278.36723101942647,4306200
2024-10-29,278.2093505859375,281.9796136003228,277.68625347494935,280.5682122342957,7534800
2024-10-30,286.3814697265625,291.92827990440657,284.57528356306744,288.533074009041,9606800
2024-10-31,286.0754699707031,292.4809451037312,285.8484542742165,288.2862902071525,7950200
2024-11-01,286.95391845703125,288.8588085191138,283.4501592842879,284.7332183875023,5470700
2024-11-04,288.0494689941406,289.332528050616,286.97366683628974,287.75335759022,4281600
2024-11-05,289.470703125,290.94129028524367,287.78294954198566,287.91126146445487,3753700
2024-11-06,303.39697265625,304.9761431756926,298.8766275410201,302.33104987472535,10320500
2024-11-07,301.81781005859375,303.6239963649202,300.4558059465007,303.4956844270729,6237300
2024-11-08,303.86083984375,307.0981257097671,301.70923554381176,302.8936209104743,6240600
2024-11-11,306.87109375,308.37128888369756,305.2721647104607,306.05188546107865,4674100
2024-11-12,306.396484375,307.08866421863587,304.6758575212446,305.5955148755108,4616400
2024-11-13,306.03057861328125,307.4841953515651,304.40884339944296,306.04044663365573,4046400
2024-11-14,304.81427001953125,307.8203948710268,304.3989380280527,305.85255473208014,4415800
2024-11-15,306.1888427734375,307.25679207949963,303.24204626074544,304.13200904536995,5106300
2024-11-18,308.6806945800781,308.9279081011561,305.25926789804004,306.030572876706,4585600
2024-11-19,308.3741760253906,308.74994543481637,305.07140675020594,306.5447897927535,4885500
2024-11-20,303.9638977050781,308.8092771010547,302.8069250484739,308.3840468732394,6349900
2024-11-21,306.4458923339844,307.45454287160396,303.2321163749628,303.8748655312804,5757100
2024-11-22,306.4656982421875,308.117067809945,304.46819350133364,304.5374205359529,5919200
2024-11-25,309.69921875,310.163981385233,306.40631768959116,308.38402589442404,14189300
2024-11-26,308.344482421875,310.9946040789147,308.06760449020567,310.6979599297801,7071500
2024-11-27,311.19244384765625,312.84381354208597,306.04049148896274,307.30622371902496,5204300
2024-11-29,311.5681457519531,312.72511836119395,310.20355240269356,310.78697271763275,3853300
2024-12-02,313.12066650390625,313.88210352741316,310.2134328335428,313.36788004609747,5597500
2024-12-03,309.521240234375,313.7831991114791,309.2838947230217,313.5656499962413,5009900
2024-12-04,306.4458923339844,309.36302412160813,305.35814674313656,308.9378240834601,5981800
2024-12-05,305.635009765625,307.62261614919834,305.38779624239174,306.52500259121024,5200100
2024-12-06,307.5435485839844,309.0762604940309,305.3581591155506,305.4273861508262,4302700
2024-12-09,304.8637390136719,309.5212640421347,304.2111217951934,308.3543931465965,5785300
2024-12-10,308.8982849121094,309.4916034773687,303.2222713674017,303.9342174327899,4539500
2024-12-11,310.2925720214844,312.0329349161261,307.74131125196755,309.55093136155625,4321800
2024-12-12,310.7276306152344,312.0328950751982,309.9365292391922,311.31105090526006,3218500
2024-12-13,311.23193359375,313.4173229092999,310.83639798438617,312.30978095467543,4682200
2024-12-16,312.369140625,314.02051009637916,310.59908331087144,311.23193425170496,6562500
2024-12-17,314.75225830078125,315.28624798200747,311.62750579825223,312.29991936576187,8843900
2024-12-18,306.3272399902344,318.03526960471095,306.1096908682832,314.95004945881,10479200
2024-12-19,311.37042236328125,313.33823260898663,307.7611104871756,308.35439887863936,8317100
2024-12-20,314.1688537597656,316.43333828656057,308.79938279329986,310.0750131379493,24387000
2024-12-23,313.6842956542969,314.425936221838,309.85743515417374,312.1317874903271,7984600
2024-12-24,317.0760803222656,317.9561750097056,313.74364663194115,314.6237413193811,2684100
2024-12-26,317.3331604003906,317.86715004311833,315.8993099406809,316.2058522854578,2856000
2024-12-27,315.1083068847656,317.9166494044016,314.0205611468058,315.7114935073302,3489200
2024-12-30,311.7956237792969,313.57554931622667,309.73882026601274,311.1726407881406,3478500
