Date,Close,High,Low,Open,Volume
2019-01-02,49.66474533081055,49.79302297470272,47.93299985681926,47.997135960212304,16727200
2019-01-03,48.90220642089844,50.063827798946456,48.71691528672619,49.88566471069397,13866100
2019-01-04,50.70521545410156,50.790730255787395,49.42956710359744,49.62910889033893,16043600
2019-01-07,50.96889114379883,51.38223079113921,50.41302320839208,50.77647741119867,10844200
2019-01-08,51.339473724365234,51.73142923763696,51.2682095798709,51.69579988394264,11439000
2019-01-09,51.61027526855469,51.738552892600936,51.06153542169894,51.738552892600936,13473500
2019-01-10,51.34661102294922,51.36798972643953,50.68384402921597,51.360861679573866,13151100
2019-01-11,51.11143493652344,51.23258454895357,50.64820975340659,51.20407779830411,9790100
2019-01-14,51.04730224609375,51.1542012203018,50.68385334573714,50.74798946799736,11012400
2019-01-15,51.0757942199707,51.56752609675222,50.8263669770765,51.27533601428607,10298300
2019-01-16,51.05440902709961,51.58177019317925,50.81923246922833,50.897624655185425,12595600
2019-01-17,51.40360641479492,51.5532627394413,50.527047165136814,50.73371697644048,10141700
2019-01-18,52.01649856567383,52.23029646632021,51.40361705006776,52.21604037315367,15759200
2019-01-22,51.232582092285156,51.81695685981061,51.082925736381796,51.58890830265693,15035600
2019-01-23,50.81211471557617,51.52476706537608,50.54843138879207,51.318097231481396,13187200
2019-01-24,50.88338088989258,51.28959252797428,50.341763560081596,50.669583001594354,11272500
2019-01-25,51.11143493652344,51.50339052446328,50.98315727715426,51.36086220832274,8996200
2019-01-28,50.76935577392578,50.7978625225584,50.14935166176208,50.61257137499958,13678400
2019-01-29,50.961769104003906,51.4463729007847,50.94039040426597,51.097169348046044,10513200
2019-01-30,51.517635345458984,51.717177119235494,50.96176742219426,51.14705310521213,11524700
2019-01-31,52.223175048828125,52.372831423435045,51.325231364079436,51.517650586507735,19876700
2019-02-01,54.10457992553711,54.510791658808245,52.96433694066264,53.391927380352136,22968700
2019-02-04,53.320640563964844,53.990535411758316,53.021327927033546,53.990535411758316,15483800
2019-02-05,53.869384765625,53.90501955547942,53.456050563683775,53.5772001498199,12786700
2019-02-06,53.63422393798828,53.99767276618881,53.541575641418,53.862272500373685,10866900
2019-02-07,53.22087860107422,53.584332828011725,52.665010628761586,53.41329234644935,14418900
2019-02-08,53.307342529296875,53.37219066923506,52.40663726925344,53.14881752393425,11959500
2019-02-11,53.393802642822266,53.48027232027894,52.88940993466217,53.23527764955246,10434800
2019-02-12,54.3305549621582,54.36657988241809,53.91262630536032,54.099974582109354,12599200
2019-02-13,54.943031311035156,55.15199563079972,54.40981523498022,54.46025451923583,13214600
2019-02-14,54.957427978515625,55.23124588723256,54.553913794050814,54.95022629484193,12772900
2019-02-15,55.99504852294922,56.031078935283034,55.303307486398694,55.44021645630431,14330300
2019-02-19,56.36973190307617,56.54987292788823,55.80768728778959,55.88694977850432,13551500
2019-02-20,56.585914611816406,56.78767173983106,56.204016405578734,56.420187898434115,12633100
2019-02-21,56.07432174682617,56.679598705382766,55.92300388155456,56.355341424826335,10266000
2019-02-22,56.50664520263672,56.88854336227502,55.93019712114318,56.715609487573836,9519300
2019-02-25,56.564292907714844,56.81648929252298,56.34812143646851,56.51385363075322,9274400
2019-02-26,56.67958450317383,57.01824507060726,56.48502908409571,56.69399336876873,10990600
2019-02-27,57.26324462890625,57.46500174918291,56.67958931703887,56.83810884192109,12398200
2019-02-28,56.946205139160156,57.465012400300424,56.71562474503895,57.24884087566857,14597900
2019-03-01,57.64513397216797,57.64513397216797,56.94618584316049,57.19838220479505,15419400
2019-03-04,57.86851501464844,58.04145439837372,56.93178475808085,57.818075735429176,18089900
2019-03-05,57.78205490112305,57.93337274946768,57.465004839370756,57.7316156183415,13745500
2019-03-06,57.12633514404297,57.19839047242961,56.10313518753287,56.816492284258175,18633600
2019-03-07,57.76044464111328,57.83249998124293,57.15516768959009,57.320899919611335,16541700
2019-03-08,56.93178176879883,57.15515492254574,56.38415141069442,56.84531208147639,16211300
2019-03-11,57.48661804199219,57.85410736832306,57.39294666360047,57.630734198136274,11060900
2019-03-12,57.64513397216797,58.0630625128586,57.56587147315877,57.72439647117717,11320000
2019-03-13,58.15676498413086,58.19279541112324,57.78927551919954,58.07029525783193,10260200
2019-03-14,57.96219253540039,58.30085862713891,57.89733889141235,58.22159611641418,9976700
2019-03-15,57.75323486328125,58.04146170832125,57.71720444610007,57.774850914602034,25316400
2019-03-18,58.423343658447266,58.5458382467712,57.96218303390093,57.96218303390093,9840600
2019-03-19,58.27204132080078,59.08627706220301,58.10630910039816,58.78364135274056,13936500
2019-03-20,58.59629440307617,59.02863192598486,58.04866394207456,58.18557293169243,13133600
2019-03-21,58.9349479675293,59.007003289734826,58.22159093199776,58.22879261599022,10117000
2019-03-22,57.99101638793945,58.68275744556783,57.861314596042305,58.53143960459936,12497700
2019-03-25,57.587486267089844,57.96218270834687,57.349698775230756,57.64513271920143,11320400
2019-03-26,58.336875915527344,58.560249054290985,57.77483672930369,57.88292245683943,9472800
2019-03-27,57.890132904052734,58.589081150794364,57.515441889005004,58.344091928930325,7258700
2019-03-28,58.178348541259766,58.21437894812455,57.65954146822917,57.66674864909578,7412300
2019-03-29,58.22160339355469,58.71158738588301,57.99102301466312,58.60350163070605,10889200
2019-04-01,58.8917121887207,58.92773709883497,58.423344377488476,58.53143010276797,10816400
2019-04-02,58.63951873779297,59.050240154765945,58.44496880237172,58.90612949871088,7646000
2019-04-03,58.29365158081055,58.92053898849634,58.08468727909222,58.92053898849634,8562900
2019-04-04,59.12228775024414,59.143903794068386,58.19996106648921,58.452162904353116,9360600
2019-04-05,59.43935012817383,59.468173361111766,59.05024472971604,59.19436089440572,10059100
2019-04-08,59.806819915771484,59.95093053585852,59.51138599788495,59.569032444906874,9108200
2019-04-09,59.03583908081055,59.50420702101724,58.89893009125801,59.46096942051809,8561600
2019-04-10,58.76921081542969,59.143907255203686,58.661130589983564,59.02861435143684,10324300
2019-04-11,59.05024719238281,59.1367168948028,58.3801221166698,58.754818663019975,9115100
2019-04-12,58.308067321777344,59.66993353709359,58.06307807551593,59.66993353709359,16638700
2019-04-15,58.11351013183594,58.408938627191155,58.0198332572969,58.28644401929922,8536100
2019-04-16,58.509803771972656,58.61788948840767,58.142320032548696,58.22878420772238,7005700
2019-04-17,58.67554473876953,58.87009465956271,58.423348360901066,58.76201442438246,8311400
2019-04-18,58.45937728881836,58.96377557666917,58.41614519177681,58.76922014504401,9493900
2019-04-22,59.734779357910156,59.96535970547452,58.82686683423274,58.992599035983275,10770600
2019-04-23,60.08064270019531,60.1599052042135,59.57624994505113,59.9437392366383,10595100
2019-04-24,58.91333770751953,59.86448234747963,58.89172165848145,59.814043067234365,11684000
2019-04-25,59.24478530883789,59.69153156358074,58.653922925574626,58.83406396312402,11135000
2019-04-26,57.99822235107422,58.09910091916149,57.328097293083246,57.83969731623146,18053500
2019-04-29,57.62353515625,57.918963697508424,57.40016195450802,57.73162091425967,10023700
2019-04-30,57.846893310546875,58.02703436121373,57.59469693910699,57.911746947470604,13721500
2019-05-01,56.68678665161133,57.832486635932526,56.650761738594575,57.601906302243876,13909800
2019-05-02,55.69242477416992,56.56430706412432,55.656394354121865,56.40578201186529,15360400
2019-05-03,55.822105407714844,56.35532133777716,55.800489362876505,56.052685715104076,12180700
2019-05-06,55.577117919921875,55.95902158546169,55.27448225814515,55.42580008903351,13367100
2019-05-07,55.28168487548828,55.332124148286525,54.59714560469103,55.12315987598853,13498800
2019-05-08,55.36817169189453,55.69242900454672,55.065535931395694,55.15200564759707,11352900
2019-05-09,55.317710876464844,55.396973377777094,54.73405563722786,55.01507523371001,13221600
2019-05-10,55.798744201660156,55.96637610981478,54.78567963979026,55.52179318001762,11056000
2019-05-13,55.17924499511719,55.55823645589657,54.92415779679485,55.13551734982876,12176100
2019-05-14,55.25212860107422,55.973668141842474,55.21569074861622,55.48535198664506,10548400
2019-05-15,55.660274505615234,55.79146300943687,54.81483624532374,55.07721325296702,8918000
2019-05-16,55.65297317504883,56.082976450370346,55.550938311057855,55.682126787686684,8105200
2019-05-17,55.32502746582031,55.60926835507116,55.09179846901415,55.135531686157975,9279400
2019-05-20,55.317718505859375,55.6529767318969,55.15008661259891,55.42704317011765,7154300
2019-05-21,55.572811126708984,55.72586344747201,55.33958774833428,55.587385155145675,8489900
2019-05-22,55.06992721557617,55.550953615903836,54.94602849809223,55.40518551255398,7858300
2019-05-23,53.7799186706543,54.51603239974671,53.23330072103312,54.49416301095419,14657200
2019-05-24,54.005828857421875,54.11515351196688,53.52480816209995,54.03498246933274,7056400
2019-05-28,52.91988754272461,54.11515792615385,52.83242669985782,54.10786813246077,14912900
2019-05-29,52.591922760009766,52.78870271950229,52.19835728054096,52.39513724003349,13645200
2019-05-30,52.45344543457031,52.57005434146779,52.13276120975553,52.48988328526409,9362100
2019-05-31,51.578857421875,52.14734465163926,51.47682253561881,51.88496764112784,13983300
2019-06-03,52.387855529785156,52.4826061875368,51.72462872794668,51.812084029890215,11831000
2019-06-04,53.63413619995117,53.68515919966573,52.59920782670868,52.803277583631555,10423000
2019-06-05,53.18956756591797,53.670588420406446,52.89803691082675,53.670588420406446,10617800
2019-06-06,54.15889358520508,54.3848327392722,53.63413957128479,53.721600427099574,11738900
2019-06-07,54.35566711425781,54.63261808910371,54.24634245875868,54.30464968308928,9095500
2019-06-10,54.5961799621582,54.90228454758774,54.26091620423107,54.80024968577789,7760400
2019-06-11,54.54517364501953,55.252133661161935,54.53059961479844,55.03348984493781,9415100
2019-06-12,53.95482635498047,54.37754550392199,53.79448422534855,54.2828004093597,7920800
2019-06-13,54.42855453491211,54.78567659357822,54.209905199125906,54.44312856240551,8986400
2019-06-14,54.188045501708984,54.523303764408546,54.10059020912546,54.428558677281714,8575900
2019-06-17,54.727359771728516,54.80024657787298,53.9620983515552,54.04955918263899,9355700
2019-06-18,55.20109558105469,55.550933340925994,54.916854833870374,54.96787226130134,10091500
2019-06-19,54.89501953125,55.28129533394414,54.78569482697221,54.95332678159622,9757400
2019-06-20,55.835182189941406,56.09755915779583,55.448906531845545,55.5655154284012,16229700
2019-06-21,56.622314453125,56.673331889183764,56.02467924765798,56.221459198032214,23108100
2019-06-24,56.08298110961914,56.673332083735424,55.980946237151336,56.50570018726203,10011800
2019-06-25,55.58738327026367,56.27976914793367,55.52908159800988,56.17773427088483,9740000
2019-06-26,55.82789611816406,56.21417180201196,55.73315103586596,55.88620335057077,11365500
2019-06-27,55.2594108581543,55.9372170988397,55.21568321697568,55.8206026417189,8147800
2019-06-28,55.84975814819336,55.922644966604956,55.34687357615139,55.52907950121327,14781300
2019-07-01,55.798744201660156,56.79723473522629,55.60196423689801,56.21417351436591,11437900
2019-07-02,55.1865348815918,55.58738460520046,54.96060129991265,55.49263952008945,10475400
2019-07-03,55.711280822753906,55.75500846180073,55.12092989320634,55.2594081641654,5246100
2019-07-05,55.4853515625,55.645693681445024,55.09178605976696,55.52908476979306,6880800
2019-07-08,55.740440368652344,55.900776915718026,55.3322953056675,55.49263741321687,7876100
2019-07-09,55.704010009765625,55.951807462775186,55.1938355121077,55.718584040919424,7863000
2019-07-10,56.491127014160156,56.578582300178645,55.92992964661803,55.97366285011088,8077400
2019-07-11,56.534854888916016,56.56400850453622,56.15586900682062,56.418245986918826,6404000
2019-07-12,56.57858657836914,56.7607925186633,56.48384149119042,56.666047431484586,6139000
2019-07-15,56.17771911621094,56.65873975532475,56.0392408659365,56.57856872205874,7116400
2019-07-16,55.33958435058594,56.17044293256287,55.23754947634201,56.061118264306195,10197400
2019-07-17,55.01161575317383,55.36144801804109,54.91686511272277,55.20110591310876,7419300
2019-07-18,54.54517364501953,54.85856811937695,54.06415280093874,54.68365195430072,11424500
2019-07-19,54.65449142456055,54.84398715638855,54.32652296144017,54.58889995613004,11243100
2019-07-22,54.712806701660156,54.88043863531938,54.297377325748315,54.83670542278646,8368800
2019-07-23,54.93143844604492,55.22296344674583,54.47956579818577,54.771096359369636,8551200
2019-07-24,54.92415237426758,55.427042487371,54.552450744561426,54.94601619475323,8260200
2019-07-25,54.610755920410156,55.23025490631556,54.516010848372005,55.23025490631556,9083900
2019-07-26,54.5233154296875,54.7201010010708,54.37026307443672,54.567048645820016,7677300
2019-07-29,54.909576416015625,54.93873003208442,54.443129679882325,54.57431817195005,7091900
2019-07-30,54.91686248779297,55.069914791417204,54.58160426645177,54.7055029559833,6961200
2019-07-31,54.1953239440918,55.142796858831325,54.12244269537711,54.69092422002768,13104600
2019-08-01,52.81058120727539,54.129750738890365,52.67210288146465,53.7434749463502,17132800
2019-08-02,52.293113708496094,53.393639330934725,51.87768431678528,52.9199026939524,21376700
2019-08-05,51.22172927856445,51.68817600657259,50.7334187290065,51.58614113235103,19080900
2019-08-06,51.717323303222656,51.75376670834204,51.22172302020685,51.229012813327316,12282400
2019-08-07,51.382076263427734,51.65902729683221,50.580371221059735,50.91562949112329,15231100
2019-08-08,52.75225830078125,52.77412768295912,51.469532570528735,51.637158910506855,14304100
2019-08-09,51.6298713684082,52.65751551672888,51.360210141772704,52.57005466565354,13686600
2019-08-12,51.378997802734375,51.77008209372584,51.157635390635804,51.696288993403165,9542600
2019-08-13,52.01357650756836,52.109505279358,50.855095847639575,51.11335479164483,12403300
2019-08-14,49.91799545288086,50.980547601540835,49.91799545288086,50.965792356675394,18114400
2019-08-15,49.62281799316406,49.851560780203805,49.09153933844574,49.77777332918663,12874400
2019-08-16,50.39760971069336,50.51566852843472,49.63758249743826,50.013905886382844,12649000
2019-08-19,51.24617385864258,51.39375441743993,50.810823876841454,50.891991776774326,10032800
2019-08-20,50.936256408691406,51.135488729373954,50.70013317539421,51.135488729373954,9743500
2019-08-21,51.44540023803711,51.637252127407834,51.18714132712769,51.62249125842899,10134200
2019-08-22,51.334720611572266,51.62249565532831,51.09859735439749,51.58560473898312,8972000
2019-08-23,49.79991149902344,51.30519921967583,49.46048470362465,50.78130097267193,15371900
2019-08-26,50.06555938720703,50.368095321708765,49.82943611402493,50.26479174154302,7343900
2019-08-27,49.57855224609375,50.50090956200041,49.416216457754615,50.2721611195124,9490900
2019-08-28,49.94011306762695,50.16148106789087,49.55641491407454,49.82942906749499,9647400
2019-08-29,50.49352264404297,50.670613649665135,50.24263855892513,50.39759952216879,9004100
2019-08-30,50.53042984008789,50.97316026232094,50.22051347786428,50.62635298219118,9180800
2019-09-03,50.58946228027344,50.67801062680091,49.90322807614991,50.09508001214772,9849700
2019-09-04,51.12811279296875,51.36423604703876,50.98053224066097,51.28306815067509,6959200
2019-09-05,51.85123062133789,52.057843365981356,51.43063595729448,51.533939514805375,9901500
2019-09-06,52.33824157714844,52.35299681655403,51.740555862836004,51.910266449299556,10418500
2019-09-09,52.75146484375,53.17944004467944,52.37514706361623,52.50796675943492,12840200
2019-09-10,53.179420471191406,53.754970398024874,52.84737416867085,53.23107224335284,13810800
2019-09-11,53.07613754272461,53.7476108416373,52.79574290345449,53.70333948533757,10525700
2019-09-12,53.113037109375,53.24585681544104,52.16853829422573,52.375151104480025,9100700
2019-09-13,53.60001754760742,53.659049755542476,53.17204248451008,53.31962300434771,7337200
2019-09-16,54.40431594848633,55.4742479775765,54.30838720309978,55.37094442840729,19830200
2019-09-17,53.99110794067383,54.662586786879515,53.59264889396206,54.47073488373182,14452200
2019-09-18,53.732845306396484,53.84352930556639,53.371282830088695,53.60740606782755,7292200
2019-09-19,53.371280670166016,54.00586290146192,53.267977109687315,53.84352712653202,8050200
2019-09-20,53.186798095703125,53.49670871230685,53.02446235473337,53.489328279638954,19736600
2019-09-23,53.223697662353516,53.39341386361373,52.72931555593265,52.7735868999042,7495200
2019-09-24,52.493186950683594,53.03184597540827,52.257063757702326,52.98756900635985,13307100
2019-09-25,52.648155212402344,52.736703542648726,52.2570766056533,52.37514104598181,8035200
2019-09-26,52.36776351928711,52.64815813620542,52.153775931524706,52.552234995328206,8420200
2019-09-27,52.74408721923828,52.88428171371681,52.1168796932839,52.16853148169656,8224000
2019-09-30,52.102115631103516,52.72193698711784,52.07997995833468,52.56698164811426,9768900
2019-10-01,50.87721633911133,52.32347725312394,50.847705865423876,52.26444504650688,10279100
2019-10-02,49.54903793334961,50.611589771664875,49.445734360591494,50.37546651541454,14503700
2019-10-03,50.1614875793457,50.17624282078836,48.9292138080277,49.43835689695324,10788400
2019-10-04,50.89198303222656,50.96577048413531,50.0434132612216,50.257400812492186,10534800
2019-10-07,50.19098663330078,50.93625282296497,50.19098663330078,50.69274917243782,10993000
2019-10-08,49.216983795166016,50.1172054301988,49.17271244577825,49.8368108347059,9748700
2019-10-09,49.76301956176758,49.95486581415865,49.5859229185456,49.659716001365666,8580900
2019-10-10,50.36070251464844,50.4418703976425,49.71873988450126,49.75563642390639,7100100
2019-10-11,50.899356842041016,51.27567448668656,50.83294420323116,50.899356842041016,10101900
2019-10-14,51.046939849853516,51.18713995327943,50.611584300615,50.618964734906335,6234600
2019-10-15,51.22403335571289,51.65200849146578,50.921503090523544,50.958394004529865,6645700
2019-10-16,50.34595489501953,51.30520313886976,50.33119402517526,51.06907988796267,9765800
2019-10-17,50.279541015625,50.82557496449714,50.23526966641495,50.53042513026716,9757200
2019-10-18,49.88847351074219,50.28693263109217,49.88847351074219,50.080325449345544,13472700
2019-10-21,50.72227096557617,50.744406639993095,50.04341734522025,50.04341734522025,10199300
2019-10-22,50.98053741455078,51.474925277928016,50.65587142576899,50.751794572287224,9536000
2019-10-23,51.4675407409668,51.474921176148705,50.751790528130584,50.88461021329218,8641800
2019-10-24,50.98053741455078,51.68891287827454,50.92888562340666,51.62250021559037,9003600
2019-10-25,51.09859848022461,51.268314713943795,50.84033954162815,50.84033954162815,7607200
2019-10-28,50.64848327636719,51.40850478586277,50.60421192773549,51.25354943602969,11209600
2019-10-29,50.50090408325195,50.9362539869109,50.35332355094425,50.530420189713496,13894400
2019-10-30,49.969635009765625,50.44926197991444,49.63758297060595,50.44926197991444,12840600
2019-10-31,49.858943939208984,49.96962793659496,49.54165281583424,49.777776049767404,16169100
2019-11-01,51.35684585571289,51.364226289331825,50.40497258524005,50.464004794948764,14108700
2019-11-04,52.88428497314453,53.031865541721366,51.60774542528752,51.703668572645164,15858200
2019-11-05,53.93207550048828,53.954216805456504,53.01709859858641,53.15729871527305,14930400
2019-11-06,52.75146484375,53.769751054900944,52.53747724328528,53.66644747255563,13996500
2019-11-07,53.87305450439453,53.887809746283324,53.127788122492895,53.149923800137586,13073800
2019-11-08,52.84994888305664,53.619141883349016,52.767807810613284,53.477250972054755,12106000
2019-11-11,52.5288200378418,52.73045504745167,52.25251341376606,52.43174010201974,8674000
2019-11-12,51.804447174072266,52.5811038031089,51.51320165037278,52.47654872260088,13918600
2019-11-13,51.3787841796875,51.640157657411905,51.22942383704891,51.5430720103182,11773700
2019-11-14,51.154747009277344,51.50573669597983,50.91577615625867,51.423589931112666,11279800
2019-11-15,51.6700325012207,51.75217926970554,51.28170128701698,51.31157335714917,11252800
2019-11-18,51.1696891784668,51.393726885167304,51.00540131740406,51.30411066298399,10095600
2019-11-19,50.646942138671875,51.19956126514964,50.6170700646034,51.08007866639133,12605500
2019-11-20,50.80376434326172,51.184626151413006,50.27354786790207,50.534921384274384,16930700
2019-11-21,52.028480529785156,52.088224663828086,50.72160750954574,50.796284828342294,14080900
2019-11-22,51.804447174072266,52.40934084675364,51.77457510785769,52.05835119062502,12143600
2019-11-25,51.460941314697266,51.85673633180382,51.31158094195804,51.80446162572401,10670000
2019-11-26,51.3339729309082,51.55801059481163,51.10994096451924,51.46839438974736,15457000
2019-11-27,51.304100036621094,51.595345576498175,51.08753751518583,51.34891098718906,8393900
2019-11-29,50.8784294128418,51.17714437276994,50.78134947230859,51.02778974156285,7980800
2019-12-02,51.09500503540039,51.438525295067365,51.05766922093441,51.15474917556373,11116900
2019-12-03,50.69173812866211,50.96805049011669,50.42289520873726,50.78135433447523,12245800
2019-12-04,51.26676940917969,51.34891617976114,50.88590762716706,50.9680543977485,11049700
2019-12-05,51.0875358581543,51.50573339979517,50.93817552362956,51.445989265985276,13109000
2019-12-06,51.90900802612305,52.177850983939734,51.3489194802575,51.3489194802575,13710800
2019-12-09,52.02102279663086,52.25252422090192,51.543075366580005,51.58788632104673,12397700
2019-12-10,51.57293701171875,52.38693509939064,51.304094129323786,52.0210122807195,14281800
2019-12-11,51.49827194213867,52.09570197782499,51.281703696640264,51.33397839744918,13748400
2019-12-12,52.5288200378418,52.558692102136355,51.453454210806015,51.49825945849101,17068500
2019-12-13,51.69990158081055,52.678187606613776,51.617754817077426,52.63338235276461,12274500
2019-12-16,52.274940490722656,52.46163670676095,52.05090275247016,52.05090275247016,15208700
2019-12-17,52.03594970703125,52.55869663347034,51.75963736161962,52.25998735979896,14450700
2019-12-18,52.1778450012207,52.491493183538786,51.73723909961844,51.99861258488351,13652300
2019-12-19,51.81938552856445,52.312266124009625,51.70736669346195,52.26745517145985,13273200
2019-12-20,52.2301139831543,52.4466821893951,51.819380195884854,52.17036985091255,35092000
2019-12-23,52.49149703979492,52.49896648206971,51.92393907472785,52.17037939216007,14172500
2019-12-24,52.28986358642578,52.648322758925175,52.207722508941494,52.53630391142441,3979400
2019-12-26,52.372013092041016,52.648325503947476,52.28240256738042,52.41682405188686,8840200
2019-12-27,52.19278335571289,52.50643156909098,52.18531391324716,52.42428479451359,10516100
2019-12-30,51.88661193847656,52.60352468388095,51.82686778531385,52.34214543817311,12689400
2019-12-31,52.110633850097656,52.1255727342462,51.53561215570716,51.5430759002665,13151800
2020-01-02,52.94704055786133,53.036651082540274,52.454159882064914,52.454159882064914,12456400
2020-01-03,52.5213737487793,53.298030585995036,52.394421706474034,53.27562225719212,17386900
2020-01-06,52.924644470214844,53.29056745209899,52.446702621116614,52.513910522935305,20081900
2020-01-07,52.49149703979492,52.66325432950944,51.909005887693354,52.64832114247495,17387700
2020-01-08,51.69990158081055,52.49149145222296,51.6550906294469,52.357069993161,15137700
2020-01-09,52.09571075439453,52.20026017362583,51.251840259507034,51.63270211385878,14811800
2020-01-10,51.63269805908203,52.24506133685402,51.617764870728585,52.222658705566054,11995600
2020-01-13,52.12557601928711,52.1778507220716,51.61029273647199,51.677500626831204,9953900
2020-01-14,51.677494049072266,51.96127585450861,51.4459926372812,51.81191551019617,16261000
2020-01-15,51.59535598754883,51.96874836504453,51.44600131555676,51.67750276639913,11390300
2020-01-16,51.39371109008789,51.961268927787444,51.3787779064046,51.75217017113861,13340300
2020-01-17,51.19955825805664,51.5878895006234,50.99792889183119,51.34144917716933,18144100
2020-01-21,50.46770477294922,51.095001103851985,50.415430078707324,51.065129036068846,17982600
2020-01-22,50.17647171020508,50.55732784973163,50.03458077733297,50.45277843525189,17033100
2020-01-23,49.86281204223633,49.982300329355446,49.32513184274566,49.81800678332422,19605900
2020-01-24,49.526756286621094,49.79559920842388,49.317657502444376,49.69104981633553,18238600
2020-01-27,48.34683609008789,49.08615698730212,48.316964020729415,48.85464987415262,21231000
2020-01-28,48.279632568359375,48.69036073973226,48.26469368357335,48.62315285074068,19664700
2020-01-29,47.87635803222656,48.6380757675284,47.71953396017953,48.56339845191276,14202800
2020-01-30,48.38418197631836,48.45138986531622,47.36855431635048,47.62992782497857,18544700
2020-01-31,46.39025115966797,47.196779766509465,46.19608844807097,47.196779766509465,34282900
2020-02-03,45.352230072021484,45.8675104392825,45.08338715040451,45.83764121924739,27389300
2020-02-04,44.7846794128418,46.2334407066555,44.72493526938182,45.889920428033314,31922100
2020-02-05,46.84579849243164,46.99515598497691,45.255146467025405,45.36716529862366,32099200
2020-02-06,46.211036682128906,47.05490131734316,46.13635650505853,46.995160024444324,16055400
2020-02-07,45.90485763549805,46.04674570670046,45.598676014345095,45.860049526759454,15112500
2020-02-10,45.4200439453125,45.84424820436327,45.16249187547009,45.81394728093355,20934500
2020-02-11,45.85182189941406,46.12452443043024,45.57911936839789,45.88969949845361,14908700
2020-02-12,46.41238021850586,46.60933045296017,45.87455179975055,46.46540539276876,17862100
2020-02-13,46.154823303222656,46.52599948421667,45.87454699864381,46.253299854971154,16949400
2020-02-14,45.94272994995117,46.329056653523146,45.66245071105115,46.32148286663781,10855300
2020-02-18,45.35945510864258,45.745781854775295,45.03372733323496,45.56398205294428,18948500
2020-02-19,45.70790481567383,45.92000553692412,45.321578089160006,45.533678810410294,12804900
2020-02-20,45.34429931640625,45.85940351050487,45.23824896285455,45.62457566360081,14817200
2020-02-21,44.791324615478516,45.07917477653682,44.533772494240885,45.07917477653682,20315700
2020-02-24,42.693031311035156,43.78383872395493,42.693031311035156,43.64748743613301,32096600
2020-02-25,41.056819915771484,42.98845936203764,40.88259390740649,42.98845936203764,36414500
2020-02-26,40.15537643432617,41.52646281033959,40.09477748011857,41.32193592178587,29801000
2020-02-27,37.73893356323242,39.72359767868426,37.72378310254593,39.17061886707441,48141300
2020-02-28,38.96609878540039,38.96609878540039,36.36785356196377,36.94355960994363,62446700
2020-03-02,40.814414978027344,40.82198876488796,38.73127394305072,39.83723176264828,38127600
2020-03-03,38.860042572021484,41.01893559192294,38.617640974578194,40.86743387110714,50580700
2020-03-04,39.70845413208008,39.7539055220536,38.72369713323037,39.56452906498037,24079600
2020-03-05,37.958614349365234,38.40554286633523,37.14808341192635,38.19343928715368,40788200
2020-03-06,36.125457763671875,37.12536538784038,35.75428146588138,36.996590763202505,55640500
2020-03-09,31.70919418334961,33.76203426823468,30.90623697144765,31.59556715414415,72896300
2020-03-10,32.88332748413086,35.04221791221696,31.398616772546895,34.974042272927115,60445900
2020-03-11,31.80008888244629,32.93634743041692,31.625862918516045,32.1106661033054,51986100
2020-03-12,28.1640682220459,30.792614491768777,28.027716935511506,30.224485094427326,65725300
2020-03-13,28.876121520996094,30.406283649150367,26.51270413309251,30.30780708183822,79891500
2020-03-16,26.126371383666992,28.694315098777203,25.187063097456605,26.058195758944827,48924700
2020-03-17,27.883785247802734,28.3155632561927,25.906694951672424,26.671774420501446,41204400
2020-03-18,25.08858871459961,27.808034373364972,23.656903361733097,26.17182212870967,54036400
2020-03-19,26.080928802490234,26.436957506108893,24.50531511721729,25.55067408572893,49412400
2020-03-20,24.80074119567871,26.64905430980482,23.906882674517,26.3915022218839,76534600
2020-03-23,23.823558807373047,24.77044108994228,22.80850088487261,24.641663596892055,56952500
2020-03-24,26.846006393432617,27.398985319433756,25.247671470711495,26.07335007651643,61835600
2020-03-25,28.247390747070312,29.232147666313292,26.649053116235354,27.656534283800383,56607700
2020-03-26,29.4063777923584,29.9669334104687,27.81561661309918,28.406470270025935,46722000
2020-03-27,27.989843368530273,28.5428223245358,27.421713947882118,28.126194660658282,51558600
2020-03-30,28.40647315979004,28.89885318375542,27.164163862613496,27.44444025535311,45835000
2020-03-31,28.76249122619629,29.883599271490123,28.307986090219995,29.042767515106046,41491600
2020-04-01,28.429195404052734,29.3154788066105,27.52776442644432,27.921667839841586,36045900
2020-04-02,30.603235244750977,31.7849424344475,28.709470759052408,29.34577574183334,62000200
2020-04-03,29.70180320739746,31.951596470412042,29.179125219577756,31.398617555562236,48425700
2020-04-06,30.656267166137695,30.928969774440663,29.7169585030559,30.209338533564697,41301900
2020-04-07,31.239538192749023,32.81514863960233,31.17893634611943,32.496997613762225,48921800
2020-04-08,33.21662902832031,33.36055698340088,31.413767258510628,31.777369705102213,33355600
2020-04-09,32.67123031616211,35.3830999388662,31.61829757621601,34.436217562705224,60107300
2020-04-13,32.39094924926758,33.85293578785307,31.792521816982823,33.67113599995699,29651900
2020-04-14,32.14097213745117,33.14087958754878,31.74706876473766,32.5727502231908,30769000
2020-04-15,30.66383934020996,31.103194161494773,29.83058398283942,31.05774276595145,33125000
2020-04-16,29.65635108947754,30.663832228279844,29.489698900793133,30.663832228279844,30934000
2020-04-17,32.739402770996094,32.81515219784172,30.201756516491923,30.20933319296973,40829100
2020-04-20,31.1940975189209,32.375807927067115,30.709294138037148,30.868369705579113,39260800
2020-04-21,31.027435302734375,31.91371854645892,30.01995414239083,30.60323392560242,44381600
2020-04-22,31.91372299194336,32.51972710772864,31.709196061055405,32.26974878453596,27074200
2020-04-23,32.91363525390625,33.83021679187166,32.42883189133466,32.67123357262046,35271000
2020-04-24,33.125732421875,34.004439143965776,32.67123004100779,33.63326287384387,28653800
2020-04-27,33.28480529785156,33.572658323807346,31.98947101553368,33.019679411876126,28274400
2020-04-28,34.06503677368164,34.38318782286183,33.413581322897095,33.610531559581695,26545100
2020-04-29,35.95123291015625,36.0572832844003,34.96647571976094,35.04222516146213,29502500
2020-04-30,35.201297760009766,36.117879144623224,34.67104308729226,36.117879144623224,37076300
2020-05-01,32.67880630493164,35.14070064878071,32.572755934003084,34.564997396744594,35399300
2020-05-04,33.99686813354492,34.04231664155076,31.981902405035484,32.201576936260814,27465600
2020-05-05,33.9589958190918,35.71640953131373,33.83021829475637,35.04222675502802,29276200
2020-05-06,33.32268142700195,34.29228792670663,33.25450578938801,34.03473583901566,22659000
2020-05-07,33.512054443359375,34.29228441304293,33.30752755147383,34.057456598732486,22160300
2020-05-08,34.98162841796875,35.01192935244491,34.07262061127712,34.32259898622118,19977400
2020-05-11,34.6483268737793,34.99677895195119,34.47409794503718,34.928603294077895,22258000
2020-05-12,34.06916809082031,35.26606713493829,34.06916809082031,35.07301880699398,25439100
2020-05-13,32.37806701660156,33.87612103736304,32.123241800199864,33.77573802394767,30827900
2020-05-14,32.66379165649414,32.85684007402151,31.04218612753826,31.713993795741683,24856500
2020-05-15,32.432125091552734,33.212039184558044,32.31629489509491,32.72555942907742,22445600
2020-05-18,35.01124954223633,35.196577257875454,34.02284291398529,34.28538879282499,32026100
2020-05-19,33.93017578125,36.00737784182143,33.92245514361364,35.17340758426473,21771600
2020-05-20,35.03440856933594,35.196571398153935,34.41665452952618,34.45526360469861,19352400
2020-05-21,34.408939361572266,35.35873690105213,34.27766495030147,35.08846744052243,19130700
2020-05-22,34.439823150634766,34.493876450922286,33.5518025418513,34.015117385939725,15406400
2020-05-26,35.45139694213867,35.752551880399864,35.111632925120595,35.320125485228466,20356500
2020-05-27,35.70622253417969,36.4011947960572,35.06530062657482,36.03054233391908,20788300
2020-05-28,34.77959060668945,35.87610379439547,34.69464886342243,35.85293893557136,19698000
2020-05-29,35.111637115478516,35.28151767141981,34.26222255303508,34.609710194685384,25874700
2020-06-01,35.73711395263672,35.868388378346665,34.59426793522476,34.995808905507516,19031000
2020-06-02,36.532470703125,36.64057730748613,36.10004133999644,36.18498308504705,22319000
2020-06-03,38.02280044555664,38.14635125916538,37.02667035388909,37.065279430826116,23418000
2020-06-04,37.91469192504883,37.95330394870722,37.18883124380208,37.744811392824,18731400
2020-06-05,40.98802185058594,41.27373254730098,39.84517317235843,39.88378519397381,41328900
2020-06-08,42.26987075805664,42.748629872366486,41.28146113878194,42.254426535571255,33579400
2020-06-09,41.327789306640625,41.67527691051809,40.501542640578606,40.83358602365219,27276900
2020-06-10,39.11159896850586,41.312349097283736,39.07298693990496,41.312349097283736,31156800
2020-06-11,35.659889221191406,37.713923419118224,35.59811233912017,36.70234906783069,39183000
2020-06-12,36.42435073852539,37.54403143410802,35.451388631783274,37.09616092328489,30978100
2020-06-15,36.40119934082031,36.879958462645604,34.55565743726789,35.018972336365366,27929300
2020-06-16,37.2197151184082,38.41661406288916,36.478410307776784,38.27761904268534,26203400
2020-06-17,36.007381439208984,37.16567161552522,35.984213632617376,37.06528564211956,19279400
2020-06-18,36.2313117980957,36.5479139102006,35.34329118285843,35.60583704859901,21478700
2020-06-19,35.50545120239258,37.2660511633708,35.50545120239258,37.235165666939785,48899900
2020-06-22,35.84521484375,35.86065906464167,35.05758019806234,35.28151403678173,17565400
2020-06-23,36.061431884765625,36.46297280085428,35.90699261770322,36.21587115182803,18916600
2020-06-24,34.36259841918945,35.489999817664014,34.16955011346367,35.45139074565554,27626900
2020-06-25,34.879974365234375,34.93403061311053,33.73712848995488,34.015118584476596,19353600
2020-06-26,33.683074951171875,34.70236999346928,33.59041256887684,34.656040275163775,31518600
2020-06-29,34.223609924316406,34.42438185010863,33.621300038307616,33.82979260169926,17052100
2020-06-30,34.53248977661133,34.72553812653302,33.327867012653705,33.53635958405122,22153600
2020-07-01,33.752567291259766,35.04213159027749,33.72167885334332,34.354880047896195,17290100
2020-07-02,34.03828811645508,34.89542035713944,33.92245792263288,34.455270333709784,18216600
2020-07-06,34.27766418457031,34.81047951005492,33.85295840829297,34.493877391616806,22692000
2020-07-07,33.389644622802734,33.976510323193246,33.28925865387448,33.89929215982327,17407600
2020-07-08,33.31241226196289,33.92244556186344,33.08075490441473,33.320135843101596,18291400
2020-07-09,31.937915802001953,33.28153051304299,31.883862505907413,33.12709420744928,25882000
2020-07-10,32.934043884277344,32.98037359487483,31.73714196866121,31.752586187421546,18951000
2020-07-13,32.941768646240234,33.4282512882226,32.60972526551873,33.18887028598406,20028300
2020-07-14,34.03055953979492,34.123221913847445,32.632888563452155,32.841381114333146,21444100
2020-07-15,34.462989807128906,34.81819803881312,34.13866707052048,34.77186537767368,17332400
2020-07-16,34.192718505859375,34.601982959414194,33.814345437064766,34.21588630800861,14673700
2020-07-17,33.60585403442383,34.509318815502546,33.50546807685382,34.23133169141325,17958900
2020-07-20,32.81822204589844,33.59813614429988,32.80277782321826,33.36647869546569,18553900
2020-07-21,34.47842788696289,34.89540998021876,33.289249640662234,33.32013807592069,28821800
2020-07-22,33.675350189208984,34.092335276995485,33.490022501631536,34.092335276995485,21345400
2020-07-23,33.74485397338867,33.83751636155156,33.21976219765862,33.513196530139346,17934400
2020-07-24,33.5363655090332,34.300835460201505,33.35103776426492,33.883853189420876,16415300
2020-07-27,34.03055953979492,34.04600375975097,33.18114806199866,33.38191703005975,18547900
2020-07-28,33.6290168762207,34.16955276330806,33.55951936294256,33.907006929333264,19190500
2020-07-29,33.99967575073242,34.046008416938456,33.466863344941785,33.75257408900191,14143200
2020-07-30,32.33173370361328,33.34330802014279,32.300848209322766,33.304698943016824,29901100
2020-07-31,32.493900299072266,32.56339487852691,31.590432472268567,31.783480825911294,32116200
2020-08-03,32.625160217285156,32.81820850259454,32.02285050973847,32.47072099990104,23033600
2020-08-04,33.567256927490234,33.66763997517395,32.617459147515056,32.69467732968481,17724000
2020-08-05,33.86068344116211,34.215894686152275,33.61358175941162,34.092343845277036,17175100
2020-08-06,33.698516845703125,33.899288763444254,33.39736191477526,33.513192093909275,14434900
2020-08-07,33.5440788269043,33.60585571023838,33.05759912622603,33.38191892667821,18757900
2020-08-10,34.370323181152344,34.43982069738349,33.6676273817858,33.968785249243226,24367800
2020-08-11,34.72553253173828,35.84521042434026,34.540204849571495,35.13479402501532,28987500
2020-08-12,34.7176628112793,35.386974680467524,34.35544704686675,35.00901001275928,22503200
2020-08-13,33.86723327636719,34.54442096353835,33.79636472762147,34.253073820381765,17338700
2020-08-14,34.01685333251953,34.079845942271,33.39478516581931,33.5443952423007,13595700
2020-08-17,33.57589340209961,33.99322883295412,33.44203222759768,33.99322883295412,15554600
2020-08-18,33.41053771972656,34.00898109483577,33.300298387769324,33.53652595679147,13014000
2020-08-19,33.04043960571289,33.59163916330327,32.96957104825419,33.34753568676863,14473100
2020-08-20,32.536502838134766,32.98533625597981,32.520753928270345,32.827850161133014,15678500
2020-08-21,32.292388916015625,32.55224133999926,32.0561613511737,32.520743530341285,25517700
2020-08-24,33.245182037353516,33.47353367469722,32.35538833470736,32.50499844245624,18208900
2020-08-25,32.19002151489258,33.12705870656555,32.04828439295265,32.804213707434855,31285600
2020-08-26,31.504961013793945,32.15852703293277,31.497088063448494,32.00104099185625,26795000
2020-08-27,31.2923583984375,31.733315710104172,30.95376446052408,31.4970881497404,32034300
2020-08-28,32.04041290283203,32.22152080525101,31.30810533873119,31.37110095894466,33477100
2020-08-31,31.44983673095703,32.064031900569134,31.418341930404473,32.00103629187212,25259600
2020-09-01,31.04824447631836,31.3002208567483,30.749021398134534,31.3002208567483,22464100
2020-09-02,30.859264373779297,31.276602744281494,30.670283567789713,30.890762176042813,26413400
2020-09-03,30.796268463134766,31.520699814560857,30.615160625278243,30.86713700871301,28817200
2020-09-04,30.772653579711914,31.331726119238457,30.434059674636153,31.07187372538194,24632500
2020-09-08,30.06396484375,30.45767836658193,29.41039895402701,30.119084496642806,38496400
2020-09-09,29.882858276367188,30.58366789671613,29.859233421394173,30.1978273059801,25886100
2020-09-10,29.134801864624023,30.21357611962968,29.056060358400163,30.13483461340582,34381200
2020-09-11,29.056062698364258,29.378907705955143,28.733217690773373,29.237170580300983,26838600
2020-09-14,28.867080688476562,29.14267900367979,28.733219507891096,29.063937486134964,26129900
2020-09-15,28.55998420715332,29.434028858420632,28.51273749494017,28.977319651749085,23724200
2020-09-16,29.772615432739258,30.040340728227417,28.559977152951987,28.709587198979413,30890900
2020-09-17,29.76474952697754,29.906486672651443,29.111186469744844,29.410406662792784,24696200
2020-09-18,29.28441619873047,29.780496170916365,28.898578556649717,29.552141564250245,46853800
2020-09-21,28.685976028442383,28.90645470545634,28.095405568900684,28.685976028442383,35351800
2020-09-22,27.977285385131836,29.008816022189816,27.930041679056433,28.70959286726222,27303200
2020-09-23,27.07961654663086,28.18201564981056,27.048118742815234,28.07177634025177,31251400
2020-09-24,27.024494171142578,27.41820766781283,26.583533973505478,27.087489772431706,26796000
2020-09-25,27.27648162841797,27.51270922144347,26.678038192500253,26.772528628951086,23486000
2020-09-28,27.804054260253906,28.268636407467312,27.638692272821423,27.670190080312967,23396500
2020-09-29,26.993000030517578,27.646565965430028,26.764648454370967,27.559948503810688,20770500
2020-09-30,27.032373428344727,27.496952527574134,26.874887409662303,27.276473903696317,22223700
2020-10-01,26.087459564208984,26.851261776425606,25.937846499087264,26.607161308146388,36890200
2020-10-02,25.969348907470703,26.26069613278529,25.363029598067186,25.394527407235362,32694300
2020-10-05,26.567792892456055,26.57566584214639,26.118956661407353,26.23707193333535,22965200
2020-10-06,26.29218864440918,27.10323754239689,26.22919604256146,26.867010028825263,26731800
2020-10-07,26.378814697265625,26.56779857199125,26.15046005807956,26.48905403927358,23779300
2020-10-08,27.764680862426758,27.82767647823445,26.583540100199144,26.678033523910685,34413700
2020-10-09,27.3552188873291,28.30800496130715,27.28435032788799,28.095399282983816,29228600
2020-10-12,27.268598556518555,27.347340057037396,26.95362654685178,27.197730004533316,17912800
2020-10-13,26.945756912231445,27.45758273614202,26.851263495432754,27.347343420339623,20995100
2020-10-14,26.89063262939453,27.426083217310353,26.796139228847817,26.819764080882273,17743000
2020-10-15,27.126861572265625,27.134734520833973,26.197697443823284,26.536291304380867,23251600
2020-10-16,26.851268768310547,27.276480216016694,26.678036811086926,27.06387449216362,22627200
2020-10-19,26.315811157226562,27.06386747220166,26.292189306413373,26.851261803495312,23645800
2020-10-20,26.536293029785156,26.71740089659006,26.244945853081255,26.504795225872325,23040600
2020-10-21,26.111083984375,26.47329974983552,26.095335081033735,26.386682283356663,28619300
2020-10-22,27.449708938598633,27.5284504463688,26.000842967537327,26.12683118224718,31831500
2020-10-23,26.898508071899414,27.622942524291492,26.66228055621785,27.536325067655888,27429100
2020-10-26,26.260690689086914,26.59141160920328,25.945721674085764,26.465423402443662,30888700
2020-10-27,25.84335708618164,26.142580224138623,25.748866675593753,26.103209470043335,27100700
2020-10-28,24.859071731567383,25.49688872352037,24.81970097982121,25.276407106909318,42136400
2020-10-29,25.96147346496582,26.087461685748163,24.496858520998508,24.733086059490883,38622800
2020-10-30,25.685874938964844,26.09533745164649,25.2055438567076,25.520515944553924,47885700
2020-11-02,26.764646530151367,27.13473519801407,25.646498566411054,26.09533174090099,40130300
2020-11-03,26.307941436767578,27.15836421595802,26.087462791998018,27.15836421595802,36773000
2020-11-04,26.16620445251465,26.88276305579954,25.615004833727134,26.197702260170225,35410100
2020-11-05,26.118953704833984,26.709523990031208,26.09533185464075,26.27643971497907,30824100
2020-11-06,25.811859130859375,26.50479581332021,25.685870916211584,26.063835560154956,33985600
2020-11-09,29.079681396484375,29.930101054350107,28.394620699343115,28.678091916101135,76879400
2020-11-10,29.72482681274414,30.18448882933154,29.015171931799586,29.8780464595175,49055400
2020-11-11,29.418380737304688,29.93449219433806,29.184516772003022,29.91030043112304,34124500
2020-11-12,28.410350799560547,29.265162359438925,28.1200373235163,28.918399382637975,30933700
2020-11-13,29.095815658569336,29.232906432818403,28.531317539785594,28.547446409038532,29241500
2020-11-16,30.773178100585938,30.781240997086943,29.91836648691759,30.313516093346834,38596800
2020-11-17,31.18445587158203,31.21671361257378,30.144169872871792,30.490932897864372,26521100
2020-11-18,30.00707244873047,31.555409993541392,29.999009552573675,31.466702754480984,31068000
2020-11-19,30.160301208496094,30.240942491299126,29.482903973640283,29.724830898317126,26954400
2020-11-20,29.789329528808594,30.16835015043754,29.66030169025117,30.119963557378632,18351000
2020-11-23,31.740890502929688,31.79734001040428,30.06352492006339,30.24093941570779,29367600
2020-11-24,33.85371398925781,33.93435831800588,32.43440764222433,32.66826850492724,46979300
2020-11-25,32.91020584106445,33.63598650596929,32.781177962219104,33.603728767191136,28178200
2020-11-27,32.41021728515625,33.01503599116419,32.15216155002755,32.82149572795118,14971900
2020-11-30,30.748981475830078,32.1602250130798,30.619953618332204,32.095709546197476,45614300
2020-12-01,31.04736328125,31.974753285092966,31.023171515046773,31.418318052280256,32472900
2020-12-02,32.20859909057617,32.59568254954283,30.918320894020656,30.958641510863163,29369500
2020-12-03,32.42634201049805,32.77310493707649,32.03925845725698,32.31344302533606,27038900
2020-12-04,33.61179733276367,33.67630973902905,32.781180490891394,32.87795063842323,28723600
2020-12-07,32.9827880859375,33.49889966188811,32.79730760432933,33.40212643419664,24899400
2020-12-08,34.063392639160156,34.3456401527338,32.61182520858949,32.684403580118015,32573800
2020-12-09,34.514991760253906,35.26496730797264,34.17629471355123,34.44241338220798,37824800
2020-12-10,35.490760803222656,35.861718619306934,34.48272961267562,34.837558560559096,38058700
2020-12-11,35.3214111328125,35.426247234515394,34.84562030356641,35.24076987074379,25478800
2020-12-14,34.04726791381836,35.85365837305748,34.01501017226506,35.756888224665126,30595000
2020-12-15,34.708518981933594,34.85367567050359,33.91822316431142,34.22466232794494,27138400
2020-12-16,35.24077224731445,35.571406366120634,34.64401640845426,35.281092881067956,34273000
2020-12-17,35.0633659362793,35.514965137825925,34.998853522497136,35.482707392800904,21204600
2020-12-18,34.45854568481445,35.30529146218119,34.208552785251115,34.894015996466294,46596800
2020-12-21,33.82952117919922,33.93435726518585,32.68439635663711,33.15212422006478,27869500
2020-12-22,33.25696563720703,33.78920597068421,33.24889966515619,33.531150237862974,21792900
2020-12-23,33.68437194824219,34.18435457692893,33.43437909576522,33.47469972970869,19085900
2020-12-24,33.54727554321289,33.74888177382419,33.36986415213647,33.58759925034871,8039000
2020-12-28,33.66018295288086,34.313385274808844,33.48276845741033,33.61985923935215,23877500
2020-12-29,33.281150817871094,33.96661064579467,33.22470132974875,33.90209826348329,20287700
2020-12-30,33.54727554321289,34.208543733516585,33.281156918464795,33.3295435212676,23807300
2020-12-31,33.2408447265625,33.61179954675878,33.03923844476873,33.44245100835627,22786500
2021-01-04,33.46663284301758,34.07145150885525,33.0634203991258,33.426312213881765,27764700
2021-01-05,35.079490661621094,36.12784264085282,33.732762266852326,33.74082516402142,44035100
2021-01-06,35.9746208190918,36.36976735821073,35.240774170175015,35.81333519901031,36484800
2021-01-07,36.25686264038086,36.748782319883325,35.91009968847803,36.28912037457341,29528100
2021-01-08,36.66006851196289,36.9503819150783,36.24879324172692,36.450399429860816,28628200
2021-01-11,37.772945404052734,38.01487227778951,36.08751710770371,36.321381085365,38246200
2021-01-12,38.61162185668945,38.84548272024411,37.8293887844505,38.27292182724718,36915100
2021-01-13,39.04709243774414,39.28095639858355,38.458402626031294,39.13579966952922,29000300
2021-01-14,40.57123947143555,41.192187038764175,39.111609235798106,39.111609235798106,35474800
2021-01-15,38.61968231201172,39.579329771258955,38.13582867339052,39.44223595868089,42411300
2021-01-19,39.38578796386719,39.8696416208399,38.99063845220181,39.071282779208275,24932600
2021-01-20,39.94223403930664,40.11158564750987,39.5067668252247,39.6035369754354,22342400
2021-01-21,38.7971076965332,39.82933072421545,38.45034469637108,39.7809471924599,29044500
2021-01-22,38.24872970581055,38.41807818080066,37.61165335559069,37.910029679563735,23264800
2021-01-25,37.82133483886719,37.94229674665165,37.22457896782158,37.82133483886719,26395800
2021-01-26,36.990718841552734,38.59550615998485,36.97458997024108,38.111649249438024,23976800
2021-01-27,36.57136917114258,37.62778693187676,35.91010097778743,36.2891216774911,32410300
2021-01-28,37.14393997192383,37.57134427623224,36.84556047998444,37.04716674824577,24967200
2021-01-29,36.160099029541016,37.12780969581565,35.893977288901844,36.732660071424355,38961100
2021-02-01,36.224609375,36.75685282603625,35.71656384199359,36.75685282603625,24412400
2021-02-02,36.797183990478516,37.8939227920307,36.5149333151057,36.94234077752325,31940400
2021-02-03,38.24067306518555,38.44227932067792,36.627823021246535,36.7971746138233,28459300
2021-02-04,38.97451400756836,39.01483463432927,38.10357370345288,38.61162221418691,25280300
2021-02-05,40.28091812133789,40.41800885646244,39.547071699232646,39.659970675515545,34980100
2021-02-08,42.01474380493164,42.22441604029426,40.893813479490284,41.06316200140572,36998700
2021-02-09,41.52267074584961,41.79330868167659,40.817367142620064,41.555473163655634,28977000
2021-02-10,41.924530029296875,42.1705653830861,41.32584285462303,41.52267301475997,25723800
2021-02-11,40.87477111816406,41.768701828825996,40.00544300047624,41.73589628585466,26972200
2021-02-12,41.43246078491211,41.588282451162655,40.522127128085074,40.53852990271819,19756700
2021-02-16,42.67904281616211,43.08089983844759,42.334590811408084,42.6134317186816,28060100
2021-02-17,43.34333419799805,43.687786172765016,42.48220895384419,42.93327425997154,25509700
2021-02-18,42.662635803222656,43.41714457823148,42.53141674980769,43.31053124818176,20627600
2021-02-19,42.94967269897461,43.105497461946605,42.58061816628927,42.736442929261266,22607200
2021-02-22,44.532501220703125,44.95076403973358,43.130097217266126,43.130097217266126,36435100
2021-02-23,45.14759063720703,45.319815030147204,44.07323579014438,45.090182506226974,33527900
2021-02-24,46.50080490112305,46.746840276878395,44.999983790549216,45.26242194182286,28728600
2021-02-25,45.729888916015625,46.951869068311474,45.39363984782836,46.73043629728433,29670900
2021-02-26,44.58991622924805,45.15580093891719,43.564766396959314,44.622721774723445,35291000
2021-03-01,46.2547607421875,47.247105008789475,46.033328007502035,46.3121688813457,36998300
2021-03-02,45.984127044677734,46.71403332657589,45.94312167136504,46.45979813493149,30302600
2021-03-03,46.35317611694336,47.53414762103735,45.82829989290158,46.27116225161866,35358900
2021-03-04,48.14923095703125,48.77252373434073,46.82883762646346,46.8452403972883,52137500
2021-03-05,49.969905853271484,50.068319365477976,48.47728788268494,49.06777521294217,51429800
2021-03-08,49.92068862915039,50.52757862461644,49.059563511786735,50.502976033080174,38154600
2021-03-09,49.149784088134766,50.3471583481931,48.77252969855623,49.70746585034175,35645900
2021-03-10,50.65879821777344,50.781814305317006,49.231788451304226,49.633648512367245,31579100
2021-03-11,50.281551361083984,51.29849826824755,50.24054286395701,50.66700558030302,24802600
2021-03-12,50.82282257080078,51.1508685979698,50.43736528215586,50.47837064448841,20422700
2021-03-15,49.52703094482422,50.73260797218833,49.10056830161712,50.42916454224603,31243600
2021-03-16,48.4772834777832,48.92834875696168,47.92780156683173,48.82993525369756,30624800
2021-03-17,48.69050979614258,48.98575341346268,48.07541996956192,48.13282810309543,25575500
2021-03-18,46.59101104736328,48.36246984546841,46.35317553367797,48.231250791109105,38622800
2021-03-19,46.32857131958008,47.132288390506595,45.77088957591532,46.50899555770061,84439400
2021-03-22,45.8528938293457,46.63200819600182,45.84469400861623,46.3367645936051,29315100
2021-03-23,45.287017822265625,46.164545786375044,44.65552518041429,45.05738214345041,33493300
2021-03-24,46.20555114746094,46.97646265806288,45.99232136912725,45.99232136912725,29781800
2021-03-25,46.07432556152344,46.33676361846237,44.69652419833981,45.2788084416413,31495900
2021-03-26,47.32911682128906,47.38652496175603,46.35317530484158,46.992867800621525,34226500
2021-03-29,47.07488250732422,47.41933135629294,46.53360351000975,47.025674188110514,21144400
2021-03-30,46.492591857910156,47.04207376872482,46.328570395347086,46.632013855299405,20303400
2021-03-31,45.78729248046875,46.443387731231724,45.762686757715244,46.213752047082984,23686500
2021-04-01,47.06667709350586,47.115885410144465,46.04152729401842,46.18914911542532,23194500
2021-04-05,46.336761474609375,47.009259355464636,46.04151789208594,46.992856586601306,23264800
2021-04-06,46.20555114746094,47.18969556490543,46.1399400596605,46.61561106068707,18926300
2021-04-07,46.41057586669922,46.5581976690824,46.12353521123665,46.246551294216964,22385000
2021-04-08,45.92670822143555,45.99231930629321,45.36902651418027,45.869300086439445,21999300
2021-04-09,45.820091247558594,46.28755927203033,45.54125039712732,45.92670769497579,20020700
2021-04-12,45.51665115356445,46.57460649878674,45.36082951011276,46.550000776182536,20238800
2021-04-13,45.68887710571289,45.91030984554377,45.18040366342107,45.35262808489763,19370600
2021-04-14,47.009273529052734,47.5751551471673,46.13174546558806,46.26296452754981,28051100
2021-04-15,46.73043441772461,47.0912860697867,46.56640980187481,47.0912860697867,23250300
2021-04-16,46.467987060546875,47.30450961968484,46.287559706073374,47.042071537819055,22752000
2021-04-19,46.320377349853516,46.861656426177035,45.89391457327899,46.541810125873525,21123300
2021-04-20,45.344425201416016,46.312166830819116,44.926162344915134,46.312166830819116,21782100
2021-04-21,45.92670822143555,46.03332467007489,44.532503953297365,44.6965285369328,16625600
2021-04-22,45.328025817871094,45.91851312835827,45.12299584934183,45.91851312835827,21600100
2021-04-23,45.574058532714844,45.87750199269976,45.254212300770085,45.32802321033494,15337900
2021-04-26,45.664276123046875,46.164549760863856,45.467445971189214,45.49205169548963,16083800
2021-04-27,46.262962341308594,46.44338971617052,45.77089166433304,45.93491313765218,19278600
2021-04-28,47.65716552734375,47.944206226712375,46.57460756328352,46.673021070422905,24729800
2021-04-29,48.33786392211914,48.780729401942075,47.6899716036845,48.3214611493284,27318400
2021-04-30,46.94365692138672,48.29685266218843,46.878045838228296,47.83758759411404,30518400
2021-05-03,48.23944854736328,48.37887054643544,47.35372075049774,47.550547759352796,20509600
2021-05-04,48.54288864135742,48.79712689936514,47.98520694079827,48.387067009454505,23522200
2021-05-05,50.00270462036133,50.06831257676689,48.71511679975135,49.01856024620811,31526200
2021-05-06,50.478370666503906,50.55218157013813,49.23178825429729,49.91248915764724,26836800
2021-05-07,51.20008850097656,51.232894049672836,49.90429748405744,50.084724873377645,33610600
2021-05-10,51.323097229003906,52.50406545501415,51.28208873728092,51.86437615755533,31956600
2021-05-11,49.691062927246094,51.16727806394387,49.52703832794434,50.54398834080801,34563800
2021-05-12,49.957332611083984,51.321922779993415,49.71603227841241,49.93236842813087,34426500
2021-05-13,49.341590881347656,50.29846955812477,48.88395449535704,49.091971322996855,24268200
2021-05-14,50.56473922729492,50.656267154485505,49.86580244357686,49.86580244357686,20735400
2021-05-17,51.746273040771484,51.796198229928905,50.281835740426494,50.37336366683906,25282500
2021-05-18,50.281822204589844,51.837787012482615,50.25686120377332,51.58816748206373,25170800
2021-05-19,49.0753288269043,49.80754893746662,48.60936999762193,49.17517601386307,28889800
2021-05-20,48.958839416503906,49.21678141878962,48.45960031268908,49.05036732615641,20692500
2021-05-21,49.02540588378906,49.78259020621086,48.96716142423123,49.44143955153643,20792700
2021-05-24,49.59953308105469,49.75762472799842,48.83402950187184,49.15853842046935,18400300
2021-05-25,48.47623825073242,49.541286525632245,48.359749339591374,49.50800307271058,25616100
2021-05-26,49.042049407958984,49.19182178776149,48.17670175964855,48.467924068106136,21698700
2021-05-27,48.72586441040039,49.674420666980055,48.27654728652002,49.28334800277844,33556000
2021-05-28,48.56777572631836,48.92556498049321,48.351439587882254,48.867320513449435,19246800
2021-06-01,50.306793212890625,50.506490781402114,49.46640655268331,49.46640655268331,28474200
2021-06-02,50.70618438720703,51.014051599460934,50.06549213139056,50.5480927295712,22978300
2021-06-03,50.9058837890625,51.09725891018406,50.21526632345905,50.381680438286345,20272800
2021-06-04,51.13053894042969,51.33855577649809,50.57305216924217,51.138858217275015,20427800
2021-06-07,50.79771423339844,51.36352032041922,50.77275322705745,51.03069526422686,15477900
2021-06-08,51.69633865356445,51.98756091873967,50.48151806748517,51.172135402164436,28953400
2021-06-09,52.12902069091797,52.76970975653221,51.7462672980261,52.145659244705186,29133000
2021-06-10,52.21222686767578,53.23566934012806,51.79619318745526,52.9278053055087,27488700
2021-06-11,51.7296257019043,52.57833478104084,51.70466469707486,52.42856240389409,17631700
2021-06-14,51.646419525146484,52.23718657459762,51.23038585526511,51.83779463240171,16997200
2021-06-15,53.526893615722656,53.58513807571551,51.87939748594335,51.98756712910937,30717100
2021-06-16,53.33551788330078,53.91796885923971,52.88620390960575,53.518573722933866,24803200
2021-06-17,51.579856872558594,53.63506108658959,50.98076735963098,53.13582194187329,28491800
2021-06-18,50.256866455078125,51.21374195068119,50.12373581333836,50.75610556808104,39590700
2021-06-21,52.079097747802734,52.170625667995274,50.67290500999379,50.69786601583351,33145400
2021-06-22,53.07757568359375,53.26063151169785,51.77954950756325,52.29543036284712,25140400
2021-06-23,53.46865463256836,53.83475998366533,52.902848528323226,53.293921234691716,20701600
2021-06-24,53.68498611450195,53.71826957244342,53.09422219350987,53.3771252378418,19568400
2021-06-25,53.80147171020508,54.026127075671745,53.551848994647116,53.759865808222294,18438300
2021-06-28,52.42856216430664,53.71826591798989,52.212226050574984,53.71826591798989,20570000
2021-06-29,52.104061126708984,53.06093993255791,52.07910011973242,52.59498103312173,19579300
2021-06-30,52.486812591552734,52.61162079585556,51.96260924604231,52.17062609396555,17875500
2021-07-01,52.6365852355957,53.601783345959895,52.228873964557216,53.5269003229444,22530300
2021-07-02,52.56169128417969,52.686502652296504,51.93764079176548,52.42856063942805,14555300
2021-07-06,51.06396484375,52.22053778168702,50.672895405349415,52.21221850601236,22110800
2021-07-07,50.26519012451172,51.43008572210581,49.60785613481098,50.905882385779954,21671400
2021-07-08,50.040531158447266,50.514809305747455,49.34991689139538,49.46640581542207,18935900
2021-07-09,50.94748306274414,51.130538894025406,50.12373817014849,50.50648838638657,20086000
2021-07-12,50.897560119628906,51.17214387863613,50.05717346228455,50.27350958452359,21809400
2021-07-13,50.656253814697266,51.18045388387921,50.34838665447787,50.756100993481745,17147300
2021-07-14,49.5329704284668,51.363519310842754,49.39152049653449,50.89756043242982,21573600
2021-07-15,49.05036926269531,49.67441975414415,48.9005968908208,49.23342191514255,15851100
2021-07-16,47.694095611572266,49.308304970979016,47.5526456993839,49.24174123997412,27049500
2021-07-19,46.05492401123047,46.762183124149956,45.43087353316998,46.29622429119423,37969100
2021-07-20,46.56248474121094,47.09500729843804,45.7886619083388,46.179734549964564,26756100
2021-07-21,48.06021499633789,48.50953218561468,47.28639518025292,47.31135618829536,20908700
2021-07-22,47.51936721801758,48.04357054114072,47.14493627292961,48.03524809009151,13493800
2021-07-23,47.461116790771484,47.66913360366152,46.98683871130897,47.66913360366152,14088200
2021-07-26,48.65929412841797,48.80074721646911,47.42783493554316,47.560965573311115,18387600
2021-07-27,48.11846160888672,48.26823082802193,47.60257751042226,48.26823082802193,16861400
2021-07-28,48.442955017089844,48.78410245351648,47.94371277597077,48.25989921127106,16855300
2021-07-29,49.03373336791992,49.366561605916466,48.72586931092857,49.09197783345652,18607800
2021-07-30,47.90211486816406,48.99212418887769,47.69409804029325,48.99212418887769,28652800
2021-08-02,47.910438537597656,49.141897809030745,47.7606661637937,47.88547435924035,20873800
2021-08-03,48.42632293701172,48.60105632786805,47.3695969663657,47.9021195903575,18208200
2021-08-04,47.29470443725586,48.160055172342055,47.269743434502246,47.58592671633065,20868300
2021-08-05,47.59425735473633,48.01029106732304,47.28639329616606,47.53601288890102,15180200
2021-08-06,48.1434211730957,48.318154568586245,47.8688374023946,47.97700705516339,14888500
2021-08-09,47.59425735473633,47.860518676865,47.28639329616606,47.53601288890102,17828200
2021-08-10,48.40967559814453,48.55944796554604,47.677455487968814,47.77730267487487,16340200
2021-08-11,48.55113220214844,48.67594358353521,48.02693201812869,48.418001543242355,18278600
2021-08-12,48.44132995605469,48.81298303387034,48.03589287108741,48.483565603717395,19225500
2021-08-13,47.95142364501953,48.204821397238604,47.55443179252907,48.17103417104213,20063000
2021-08-16,47.25034713745117,47.377047608365054,46.684425670856655,47.31792158117239,16959500
2021-08-17,46.92938232421875,47.55442987298717,46.45637084294303,46.87870148696978,16243700
2021-08-18,45.94112777709961,47.14054850345238,45.87355654833269,46.811127888534436,21890500
2021-08-19,44.53898239135742,45.36674993799357,44.006844960617535,45.16403306484373,30923500
2021-08-20,44.54743576049805,44.88529832735659,44.01529827059032,44.15044394175913,16918300
2021-08-23,46.38035202026367,46.507052504568414,45.56947794266939,45.56947794266939,21632600
2021-08-24,46.76044845581055,47.17433067401212,46.46481507782525,46.701322424638896,17915600
2021-08-25,46.844913482666016,47.1067596375714,46.34656320212161,46.65909019343266,13270300
2021-08-26,46.2114143371582,46.91248469280283,46.143843115408856,46.62529975058273,11842600
2021-08-27,47.10675811767578,47.47840790627829,46.79423435857533,46.79423435857533,15822500
2021-08-30,46.591514587402344,47.588215123729775,46.55772736397128,47.5037502872791,14086100
2021-08-31,46.05093002319336,46.718213159175576,46.00024919011339,46.39724099392275,27104100
2021-09-01,45.41743850708008,46.253651390046514,45.273844410512545,46.02559567442087,21644100
2021-09-02,46.5239372253418,46.99694540247064,45.83976054068916,45.856654150176134,23293300
2021-09-03,46.346561431884766,46.726659635091565,46.118502509960685,46.557726742318884,13840000
2021-09-07,46.0762825012207,46.684439790135976,46.00871125919001,46.177640975330654,14354400
2021-09-08,45.65393829345703,46.608406374187375,45.6201510713489,46.27898901395017,18756700
2021-09-09,45.68772888183594,46.45637051973187,45.02044569560565,45.29073704813211,19110800
2021-09-10,45.59481430053711,46.65064087258213,45.56947549388866,46.61685364896621,15123700
2021-09-13,46.768890380859375,47.24190181928829,46.135394472203224,46.1607364995957,22052300
2021-09-14,46.101619720458984,47.10676560385819,45.95802561018626,47.03919114675869,19940300
2021-09-15,47.65578842163086,47.74870167904478,46.718217096584176,46.768894711808414,23240900
2021-09-16,47.14899444580078,47.68957717301007,46.87870308219613,47.68957717301007,17907200
2021-09-17,46.591514587402344,47.9345261085807,46.54083375225575,46.74355387071513,30000400
2021-09-20,45.34986114501953,45.75529815650907,44.73325882199625,45.42588078605675,27555100
2021-09-21,45.30764389038086,46.04249851825868,44.978226409681426,45.92424641976432,19696800
2021-09-22,46.633750915527344,47.22501448663612,45.92423527462226,45.974916114018065,25690600
2021-09-23,48.2132682800293,48.34841395838572,46.69287537086061,46.81112743665659,23069400
2021-09-24,48.644046783447266,48.83831850532731,47.87540509160564,47.89229870509008,22328600
2021-09-27,50.088417053222656,50.51074772520957,49.68297999477049,49.70831880400897,32972200
2021-09-28,50.612098693847656,51.085110136434515,50.26578772295649,50.595208304939945,37619300
2021-09-29,50.578311920166016,50.84015482152484,49.87724160025004,50.544524699949825,23422800
2021-09-30,49.68296813964844,50.82325939307111,49.67452294595987,50.78102698037519,31289600
2021-10-01,51.4652214050293,51.515902251009294,50.181335639351595,50.181335639351595,24407300
2021-10-04,52.13249588012695,52.428126042947625,51.48210629979436,51.794630075080086,33946700
2021-10-05,52.04802703857422,52.960262765267125,51.54123156071842,52.80822347748497,29641600
2021-10-06,51.09356689453125,51.62570122942482,50.46851607271472,51.07667328073865,25284900
2021-10-07,51.23714828491211,51.59190766456895,50.797924074070046,51.194915869319495,19513600
2021-10-08,52.52104568481445,52.72376261478282,51.735510331400135,51.735510331400135,22186900
2021-10-11,51.99736022949219,53.26435240954887,51.946679382323936,53.23901037490087,22121500
2021-10-12,51.727054595947266,52.352102095146634,51.39763401314415,52.005791123393784,20198600
2021-10-13,51.58346176147461,51.85375310098886,50.85705257823248,51.33850922812516,14991700
2021-10-14,52.36899185180664,52.55481833784518,51.667921543298775,52.12403934241522,18594500
2021-10-15,52.867347717285156,53.27278473025338,52.740647241052045,52.98559977663502,16092600
2021-10-18,52.84201431274414,53.33191621186409,52.597061752120524,53.289683789511436,18282800
2021-10-19,53.635986328125,53.72889957588723,52.93491598382944,53.10384886865834,18933200
2021-10-20,53.93162536621094,53.94851897969631,52.97716037024253,53.120751251677184,14305200
2021-10-21,52.951820373535156,53.75424932322186,52.66463537750394,53.61065843626997,16564600
2021-10-22,53.31501007080078,53.399478117785506,52.66462060858782,53.01937996167059,14266800
2021-10-25,54.35395812988281,54.41308416829461,53.703571707353014,53.82182378417661,17939800
2021-10-26,55.61249542236328,55.69696670552419,54.36240034033308,54.47220398648648,25585100
2021-10-27,54.168121337890625,55.114144217571834,54.041424089057365,55.038127801547965,21764500
2021-10-28,54.320167541503906,54.45531644623084,53.74580080705063,53.906285298223004,16626400
2021-10-29,54.4553108215332,55.20705880472879,54.33705876423865,54.94521588418424,23966300
2021-11-01,55.43511962890625,55.81522108614877,54.919875712652946,54.96211135598691,19656400
2021-11-02,54.75094223022461,55.28307650034929,54.615799780587494,54.92832032026617,16300000
2021-11-03,53.99919891357422,54.438419968310555,53.77113996854155,54.092112175120185,17372800
2021-11-04,54.40464401245117,54.810077876750455,53.91473885252237,54.63269975558763,17720100
2021-11-05,54.91986846923828,55.1817178237155,54.531325089977706,54.9452137184485,18565100
2021-11-08,55.51114273071289,56.06861584838222,55.22395453219792,55.36755185358262,17696000
2021-11-09,56.051727294921875,56.0601757127519,55.16483030615386,55.553373751024665,18781300
2021-11-10,54.947471618652344,56.19724970256111,54.58794449295946,55.9147638705574,20177200
2021-11-11,55.05018997192383,55.49532035711945,54.80194543611481,54.94747259907901,13319300
2021-11-12,54.63074493408203,55.10155465794959,54.42530365951272,54.75058622181916,18158900
2021-11-15,55.1015510559082,55.44395098085393,54.11713494453941,54.57937941481809,18849200
2021-11-16,55.65795135498047,55.95756107028635,55.07586236911643,55.07586236911643,17028700
2021-11-17,55.05018997192383,55.84628226577329,54.93891064105514,55.110110616370115,15497000
2021-11-18,54.45098114013672,55.23851144143418,54.02297468975417,54.92179084790158,16948200
2021-11-19,51.934295654296875,53.09847359923994,51.71173376031881,52.978632328218694,32035500
2021-11-22,52.65334701538086,53.535042438697594,51.63469293718688,51.63469293718688,21994400
2021-11-23,54.040096282958984,54.254099511885954,53.00431817322555,53.23544205231829,21185900
2021-11-24,54.33970260620117,54.65642648881325,53.569292897245,53.569292897245,15869700
2021-11-26,52.4307861328125,52.57630674732583,50.96700496897101,51.80589715524443,24979600
2021-11-29,52.72182846069336,54.048647647055674,52.465025273886084,53.56072061249295,18946400
2021-11-30,51.22381591796875,52.379432113683734,51.06973332314938,51.754543041551976,34979800
2021-12-01,51.181007385253906,53.09847427692556,51.14676608868805,52.13118213966315,30630600
2021-12-02,52.45646667480469,52.713273143478936,50.62459968878378,51.138209360702376,29216000
2021-12-03,52.12262725830078,53.26968472552878,51.66037948820213,53.00431953926544,22014700
2021-12-06,52.71327590942383,53.209761693023616,52.57631071071485,52.83311719286412,19210500
2021-12-07,53.303924560546875,53.954492938567455,53.15840066710522,53.3638452033081,19800400
2021-12-08,53.458003997802734,54.0914516883788,53.36384206031523,53.59496592539458,18214400
2021-12-09,53.594970703125,53.73193264292634,52.91016100411833,53.11560228110522,16910300
2021-12-10,53.9373664855957,54.228410975736956,53.26967752927216,54.15993164799007,17942400
2021-12-13,52.756080627441406,53.68913490193825,52.51639477365858,53.47513165792916,17793700
2021-12-14,52.67903518676758,53.47512745311817,52.405111317209325,52.43934935183153,22551100
2021-12-15,52.44791793823242,52.644800540271206,51.36933970827846,52.37943532947258,19961900
2021-12-16,52.533512115478516,53.458007638762176,52.47359147216533,52.5934327587917,21187800
2021-12-17,51.386451721191406,52.45646781244014,51.095407213754555,52.17398526237405,44338100
2021-12-20,50.6417236328125,50.71876492534162,49.61450748756766,50.32499977038396,21819300
2021-12-21,51.78877258300781,51.94285514283625,51.12108366737096,51.14676300553251,19798900
2021-12-22,52.208221435546875,52.533503944242874,51.335087998954656,51.65181181655009,14058300
2021-12-23,52.233909606933594,52.93583995134269,52.21678895640774,52.36230958773221,13543300
2021-12-27,52.9786376953125,53.029999644709086,51.72029769125162,52.156866097547464,12593700
2021-12-28,52.807437896728516,53.33816827871553,52.559196622077465,52.99576179133231,12781000
2021-12-29,52.34519577026367,52.73039900434356,52.14830990851252,52.62767835961762,12733600
2021-12-30,52.037025451660156,52.73039381714013,52.01990480165163,52.40511126326833,11940300
2021-12-31,52.37942886352539,52.61911469916646,51.95998436565622,51.99422566580924,14072000
2022-01-03,54.391056060791016,54.44241474077155,52.3965445973253,52.422227202745376,24282400
2022-01-04,56.43692398071289,56.65948913662584,54.870418994428356,54.8960983334069,38584000
2022-01-05,57.13885498046875,57.875026518416206,56.90773439569894,56.92485177829471,34033300
2022-01-06,58.48280334472656,58.619768548874355,57.41278717804841,58.20887946729137,30668500
2022-01-07,58.962162017822266,59.2189684819472,58.191755687166825,58.65399687321622,23985400
2022-01-10,58.61121368408203,59.21042019759415,58.16608324759202,59.03922020255103,22760300
2022-01-11,61.07651901245117,61.11932226972768,58.705366156771234,58.97072806547726,32936100
2022-01-12,60.896759033203125,61.47028612621694,60.468752570202895,60.896759033203125,23045100
2022-01-13,60.4601936340332,61.273409872893446,60.18626974525707,60.879644690956546,21043200
2022-01-14,61.52164077758789,61.761323310769434,60.43450089098117,60.47730414227468,23012900
2022-01-18,62.557411193847656,63.242217451867056,61.64147784396689,62.33484605783343,32841200
2022-01-19,62.58309555053711,63.225105142536165,62.10373047838612,63.1309432132409,26431600
2022-01-20,62.720054626464844,63.661673925808344,61.855486405590305,62.060927647783735,26774600
2022-01-21,61.77845001220703,62.64302487805739,60.81115777713182,62.64302487805739,35995200
2022-01-24,62.309173583984375,62.5574180840233,59.758252521852306,60.67418597261547,41507000
2022-01-25,64.14105224609375,64.40641417750895,61.11076554184593,62.13797849578794,39278400
2022-01-26,63.4904670715332,65.0569720447539,62.908378113056294,64.56904501565262,35252400
2022-01-27,64.3036880493164,65.06553896816024,63.33638934295573,64.59472928534223,29174700
2022-01-28,64.44063568115234,64.7316833982253,63.30213721090753,64.17527383126772,30595700
2022-01-31,65.02273559570312,65.41650072477677,63.57607178280013,64.17528469901984,36085500
2022-02-01,69.19151306152344,69.77360200042698,65.28809042911065,65.44217298737509,61033100
2022-02-02,69.01177215576172,69.17441018888788,67.75343196901251,68.53240042265756,30299300
2022-02-03,68.20711517333984,68.74640100489344,67.64214346621253,68.55807710251767,28529400
2022-02-04,69.68800354003906,70.64673367368866,69.22575585523262,69.22575585523262,32197500
2022-02-07,70.52690887451172,71.11755992037595,69.02888616004739,69.45689264989434,34949200
2022-02-08,68.70357513427734,70.62104158628283,68.41252744563315,70.42415580888898,34356300
2022-02-09,68.37470245361328,69.26616903667669,68.12370591803787,68.87669552476412,40106100
2022-02-10,67.71692657470703,68.96325252376819,67.32745301725606,68.13237075881452,28527700
2022-02-11,69.42195892333984,69.51716473234785,67.70826756771665,68.04581303483214,42002100
2022-02-14,68.35739135742188,69.10171744333303,66.68697124380634,68.87669154438181,34652800
2022-02-15,67.50054168701172,67.6736461580997,66.14170295445793,66.55714708180868,25075100
2022-02-16,67.81212615966797,69.00652395209612,67.54382247157675,68.19294940980572,21733800
2022-02-17,67.70828247070312,68.47857938348893,67.46593615599338,67.92465815639042,23738800
2022-02-18,66.95527648925781,67.6563314280295,66.54848924217686,66.78217862394094,23394800
2022-02-22,66.17632293701172,69.05844795913282,65.18099370256404,68.95458527791088,35947800
2022-02-23,66.44464111328125,67.05049698110128,65.89071989903888,66.17633738229996,25385000
2022-02-24,65.6051025390625,68.40067235930698,64.07315917343904,68.37470833671355,46199900
2022-02-25,67.3707046508789,67.50053133346637,66.0032158569678,66.37538215864687,28310300
2022-02-28,67.8727035522461,68.31411167022142,65.95128697156991,66.21959723317764,32204600
2022-03-01,68.52184295654297,69.8027897791329,67.79482390285818,68.1756405772002,40002300
2022-03-02,69.69894409179688,71.1010610988023,69.08443785506502,69.75952902772079,44321400
2022-03-03,70.14032745361328,70.77214061737052,68.91996568838783,69.11903418034859,30196600
2022-03-04,72.78009796142578,72.94454554021853,69.8114308925482,70.14897632029987,42802200
2022-03-07,75.402587890625,75.49779370362506,72.61566849901017,73.49847823388446,55207900
2022-03-08,75.97380828857422,79.20213551455097,73.93987873703466,77.07300015988208,72082300
2022-03-09,71.65495300292969,74.92655140716222,70.6250029115009,72.72817425754468,65466700
2022-03-10,73.87930297851562,74.15626354831304,71.75016736008655,72.71087578103466,44644200
2022-03-11,73.49848175048828,74.632294685939,72.67625689334112,72.76280583568382,35303400
2022-03-14,70.86735534667969,72.22619425727383,69.67296405435059,71.88864874850124,37462600
2022-03-15,66.83409881591797,68.52182591601306,66.09842306980624,68.21890138564464,47957900
2022-03-16,66.5831069946289,68.04580831961208,65.99456503575342,67.34474681065483,37812300
2022-03-17,68.35739135742188,68.50452519979616,66.70427838862561,67.66498670596854,34041900
2022-03-18,68.0890884399414,68.7122513728811,67.59575221857428,68.4266339280736,41461500
2022-03-21,71.14429473876953,71.42125524302874,69.01515962416575,69.34405476271432,33089300
2022-03-22,70.83273315429688,71.144314634129,69.92395934083743,70.65097839160498,23132200
2022-03-23,71.94923400878906,72.93590651649589,71.87999881421727,72.13098877565491,27716300
2022-03-24,72.16559600830078,73.26478788014359,71.62033181096193,72.23483779302128,19871600
2022-03-25,73.7408218383789,73.99181839484427,71.65496392235592,71.76747688769788,22398300
2022-03-28,71.67225646972656,72.10500769894266,70.98850873517397,71.98383788302293,21552400
2022-03-29,71.29145050048828,71.39530658488823,69.03248821913952,69.9412619739426,27036300
2022-03-30,72.51181030273438,72.71087881586358,71.58572273976523,71.8886473438652,22079000
2022-03-31,71.48185729980469,73.04842151213808,71.4472430063181,71.7242035770369,27861500
2022-04-01,71.94056701660156,72.82337662238258,70.96254500848266,70.96254500848266,18671100
2022-04-04,71.9751968383789,72.40794812306393,71.0144884581173,72.32139258351847,20869400
2022-04-05,71.60304260253906,73.62831578848201,71.4559021223352,72.26947678844648,21753100
2022-04-06,72.39928436279297,73.30805801224463,71.78477838937519,72.20021588533596,24768200
2022-04-07,73.61099243164062,73.94853788830903,71.5857130883699,72.5550782940583,26122000
2022-04-08,75.16024017333984,75.48047850211286,73.71485246306652,73.71485246306652,24866500
2022-04-11,72.5723876953125,74.37263458901816,72.26946312263618,74.24280788551104,21800100
2022-04-12,74.08702850341797,75.14294283546977,73.8966168562268,74.18223432701356,22444200
2022-04-13,75.13429260253906,75.39394607225852,73.73218235518772,74.96119469156746,19306800
2022-04-14,76.01708984375,76.56235406800118,74.6322870972912,75.01310372552965,24566400
2022-04-18,76.6402587890625,76.93452650702113,75.9478540594667,76.59698101723993,19032300
2022-04-19,75.9565200805664,76.7354738443419,75.53241899607318,76.17289575921173,20382600
2022-04-20,76.12960815429688,76.59698035222718,75.55837987011148,76.1382650292384,20689400
2022-04-21,75.32469177246094,77.7221377216519,75.1169729930969,76.9864552138951,29010900
2022-04-22,73.68023681640625,76.26809444505005,73.56772385121954,75.00446139246749,23591600
2022-04-25,71.19624328613281,71.54244563492604,68.62569959566335,71.29144909713246,37698300
2022-04-26,71.22219848632812,73.3253697359521,71.12699268711907,71.60302168316433,28941500
2022-04-27,73.25613403320312,73.9831595962892,71.2135475223684,72.17425586446694,32773000
2022-04-28,75.4718246459961,76.28539920915496,72.76280386480704,73.46385886303321,33683800
2022-04-29,73.78409576416016,76.28539771986907,73.30806669857097,76.28539771986907,34656500
2022-05-02,74.7880859375,75.33335022094167,73.24748569886249,73.57638092659077,36335200
2022-05-03,76.32865905761719,76.83930230598331,74.53706934697414,74.65823915517149,33908100
2022-05-04,79.36660766601562,79.52239844110925,76.95186055695844,77.46250406221593,46188400
2022-05-05,78.16353607177734,79.66951531888981,76.50177269902635,79.66085844415633,41013400
2022-05-06,79.35794067382812,79.47045364197965,77.33266102427193,78.74343458021056,29619300
2022-05-09,73.10035705566406,77.51441949330068,72.71953375563074,77.41056339566363,45851600
2022-05-10,73.58502960205078,75.20352187323788,72.28677567637179,74.1216436018387,34483200
2022-05-11,75.11697387695312,76.97780584781627,74.67556568775744,74.80539240261041,33020600
2022-05-12,75.4579849243164,75.52792931654643,72.92231558848772,75.15195069084528,29491500
2022-05-13,77.69638061523438,77.77507057331111,75.5017139487692,76.38482794674076,25798400
2022-05-16,79.52379608154297,80.42440105521956,77.79255054264814,77.80129609370543,26101200
2022-05-17,80.53805541992188,80.83533740583175,79.67243276994314,80.20579790551083,23120700
2022-05-18,79.261474609375,81.2462873866413,78.54449298888986,80.88779991184855,25451200
2022-05-19,79.68991088867188,80.70418112219272,77.81876362287251,77.81876362287251,24387400
2022-05-20,80.31945037841797,81.83210338374889,79.0428738136599,80.3806558756701,28795000
2022-05-23,82.09442138671875,82.86386292267444,80.92277132031582,81.0189523461727,27239300
2022-05-24,82.54035186767578,82.88135490082654,80.72166457693884,81.15884863696795,24293300
2022-05-25,84.20165252685547,84.40275345851896,82.6015572680925,82.69773829485308,29947800
2022-05-26,84.49894714355469,85.18969886154005,84.1142229788792,84.46397161304779,24314800
2022-05-27,85.32957458496094,85.62686319008795,83.32727762583849,83.89561152020404,25588800
2022-05-31,83.9393539428711,87.24446493702757,83.68578634399395,86.17773457999283,44888100
2022-06-01,85.54817199707031,86.3088746482181,84.48144851494594,84.83119041943303,25815400
2022-06-02,85.3995361328125,85.77551470645248,84.63009455762122,85.06727863530028,19089100
2022-06-03,86.64114379882812,87.13954008875854,85.60065015226674,85.60065015226674,21038200
2022-06-06,86.42254638671875,87.24445459802973,86.27390539940923,86.7198350322375,20682100
2022-06-07,90.38343811035156,90.43589806468884,86.99088541734952,87.17450192842959,37810200
2022-06-08,91.4501724243164,92.30705624787495,90.04244567352083,90.48836867972237,31613200
2022-06-09,89.47411346435547,91.43269667002883,89.3254724481845,90.42717174899396,26607000
2022-06-10,87.83902740478516,90.36595093554973,87.25320231958227,89.1330952587929,30950500
2022-06-13,83.80818939208984,85.48697471016035,82.12065852429714,85.2683826634043,33421000
2022-06-14,84.02679443359375,86.27392075492816,83.30106712511393,85.17222147194771,31264000
2022-06-15,82.96880340576172,84.43774234493675,81.55232442733924,83.93060715466075,29620800
2022-06-16,79.90850067138672,81.42989930793149,78.9379515400825,80.80035987518484,35696700
2022-06-17,75.30059814453125,79.87354048100445,74.8983895390734,79.53253738787933,64610200
2022-06-21,79.98721313476562,80.90529582559594,77.39907715734728,77.4515437903237,35951500
2022-06-22,76.82199096679688,78.48329188921882,76.53344785834938,76.54219340824476,29727200
2022-06-23,74.50491333007812,77.86249067832,73.02722894118652,77.5214876148681,35757200
2022-06-24,75.98258209228516,77.29413411917996,75.02951748387434,76.02629649064251,26639000
2022-06-27,77.8449935913086,78.72810727096814,76.65585240015301,76.77826340475143,25478700
2022-06-28,80.00469207763672,81.52609091158892,78.99916729111482,79.67243455577822,33096900
2022-06-29,77.04933166503906,81.49111725174424,76.73455856515204,81.29876184261352,25400900
2022-06-30,74.88088989257812,76.59465071322208,74.03275169639878,75.31807397960668,39948100
2022-07-01,76.55093383789062,76.83947025613884,74.06772483479708,75.84269110353706,26327900
2022-07-05,74.15514373779297,75.8076986303561,72.58128542963183,75.49292563454426,34591100
2022-07-06,72.81737518310547,74.52239700130758,70.83256250724784,73.23707481138732,33375700
2022-07-07,75.1432113647461,75.86019308032394,74.58361620482682,74.65356059664136,23817400
2022-07-08,75.26560974121094,76.33233992020723,74.26008506408003,76.02630573998088,17673800
2022-07-11,74.88088989257812,75.30058955132144,73.761699697129,74.46993578342733,15603800
2022-07-12,73.88411712646484,74.36502233233452,72.45015373010844,73.2545709191083,21013000
2022-07-13,74.18138885498047,75.46671107182706,72.83486780684532,72.90481218727484,19928600
2022-07-14,72.69496154785156,72.84360252025243,70.5527624228538,71.5670259255351,26343000
2022-07-15,73.9190902709961,74.21637226437409,72.4851269209255,74.14642787651465,17243700
2022-07-18,75.28309631347656,76.89193717690517,74.97706879543023,75.70279596029694,19395800
2022-07-19,77.18046569824219,77.39905771317773,75.4142451527586,75.56288612189903,18248900
2022-07-20,78.02860260009766,78.38709670118622,76.28861205545246,76.57715511180685,16584400
2022-07-21,76.7258071899414,76.76952826695654,74.50491122974738,76.0088255548315,21375700
2022-07-22,76.13998413085938,77.35535538998116,75.74651444000487,76.55093825044298,15479500
2022-07-25,78.67565155029297,78.80680144020421,76.43726447957735,77.0843017340052,17536400
2022-07-26,78.36962890625,79.81233794608482,77.81877927470613,79.68118136593606,15141200
2022-07-27,80.06590270996094,80.44188133521153,78.16852515339653,78.93796683420915,18047000
2022-07-28,81.00147247314453,81.53483762829926,79.57625465660826,80.59926388696068,20353100
2022-07-29,84.75249481201172,85.26836875618534,82.27803164530069,82.58405912666629,29825800
2022-08-01,82.61031341552734,83.3710095072635,81.51735312657293,82.88136543249998,20793200
2022-08-02,82.25182342529297,83.2398571752741,82.03323135637586,82.79393415773158,16722500
2022-08-03,79.58499145507812,82.55784470012313,79.38389050269421,82.55784470012313,23580800
2022-08-04,76.23616027832031,78.99041458321605,75.57163862391998,78.96418460635412,31821500
2022-08-05,77.33786010742188,78.42208141518375,75.44048282518796,75.5104338781209,17408000
2022-08-08,77.7750473022461,78.34338795605387,77.13676226359877,77.47776532170346,14458500
2022-08-09,79.2090072631836,80.10086650914808,78.64941218257431,78.73685433402541,19083400
2022-08-10,79.96097564697266,80.25826432772952,77.98490815923203,79.28771501406821,18302000
2022-08-11,82.2740707397461,83.25404999014526,80.7290592575854,81.08219935064972,18797900
2022-08-12,82.98919677734375,83.00685108953869,81.32058474269914,81.64724677189332,15058200
2022-08-15,81.50599670410156,81.86797414390901,79.15758218295709,79.92566948135907,20755200
2022-08-16,80.74671936035156,82.00921481719712,80.59663413646125,81.24995143835484,14038200
2022-08-17,81.40003967285156,82.2917339969303,80.26997508646706,80.5789760693509,13678000
2022-08-18,83.32467651367188,84.14574005299701,82.18578149230373,82.23875789645471,17770400
2022-08-19,83.05982971191406,84.04863287838107,82.81262892029731,83.13046043400925,16128600
2022-08-22,82.9980239868164,83.421794819734,81.09986555514227,82.47713086569841,16019900
2022-08-23,86.52064514160156,86.88262250237833,84.26933994618179,84.35763170734779,23764700
2022-08-24,87.03270721435547,87.37702352661545,85.95561239724863,86.52947516292046,17050300
2022-08-25,87.48296356201172,88.16277240447643,86.60893035741566,87.3328783448447,15305700
2022-08-26,86.40586853027344,88.2069111987314,86.00857584321814,87.20044043295373,15531400
2022-08-29,88.3923110961914,89.66363017238456,86.64423810481753,86.67955345911666,23059200
2022-08-30,85.02861022949219,87.06803018314822,84.59600885447506,86.83848370966892,17086800
2022-08-31,84.39292907714844,85.49650858743051,82.6272018606971,83.01566400374513,18340900
2022-09-01,82.8744125366211,83.93384621321093,81.47948636506294,83.35998349851018,16423000
2022-09-02,84.39292907714844,85.45236944844811,83.9691583172004,85.06390730540008,18206800
2022-09-06,83.82791137695312,85.27580740551906,83.43945590256546,84.89618245473808,19201500
2022-09-07,83.11279296875,83.51007896235852,81.48832690027902,82.27407509970273,16274700
2022-09-08,83.7926025390625,84.24285820611047,82.74199251118536,83.57188659947258,18759200
2022-09-09,85.19635009765625,85.63778196344722,84.15457062496095,85.21400440857298,17158000
2022-09-12,86.17634582519531,87.57127240388617,85.53185221442494,86.21166118948436,16118900
2022-09-13,84.16339111328125,86.32640430346962,83.79259000680008,85.29345547725141,18229100
2022-09-14,86.22929382324219,87.01504195789201,84.88734399624823,84.92265935165798,22655700
2022-09-15,83.72196960449219,85.23166578301789,83.03333696892422,84.94914965725371,21092300
2022-09-16,82.29173278808594,84.17223022976896,81.22346841397074,83.9338599709648,37874700
2022-09-19,82.28289794921875,82.53892924233958,80.34060041372275,80.34943093713129,15342100
2022-09-20,81.61193084716797,82.04453221797134,80.90563712136493,81.86796215437866,14712500
2022-09-21,80.29647064208984,82.88326219107415,80.22584664779991,82.60957653194315,17332400
2022-09-22,79.96097564697266,81.80616452732235,79.91682976183019,81.40004124401753,16139400
2022-09-23,75.70557403564453,77.25058575065768,74.91099523506588,77.25058575065768,27738800
2022-09-26,74.14289855957031,76.12051141677921,74.06343732177993,74.9551315696738,22043400
2022-09-27,75.69673156738281,76.77382635647037,74.87566805895669,75.5819617115203,17307300
2022-09-28,78.45127868652344,78.83974091830842,75.8556569299898,76.0322337333995,19543300
2022-09-29,78.29236602783203,78.8927137117365,76.9239243740785,77.85093410542335,17896000
2022-09-30,77.08283233642578,78.61018959713893,77.08283233642578,77.84209570500468,21357600
2022-10-03,81.15283966064453,81.54130189181326,79.21054197623354,79.49305812552453,23881300
2022-10-04,84.11044311523438,84.1899043710046,81.85031362416328,82.31823042638811,22133700
2022-10-05,87.50946044921875,88.27754762828371,84.45475257344205,84.53420708063521,34857700
2022-10-06,90.10506439208984,90.21101045780276,86.81198666083502,86.9355870363091,29124700
2022-10-07,89.19570922851562,91.21746769889451,88.4452765089428,90.2198342468238,24507600
2022-10-10,87.26225280761719,90.0785904220713,87.15631346484446,89.60184317244573,16786100
2022-10-11,86.52064514160156,88.07448718524705,85.41706548418318,85.83201251308701,17804100
2022-10-12,86.9002685546875,87.32404606657772,85.84083487853452,86.07920509816867,12635800
2022-10-13,89.93734741210938,90.44940335208499,85.99094472358664,86.12337565498534,22019100
2022-10-14,87.57127380371094,90.26400470055326,87.43884286943936,89.27520142752195,15222000
2022-10-17,88.83373260498047,90.02559704737415,88.72778655438674,89.23101850720693,14283200
2022-10-18,88.99266052246094,90.36109516787377,87.60656483166898,89.6459777514691,14065400
2022-10-19,91.63243103027344,91.80900108908847,89.37230194600424,89.38995625759935,20921700
2022-10-20,91.75604248046875,92.70070655401912,91.29695623077376,92.10035885166918,17649000
2022-10-21,93.4599609375,93.93670819029063,91.73837924885284,92.21511976592733,22814100
2022-10-24,94.11326599121094,95.06676037256142,92.80663152999607,93.28337872067131,17024200
2022-10-25,93.47760772705078,94.7577641553357,92.7624902732708,93.94553115404047,15719800
2022-10-26,94.59001922607422,95.19919735348198,93.58355511557528,93.81310157072708,17383800
2022-10-27,94.95199584960938,96.74420812480334,94.83721925506757,95.71125918822095,18214000
2022-10-28,97.73301696777344,98.18327937796228,95.45523355278831,96.63826777535519,28169400
2022-10-31,97.83013916015625,99.68415859766664,96.6206200200415,96.67358969458186,26401800
2022-11-01,98.80130004882812,99.38398670708416,97.68888967397241,99.20741662536217,22213100
2022-11-02,96.77068328857422,98.96901184730349,96.5058215045618,98.50992572215891,20654200
2022-11-03,98.08616638183594,98.72182939262763,95.62297558287625,95.86135257978124,17103700
2022-11-04,99.1544418334961,100.20505202335542,97.82132220254917,99.76362007611597,17541500
2022-11-07,100.3286361694336,100.63763713527794,98.99551001882985,99.2427175272212,16008000
2022-11-08,100.64645385742188,101.2291470865817,99.41044342781932,100.18736773336576,14661000
2022-11-09,96.14385986328125,100.01080050821872,95.85251322090302,99.85188477016838,19522800
2022-11-10,97.55643463134766,97.73300466942601,94.96964383278015,97.28274905161165,20146700
2022-11-11,100.60232543945312,101.08790321468346,99.3133451237789,99.39280636686938,20518900
2022-11-14,100.89600372314453,102.02626378244469,100.11282498289958,100.23742036613143,20858300
2022-11-15,101.5723876953125,101.92837745298395,100.45102912506623,101.27870242592792,19373800
2022-11-16,100.48661804199219,101.68807740455001,99.55214587670325,100.95830153477911,13591000
2022-11-17,100.62012481689453,100.74472022079425,98.5642938626088,99.04487904476787,12425900
2022-11-18,99.7479476928711,100.1039374379514,97.54971831618529,98.69778167935098,15415000
2022-11-21,98.76008605957031,98.96477559363561,95.65408907315872,97.88791146459182,20973000
2022-11-22,101.61688995361328,101.87498236069706,99.16946968188843,99.86364598166,17719100
2022-11-23,101.10960388183594,101.41219075676518,99.7657457968543,99.96154049942723,11546700
2022-11-25,100.75361633300781,101.99957709393654,100.62011932470476,101.34989527482959,7136000
2022-11-28,97.72771453857422,99.19616806461372,97.55862466365474,98.48419532982545,23015500
2022-11-29,98.37740325927734,99.49876871284036,97.70992495428943,98.43970096281194,14453200
2022-11-30,99.08937072753906,99.58775911901624,97.70101810043424,99.26736900661666,23158100
2022-12-01,98.6087875366211,99.73904769636006,98.05700308331859,99.35635990244408,14398300
2022-12-02,97.772216796875,99.41866182582771,97.18483266452493,97.46072829787423,15248400
2022-12-05,95.09339904785156,99.10717011918292,94.28352897666132,98.51978600584377,19287700
2022-12-06,92.45018005371094,95.2624915213336,91.80050506108664,94.24792517920125,21197000
2022-12-07,92.24549102783203,93.31345345998754,91.10632928954892,92.36118480783469,20061700
2022-12-08,92.9307632446289,95.0488984118778,92.29888469664924,94.586109724101,21128800
2022-12-09,92.14759826660156,94.29242484843529,91.93400712752556,93.08206374377149,21298200
2022-12-12,94.41703033447266,94.55052735688766,92.19210259402483,92.40570054586506,20413200
2022-12-13,95.44939422607422,96.59745768470515,95.24469789890149,95.93888101500453,24305300
2022-12-14,94.74629974365234,96.38384970526356,94.11442122915237,96.10795411334345,17597300
2022-12-15,93.83855438232422,94.4882294789803,92.28999978904683,93.74065701872827,15365100
2022-12-16,93.1799545288086,93.96313330011395,91.78270042720358,92.28108876983592,54596600
2022-12-19,93.59825134277344,94.51492041480776,92.89517341617912,93.678352266026,13611100
2022-12-20,94.95101165771484,95.68078763297866,93.5092561402687,93.59825188555645,14680000
2022-12-21,96.17025756835938,96.64194107999613,95.36928915460457,96.37495387205767,13565400
2022-12-22,94.2301254272461,96.28596301931495,92.64597816067564,96.01896900789622,13213000
2022-12-23,96.7220458984375,96.77544198419204,95.13789864828226,95.18239312309781,11539400
2022-12-27,98.06591796875,98.3151087910887,96.85555672601289,97.24713939399913,11962100
2022-12-28,96.4550552368164,97.89681071167583,96.02787295607727,97.81671658026471,10702100
2022-12-29,97.18484497070312,97.64763376205421,96.10798071497513,96.10798071497513,10534000
2022-12-30,98.16381072998047,98.3418022261784,96.65975746432859,96.65975746432859,11799600
2023-01-03,94.79081726074219,97.91461071873253,93.88304299863717,97.70101957056555,15146200
2023-01-04,95.06671142578125,95.36930512671613,93.23337315579307,93.26897281413486,18058400
2023-01-05,97.1937255859375,97.85230218064805,94.612808500799,94.6395065426206,15946600
2023-01-06,98.36849212646484,99.6678489529529,97.60311653429603,97.96800789821037,16348100
2023-01-09,96.53515625,99.3563627136074,95.947772126,99.3563627136074,17964600
2023-01-10,97.97691345214844,98.19051140122642,96.12577875638965,97.70992620071176,15104600
2023-01-11,99.11607360839844,99.18726612868629,97.08693400654624,98.77788027978643,16710400
2023-01-12,100.76251220703125,101.22529411420025,99.44535221134491,99.5165515170446,15357300
2023-01-13,100.70021057128906,101.00279742376226,99.81914126503796,100.66461091983234,12011400
2023-01-17,100.50442504882812,101.52789305424207,100.27303068822692,100.93161411532729,16542200
2023-01-18,98.439697265625,101.56349751682839,98.25280416204055,100.79812187932625,16399700
2023-01-19,99.07156372070312,99.79243800169331,97.52301620267482,97.9591000574766,12928000
2023-01-20,100.87822723388672,100.95832816715507,98.43970821454316,99.10718656870202,16515600
2023-01-23,100.35311889648438,101.98176045572458,100.24631994590347,101.13629083092742,16584400
2023-01-24,101.28759765625,101.47449075204588,93.33126150834865,97.1492379251671,13583000
2023-01-25,100.75361633300781,101.14520574671282,99.13386938078246,100.77141955541617,11914700
2023-01-26,104.80297088623047,104.82076731594424,101.75926536982342,102.09745864383467,21019700
2023-01-27,102.8895492553711,104.72288736757501,102.69375454631242,104.0821071524521,15179200
2023-01-30,101.06509399414062,102.78273811570436,100.70020945315453,102.42674839502924,18672100
2023-01-31,103.24555969238281,103.59264791341963,98.27951882070663,99.76576907898644,27861800
2023-02-01,102.11527252197266,104.46479546210612,100.86931174100732,103.08534446063095,19464900
2023-02-02,98.92028045654297,102.40896523331214,97.74551897906191,102.2131705220753,24562100
2023-02-03,99.60556030273438,101.55459911446974,99.28517017505348,99.58776386894783,20226600
2023-02-06,99.43646240234375,100.64681671054483,98.1816000384127,99.99714168562409,13855200
2023-02-07,102.27546691894531,102.62255506991934,99.6945496299554,100.02384134828921,16013300
2023-02-08,101.38549041748047,103.08533821501081,101.32319272170362,102.39116195065753,18459700
2023-02-09,101.76818084716797,103.45022546678648,101.61688740919885,102.00847681565048,17439300
2023-02-10,106.05785369873047,106.46723958739506,103.37904559312476,103.69053411820211,24918600
2023-02-13,105.64532470703125,105.98611360503733,103.94136653262323,105.57357751518087,14536200
2023-02-14,104.40769958496094,105.65427784454045,104.04897050229178,104.93682652139027,12079000
2023-02-15,104.09380340576172,104.11173677905028,102.36294209044988,103.7799180568062,13663400
2023-02-16,103.78889465332031,104.73055075905827,102.95485247841647,103.41222536883726,11360600
2023-02-17,99.79803466796875,102.40778169835008,99.52899302625718,102.40778169835008,20758300
2023-02-21,99.69938659667969,100.78453698339766,99.37653114451051,99.37653114451051,14469400
2023-02-22,98.4079818725586,99.52003585566943,97.43044530669613,99.08059632755264,13973800
2023-02-23,99.31375885009766,100.29129536121243,98.56043398694513,99.3047955842418,11289400
2023-02-24,99.32272338867188,99.51105459389943,97.77122320914873,98.04924180540709,14351000
2023-02-27,99.14334869384766,99.78008939815346,98.6142218965203,99.36755345630124,11710500
2023-02-28,98.56941986083984,99.86980520544968,97.95061230842572,99.76218441827673,18107000
2023-03-01,99.44828796386719,100.3182037475514,97.96853480497464,98.03131187997309,13200000
2023-03-02,99.90567016601562,100.17471184741073,98.80257942994994,99.20615221532488,10339900
2023-03-03,101.17017364501953,101.67239705905213,98.60527013791821,98.69495753333706,13006700
2023-03-06,102.06700134277344,102.09390482675954,100.32717657051974,100.43479050646414,14347400
2023-03-07,100.09400939941406,101.49304541266594,99.69940669118867,101.17018989542494,11525300
2023-03-08,98.63217163085938,100.82040567096658,97.81606293249367,99.7531955513483,13509800
2023-03-09,97.86985778808594,100.65000224084106,97.78017725397459,99.4303278188054,12961200
2023-03-10,96.6591796875,99.582812419328,96.09418601139637,98.25551689106504,15795700
2023-03-13,95.547119140625,96.73092022024915,93.01808925041945,94.47093198684733,20745600
2023-03-14,95.90585327148438,97.76226885472325,94.13014813690516,95.37672635335991,18263500
2023-03-15,91.134765625,93.4485538608507,89.87921743087334,92.21094588157301,25733800
2023-03-16,90.60564422607422,91.18857808445073,87.90621647223654,88.88375297484102,27465200
2023-03-17,89.5384292602539,91.12580313999376,88.91065853177292,90.22001379559596,43199500
2023-03-20,91.87911987304688,91.90603019518686,89.23350609748378,89.35009012467502,32042100
2023-03-21,95.99553680419922,96.21077151615142,93.38578940829974,93.42166300065647,31592300
2023-03-22,93.79833221435547,96.12109788092143,93.77142872869683,95.78030899226431,14952700
2023-03-23,92.74009704589844,95.36777130828017,91.87018113682852,94.48889213162427,14385900
2023-03-24,92.84769439697266,93.13467627877004,90.49803237794025,91.00024896053873,13401600
2023-03-27,94.88348388671875,95.49332127932776,93.18849597120908,93.93285078394727,14805900
2023-03-28,96.0672836303711,96.54259675349448,94.3364221482009,94.56062696795253,11047600
2023-03-29,97.71742248535156,97.89679043667451,96.39909712242579,96.91028380986765,14219100
2023-03-30,98.19274139404297,98.26448857881849,97.3228255946572,98.24655520371869,11578200
2023-03-31,98.34519958496094,98.80257246374138,97.7981393098508,98.36313295891425,14418000
2023-04-03,104.14761352539062,104.79332445835452,101.44819260034387,101.6903307791115,28087700
2023-04-04,103.15215301513672,104.65880971486472,102.389857977542,104.26421387501834,16365500
2023-04-05,104.91889190673828,104.92786201588575,102.51541581935352,103.44810874722403,16479500
2023-04-06,103.17904663085938,105.08926896988136,102.92793151975144,104.80228711365946,15778000
2023-04-10,102.72167205810547,104.19245499971903,102.38984649069494,102.93690675043763,13006600
2023-04-11,103.4480972290039,104.21039220913875,102.57818147764773,103.09833827526924,11758500
2023-04-12,103.34048461914062,104.56015249761312,103.07143610874667,104.17452679073648,10919000
2023-04-13,103.82476043701172,103.93238120903331,102.35397743032247,102.77548356800557,12399700
2023-04-14,104.07587432861328,104.62293460602673,103.24183217142456,103.94135007574006,11530800
2023-04-17,102.86516571044922,104.48841321309042,102.61405741404627,103.57365374226492,13260400
2023-04-18,104.87403869628906,105.11617686801522,102.50643657239739,102.58714701557696,17436100
2023-04-19,104.54220581054688,104.83815776585521,103.82474776898488,104.10276635223832,10682600
2023-04-20,103.70817565917969,103.74404924959765,101.54684486345252,103.25079593408535,17038700
2023-04-21,104.04002380371094,104.82025232741192,103.36740923241602,104.4704932977137,14315300
2023-04-24,106.00404357910156,106.62285111511649,103.92342297755165,103.95929657232527,15831300
2023-04-25,104.49737548828125,105.59149606267934,103.69920690706057,105.42110505870058,12179800
2023-04-26,103.53778076171875,105.00856379977199,102.84723294253769,104.0579375743002,15566100
2023-04-27,104.77539825439453,104.93682599868215,103.02659655091402,103.69024774531206,16279200
2023-04-28,106.12958526611328,107.54656130328293,104.77539314405982,105.15205558163015,24381900
2023-05-01,102.8382568359375,105.19689572960837,102.64095551562568,104.02205791562092,17355000
2023-05-02,98.73979187011719,102.18358113228763,98.01337051263053,102.18358113228763,24324100
2023-05-03,96.79369354248047,98.47971112325979,96.64123592531055,97.82503695908908,16212300
2023-05-04,95.09870910644531,97.52908832549396,94.98212507324372,96.76679337138738,17177200
2023-05-05,97.46630096435547,98.13891529558478,96.43495762136651,97.34971694346298,14968200
2023-05-08,97.85194396972656,99.52002823780154,97.78916689908664,99.09852211685315,11187800
2023-05-09,97.87885284423828,98.8563893891364,97.0448106642451,97.16139470408943,11370800
2023-05-10,96.62330627441406,98.65908984979112,95.69958352067766,98.41694481516451,14884800
2023-05-11,94.87451171875,95.79823447525823,94.1032465965379,95.50228247302121,17165900
2023-05-12,94.86553955078125,95.96863024326872,93.96872029718386,95.3408526604378,12613300
2023-05-15,95.04646301269531,95.8244207212714,94.60321028622401,95.44448981286742,13715600
2023-05-16,92.73971557617188,94.81125323252374,92.28741495866866,94.6484247341602,14795200
2023-05-17,94.8202896118164,95.19117938567923,93.03822429196765,93.52670972747636,14064700
2023-05-18,95.67967987060547,95.80633040654975,94.19613423791458,94.5760720426265,12005600
2023-05-19,96.12294006347656,96.83757594835045,95.72491326644288,96.4033642696264,13359600
2023-05-22,94.95599365234375,96.82851795067934,94.87457595160232,95.74299231733885,12882000
2023-05-23,96.24958038330078,97.89595448492108,95.66158815381634,95.87869053492004,14394400
2023-05-24,97.32604217529297,98.15828054482996,96.54809147370341,97.13607674683463,16340300
2023-05-25,95.5801773071289,96.27671727608002,94.720801925471,95.83346456856567,14316500
2023-05-26,94.95599365234375,96.7471002499379,94.82935003035466,96.31289551784953,12370300
2023-05-30,94.11471557617188,94.18708533308296,92.82113550301588,93.43626463364028,11938000
2023-05-31,92.43216705322266,93.21012477336824,92.03414024713125,92.53167375474551,24926100
2023-06-01,93.49957275390625,95.50778835397567,91.59991177330721,92.04316439174993,13551900
2023-06-02,95.670654296875,96.00535242691456,94.55799144165293,95.12789479009707,14112000
2023-06-05,95.24546813964844,96.96421192561886,95.06454374548527,96.96421192561886,10628000
2023-06-06,96.02342987060547,96.13197761016683,94.06044669585476,94.21422726127352,12209800
2023-06-07,98.17638397216797,98.50204101215341,96.54810567380137,96.60237954661207,16027100
2023-06-08,97.86882019042969,98.72818869408903,95.79728231465374,98.39348371712211,13517100
2023-06-09,97.14513397216797,98.24874867283847,96.93707953607714,98.11305709624517,12251600
2023-06-12,96.2676773071289,96.8466216388289,95.48971956736438,95.71586991260847,14112000
2023-06-13,96.28578186035156,98.00451911755523,96.1410423136271,97.13610254189275,13533800
2023-06-14,95.12787628173828,97.79644736343559,94.43132941395355,97.19940719104868,16627700
2023-06-15,95.7882308959961,96.81947582362251,95.38116307250785,95.43543694189023,16224100
2023-06-16,95.1007308959961,96.58427645577193,94.946950333454,96.21339351660804,43128900
2023-06-20,92.92063903808594,94.77506741043251,92.37787968280303,94.69365661284192,17514100
2023-06-21,93.9609375,94.64842950412921,92.56785069969597,92.72163126102275,13285700
2023-06-22,93.4453125,93.97902392826028,92.85732030332215,93.02918984889146,12455300
2023-06-23,92.63117980957031,93.01111072097203,91.9255918593784,92.80304937336027,17933600
2023-06-26,94.34085845947266,94.90171367901722,92.45023839305718,92.45023839305718,14283400
2023-06-27,94.5760726928711,94.63034656467718,93.41817718237733,94.12377202365901,13227500
2023-06-28,95.34497833251953,95.72490922187494,93.35485133299844,94.35895932740931,13084100
2023-06-29,96.52094268798828,96.54808652056947,95.10071911818073,95.58016353861858,11364400
2023-06-30,97.01848602294922,97.58838233740356,96.62045925640716,97.08180783566637,13544700
2023-07-03,97.20844268798828,98.1130438746268,96.855648777324,97.23557961933794,7397000
2023-07-05,96.71092224121094,97.62456452788948,95.97819054102229,97.3622293391256,12491200
2023-07-06,93.10157775878906,95.63446452993104,92.65832498938565,95.06456121056542,17961400
2023-07-07,93.31866455078125,94.07852625780725,91.8712970871058,92.19695407627682,21929200
2023-07-10,94.70270538330078,94.75697924883441,92.94777678107624,93.14679015677919,14877600
2023-07-11,95.860595703125,96.03247214936866,94.81125493888344,95.21832964289847,12576500
2023-07-12,96.33098602294922,97.38032679487956,96.00532901797497,96.79233459692273,13238200
2023-07-13,94.56702423095703,96.09580269305005,93.46340949985277,95.8606044139064,26826800
2023-07-14,91.31046295166016,94.12377371689408,90.9395730834851,94.12377371689408,28181900
2023-07-17,91.70848083496094,91.97081605023304,90.65914687543301,91.11144754282067,18051300
2023-07-18,91.29236602783203,92.45025464450768,90.76769559166321,91.29236602783203,24617800
2023-07-19,91.92558288574219,92.63117076705568,91.1838101256998,91.4099604415854,15556500
2023-07-20,93.5448226928711,93.7709730153257,92.5949885779377,92.75781708616742,15740200
2023-07-21,93.97903442382812,94.42228715630804,93.4091380534968,94.22328065508488,17121500
2023-07-24,95.45352935791016,96.0324805588672,94.042353490826,94.40419540333899,15090900
2023-07-25,95.59827423095703,95.96915720839736,94.56702920862524,95.03741889011168,14116100
2023-07-26,95.0645523071289,95.63445557311924,94.6574844613306,95.08264819895494,15159600
2023-07-27,95.3630599975586,96.78328365240756,94.74793088517791,95.88773036726322,17677900
2023-07-28,94.22327423095703,95.12787552625473,92.55880425879798,95.08264270086578,17566400
2023-07-31,97.00943756103516,97.57029282894206,95.1550091118777,95.1550091118777,24197000
2023-08-01,96.44859313964844,97.08181128934662,95.4625741333353,96.7471063236146,14177400
2023-08-02,95.24546813964844,96.23148020698791,94.59415412378091,96.12293247204997,13484100
2023-08-03,96.90089416503906,97.58838618692728,95.25452006788947,95.78823152447852,16280400
2023-08-04,97.1722640991211,98.81863808925682,97.09085329980506,97.66074959969673,14279600
2023-08-07,96.97325897216797,98.07687368942142,96.34908875295639,97.60648403859817,12410800
2023-08-08,97.45269775390625,97.47078674260132,94.83839373685049,95.92391940067392,14065600
2023-08-09,99.10810852050781,99.88606613019873,97.97735698334773,98.33919885555089,19919600
2023-08-10,99.61468505859375,100.98062787994313,98.99955597622605,99.67800686553339,15837200
2023-08-11,101.16155242919922,101.3786547817083,99.55136342010141,99.84083552396665,14047000
2023-08-14,101.24298095703125,101.29726173083586,100.21173597503098,101.0258785664945,12973400
2023-08-15,98.64373016357422,101.10617248409145,98.47044476300184,101.00585008987957,14909600
2023-08-16,96.9838638305664,99.71079909093883,96.92914504879842,98.75317866118269,13695100
2023-08-17,98.86260986328125,100.45863905908747,97.96883045205033,97.96883045205033,16709500
2023-08-18,100.35832977294922,100.50424884310523,98.15125078105258,98.16948805552109,16224000
2023-08-21,99.14533996582031,101.21562188296137,98.62549069712657,100.65016899355555,11092400
2023-08-22,98.58900451660156,100.06647408509482,98.4522006190889,99.56486211359349,10518800
2023-08-23,97.72259521484375,97.85939911765595,96.41841099655379,97.62227281665717,11435600
2023-08-24,96.99297332763672,98.28803535398288,96.73760976842877,97.05681421743871,10818500
2023-08-25,98.7258071899414,99.34597882059161,97.23922248267972,97.97795377869866,13579300
2023-08-28,99.55574798583984,100.35832019040565,98.89909483749722,98.90820999479311,10382100
2023-08-29,100.1485595703125,100.34008225757783,98.88085681307835,100.01176262093425,9665000
2023-08-30,101.12440490722656,101.36153118745925,100.30359547850597,100.72312230775769,11922100
2023-08-31,101.40714263916016,101.61690259092599,100.88729338034054,101.34330174625724,17479800
2023-09-01,103.5321273803711,103.80573515950758,102.32826567681334,102.32826567681334,14843500
2023-09-05,103.54124450683594,105.6388854907972,103.51388512186736,104.0610936956424,18304000
2023-09-06,104.43504333496094,104.50799938911405,103.26766297088119,103.49566716568226,13325500
2023-09-07,103.92430114746094,105.6571342851903,103.6962969703422,104.56271701827454,13248500
2023-09-08,105.4382553100586,105.83954490013829,104.26175288670854,104.4532755661187,14283200
2023-09-11,104.11582946777344,106.41410848259748,103.57773599832166,105.95810013410473,14383600
2023-09-12,107.15284729003906,107.31701058532677,105.12816896753603,105.19200986247371,20145800
2023-09-13,106.19522094726562,107.58148319361662,105.7027311213142,107.07987821102274,13472800
2023-09-14,108.09221649169922,108.21990523150171,107.00692134752748,107.20756613532897,15210700
2023-09-15,106.43234252929688,108.08309743234295,106.24994197868189,107.52676670739176,34568400
2023-09-18,107.2896499633789,107.83685862200694,106.43235199137575,107.18932756418127,14045300
2023-09-19,107.00692749023438,108.38406777986215,106.35027431360187,108.18342993867834,12562900
2023-09-20,106.15873718261719,107.63619967083199,106.08577418222431,106.28641895423736,11879900
2023-09-21,104.66304016113281,107.04340434392125,104.51711414682862,106.68771838172393,14400600
2023-09-22,104.82720184326172,106.41410895478015,104.70863521892097,105.52945164147714,13197300
2023-09-25,106.00369262695312,106.3867379295334,104.7268679935511,104.96398730002394,11316000
2023-09-26,106.16786193847656,106.45970698917395,105.21936378417631,105.33792344416327,11805400
2023-09-27,109.62440490722656,109.89801270135541,107.07076231394343,107.51764855009432,23976200
2023-09-28,108.95862579345703,110.08040233012,107.79124564292162,109.42375621404474,16808100
2023-09-29,107.23492431640625,108.6941496319941,106.45971151982538,108.62118662668092,18813600
2023-10-02,105.45649719238281,107.42645676636387,104.47152436352808,107.18933045657671,14395000
2023-10-03,105.6388931274414,106.19522385580134,104.909277004241,105.28320718086835,13297100
2023-10-04,101.68985748291016,104.05197728991784,100.7778408238706,104.01550274671499,19622200
2023-10-05,99.40069580078125,101.1426509959086,99.13621012914821,100.13943404159593,20128800
2023-10-06,97.74081420898438,98.74403104509692,95.86206230000266,96.42751507874773,25367500
2023-10-09,101.16090393066406,102.20972466452632,99.88407899196811,100.72313975393959,22369900
2023-10-10,100.73222351074219,101.64424004577158,100.4312633423643,101.25207265738358,13892000
2023-10-11,97.12065124511719,97.74082284630396,95.60670722224452,97.54930018451412,57939000
2023-10-12,97.1024169921875,98.35187539005716,96.75584620072637,98.12387122015276,31183000
2023-10-13,100.20327758789062,100.50423781147063,98.35187783736473,98.52516323740718,30276500
2023-10-16,100.27623748779297,100.9420127676342,99.52838404149576,100.77784947658674,18452000
2023-10-17,101.58954620361328,101.96347641461732,100.02999838107945,100.0756020022726,19775400
2023-10-18,103.01229095458984,103.41358055830396,101.87226999688905,101.98171451375718,23380300
2023-10-19,103.07612609863281,103.94254615302386,101.53482258135261,102.80252525893196,20972500
2023-10-20,101.30681610107422,103.34973154859861,101.04233042467717,102.98492347914974,22445300
2023-10-23,99.82022094726562,101.19736805619287,99.11797117858004,100.89640088755552,18185000
2023-10-24,98.8534927368164,100.15767693810204,98.60725128147345,100.04823242565215,16786100
2023-10-25,99.035888671875,99.86582719670223,98.6163618309564,98.97204778212945,22047300
2023-10-26,98.13300323486328,98.80789369758529,97.1297861777066,97.99619932749287,18768300
2023-10-27,96.26336669921875,100.19415649988032,95.72527322110759,99.30949917626616,23092000
2023-10-30,96.56432342529297,97.05681326671345,95.95327392058304,96.4366416469397,19379900
2023-10-31,96.5369644165039,96.81969431950974,95.34222478945902,96.29072297389632,22185200
2023-11-01,96.34544372558594,97.74082816464914,96.18128044109996,97.15713803272905,28984900
2023-11-02,99.51013946533203,99.5831024689174,96.21775872849298,96.56432255832104,25212700
2023-11-03,98.29714965820312,99.20916627326626,97.16625100380251,98.86260246447071,30555600
2023-11-06,96.55521392822266,98.74404851866058,96.46400668850818,98.65284823708159,19097300
2023-11-07,95.04124450683594,95.63405666011882,94.20219094490571,95.27837075977591,20272500
2023-11-08,93.87388610839844,95.67056025274303,93.83740460274107,94.6035023052742,19184100
2023-11-09,93.9012451171875,94.82238399642593,93.81004483248192,94.54877618417349,18380500
2023-11-10,94.62174224853516,95.22367667166,93.85565148252455,94.78590554955684,17825500
2023-11-13,95.6158218383789,95.88942961546616,94.67644580618608,94.8953348111098,15308400
2023-11-14,95.98397827148438,96.47176608306134,95.5974302345852,95.99318380239036,18260500
2023-11-15,95.4041519165039,96.77548104566054,95.25689151569553,95.68025463537603,20137600
2023-11-16,94.29972839355469,95.04521492934765,93.09406359680055,94.7046875101647,22469100
2023-11-17,96.60062408447266,97.03319279289886,94.56663692128342,94.8519452090695,22984900
2023-11-20,96.17725372314453,97.4473431583524,96.11282904936796,96.98716491087323,17458800
2023-11-21,96.14043426513672,96.3613178478261,94.99919422918533,95.91034515182122,14989000
2023-11-22,95.72628021240234,95.82751998774873,93.82114256451736,94.4101701546621,18072000
2023-11-24,96.24168395996094,97.07000625765535,95.63425228949386,95.73548504976903,9480800
2023-11-27,95.68025970458984,96.08521880650554,94.96238276702132,95.80910905124252,18013500
2023-11-28,95.62503814697266,96.55460014299925,95.60662708548,95.9379559747219,20629500
2023-11-29,94.18927764892578,96.25088119475895,93.54503092945454,95.96556591462516,26802100
2023-11-30,94.55742645263672,96.15885184555144,93.701494612204,94.89796089126494,29254700
2023-12-01,94.78752136230469,95.91956303517925,94.07884989160418,94.33654860822254,17845300
2023-12-04,94.27212524414062,95.12805714871361,93.49902206173753,93.99601546004735,21523900
2023-12-05,92.44060516357422,94.189276821568,92.30255029011089,94.12485215018678,22250300
2023-12-06,91.21653747558594,92.69831207053545,90.50785900577712,92.03565423655019,31154800
2023-12-07,90.58148956298828,92.80875071886115,90.27777021761565,91.90680523605923,29990700
2023-12-08,91.62149810791016,91.84238171561663,90.8852100532042,91.13370323415357,22074900
2023-12-11,91.6859130859375,91.90679667027507,90.72874152479129,91.85157752963131,22252300
2023-12-12,90.24095916748047,90.82078124450076,89.7163562344346,90.82078124450076,26084000
2023-12-13,91.0416488647461,91.14288862544069,89.88200491421802,90.231737800951,19915400
2023-12-14,93.48980712890625,94.00520447879666,91.77794362047054,91.89758742762017,26165700
2023-12-15,92.86396789550781,92.95600213683534,92.3209539346791,92.57865261910119,55527000
2023-12-18,93.55423736572266,94.89795698059861,93.4345865296895,93.9960045428465,21610400
2023-12-19,94.78752136230469,94.97159688972023,93.683096284865,93.87637032232878,18904700
2023-12-20,93.20448303222656,95.6618397852284,93.07563370696194,95.25688075053296,20988900
2023-12-21,93.62786102294922,93.8855596952143,92.78112778609831,93.38856638937644,19250900
2023-12-22,93.79353332519531,94.74149938700805,93.71069758972669,94.16167030401607,12927800
2023-12-26,94.00521850585938,94.82433528277275,93.98681446422951,94.55743103767824,16835100
2023-12-27,93.56343841552734,94.3825550797368,93.2689176158668,93.91317133248073,14558800
2023-12-28,92.21051788330078,93.51742239833324,92.15529171975896,93.31494284945951,16329300
2023-12-29,92.01724243164062,92.57865341509435,91.68591354260273,92.37618089113792,17746400
2024-01-02,94.20768737792969,94.8887491891318,92.8179471635708,92.88237183460664,23483000
2024-01-03,94.99920654296875,95.36735057634482,93.5634525367418,94.12486358598015,23490800
2024-01-04,94.1708755493164,96.24167764683322,93.92238238719,95.79070493391202,19395200
2024-01-05,94.4561767578125,95.16485513265694,93.99599854829458,94.95317006670331,15827400
2024-01-08,92.88236999511719,92.99281529546096,91.0232530807857,92.70750704677583,23370100
2024-01-09,91.73193359375,93.22291369910991,91.29016639185578,93.22291369910991,19496600
2024-01-10,90.8299789428711,91.85157514887652,90.34219115512771,91.85157514887652,18206100
2024-01-11,90.81158447265625,91.57548213954608,90.71034468442923,91.15211894412565,15833400
2024-01-12,91.98963165283203,92.63388543190361,91.2717546884702,92.1645016391428,18041700
2024-01-16,89.90961456298828,92.04484102562459,89.76235417574908,91.86997107121847,20235700
2024-01-17,89.25617218017578,90.15811757474468,88.88802819347393,88.90643223301589,18384000
2024-01-18,89.09051513671875,89.35741235193834,88.18856264547507,89.27458363447634,20940300
2024-01-19,89.22855377197266,89.29297844170193,88.73156747506819,89.01687572361749,20088400
2024-01-22,89.10891723632812,89.36661593627939,88.14254008974794,88.99847192702204,19955900
2024-01-23,90.11210632324219,90.65511327597197,89.02608539601994,89.09970857787702,15863400
2024-01-24,91.6675033569336,91.713523989314,89.95563975446977,90.4894481943268,17330600
2024-01-25,93.99600219726562,94.04202282870885,91.68591255147568,92.3209537304647,22089500
2024-01-26,94.79669952392578,94.87032971363311,93.13085685692528,93.84873365216833,20817200
2024-01-29,94.9163589477539,94.98078361891764,93.74750933613677,94.77831109651912,18317500
2024-01-30,96.49938201904297,96.52699159181934,93.9684015286821,94.25371683148536,19610900
2024-01-31,94.62184143066406,96.52697894196058,94.58502633119912,96.39812960471441,22415300
2024-02-01,94.23530578613281,95.72628591220523,93.52663433827465,95.32132678670733,19240700
2024-02-02,93.84874725341797,95.71706970200395,93.51741837347774,95.48698059214337,21973400
2024-02-05,93.46221923828125,94.22610990997848,92.49584196132307,93.37017795722703,17190900
2024-02-06,94.10645294189453,94.83353542581754,93.48061023559137,93.94078848958596,13347900
2024-02-07,94.0788345336914,94.54821827477218,93.12166301267436,94.10644410285576,13826800
2024-02-08,95.68946838378906,96.10362600854677,93.97760469706802,94.18928276420623,19636900
2024-02-09,93.66468048095703,96.49017473247852,93.60025580506291,95.80911286991743,20410500
2024-02-12,94.95317077636719,95.16485584390291,93.87635544327027,94.02361584186248,18173100
2024-02-13,94.1357421875,95.76133479438003,93.448350726671,95.45479986036173,18917400
2024-02-14,93.67127990722656,95.32474564106593,93.2811394126556,94.6280631491803,17651300
2024-02-15,96.3558349609375,96.55090520552014,93.4483421993936,93.4483421993936,23196300
2024-02-16,96.3558349609375,97.19184827000005,96.16075762933417,96.61592862038103,20151400
2024-02-20,95.44550323486328,96.71811249598899,95.35261365155228,96.45801174088886,17650000
2024-02-21,97.39620971679688,97.51697254955685,95.66843659180361,95.69630275720338,20991300
2024-02-22,97.3125991821289,97.91639201017192,96.09572244305213,96.75525468201991,20470700
2024-02-23,96.4580078125,96.6902353048302,95.56625509239453,96.49516506171531,15975900
2024-02-26,96.8388671875,97.47981735327832,95.72417802590546,96.34654602301207,13360800
2024-02-27,96.63450622558594,97.67488797755414,96.46730214200213,97.23829914336193,16360000
2024-02-28,96.90388488769531,97.93497549050822,96.60663398966945,97.04322279643065,14810500
2024-02-29,97.08967590332031,97.60057926876303,96.81100713882354,97.2383049140023,17566100
2024-03-01,98.31583404541016,98.82673739605333,97.88853628260908,98.2043693776488,18460100
2024-03-04,96.9410400390625,98.32511383865072,96.63449806387911,98.14862577262234,18138000
2024-03-05,98.13004302978516,98.71525372595835,96.90388222326496,97.09895245532269,19952700
2024-03-06,99.1797103881836,99.9228411690925,98.60379076564854,99.04037956790599,20472800
2024-03-07,99.737060546875,100.30369616438412,99.02179594056732,99.02179594056732,15195400
2024-03-08,100.67526245117188,100.69384461975636,99.17971679605719,99.60702162925065,16281500
2024-03-11,101.26976013183594,101.36265679691202,99.70919112463278,100.55450258508556,17577300
2024-03-12,100.6195297241211,101.51128246311082,100.35014497687095,101.30692113160927,14957200
2024-03-13,101.7435073852539,102.50521327346782,101.35336690063666,101.3812330656778,17122200
2024-03-14,103.54559326171875,103.6199077586046,101.89213468462134,102.02218151066133,22121000
2024-03-15,103.35981750488281,104.31660080355327,102.96967698718488,102.96967698718488,38264400
2024-03-18,104.31658935546875,104.83677665531206,103.20189317249253,103.84284330052836,16770500
2024-03-19,105.05042266845703,105.42198806524118,104.09364655547665,104.2422755489985,14878800
2024-03-20,104.9575424194336,105.33839893391776,104.15867922580347,104.70673982935023,16119700
2024-03-21,105.42198181152344,105.81212935286419,104.56738641052951,104.89250345579676,14878000
2024-03-22,105.42198181152344,105.60776804240476,104.79961388386613,105.41269781524441,14701900
2024-03-25,106.4995346069336,107.54920037225818,105.73782867833057,105.73782867833057,14011700
2024-03-26,105.70066833496094,106.80607348800469,105.34768509101539,106.50882257546613,13152300
2024-03-27,106.79679107666016,106.88038958055961,105.34769364623205,105.41271706716097,12415700
2024-03-28,107.97649383544922,108.17156408034535,106.88037977816091,107.31696860165161,18482100
2024-04-01,108.67317199707031,108.9053994822858,107.177626425321,108.13440961750592,13817000
2024-04-02,110.80038452148438,111.09763544029839,108.98901284230847,109.53706634476956,19919600
2024-04-03,110.8189468383789,111.23695343191645,110.28946851262218,110.98615089319786,16504300
2024-04-04,111.20909118652344,111.35771308102932,110.2058668222841,110.586723272179,18467400
2024-04-05,112.74180603027344,113.46635467564961,111.13478865789703,111.45062173412448,21720600
2024-04-08,111.9801025390625,113.08550061203319,111.66426945605599,112.47242370164065,17513900
2024-04-09,112.56532287597656,113.00191174400193,111.78503472977728,112.39811877943539,14132300
2024-04-10,113.51280212402344,113.76361179929275,112.14731034152798,112.60247426902647,17409200
2024-04-11,113.13195037841797,113.96797080046274,111.7850266187289,113.96797080046274,17555900
2024-04-12,111.8128890991211,114.95260206271898,111.16264790594812,114.20947129538423,21556200
2024-04-15,111.17195129394531,113.03906241543548,110.95829887140802,112.4817107347368,15029500
2024-04-16,110.25231170654297,111.67354263464026,109.53704715757944,111.06045873552866,18082200
2024-04-17,110.19659423828125,110.86541059338407,108.79394519651842,110.12228682206401,14538600
2024-04-18,110.09440612792969,111.20910234011053,109.58350989848985,110.54028603020615,13821400
2024-04-19,111.35773468017578,112.33309307131628,110.49384804680088,110.688925394646,21572400
2024-04-22,111.9893798828125,112.92758090477082,110.01080426575146,110.78180121535108,16340700
2024-04-23,112.42596435546875,112.453830518618,110.95828500876685,111.46918828990363,13929800
2024-04-24,112.44456481933594,112.63963508014288,110.90257072864118,111.74788227915919,12101200
2024-04-25,112.70465850830078,113.10409011484427,110.91186182130627,112.42598265740206,16041000
2024-04-26,109.57422637939453,110.63318324751265,107.95792491021757,110.5402936618397,27289500
2024-04-29,111.1347885131836,111.51564500357654,109.38844031667858,109.38844031667858,17309900
2024-04-30,109.86219024658203,111.6549869551428,109.59281256436645,110.64247838627207,21083300
2024-05-01,107.78142547607422,110.04796812941079,107.43773331396784,109.871472962694,27777700
2024-05-02,107.97649383544922,108.92398598153983,107.66066784476615,107.99507600373687,25513600
2024-05-03,107.75354766845703,107.81857107753478,106.0164836159228,107.75354766845703,28023300
2024-05-06,108.45024108886719,109.92720456787922,108.12512401050172,108.37592658894914,31401300
2024-05-07,107.91146850585938,109.22123495309287,107.68853209950792,108.94255912988814,30122000
2024-05-08,107.89289855957031,108.63602231178078,107.20550713984488,107.48417588929097,18957200
2024-05-09,110.02009582519531,110.10369431822592,107.93004845518489,107.93933245195244,17564000
2024-05-10,109.57422637939453,110.22446765314743,109.22124311902886,110.11299589812722,13648100
2024-05-13,109.52778625488281,110.57745204910702,108.7939464725943,110.00152527278635,15060600
2024-05-14,110.19266510009766,110.2582166684575,109.07828843798033,109.36858722006176,15079100
2024-05-15,111.04483032226562,111.28830346656066,108.70369293384505,110.13646787242496,18244300
2024-05-16,110.37995147705078,111.7190823892374,110.0709196177959,111.00737460129467,15745200
2024-05-17,112.0374755859375,112.2154043221371,110.46423090075085,110.7826293158141,15104500
2024-05-20,111.12910461425781,112.27158076978976,111.01673459540818,112.12175169646221,11551300
2024-05-21,110.3612289428711,111.85955563100845,110.29567737353338,110.87628209094262,14495000
2024-05-22,108.1418228149414,109.99599965004292,107.65486223076417,109.99599965004292,17879300
2024-05-23,106.29700469970703,110.04282454638921,106.15653502653957,108.25419214019797,15979800
2024-05-24,106.21271514892578,107.76723374314378,105.85686485192139,107.5424794185877,12212900
2024-05-28,107.56122589111328,107.79533964986209,105.88497052112172,106.30637242903558,13978300
2024-05-29,106.40937042236328,107.27091438216762,105.64147767060885,107.25218128272401,13902000
2024-05-30,106.74650573730469,106.87760886854771,105.78195820976607,106.07225697972065,14683700
2024-05-31,109.8087158203125,110.0240964703647,106.74650395484873,106.86824767795925,29037400
2024-06-03,107.17726135253906,108.96589365604868,106.53111232439781,108.90970864784092,19589300
2024-06-04,105.5103759765625,105.90368533517668,103.8715798377526,105.81940782029542,19412200
2024-06-05,105.93177795410156,105.99732950951999,104.39599253179836,105.71639018939322,14863500
2024-06-06,106.72777557373047,106.7933271367682,104.98596873348852,105.58529935114332,13154100
2024-06-07,105.58529663085938,107.59867622169506,105.51037851943657,106.55921064560279,13289200
2024-06-10,105.89433288574219,106.96189101186721,105.53847541397742,105.87559978481528,15239700
2024-06-11,105.04216003417969,105.5103875537878,104.23680812888698,105.34182536094548,12462400
2024-06-12,103.88095092773438,106.10035179620077,103.51573405811875,106.10035179620077,13606800
2024-06-13,103.0475082397461,103.81540104787005,102.7478429279071,103.79666794705129,14466900
2024-06-14,102.17659759521484,103.2066965853798,101.6896370325,103.02876786308968,13313400
2024-06-17,101.47425842285156,102.50435743354724,101.30569624694978,102.23278464211747,21147900
2024-06-18,102.42945098876953,103.68430447330371,101.88631248863702,102.10169314957274,17762900
2024-06-20,104.63948059082031,105.46356557037393,102.6261008947537,102.92577335610754,17433200
2024-06-21,103.72175598144531,105.53847379126674,103.72175598144531,104.78931409115606,52212500
2024-06-24,106.80269622802734,107.25219062967011,104.54583623552134,104.54583623552134,16266700
2024-06-25,107.10235595703125,107.27091813500049,106.25017851713561,106.85887566783474,14188900
2024-06-26,107.13981628417969,107.5237591057536,105.95051447423096,107.12108318385839,15771800
2024-06-27,107.59867095947266,107.68294847226338,106.85887072066792,107.68294847226338,16812700
2024-06-28,107.80470275878906,109.13446715132612,107.39266027027938,108.49767746207695,24565900
2024-07-01,107.65486145019531,109.32175013750224,107.25218553121566,108.3572026708865,11972900
2024-07-02,106.92443084716797,108.5725936270179,106.27827461899028,108.53513457013669,13326700
2024-07-03,107.46757507324219,108.31038598077082,107.0087069907861,107.0087069907861,7732900
2024-07-05,106.16590118408203,107.34582928732328,105.52911152671727,107.32710333177623,12631000
2024-07-08,105.05152130126953,106.33446721251785,104.33981350677827,105.24817599226358,13350500
2024-07-09,103.89030456542969,105.38863091411042,103.59063929569355,104.04950017709936,11727000
2024-07-10,104.80803680419922,104.84549585973336,103.40335437229831,103.87158184959861,10004100
2024-07-11,106.05352783203125,106.11907939568047,103.88095253661983,104.34918003256698,13082700
2024-07-12,106.0722427368164,106.89632761635794,105.47291217601375,106.74649140386535,11684900
2024-07-15,107.88898468017578,108.77862125805298,106.36256553166247,107.00871465321529,13032500
2024-07-16,108.66624450683594,108.956543285127,106.48430253271377,107.08363319120272,13614100
2024-07-17,110.16456604003906,110.67025259927861,109.14383351562596,109.32175510797316,13602800
2024-07-18,111.25084686279297,112.29967179602986,109.97726760564758,110.4548544686391,13033600
2024-07-19,108.69432830810547,111.32576449300953,108.50704017154985,111.05419169379476,16157700
2024-07-22,107.9451675415039,108.57259783786736,107.29901843285072,107.86089001869104,12065900
2024-07-23,106.203369140625,107.85152486110154,105.9786147877178,107.51440047632566,11251700
2024-07-24,107.7016830444336,107.87960462206416,105.88495820164758,106.54047379204249,14925200
2024-07-25,109.96790313720703,110.52977466844393,107.28027490575465,107.85151298681103,17021700
2024-07-26,109.874267578125,110.52978322454747,109.068915701329,109.34984791640233,11252500
2024-07-29,108.72242736816406,109.93045521214849,108.04817860458347,109.86490364594397,8861800
2024-07-30,110.660888671875,111.06356461870797,108.84417078034116,108.96590736163118,12483900
2024-07-31,111.05419158935547,112.14984933538724,111.026099083357,112.03747216680888,15137700
2024-08-01,109.51840209960938,111.89699849857475,108.96589711579995,110.82944044122755,15051500
2024-08-02,109.4528579711914,111.3164085677312,108.08563452675227,108.60068763526019,20403800
2024-08-05,107.47693634033203,108.6568716313078,106.05352789541912,108.19801068548901,18025900
2024-08-06,106.90570068359375,108.28228346073146,106.40937355788995,107.1772663322716,13647800
2024-08-07,108.32910919189453,109.67760660977285,107.93579982654146,108.11372140920064,13660700
2024-08-08,110.39866638183594,110.60468760071579,108.37592753514531,108.70368531764335,13851000
2024-08-09,111.29766845703125,111.72843687311435,109.90235259356815,110.39867256982511,12151900
2024-08-12,111.43814086914062,112.53379146382603,110.52041185954234,111.95319395788218,13228900
2024-08-13,110.3705825805664,110.97927973581834,110.0334582221064,110.76389195057497,11585100
2024-08-14,111.39131927490234,112.2809558107166,110.15519896198701,110.59533395465722,12194500
2024-08-15,112.0804443359375,112.9300334285475,111.50460724741438,111.62732391138799,11579400
2024-08-16,111.55178833007812,111.84443141755837,111.07035649325327,111.38186909293292,10056000
2024-08-19,111.89163208007812,113.75130181815561,111.55179358976426,111.76891542606087,12417500
2024-08-20,108.16284942626953,112.00490525731527,108.09677012508118,112.00490525731527,15632000
2024-08-21,107.4737319946289,109.09740307677039,107.38877597856754,108.56876866011177,11752400
2024-08-22,108.30445098876953,108.56876819596886,107.2754936297679,107.40765223336756,10609500
2024-08-23,109.80540466308594,110.18300378215591,108.58765128518996,108.58765128518996,10381400
2024-08-26,112.15595245361328,112.2786763131796,110.37180393043678,111.16476283079547,13671000
2024-08-27,111.08924102783203,112.72235421103196,110.8249237963556,112.2975524872125,9991600
2024-08-28,109.99420928955078,110.99484811425616,109.74877596460271,110.44732970856327,10742900
2024-08-29,111.5140380859375,112.13707774753534,109.83372947438633,110.63612314593436,10753900
2024-08-30,111.33468627929688,111.41020034714184,109.77709429658215,110.24909143061056,13284700
2024-09-03,109.00301361083984,109.58828541722247,107.65310158970242,109.35228686249287,15725100
2024-09-04,107.6719741821289,109.64492576921333,107.59646012110635,108.8330901958624,12620600
2024-09-05,106.83182525634766,108.82365365736392,106.73742727378996,108.62541573336145,17200800
2024-09-06,106.33150482177734,107.78525673639237,105.47247385529361,107.22829642005546,13467700
2024-09-09,108.56876373291016,109.64491643347091,106.3503790327052,106.5486169299555,21645300
2024-09-10,104.61344146728516,108.93693681823737,103.99984377040342,108.65373566518288,20913400
2024-09-11,103.57505798339844,104.7361669642754,101.73426473741272,104.57568965831763,19571900
2024-09-12,105.00048065185547,105.09487863378732,103.6128079909338,103.74496660605926,15919500
2024-09-13,104.92496490478516,106.17103705730341,104.71728501234799,105.22704278411973,10035400
2024-09-16,106.3975830078125,106.75629820293,105.43471211454764,105.77455059501854,11729000
2024-09-17,107.7852554321289,107.9646166304558,105.84062973192627,106.02942568650951,12202600
2024-09-18,108.16284942626953,109.15403894409489,107.43596991109393,107.7191710316747,12569900
2024-09-19,109.50334167480469,110.99485443646674,108.73870857640426,109.6543842237804,12660600
2024-09-20,108.81420135498047,109.04076513410787,107.85133050105208,108.99356254626373,36206200
2024-09-23,110.78717803955078,111.19309590014058,108.67263270169263,108.87087065191946,16066300
2024-09-24,110.49453735351562,111.54237161840395,110.28685745206315,111.24028652385122,11984900
2024-09-25,108.34221649169922,110.49452942328482,107.65310472499752,109.96588774786339,13816000
2024-09-26,106.4825439453125,107.12446026109028,104.9155101854035,104.9155101854035,16887900
2024-09-27,109.33341217041016,109.58828744530904,106.90734727097637,107.38878634812366,15964000
2024-09-30,110.65499114990234,110.8154684207115,108.52156243655088,108.99355949335673,13247600
2024-10-01,113.21321868896484,113.84569304091177,109.43724208925232,109.54108202191271,23235900
2024-10-02,114.71417236328125,115.94136770784799,113.46810030358304,115.1012134434661,17129700
2024-10-03,115.71481323242188,116.27176636529033,114.15722132878138,115.07289687464718,16524300
2024-10-04,117.83880615234375,118.17864466484619,115.57321846969568,116.30009088681749,19752300
2024-10-07,118.34855651855469,119.26422485107972,117.86711745560547,118.23527462077126,15714400
2024-10-08,115.20506286621094,117.07416750858025,114.46874847969546,116.94200888546746,14818500
2024-10-09,115.25223541259766,115.71479770390377,114.03448936989498,114.12888733881955,11144900
2024-10-10,116.24343872070312,116.77207313851041,115.44104513593027,116.26232263682697,10243300
2024-10-11,116.6871337890625,117.08360965904788,116.05465934854703,116.20569468859178,8294800
2024-10-14,117.13080596923828,117.30072521898697,115.75257525554537,116.33784706970961,9808100
2024-10-15,113.60970306396484,115.12009237723751,113.0716266460457,114.05338150019901,15771300
2024-10-16,113.90233612060547,114.6386503957312,113.84569157490861,114.119450739115,8426800
2024-10-17,113.60970306396484,114.77081912479267,113.00554733865577,113.9967441516089,11204900
2024-10-18,113.28875732421875,113.88347113712557,112.47692165460346,113.69467515902639,12898600
2024-10-21,113.35482025146484,114.67641351343912,113.01498177832563,114.20441643431288,10177800
2024-10-22,113.94010925292969,114.40267164594772,113.22267876966592,113.52475665790986,9201400
2024-10-23,113.5341796875,113.98730007411177,112.71290933979098,113.25098574770884,8320300
2024-10-24,112.89226531982422,113.69466616855769,112.45802884284969,113.27930640705841,9905600
2024-10-25,112.79786682128906,113.68522368875101,112.63738953311956,113.46810185020662,10714600
2024-10-28,112.24090576171875,112.34474569428187,110.23019361490921,110.24907753106821,11844500
2024-10-29,110.7116470336914,112.49579563105299,110.5134091008851,111.93884246775497,14731000
2024-10-30,110.1546859741211,111.64619134290537,109.95644805552517,111.07036150437673,12303700
2024-10-31,110.23965454101562,112.02380321352368,110.14525655028973,110.58893502901698,20512000
2024-11-01,108.51213836669922,113.23210971282977,108.40829842091597,113.21323299637132,20939300
2024-11-04,111.96715545654297,112.05211147967142,109.43725064877746,109.56940926393574,14965400
2024-11-05,112.29756164550781,112.53356022173041,111.40076993670395,112.41084355485246,10436700
2024-11-06,114.22330474853516,115.08234297679468,112.61851739737278,114.3649053270741,20807700
2024-11-07,114.36489868164062,114.6952952109633,112.91114675051665,114.50649925195154,12184400
2024-11-08,114.32714080810547,114.6197767122662,112.95835206698115,114.20442415199712,12836000
2024-11-11,113.72298431396484,114.80857910240489,113.34538518727643,114.22330009593264,11969700
2024-11-12,113.60970306396484,114.51593665192844,113.12826399463582,114.34601740405374,11972800
2024-11-13,114.6669921875,115.21451062630733,112.14652905995942,113.81739585178262,15127900
2024-11-14,114.74311065673828,115.99942182227613,114.52421196936261,115.79004267909038,13041800
2024-11-15,113.55343627929688,115.3903164331597,113.38212076842366,114.59084888994177,19051700
2024-11-18,114.50518035888672,114.80022815776562,113.51535827574796,114.0102729479599,14239700
2024-11-19,112.90624237060547,113.972206329883,112.49698906368766,113.972206329883,11584400
2024-11-20,114.51470184326172,114.6574659727134,112.91575956823054,113.42018653251256,11360900
2024-11-21,116.04701232910156,116.63710062727756,114.4671020120261,115.2380253434609,14675400
2024-11-22,115.91377258300781,117.26525746342568,115.77100845929381,115.9423239554936,13323400
2024-11-25,114.18158721923828,115.999428149294,113.83895622255923,115.57114303408773,26580300
2024-11-26,112.27808380126953,113.90557738879032,112.16387104974203,113.76281326470219,14827300
2024-11-27,111.98304748535156,113.00142095896551,111.76414151867107,112.39229352250659,11079100
2024-11-29,112.26856994628906,112.78251646228155,111.30729920741689,111.77366252049187,9426500
2024-12-02,112.16387939453125,112.49699086799647,111.18357680349695,112.35423399457247,12687300
2024-12-03,111.99256134033203,112.99190299930518,111.60234712636404,112.99190299930518,11756600
2024-12-04,108.76612091064453,111.8783512560761,108.36638716796242,111.83076079377749,19520600
2024-12-05,109.24198913574219,110.04146382858124,108.55672718796144,109.17536684977931,15751200
2024-12-06,108.09038543701172,109.23248399303247,108.02376314226527,109.0135852794165,16171100
2024-12-09,107.45270538330078,109.39427858432131,107.30994125974479,109.10875033720933,17412600
2024-12-10,107.23380279541016,108.3854208420565,106.35819345996941,108.10941213085091,20990900
2024-12-11,106.51998138427734,106.96730556314583,105.74906531677998,106.59612321499637,32392200
2024-12-12,106.42481231689453,106.95779063234714,105.43499025870757,106.20590635945652,14543300
2024-12-13,105.4920883178711,106.50094942039023,104.93055865493027,106.50094942039023,13106100
2024-12-16,103.2364501953125,105.07333023716676,102.94140965729945,104.88297564708968,20256100
2024-12-17,102.79865264892578,102.95092907024753,101.63751498354416,102.06580013362758,17554000
2024-12-18,101.28535461425781,103.5790783479389,101.18066140791557,102.37986987792723,17114500
2024-12-19,100.41927337646484,102.47505223827561,100.13374510560628,102.20856305815992,20565600
2024-12-20,100.76189422607422,101.01886383487997,99.78158446776459,100.36215323496496,40141200
2024-12-23,101.17115020751953,101.45667119591222,99.85772897254408,100.22891134035409,12285100
2024-12-24,101.26631927490234,102.0182035210675,100.60008914298254,101.38052476056282,7807000
2024-12-26,101.35198211669922,101.86592863028206,100.82852331934868,101.38053349057293,9652400
2024-12-27,101.34246826171875,102.77960730717339,100.6667185378528,101.17115275984722,11943900
2024-12-30,100.6572036743164,101.41860023767516,100.41926588677585,101.17115016675821,11080800
